economy_code,economy,year,population_1jan,Real GDP PPP 2021 USD,output_to_kstock,delta,Gross national savings,9th Outlook
01_AUS,Australia,1990,17004.135,618913.6434465031,0.1928141226287814,0.0266587734222412,24.4154383916175,612064.4044803015
01_AUS,Australia,1991,17248.461,616533.1075007679,0.1901906315133383,0.0266145970672369,20.8078722173929,605953.5029391164
01_AUS,Australia,1992,17457.924,619203.1019303941,0.1938218450555012,0.0265624206513166,18.3164839064147,621482.0104623733
01_AUS,Australia,1993,17640.653,644255.029953675,0.1970410388285669,0.0265669394284487,20.3034156711219,645944.8012344415
01_AUS,Australia,1994,17805.169,669888.9347595761,0.199301552543797,0.026645528152585,21.8463364095375,677225.150854998
01_AUS,Australia,1995,17989.698,695948.765791245,0.2018000490070428,0.0268062464892864,20.6053570826636,697272.7522181849
01_AUS,Australia,1996,18200.991,722851.8817928929,0.2042135844455333,0.0270403921604157,20.8678175180598,725363.1620864028
01_AUS,Australia,1997,18409.624,751172.915991526,0.2075663873694732,0.0273331478238106,21.7802042626413,758766.1905592511
01_AUS,Australia,1998,18600.201,786303.874098678,0.2117306896690788,0.0276049114763737,21.5910821015266,794062.3399951287
01_AUS,Australia,1999,18803.233,825840.965575829,0.2133864193893092,0.0278514698147774,20.5938348860108,828562.9316434457
01_AUS,Australia,2000,19016.729,858181.3725486491,0.2129674497558726,0.0280478689819574,21.1585828443316,854246.527013509
01_AUS,Australia,2001,19248.213,875614.973582609,0.2159257376311597,0.0282667931169271,20.707708507732,877003.9495278484
01_AUS,Australia,2002,19482.653,910200.060722256,0.2160925800602322,0.028569508343935,21.7443643675091,913565.4120640458
01_AUS,Australia,2003,19708.057,938336.894067504,0.218240263153899,0.0289010461419821,21.0479265435955,941136.8554956764
01_AUS,Australia,2004,19930.852,977924.778471004,0.2181738161002666,0.0292827058583498,21.4867186852419,979817.9789352212
01_AUS,Australia,2005,20162.502,1008783.01113519,0.2169014174951741,0.0297582074999809,20.9463328004775,1009201.95529288
01_AUS,Australia,2006,20426.478,1036735.64362706,0.2178959547187879,0.0302797425538301,21.6197924820935,1035459.5331785276
01_AUS,Australia,2007,20754.641,1076022.44225027,0.2180910981275317,0.0308394953608513,21.3208215222712,1080657.5429587348
01_AUS,Australia,2008,21154.456,1115017.33453773,0.21525815487037,0.0313971936702728,21.845024795339,1108370.3291883557
01_AUS,Australia,2009,21586.721,1136814.23153392,0.2135073063246903,0.0318343117833138,23.9195578923009,1129551.3566538126
01_AUS,Australia,2010,21979.301,1161938.37118743,0.2122951868103663,0.0321767814457417,21.7091351421171,1157056.9523898282
01_AUS,Australia,2011,22303.86,1189763.71538194,0.2132501578994412,0.0325480066239834,23.1621677041742,1189777.4200095204
01_AUS,Australia,2012,22655.69,1236788.78573622,0.2116590109288475,0.0329092144966126,24.200411352821,1234724.9171776606
01_AUS,Australia,2013,23049.598,1269618.76308348,0.2108186460865054,0.0330710075795651,23.7827985137743,1261991.0735724487
01_AUS,Australia,2014,23422.943,1302643.95661756,0.2100002293846212,0.0330260097980499,23.4563274824008,1294180.549327223
01_AUS,Australia,2015,23768.258,1330837.70251883,0.2110645279602379,0.0328843593597412,22.521231196962,1324147.3821484016
01_AUS,Australia,2016,24127.746,1367510.80730548,0.2114074805914799,0.0327083803713322,20.529640955705,1359910.165479053
01_AUS,Australia,2017,24532.18,1398872.07352942,0.2126715124654052,0.0326015762984753,21.5782074482669,1392215.150661058
01_AUS,Australia,2018,24929.897,1439078.04053065,0.2128719710575736,0.0325943343341351,21.4012664353392,1430925.62077636
01_AUS,Australia,2019,25309.514,1470651.6579045,0.2087360560921503,0.0326513238251209,21.9808894845608,1459277.0577176658
01_AUS,Australia,2020,25655.914,1468687.86874001,0.2090502630147709,0.0327924713492394,23.2325990455773,1428094.229582106
01_AUS,Australia,2021,25831.668,1498163.67705936,0.2131987811527095,0.0330823920667172,25.1958520075371,1498163.67705936
01_AUS,Australia,2022,26081.167,1561881.26129328,0.2157293797156944,0.0334764197468758,24.9259369836481,1554344.6855718803
01_AUS,Australia,2023,26320.802,1617856.2900553702,0.2138440361128503,0.0339214503765106,23.7753856393832,1583704.3338080042
01_AUS,Australia,2024,26581.446,1640076.05346249,,,22.9191602790214,1612242.5063034345
01_AUS,Australia,2025,26844.964,1662223.60523938,,,22.1555127348176,1644670.982227819
01_AUS,Australia,2026,27103.088,,,,,1680036.3617371344
01_AUS,Australia,2027,27351.104,,,,,1718355.8094372316
01_AUS,Australia,2028,27597.438,,,,,1756544.5515957214
01_AUS,Australia,2029,27840.238,,,,,1794194.723568515
01_AUS,Australia,2030,28072.905,,,,,1833546.239924552
01_AUS,Australia,2031,28304.174,,,,,1873003.8706054285
01_AUS,Australia,2032,28531.414,,,,,1914969.48028641
01_AUS,Australia,2033,28752.429,,,,,1956478.523708701
01_AUS,Australia,2034,28970.774,,,,,1998984.5015807408
01_AUS,Australia,2035,29187.209,,,,,2042879.5577741056
01_AUS,Australia,2036,29405.127,,,,,2087982.4761631256
01_AUS,Australia,2037,29622.099,,,,,2134256.688444772
01_AUS,Australia,2038,29831.175,,,,,2181653.183927086
01_AUS,Australia,2039,30044.909,,,,,2230327.459657438
01_AUS,Australia,2040,30251.945,,,,,2280479.3826566534
01_AUS,Australia,2041,30462.956,,,,,2331530.934423217
01_AUS,Australia,2042,30677.588,,,,,2383504.982889417
01_AUS,Australia,2043,30895.079,,,,,2436489.562949762
01_AUS,Australia,2044,31109.348,,,,,2490473.028877621
01_AUS,Australia,2045,31322.839,,,,,2545471.416826891
01_AUS,Australia,2046,31539.406,,,,,2601483.4341786224
01_AUS,Australia,2047,31761.57,,,,,2658525.7892070995
01_AUS,Australia,2048,31970.869,,,,,2716615.1877265424
01_AUS,Australia,2049,32192.373,,,,,2775750.10844983
01_AUS,Australia,2050,32401.987,,,,,2835983.199393504
01_AUS,Australia,2051,32611.952,,,,,2897348.193885823
01_AUS,Australia,2052,32820.222,,,,,2959908.9284390816
01_AUS,Australia,2053,33023.594,,,,,3023773.675161787
01_AUS,Australia,2054,33227.552,,,,,3089034.1621493674
01_AUS,Australia,2055,33434.945,,,,,3155667.7051610234
01_AUS,Australia,2056,33643.673,,,,,3223699.749651047
01_AUS,Australia,2057,33847.012,,,,,3293210.4730713707
01_AUS,Australia,2058,34051.096,,,,,3364370.997591922
01_AUS,Australia,2059,34262.535,,,,,3437027.1824529506
01_AUS,Australia,2060,34462.733,,,,,3511305.65781778
01_AUS,Australia,2061,34662.633,,,,,3587188.410224863
01_AUS,Australia,2062,34866.752,,,,,3664814.466204923
01_AUS,Australia,2063,35071.672,,,,,3744068.237562721
01_AUS,Australia,2064,35279.259,,,,,3825048.2569025815
01_AUS,Australia,2065,35475.901,,,,,3907715.224530548
01_AUS,Australia,2066,35678.977,,,,,3992156.311325517
01_AUS,Australia,2067,35890.727,,,,,4078305.248338873
01_AUS,Australia,2068,36103.806,,,,,4166144.97366431
01_AUS,Australia,2069,36318.24,,,,,4255860.701900582
01_AUS,Australia,2070,36531.164,,,,,4347393.499019391
01_AUS,Australia,2071,36739.081,,,,,4440624.521789819
01_AUS,Australia,2072,36940.264,,,,,4535549.44460575
01_AUS,Australia,2073,37142.551,,,,,4632244.4964297535
01_AUS,Australia,2074,37347.566,,,,,4730819.021308099
01_AUS,Australia,2075,37556.139,,,,,4831260.112416432
01_AUS,Australia,2076,37763.031,,,,,4933592.692345492
01_AUS,Australia,2077,37968.296,,,,,5037775.621595243
01_AUS,Australia,2078,38179.305,,,,,5143832.157501199
01_AUS,Australia,2079,38388.709,,,,,5251873.3263874855
01_AUS,Australia,2080,38597.005,,,,,5361944.227709318
01_AUS,Australia,2081,38804.682,,,,,5474201.130107497
01_AUS,Australia,2082,39022.083,,,,,5588544.881829878
01_AUS,Australia,2083,39232.369,,,,,5705494.706468192
01_AUS,Australia,2084,39449.919,,,,,5825170.3851144565
01_AUS,Australia,2085,39655.558,,,,,5947817.732026246
01_AUS,Australia,2086,39863.078,,,,,6073634.558093623
01_AUS,Australia,2087,40077.588,,,,,6202360.278884557
01_AUS,Australia,2088,40299.278,,,,,6334327.321479347
01_AUS,Australia,2089,40533.321,,,,,6469514.278891658
01_AUS,Australia,2090,40759.661,,,,,6608137.631037632
01_AUS,Australia,2091,40993.747,,,,,6750423.51578038
01_AUS,Australia,2092,41229.092,,,,,6896435.374103701
01_AUS,Australia,2093,41460.325,,,,,7046229.5340289725
01_AUS,Australia,2094,41689.12,,,,,7200076.639262567
01_AUS,Australia,2095,41905.168,,,,,7357829.29658941
01_AUS,Australia,2096,42127.78,,,,,7519596.530945959
01_AUS,Australia,2097,42358.925,,,,,7685721.020951324
01_AUS,Australia,2098,42595.326,,,,,7855860.6146867005
01_AUS,Australia,2099,42818.144,,,,,8030087.517523824
01_AUS,Australia,2100,43035.124,,,,,8208857.56680458
02_BD,Brunei Darussalam,1990,251.663,30166.2430548788,0.2816128208351422,0.047948744148016,,24286.40268615882
02_BD,Brunei Darussalam,1991,258.922,31044.2786293994,0.2783631569499207,0.0497572645545006,,25043.615845531865
02_BD,Brunei Darussalam,1992,266.271,30075.505025988,0.2766363045234961,0.0516151376068592,,26264.30076420012
02_BD,Brunei Darussalam,1993,273.408,29884.9316910154,0.2594814878647504,0.0533773526549339,,26412.226743729785
02_BD,Brunei Darussalam,1994,280.535,30181.6098553671,0.2552209258601239,0.0548239015042782,,27183.60827992025
02_BD,Brunei Darussalam,1995,287.648,30588.2448027798,0.2531324485713513,0.0544982515275478,,28381.522714612194
02_BD,Brunei Darussalam,1996,294.743,30579.8894812155,0.2294456952367454,0.0540277510881424,,29278.57681997508
02_BD,Brunei Darussalam,1997,301.808,32519.8608489052,0.2152922325483799,0.0542309395968914,,28827.583055278817
02_BD,Brunei Darussalam,1998,308.875,30354.9619039354,0.2072813131718935,0.0535907410085201,,28684.366519020077
02_BD,Brunei Darussalam,1999,315.896,31648.3024932464,0.210644722109668,0.0522266291081905,,29521.493132992626
02_BD,Brunei Darussalam,2000,322.927,32747.9785519656,0.2177308601475887,0.0507432632148266,,30371.79979169053
02_BD,Brunei Darussalam,2001,329.921,33228.0838348158,0.2234465678327218,0.049600999802351,51.7876966296619,31200.9216773231
02_BD,Brunei Darussalam,2002,336.769,34544.3940735811,0.2266036409660985,0.0491997003555298,54.5162238558289,32384.04146287403
02_BD,Brunei Darussalam,2003,343.429,35782.267943159895,0.2314282844474858,0.0488759689033031,56.9478569565325,33295.651519279
02_BD,Brunei Darussalam,2004,349.845,35819.6741437482,0.2303807240960527,0.0479025617241859,56.7706482500164,33473.72045946944
02_BD,Brunei Darussalam,2005,355.976,35818.2681081303,0.2288990435062272,0.0468044951558113,63.9414562144402,33679.12254948731
02_BD,Brunei Darussalam,2006,361.855,37286.248511735495,0.2362329534247074,0.0461096949875355,66.2085968576008,35159.310896756055
02_BD,Brunei Darussalam,2007,367.47,35882.934589017,0.2305031703544989,0.0461565665900707,61.7392099345848,35165.12827195728
02_BD,Brunei Darussalam,2008,374.275,34483.245006226,0.2187727042883419,0.0468208640813828,69.492591540605,34483.312178458
02_BD,Brunei Darussalam,2009,381.311,33827.9758767617,0.2084796883992138,0.0475124828517437,58.2879888470828,33865.93190023636
02_BD,Brunei Darussalam,2010,388.594,34755.3239628481,0.2085496739759895,0.0473851971328259,60.151545349916,34773.24574724472
02_BD,Brunei Darussalam,2011,396.07,36056.704487345,0.2059319992936221,0.0468343086540699,63.7858068696577,36022.51643958402
02_BD,Brunei Darussalam,2012,402.707,36385.9509442523,0.1935838613071796,0.0466860942542553,62.9040809586224,36413.322961734855
02_BD,Brunei Darussalam,2013,408.406,35612.8284708911,0.1756075773018214,0.0469153374433517,60.279412864525,35586.25733271824
02_BD,Brunei Darussalam,2014,413.998,34719.698877079005,0.1657183652021012,0.0467393957078457,59.8076367677065,34753.6898867536
02_BD,Brunei Darussalam,2015,419.503,34583.4644208093,0.1591353321017919,0.0461969897150993,57.1182687749519,34545.39240093924
02_BD,Brunei Darussalam,2016,424.92,33726.514628313,0.1512503610839911,0.0457130782306194,56.4115794432201,33705.74468679014
02_BD,Brunei Darussalam,2017,430.208,34174.6478029999,0.1487553892196216,0.0452341698110104,55.3364205017207,34214.353380151246
02_BD,Brunei Darussalam,2018,435.336,34192.5454221039,0.1418986012232325,0.0451486669480801,53.2133009127659,34161.55265846066
02_BD,Brunei Darussalam,2019,440.283,35515.401787812894,0.1416420916802383,0.045395839959383,53.5317208322741,35553.967527902634
02_BD,Brunei Darussalam,2020,445.077,35917.9949174561,0.1390625492751424,0.0454540103673935,50.8859947205967,35949.58507597034
02_BD,Brunei Darussalam,2021,449.73,35346.6248872816,0.1344288505986091,0.0449635721743107,49.7343409455499,35346.6248872816
02_BD,Brunei Darussalam,2022,453.711,34771.064644095706,0.1301206070175037,0.0441370196640492,50.3806352832592,35788.00491577132
02_BD,Brunei Darussalam,2023,457.028,35163.1585314447,0.1297846710639606,0.0434116758406162,45.871344690754,36984.50883529808
02_BD,Brunei Darussalam,2024,460.869,36588.1515413938,,,47.6532634913652,38179.06029835542
02_BD,Brunei Darussalam,2025,464.574,36833.131954828,,,45.3344398925132,39412.10466773708
02_BD,Brunei Darussalam,2026,468.087,,,,,40398.27680864886
02_BD,Brunei Darussalam,2027,471.463,,,,,41789.93556318823
02_BD,Brunei Darussalam,2028,474.848,,,,,42687.27531452347
02_BD,Brunei Darussalam,2029,478.017,,,,,43503.60980755277
02_BD,Brunei Darussalam,2030,480.972,,,,,44253.616178097385
02_BD,Brunei Darussalam,2031,483.921,,,,,44946.92607193792
02_BD,Brunei Darussalam,2032,486.711,,,,,45696.32883715983
02_BD,Brunei Darussalam,2033,489.192,,,,,46439.07839310984
02_BD,Brunei Darussalam,2034,491.681,,,,,47126.00809198518
02_BD,Brunei Darussalam,2035,494.106,,,,,47760.237485851474
02_BD,Brunei Darussalam,2036,496.474,,,,,48341.34394912444
02_BD,Brunei Darussalam,2037,498.636,,,,,48902.2822457625
02_BD,Brunei Darussalam,2038,500.772,,,,,49446.65420298927
02_BD,Brunei Darussalam,2039,503.068,,,,,49990.236392548366
02_BD,Brunei Darussalam,2040,505.064,,,,,50530.913349669056
02_BD,Brunei Darussalam,2041,506.887,,,,,51069.13685687898
02_BD,Brunei Darussalam,2042,508.72,,,,,51606.832992417534
02_BD,Brunei Darussalam,2043,510.37,,,,,52141.5607545705
02_BD,Brunei Darussalam,2044,511.888,,,,,52674.06682521145
02_BD,Brunei Darussalam,2045,513.301,,,,,53201.684619353
02_BD,Brunei Darussalam,2046,514.803,,,,,53724.46266723681
02_BD,Brunei Darussalam,2047,516.034,,,,,54241.9451542793
02_BD,Brunei Darussalam,2048,517.178,,,,,54753.73262487921
02_BD,Brunei Darussalam,2049,518.225,,,,,55260.350924366605
02_BD,Brunei Darussalam,2050,519.157,,,,,55758.41324835191
02_BD,Brunei Darussalam,2051,519.945,,,,,56249.91141927249
02_BD,Brunei Darussalam,2052,520.588,,,,,56732.59731294614
02_BD,Brunei Darussalam,2053,520.955,,,,,57208.18435420332
02_BD,Brunei Darussalam,2054,521.158,,,,,57674.81448269313
02_BD,Brunei Darussalam,2055,521.338,,,,,58133.28459872344
02_BD,Brunei Darussalam,2056,521.328,,,,,58582.54257552841
02_BD,Brunei Darussalam,2057,521.283,,,,,59023.36016529473
02_BD,Brunei Darussalam,2058,521.042,,,,,59455.128061099575
02_BD,Brunei Darussalam,2059,520.71,,,,,59879.48898824264
02_BD,Brunei Darussalam,2060,520.335,,,,,60296.20907228957
02_BD,Brunei Darussalam,2061,519.915,,,,,60705.35618098652
02_BD,Brunei Darussalam,2062,519.401,,,,,61107.697446183294
02_BD,Brunei Darussalam,2063,518.905,,,,,61503.37681064079
02_BD,Brunei Darussalam,2064,518.199,,,,,61891.40803628423
02_BD,Brunei Darussalam,2065,517.364,,,,,62271.76925678285
02_BD,Brunei Darussalam,2066,516.389,,,,,62646.177253879134
02_BD,Brunei Darussalam,2067,515.288,,,,,63011.71366098002
02_BD,Brunei Darussalam,2068,513.972,,,,,63375.37498086155
02_BD,Brunei Darussalam,2069,512.656,,,,,63730.61208215948
02_BD,Brunei Darussalam,2070,511.391,,,,,64082.48237775108
02_BD,Brunei Darussalam,2071,510.211,,,,,64429.51616991595
02_BD,Brunei Darussalam,2072,509.002,,,,,64772.56497903965
02_BD,Brunei Darussalam,2073,507.574,,,,,65111.11643167831
02_BD,Brunei Darussalam,2074,506.047,,,,,65449.154465482825
02_BD,Brunei Darussalam,2075,504.368,,,,,65784.70573499142
02_BD,Brunei Darussalam,2076,502.578,,,,,66119.340910571
02_BD,Brunei Darussalam,2077,501.073,,,,,66452.25747193933
02_BD,Brunei Darussalam,2078,499.49,,,,,66784.9397149005
02_BD,Brunei Darussalam,2079,498.006,,,,,67116.29833377218
02_BD,Brunei Darussalam,2080,496.44,,,,,67447.94800865072
02_BD,Brunei Darussalam,2081,494.852,,,,,67779.80986038427
02_BD,Brunei Darussalam,2082,493.219,,,,,68111.77567620625
02_BD,Brunei Darussalam,2083,491.548,,,,,68444.45259225833
02_BD,Brunei Darussalam,2084,489.88,,,,,68778.45480045961
02_BD,Brunei Darussalam,2085,488.297,,,,,69110.34796784754
02_BD,Brunei Darussalam,2086,486.67,,,,,69443.8913367581
02_BD,Brunei Darussalam,2087,485.179,,,,,69778.26798475436
02_BD,Brunei Darussalam,2088,483.637,,,,,70111.2605008008
02_BD,Brunei Darussalam,2089,482.008,,,,,70442.52164477968
02_BD,Brunei Darussalam,2090,480.39,,,,,70774.26447329024
02_BD,Brunei Darussalam,2091,478.87,,,,,71104.98296637749
02_BD,Brunei Darussalam,2092,477.402,,,,,71434.11973374679
02_BD,Brunei Darussalam,2093,475.892,,,,,71763.23825545209
02_BD,Brunei Darussalam,2094,474.418,,,,,72091.07598518886
02_BD,Brunei Darussalam,2095,472.922,,,,,72417.77722818081
02_BD,Brunei Darussalam,2096,471.492,,,,,72745.59613253539
02_BD,Brunei Darussalam,2097,469.998,,,,,73069.6515495956
02_BD,Brunei Darussalam,2098,468.591,,,,,73394.20303893577
02_BD,Brunei Darussalam,2099,467.079,,,,,73718.588179169
02_BD,Brunei Darussalam,2100,465.546,,,,,74041.78906372312
03_CDA,Canada,1990,27593.691,1120801.48099006,0.2510160843947813,0.035179790109396,17.7598907649728,1138784.903226256
03_CDA,Canada,1991,27985.194,1097364.90373259,0.2387016981032382,0.0349638611078262,15.1422078826112,1115038.9618960554
03_CDA,Canada,1992,28329.121,1107136.56777335,0.234824768999215,0.0346817299723625,14.0569176510518,1125075.4988947988
03_CDA,Canada,1993,28670.998,1136561.01204582,0.2355801315067909,0.0343745537102222,14.8838279479694,1155000.0514984091
03_CDA,Canada,1994,28990.276,1187638.62469298,0.2399306692346769,0.0341739840805531,16.9829901791132,1206927.9167322435
03_CDA,Canada,1995,29304.487,1219494.99126406,0.2408727743708996,0.0340967401862145,18.9495948122556,1239444.640353588
03_CDA,Canada,1996,29613.776,1240091.78876413,0.2391039047283309,0.0341062806546688,19.4615675805776,1259518.9720358078
03_CDA,Canada,1997,29920.635,1293169.78584872,0.2421060357427803,0.0342113003134728,20.1967117448251,1313440.0845902895
03_CDA,Canada,1998,30197.543,1343511.41896344,0.2443749166807182,0.0344672687351704,19.7742353004359,1364599.8513428683
03_CDA,Canada,1999,30462.396,1412581.38782696,0.2496591268287422,0.0347501859068871,21.0958239916016,1435044.8132781931
03_CDA,Canada,2000,30736.515,1485167.43603027,0.2550771818868665,0.0349996536970139,23.7746280731218,1509328.7884295888
03_CDA,Canada,2001,31047.091,1513015.78286547,0.2522714123812629,0.03523138910532,22.635489053482,1536347.5686494994
03_CDA,Canada,2002,31380.063,1558394.98950278,0.2526408788363037,0.0352954380214214,21.7247007986965,1582751.0652680146
03_CDA,Canada,2003,31691.092,1586545.6046963502,0.2497174892350702,0.0352766141295433,21.9437421731044,1611229.853897197
03_CDA,Canada,2004,31981.872,1635607.36681118,0.2491681898503616,0.0353390164673328,23.6604863582273,1660972.952618782
03_CDA,Canada,2005,32283.483,1688117.79573149,0.2480998652605444,0.0355406701564789,24.4515477349026,1714202.200638911
03_CDA,Canada,2006,32596.863,1732649.39366773,0.2453947893432935,0.035840954631567,24.6167836170461,1759344.2940983286
03_CDA,Canada,2007,32921.479,1768167.053194,0.2416138420507003,0.0361077524721623,24.4043195574877,1795830.926279947
03_CDA,Canada,2008,33262.864,1785767.50069609,0.2358507113758116,0.0363057442009449,24.2473507737597,1813827.935521488
03_CDA,Canada,2009,33635.306,1733710.83745854,0.2234672722755545,0.036228321492672,18.5199781161218,1760774.5702133398
03_CDA,Canada,2010,34017.435,1787296.48189574,0.2236460865755947,0.0359749384224415,19.3124605468573,1815166.8914322655
03_CDA,Canada,2011,34376.362,1843367.44765178,0.2236726741400627,0.0358240529894829,20.8570036017058,1872267.8635509463
03_CDA,Canada,2012,34734.543,1875730.73713785,0.2204107183687655,0.0357082486152649,20.9180313649159,1905271.5215192211
03_CDA,Canada,2013,35110.489,1919356.73708622,0.2186423668300985,0.0355474129319191,21.597457353518,1949636.553300242
03_CDA,Canada,2014,35476.376,1974508.8148515504,0.2180820374650346,0.0353640206158161,22.1484716896255,2005570.4431519797
03_CDA,Canada,2015,35792.151,1987342.54983495,0.2138290005066762,0.0351208746433258,19.5693439682533,2018810.719040703
03_CDA,Canada,2016,36132.317,2007982.11416769,0.2112968234530455,0.0347716361284256,19.1464356668973,2039007.2298450992
03_CDA,Canada,2017,36574.369,2068900.97670281,0.2127176809666716,0.0344553366303444,19.8452346358057,2101035.604189647
03_CDA,Canada,2018,37042.624,2125650.17356613,0.2134667273886165,0.0342793315649033,19.5829137118093,2159356.58150993
03_CDA,Canada,2019,37547.386,2166216.76038716,0.2126160419745946,0.0341662354767323,20.2615901974042,2199936.04088042
03_CDA,Canada,2020,38018.483,2057077.70344368,0.1979211317957708,0.0339988805353642,19.4618627087878,2084839.653570859
03_CDA,Canada,2021,38325.321,2179484.68919425,0.2034237737493925,0.0339771956205368,23.3033943883775,2179484.68919425
03_CDA,Canada,2022,38582.793,2281820.6459284,0.2066458571049332,0.0341237150132656,23.9113346243855,2251327.4539132165
03_CDA,Canada,2023,39059.725,2326386.55460181,0.2052593029503804,0.0341532416641712,21.915171696638,2283972.3121422958
03_CDA,Canada,2024,39538.484,2373990.61295384,,,21.3282777316351,2320589.2955353656
03_CDA,Canada,2025,39946.376,2415361.79985527,,,22.2253838949222,2374447.990205383
03_CDA,Canada,2026,40307.07,,,,,2419426.933893343
03_CDA,Canada,2027,40628.385,,,,,2460605.6351422453
03_CDA,Canada,2028,40936.083,,,,,2503446.959329777
03_CDA,Canada,2029,41234.923,,,,,2544855.274567244
03_CDA,Canada,2030,41517.67,,,,,2586527.770172025
03_CDA,Canada,2031,41793.508,,,,,2628246.547388347
03_CDA,Canada,2032,42063.722,,,,,2676730.9588107057
03_CDA,Canada,2033,42319.814,,,,,2724451.9796533464
03_CDA,Canada,2034,42556.246,,,,,2773550.3509731777
03_CDA,Canada,2035,42796.698,,,,,2823839.2748189243
03_CDA,Canada,2036,43013.836,,,,,2874243.961130796
03_CDA,Canada,2037,43235.065,,,,,2925441.566242608
03_CDA,Canada,2038,43450.947,,,,,2977885.200406883
03_CDA,Canada,2039,43660.957,,,,,3031466.548943212
03_CDA,Canada,2040,43857.762,,,,,3086538.819780817
03_CDA,Canada,2041,44045.072,,,,,3143105.0893890583
03_CDA,Canada,2042,44230.739,,,,,3201078.0294366763
03_CDA,Canada,2043,44413.16,,,,,3260084.493094096
03_CDA,Canada,2044,44589.112,,,,,3320498.637215337
03_CDA,Canada,2045,44762.496,,,,,3381728.1945071025
03_CDA,Canada,2046,44937.696,,,,,3443814.163445534
03_CDA,Canada,2047,45095.813,,,,,3506768.9000903782
03_CDA,Canada,2048,45251.16,,,,,3570628.6817446817
03_CDA,Canada,2049,45407.274,,,,,3635422.863073085
03_CDA,Canada,2050,45546.625,,,,,3701287.2463085465
03_CDA,Canada,2051,45697.139,,,,,3768217.483097554
03_CDA,Canada,2052,45845.787,,,,,3836258.3401409416
03_CDA,Canada,2053,46000.122,,,,,3905698.721561063
03_CDA,Canada,2054,46141.898,,,,,3976552.862547151
03_CDA,Canada,2055,46284.533,,,,,4048874.772471071
03_CDA,Canada,2056,46429.611,,,,,4122718.839344753
03_CDA,Canada,2057,46578.674,,,,,4198293.142715579
03_CDA,Canada,2058,46732.895,,,,,4275612.548218729
03_CDA,Canada,2059,46899.496,,,,,4354743.312900152
03_CDA,Canada,2060,47064.787,,,,,4435672.639251474
03_CDA,Canada,2061,47225.79,,,,,4518532.033409512
03_CDA,Canada,2062,47394.042,,,,,4603504.386719881
03_CDA,Canada,2063,47569.807,,,,,4690333.3198079085
03_CDA,Canada,2064,47743.837,,,,,4779140.321834903
03_CDA,Canada,2065,47916.111,,,,,4869987.533479448
03_CDA,Canada,2066,48087.944,,,,,4962859.422502741
03_CDA,Canada,2067,48260.381,,,,,5057715.148653084
03_CDA,Canada,2068,48441.498,,,,,5154473.7090840535
03_CDA,Canada,2069,48608.984,,,,,5253148.446092467
03_CDA,Canada,2070,48775.638,,,,,5353675.056212028
03_CDA,Canada,2071,48939.976,,,,,5456060.599745064
03_CDA,Canada,2072,49105.9,,,,,5560219.758909725
03_CDA,Canada,2073,49268.697,,,,,5666212.698877273
03_CDA,Canada,2074,49423.68,,,,,5774078.927659806
03_CDA,Canada,2075,49579.93,,,,,5884292.522342796
03_CDA,Canada,2076,49743.128,,,,,5996636.018690699
03_CDA,Canada,2077,49909.099,,,,,6111268.136571737
03_CDA,Canada,2078,50059.406,,,,,6228237.758996582
03_CDA,Canada,2079,50221.045,,,,,6347615.421890007
03_CDA,Canada,2080,50373.295,,,,,6469495.008587486
03_CDA,Canada,2081,50525.244,,,,,6593799.937691757
03_CDA,Canada,2082,50687.393,,,,,6720807.809823224
03_CDA,Canada,2083,50831.829,,,,,6850482.346928493
03_CDA,Canada,2084,50989.689,,,,,6983098.781612019
03_CDA,Canada,2085,51139.69,,,,,7118563.340100322
03_CDA,Canada,2086,51283.778,,,,,7256961.791503817
03_CDA,Canada,2087,51431.482,,,,,7398576.1492519
03_CDA,Canada,2088,51572.957,,,,,7543429.070728792
03_CDA,Canada,2089,51744.133,,,,,7691571.644985701
03_CDA,Canada,2090,51887.28,,,,,7843203.254687097
03_CDA,Canada,2091,52026.216,,,,,7998404.692692006
03_CDA,Canada,2092,52184.285,,,,,8157450.879261234
03_CDA,Canada,2093,52335.102,,,,,8320418.313206329
03_CDA,Canada,2094,52494.524,,,,,8487376.301018856
03_CDA,Canada,2095,52652.875,,,,,8658446.758445337
03_CDA,Canada,2096,52815.322,,,,,8833592.63954374
03_CDA,Canada,2097,52981.213,,,,,9012922.086200994
03_CDA,Canada,2098,53167.495,,,,,9196683.064103212
03_CDA,Canada,2099,53349.202,,,,,9384532.231544344
03_CDA,Canada,2100,53524.621,,,,,9576709.764204344
04_CHL,Chile,1990,13324.345,147207.604208892,0.3512206303630754,0.0247037280350924,24.3290776390403,148243.56526196966
04_CHL,Chile,1991,13550.007,158625.32319337298,0.3662634947558079,0.0250235293060541,23.4480570467047,159758.00025438578
04_CHL,Chile,1992,13774.975,176870.299108825,0.3930063212162717,0.0254274029284716,22.8071945542299,177543.54757112623
04_CHL,Chile,1993,13994.18,188695.1122357,0.3980292741898183,0.0258461348712444,22.2682123147593,189432.75902656696
04_CHL,Chile,1994,14210.372,198274.792763472,0.3990005346535789,0.0262994877994061,22.1204981483329,199028.4209615821
04_CHL,Chile,1995,14422.14,216625.972612204,0.4139297844438936,0.0269874390214682,24.6205748249686,216687.86526567923
04_CHL,Chile,1996,14632.623,232038.612978128,0.4168593382163903,0.0277805645018816,25.3183250176561,230811.2081142681
04_CHL,Chile,1997,14835.468,249190.30225156,0.417814056659998,0.0284842997789383,25.0763604901302,247847.7268684091
04_CHL,Chile,1998,15029.401,259608.666274193,0.4072719184989767,0.0289549510926008,23.394979013313,258286.8255750869
04_CHL,Chile,1999,15226.197,258898.295450835,0.3878601211197667,0.0291774719953537,22.4833163552083,257438.37453880563
04_CHL,Chile,2000,15412.428,271769.73874030303,0.3874607975526511,0.0294331591576338,22.5017238796311,270290.0630623113
04_CHL,Chile,2001,15594.842,280341.451214666,0.3811165849720107,0.029765073210001,22.9540058130082,278802.9189039809
04_CHL,Chile,2002,15772.856,289320.224789779,0.3753541438723758,0.0300762113183737,23.1216893179353,287711.3458633086
04_CHL,Chile,2003,15942.995,302985.528618296,0.3742745302682328,0.0304466094821692,23.5378279968254,301281.36315699155
04_CHL,Chile,2004,16106.508,323207.552891234,0.3783479170664783,0.0310621839016676,24.4277327681936,321335.45265269023
04_CHL,Chile,2005,16268.135,342073.32552133,0.3745882170385426,0.0321212820708752,25.1302098186106,340162.39140350226
04_CHL,Chile,2006,16429.42,362768.730332331,0.3725841812137242,0.0332786254584789,27.6498812574935,360775.8146076063
04_CHL,Chile,2007,16588.969,381517.456258289,0.367194188347095,0.0344804413616657,27.4342310839715,379454.6639152186
04_CHL,Chile,2008,16754.192,395974.651300719,0.353246504631704,0.0357838310301304,24.1492079294954,393918.0434483505
04_CHL,Chile,2009,16923.784,391547.507252358,0.3306029437896108,0.0366763025522232,24.2769384382053,389419.06469702354
04_CHL,Chile,2010,17095.677,414459.500963048,0.3303015535433699,0.0376171432435513,25.6276932578206,412172.6772556249
04_CHL,Chile,2011,17267.251,440255.03251899296,0.3292183806169824,0.0392434224486351,21.6861213065377,437865.6961309879
04_CHL,Chile,2012,17436.38,467354.226719337,0.3265683596490032,0.0410503335297108,23.4686626230969,464888.5287596141
04_CHL,Chile,2013,17601.858,482816.67985352,0.3171984381354223,0.0422637388110161,22.6663184541001,480363.6148748375
04_CHL,Chile,2014,17772.155,491471.89051271,0.3066084922158452,0.0427651293575764,21.6794787310798,489000.8802361551
04_CHL,Chile,2015,17956.235,502048.082999281,0.2985754405369507,0.0428218133747578,22.7338612948598,499498.1388199239
04_CHL,Chile,2016,18139.016,510849.180433227,0.2913385511757748,0.0426662340760231,21.0878070381514,508129.2780468521
04_CHL,Chile,2017,18395.427,517784.9561212231,0.2848836975928995,0.0424395613372326,19.8421253926699,514745.3392521602
04_CHL,Chile,2018,18722.308,538444.72850259,0.2851088523950543,0.0423488058149815,19.603708780321,535060.4866476718
04_CHL,Chile,2019,19064.074,541913.515453842,0.2758617968041143,0.0423667579889298,19.6831488302629,539658.359539913
04_CHL,Chile,2020,19331.414,508641.66792163503,0.2517257319069935,0.0421399511396885,19.0916016250211,506911.8590419862
04_CHL,Chile,2021,19409.834,566308.424865614,0.2700338207746514,0.0421045534312725,16.6899038524225,566308.424865614
04_CHL,Chile,2022,19502.834,577996.570020702,0.2654695232747481,0.0425509959459305,16.8318722707056,577797.4183251506
04_CHL,Chile,2023,19603.239,581909.750325514,0.2573376856552921,0.0428671650588512,20.1458143576453,572284.0778251247
04_CHL,Chile,2024,19714.431,598233.0541876999,,,21.9478492548433,583545.8396413261
04_CHL,Chile,2025,19815.112,612945.128975802,,,22.8146737618207,597168.5828393543
04_CHL,Chile,2026,19904.73,,,,,611439.2694191464
04_CHL,Chile,2027,19986.969,,,,,626915.8227998647
04_CHL,Chile,2028,20065.339,,,,,639369.8268817195
04_CHL,Chile,2029,20136.528,,,,,651403.5046945455
04_CHL,Chile,2030,20202.719,,,,,665043.1702180287
04_CHL,Chile,2031,20263.647,,,,,680937.7560574679
04_CHL,Chile,2032,20318.324,,,,,695181.5873372648
04_CHL,Chile,2033,20365.29,,,,,709994.1231562108
04_CHL,Chile,2034,20404.855,,,,,724740.7308377195
04_CHL,Chile,2035,20440.243,,,,,739379.3790233274
04_CHL,Chile,2036,20471.637,,,,,753903.4947786382
04_CHL,Chile,2037,20498.535,,,,,769186.8058257403
04_CHL,Chile,2038,20517.364,,,,,784200.3589130527
04_CHL,Chile,2039,20531.599,,,,,799387.460759445
04_CHL,Chile,2040,20539.813,,,,,814474.8526220656
04_CHL,Chile,2041,20544.392,,,,,829494.1555426813
04_CHL,Chile,2042,20542.178,,,,,844430.373605075
04_CHL,Chile,2043,20537.655,,,,,859307.705731078
04_CHL,Chile,2044,20528.192,,,,,874158.7973752312
04_CHL,Chile,2045,20511.177,,,,,888962.0331889958
04_CHL,Chile,2046,20487.098,,,,,903773.0896989396
04_CHL,Chile,2047,20459.465,,,,,918891.191004796
04_CHL,Chile,2048,20427.981,,,,,934323.500408314
04_CHL,Chile,2049,20388.69,,,,,950083.2022382128
04_CHL,Chile,2050,20344.193,,,,,966161.6008576716
04_CHL,Chile,2051,20296.42,,,,,982566.2464073916
04_CHL,Chile,2052,20241.985,,,,,999296.8671749304
04_CHL,Chile,2053,20180.847,,,,,1016382.7967796004
04_CHL,Chile,2054,20111.945,,,,,1033836.2017519888
04_CHL,Chile,2055,20038.497,,,,,1051627.7082212956
04_CHL,Chile,2056,19958.026,,,,,1069798.9609025456
04_CHL,Chile,2057,19873.018,,,,,1088357.2559704825
04_CHL,Chile,2058,19782.247,,,,,1107324.7806967727
04_CHL,Chile,2059,19689.071,,,,,1126685.230341807
04_CHL,Chile,2060,19588.436,,,,,1146443.3674895251
04_CHL,Chile,2061,19484.742,,,,,1166612.7620629498
04_CHL,Chile,2062,19375.311,,,,,1187196.826968721
04_CHL,Chile,2063,19261.536,,,,,1208192.4536106188
04_CHL,Chile,2064,19140.647,,,,,1229596.8921312753
04_CHL,Chile,2065,19014.915,,,,,1251390.982958715
04_CHL,Chile,2066,18887.309,,,,,1273606.7335269062
04_CHL,Chile,2067,18754.621,,,,,1296217.924438004
04_CHL,Chile,2068,18620.476,,,,,1319252.2558123602
04_CHL,Chile,2069,18484.191,,,,,1342687.1514591866
04_CHL,Chile,2070,18346.781,,,,,1366543.736461274
04_CHL,Chile,2071,18206.879,,,,,1390824.2422408927
04_CHL,Chile,2072,18063.707,,,,,1415569.8833139432
04_CHL,Chile,2073,17920.427,,,,,1440769.286577006
04_CHL,Chile,2074,17775.05,,,,,1466406.818654241
04_CHL,Chile,2075,17625.794,,,,,1492481.839197624
04_CHL,Chile,2076,17473.017,,,,,1519055.5995301255
04_CHL,Chile,2077,17318.43,,,,,1546112.026140527
04_CHL,Chile,2078,17161.227,,,,,1573680.140180841
04_CHL,Chile,2079,17001.735,,,,,1601784.9833862816
04_CHL,Chile,2080,16840.587,,,,,1630438.5215723414
04_CHL,Chile,2081,16677.167,,,,,1659648.091558182
04_CHL,Chile,2082,16512.604,,,,,1689462.9534456937
04_CHL,Chile,2083,16349.32,,,,,1719872.3698953874
04_CHL,Chile,2084,16182.465,,,,,1750951.49232068
04_CHL,Chile,2085,16014.388,,,,,1782730.4575828132
04_CHL,Chile,2086,15843.251,,,,,1815205.1795673547
04_CHL,Chile,2087,15671.96,,,,,1848377.1513559525
04_CHL,Chile,2088,15499.174,,,,,1882342.3664491745
04_CHL,Chile,2089,15324.831,,,,,1917078.988127743
04_CHL,Chile,2090,15151.035,,,,,1952606.411607921
04_CHL,Chile,2091,14978.734,,,,,1988973.5966190293
04_CHL,Chile,2092,14807.791,,,,,2026251.3658904207
04_CHL,Chile,2093,14639.89,,,,,2064425.218752772
04_CHL,Chile,2094,14472.042,,,,,2103530.9315574514
04_CHL,Chile,2095,14306.484,,,,,2143623.7172084176
04_CHL,Chile,2096,14142.111,,,,,2184627.333263931
04_CHL,Chile,2097,13980.522,,,,,2226612.5115684583
04_CHL,Chile,2098,13821.661,,,,,2269660.2934901216
04_CHL,Chile,2099,13663.682,,,,,2313731.3336359463
04_CHL,Chile,2100,13507.688,,,,,2358864.2750078547
05_PRC,China,1990,1143536.292,1892142.38958421,0.3217310013551667,0.0538391247391701,36.6228275584888,1915214.7231686777
05_PRC,China,1991,1163629.156,2069542.70411926,0.3310479488416044,0.0535467527806759,38.4279725792786,2093317.7417162897
05_PRC,China,1992,1177947.9,2365438.10981625,0.3476026097858722,0.0538966096937656,40.5262148478143,2392196.4260598165
05_PRC,China,1993,1191200.574,2694851.45339764,0.3537400390981625,0.055012833327055,41.5944567821618,2724212.622467396
05_PRC,China,1994,1203416.576,3047411.1159254303,0.3579569871188099,0.0562056750059128,41.5641800595348,3079140.792085253
05_PRC,China,1995,1214589.617,3383096.05644743,0.3567642683216614,0.0564521700143814,39.3812636762869,3416888.2955232263
05_PRC,China,1996,1225678.238,3720501.96312296,0.3527609922187192,0.0559346154332161,38.5813284832836,3755883.735932348
05_PRC,China,1997,1236211.386,4066419.1529609,0.3482724998880758,0.0554078593850136,39.5469344798754,4103205.516247009
05_PRC,China,1998,1246067.858,4388623.71871096,0.3372569442532366,0.0549055337905884,38.1766453804451,4425551.781333999
05_PRC,China,1999,1255626.395,4728357.5378696695,0.3283126010387712,0.0542464107275009,36.3928397912428,4765447.258927934
05_PRC,China,2000,1264726.915,5133746.73675723,0.3233085874399057,0.0535032488405705,35.5826474435708,5169185.544636138
05_PRC,China,2001,1274435.436,5561082.22559716,0.3167870367082883,0.0527944341301918,37.0775585847377,5599209.649275294
05_PRC,China,2002,1283014.689,6074706.48841383,0.3112249108870792,0.0521986521780491,38.6609215616113,6109552.449222545
05_PRC,China,2003,1290718.988,6689090.876282429,0.3047831021345543,0.0521982535719872,42.1609224814857,6721810.464296421
05_PRC,China,2004,1298315.664,7367393.39986069,0.2982721174118909,0.052845660597086,45.3715794530289,7401680.346148116
05_PRC,China,2005,1305884.967,8211218.76090065,0.2954029768931306,0.0536323301494122,45.5417056569754,8244680.426472226
05_PRC,China,2006,1314169.304,9252014.07744076,0.2959299180340526,0.0540632195770741,47.7875413024031,9292586.141266149
05_PRC,China,2007,1321938.768,10561245.4071096,0.3006102299010022,0.0537730939686298,49.7906549255041,10616492.787818795
05_PRC,China,2008,1329688.395,11582388.576956,0.2933305465143113,0.0534361973404884,51.2655667529843,11634857.513786465
05_PRC,China,2009,1337953.637,12671839.6454981,0.2807483077932043,0.0538002103567123,49.8735875934712,12733834.296127897
05_PRC,China,2010,1347091.795,14014001.6672854,0.2725008227798136,0.0544898919761181,50.7951259924622,14085020.397929544
05_PRC,China,2011,1356031.233,15340013.8600099,0.2639702106148198,0.0549234077334404,48.6410622284448,15430248.70328967
05_PRC,China,2012,1364470.096,16545404.5598264,0.2532200093104165,0.0551375187933445,48.1956233738576,16641165.64426188
05_PRC,China,2013,1374571.633,17832377.1968733,0.2437144439378911,0.055157445371151,47.0363460228068,17934293.92959927
05_PRC,China,2014,1383444.448,19162852.1715994,0.2353839760403709,0.0548929870128632,47.2736238197056,19259878.15971148
05_PRC,China,2015,1392459.496,20500730.1811126,0.2278028397818828,0.0544183179736137,45.1016053776732,20611615.21909909
05_PRC,China,2016,1399808.851,21889385.8220965,0.2208123203002229,0.0537576451897621,43.8678663976574,22023600.524288837
05_PRC,China,2017,1408296.413,23397835.751144897,0.2151161787930113,0.0530018955469132,44.3202552812278,23553530.64622853
05_PRC,China,2018,1416413.041,24979016.1327066,0.2095845271546474,0.0522684007883072,43.7715764233009,25143585.997742523
05_PRC,China,2019,1421604.871,26494587.4779798,0.2035375053800812,0.0515047647058964,43.2925997301417,26639871.1453511
05_PRC,China,2020,1425435.844,27114429.3726066,0.1918819411691091,0.0506707541644573,43.4998633494291,27237562.25457852
05_PRC,China,2021,1426776.342,29438240.1298701,0.1928364611915365,0.0500542297959328,44.679938707538,29438240.129870094
05_PRC,China,2022,1426098.192,30360791.708735,0.1848033471297715,0.0496898144483566,44.8335710565362,30381864.222098675
05_PRC,China,2023,1424260.946,32005133.2032272,0.1814638950744026,0.0492860600352287,42.5717088559186,31731158.15651581
05_PRC,China,2024,1420908.919,33592044.9351591,,,42.7150109198495,33158445.01879662
05_PRC,China,2025,1417733.636,35258193.18578079,,,42.5150109198495,34694652.42779202
05_PRC,China,2026,1414458.552,,,,,36291404.50189568
05_PRC,China,2027,1411369.625,,,,,37970829.73369422
05_PRC,China,2028,1407989.187,,,,,39349400.81545527
05_PRC,China,2029,1404284.3,,,,,40786369.431709535
05_PRC,China,2030,1400281.205,,,,,42296075.93525213
05_PRC,China,2031,1396026.459,,,,,43892540.343450464
05_PRC,China,2032,1391470.88,,,,,45432817.86264993
05_PRC,China,2033,1386649.184,,,,,47007181.79580771
05_PRC,China,2034,1381543.858,,,,,48594969.271281466
05_PRC,China,2035,1376210.011,,,,,50189290.440381706
05_PRC,China,2036,1370645.051,,,,,51782468.24248582
05_PRC,China,2037,1364840.518,,,,,53368281.03828423
05_PRC,China,2038,1358819.609,,,,,54939524.12053618
05_PRC,China,2039,1352625.805,,,,,56528797.878741264
05_PRC,China,2040,1346163.63,,,,,58123873.632819705
05_PRC,China,2041,1339469.683,,,,,59715210.145318046
05_PRC,China,2042,1332510.78,,,,,61291023.61506734
05_PRC,China,2043,1325307.695,,,,,62857840.660825886
05_PRC,China,2044,1317873.9,,,,,64405322.15176784
05_PRC,China,2045,1310158.073,,,,,65931690.07156677
05_PRC,China,2046,1302069.502,,,,,67429605.35508583
05_PRC,China,2047,1293565.661,,,,,68896930.94110583
05_PRC,China,2048,1284675.192,,,,,70330253.70344013
05_PRC,China,2049,1275309.978,,,,,71726483.93707664
05_PRC,China,2050,1265452.312,,,,,73078328.53785126
05_PRC,China,2051,1255125.875,,,,,74379939.24732815
05_PRC,China,2052,1244259.201,,,,,75625479.46313396
05_PRC,China,2053,1232855.063,,,,,76812660.52945459
05_PRC,China,2054,1221004.646,,,,,77936523.40019841
05_PRC,China,2055,1208702.046,,,,,78993235.51169154
05_PRC,China,2056,1195982.896,,,,,79982734.89454989
05_PRC,China,2057,1182898.442,,,,,80905810.80915417
05_PRC,China,2058,1169537.449,,,,,81764638.23982935
05_PRC,China,2059,1155907.968,,,,,82562567.66107571
05_PRC,China,2060,1142096.367,,,,,83298792.64466985
05_PRC,China,2061,1128158.014,,,,,83976777.57470195
05_PRC,China,2062,1114191.419,,,,,84599681.37289123
05_PRC,China,2063,1100222.847,,,,,85168212.44337676
05_PRC,China,2064,1086330.56,,,,,85686903.8595974
05_PRC,China,2065,1072485.204,,,,,86156579.63830476
05_PRC,China,2066,1058779.855,,,,,86578655.69751167
05_PRC,China,2067,1045198.415,,,,,86954528.40851292
05_PRC,China,2068,1031747.221,,,,,87286412.80260369
05_PRC,China,2069,1018459.683,,,,,87572651.70719554
05_PRC,China,2070,1005296.697,,,,,87816463.82510729
05_PRC,China,2071,992271.941,,,,,88016788.64299141
05_PRC,China,2072,979341.179,,,,,88173420.5620214
05_PRC,China,2073,966470.163,,,,,88285455.52054629
05_PRC,China,2074,953640.603,,,,,88350811.69768228
05_PRC,China,2075,940858.23,,,,,88370800.76223442
05_PRC,China,2076,928075.091,,,,,88342592.73402423
05_PRC,China,2077,915280.168,,,,,88265543.63223194
05_PRC,China,2078,902468.895,,,,,88139679.10555018
05_PRC,China,2079,889618.682,,,,,87964200.47515807
05_PRC,China,2080,876715.269,,,,,87740344.07876265
05_PRC,China,2081,863789.419,,,,,87468055.11622813
05_PRC,China,2082,850868.01,,,,,87148924.48757069
05_PRC,China,2083,838010.383,,,,,86785741.48330766
05_PRC,China,2084,825198.952,,,,,86379735.43376647
05_PRC,China,2085,812431.761,,,,,85932359.3714582
05_PRC,China,2086,799798.347,,,,,85446598.96421245
05_PRC,China,2087,787320.161,,,,,84924741.81771702
05_PRC,China,2088,774987.274,,,,,84367635.35175619
05_PRC,China,2089,762810.991,,,,,83804917.11689329
05_PRC,China,2090,750807.23,,,,,83237210.04866593
05_PRC,China,2091,738998.443,,,,,82664718.07625619
05_PRC,China,2092,727360.47,,,,,82086267.24847603
05_PRC,China,2093,715865.031,,,,,81500827.66601782
05_PRC,China,2094,704506.905,,,,,80905342.66540743
05_PRC,China,2095,693280.636,,,,,80300454.91363579
05_PRC,China,2096,682167.534,,,,,79683646.58582506
05_PRC,China,2097,671154.22,,,,,79053383.09123103
05_PRC,China,2098,660236.787,,,,,78408997.48453692
05_PRC,China,2099,649413.991,,,,,77749661.76324664
05_PRC,China,2100,638684.81,,,,,77075727.78654328
06_HKC,"Hong Kong, China",1990,5552.387,180254.935094551,0.1897642064706844,0.0253886487334967,,180457.18483039012
06_HKC,"Hong Kong, China",1991,5568.807,190532.95571677803,0.1882563218814635,0.025508239865303,,190737.06674053115
06_HKC,"Hong Kong, China",1992,5687.381,202412.730989952,0.1874327761743442,0.0257232934236527,,202653.64786428952
06_HKC,"Hong Kong, China",1993,5831.732,214964.719118366,0.1874990357210081,0.0259586405009031,,215205.8182677478
06_HKC,"Hong Kong, China",1994,5973.294,227940.054858517,0.1860893580073973,0.0261958222836256,,228184.5716715287
06_HKC,"Hong Kong, China",1995,6111.229,233350.961434686,0.1784129692651755,0.0265933200716972,,233612.6967932645
06_HKC,"Hong Kong, China",1996,6242.978,243288.1554906,0.1738931987790837,0.02707196213305,,243576.25222143272
06_HKC,"Hong Kong, China",1997,6361.95,255695.121426758,0.1701555860176938,0.0274506974965334,,255993.94963868533
06_HKC,"Hong Kong, China",1998,6471.397,240653.50428291,0.1515778140628913,0.0277356747537851,30.7030030751778,240908.8128497349
06_HKC,"Hong Kong, China",1999,6571.272,246686.00429592095,0.1499301690462635,0.0278465487062931,31.4161171620656,246977.6476977619
06_HKC,"Hong Kong, China",2000,6661.777,265590.648051452,0.1552605895315857,0.0279552098363638,31.9780511659929,265908.58015822235
06_HKC,"Hong Kong, China",2001,6747.551,267080.25871759,0.1504196520658832,0.0281892344355583,31.6255941521679,267367.9220906911
06_HKC,"Hong Kong, China",2002,6800.926,271504.98183373496,0.1483696957079696,0.0284104701131582,31.0734031351075,271817.5826428303
06_HKC,"Hong Kong, China",2003,6841.891,279803.148419369,0.148578188062895,0.0286637675017118,33.165804594575,280108.54721062427
06_HKC,"Hong Kong, China",2004,6875.922,304146.20576621004,0.1568672599944918,0.028942221775651,32.3057899681093,304500.6456637937
06_HKC,"Hong Kong, China",2005,6900.405,326616.995685976,0.1635921753621872,0.0292728953063488,32.9408898770809,326992.8341624234
06_HKC,"Hong Kong, China",2006,6916.567,349586.81819996994,0.1697923650553107,0.0298024192452431,34.9776120007146,349963.5032899558
06_HKC,"Hong Kong, China",2007,6945.613,372187.005025284,0.1756924158512909,0.030411459505558,34.4167444929359,372582.7852688743
06_HKC,"Hong Kong, China",2008,6997.077,380106.909461868,0.1748553014379998,0.0309179406613112,36.0229572153312,380538.5432869798
06_HKC,"Hong Kong, China",2009,7044.3,370759.732742574,0.1669830130505184,0.0311170909553766,31.7309332729078,371154.3717864337
06_HKC,"Hong Kong, China",2010,7084.633,395851.664507564,0.1739383564733591,0.0311357825994492,30.891865807468,396289.9586408653
06_HKC,"Hong Kong, China",2011,7118.601,414910.607969333,0.1773484812186021,0.0317099466919899,29.7011051351653,415405.1675302186
06_HKC,"Hong Kong, China",2012,7167.338,421965.4249178791,0.1753551153151875,0.0327865220606327,26.7984114975549,422438.6886962065
06_HKC,"Hong Kong, China",2013,7234.784,435052.904642839,0.1767434466601092,0.0337987840175629,25.5491717088387,435546.74956826505
06_HKC,"Hong Kong, China",2014,7293.886,447070.866045334,0.1779350581742891,0.03445965051651,25.2142312299062,447578.3930364048
06_HKC,"Hong Kong, China",2015,7345.115,457746.029371383,0.1789955750383249,0.0346894003450871,24.8585789100752,458278.2757081908
06_HKC,"Hong Kong, China",2016,7387.704,467704.057142908,0.1798381561803981,0.0346318855881691,25.4616417796271,468222.2460861472
06_HKC,"Hong Kong, China",2017,7428.315,485458.6146913871,0.1833783821600881,0.0344963371753693,26.6501787796092,486016.2140686276
06_HKC,"Hong Kong, China",2018,7461.468,499279.180784386,0.1852348040904133,0.0345262736082077,25.7310777729923,499859.3002015785
06_HKC,"Hong Kong, China",2019,7480.919,490929.09267312905,0.1802994937953629,0.0344504788517952,24.0416524248707,491483.3880167052
06_HKC,"Hong Kong, China",2020,7490.707,458798.783063318,0.1676265657696761,0.0341700203716755,25.971076793207,459303.8303556955
06_HKC,"Hong Kong, China",2021,7489.764,488411.63111574703,0.1769090788670722,0.0339967384934425,28.6115730628268,488411.63111574703
06_HKC,"Hong Kong, China",2022,7479.439,470412.277408847,0.1694301976251089,0.0338339097797871,25.4135629636503,484268.5164995857
06_HKC,"Hong Kong, China",2023,7452.391,485231.885270722,0.1732552127241884,0.0337068513035774,24.5682777286107,503356.245033488
06_HKC,"Hong Kong, China",2024,7433.078,497990.420157803,,,29.1997395110885,518309.3537502858
06_HKC,"Hong Kong, China",2025,7396.741,515358.577387072,,,28.999739511088496,533261.0439777537
06_HKC,"Hong Kong, China",2026,7395.411,,,,,548536.2462644298
06_HKC,"Hong Kong, China",2027,7361.793,,,,,563915.3309190874
06_HKC,"Hong Kong, China",2028,7348.288,,,,,576295.820254797
06_HKC,"Hong Kong, China",2029,7301.514,,,,,587682.4172317103
06_HKC,"Hong Kong, China",2030,7271.722,,,,,600344.6584206127
06_HKC,"Hong Kong, China",2031,7233.572,,,,,614247.2179520712
06_HKC,"Hong Kong, China",2032,7189.876,,,,,626282.9921214929
06_HKC,"Hong Kong, China",2033,7154.466,,,,,638846.4957618763
06_HKC,"Hong Kong, China",2034,7115.641,,,,,650664.7544685832
06_HKC,"Hong Kong, China",2035,7084.327,,,,,662056.5813598048
06_HKC,"Hong Kong, China",2036,7018.925,,,,,673240.4672848948
06_HKC,"Hong Kong, China",2037,6967.158,,,,,684236.9464015954
06_HKC,"Hong Kong, China",2038,6939.096,,,,,695064.3355080553
06_HKC,"Hong Kong, China",2039,6875.544,,,,,705729.5726574662
06_HKC,"Hong Kong, China",2040,6847.05,,,,,716244.6763952994
06_HKC,"Hong Kong, China",2041,6786.086,,,,,726621.0596688169
06_HKC,"Hong Kong, China",2042,6723.591,,,,,736875.766239712
06_HKC,"Hong Kong, China",2043,6650.619,,,,,747029.8137117705
06_HKC,"Hong Kong, China",2044,6595.028,,,,,757100.7598161267
06_HKC,"Hong Kong, China",2045,6533.18,,,,,767099.0330133393
06_HKC,"Hong Kong, China",2046,6464.2,,,,,777032.2583227821
06_HKC,"Hong Kong, China",2047,6391.676,,,,,786895.7112823908
06_HKC,"Hong Kong, China",2048,6293.804,,,,,796692.1525936379
06_HKC,"Hong Kong, China",2049,6217.96,,,,,806434.5857369422
06_HKC,"Hong Kong, China",2050,6130.903,,,,,816146.2951466531
06_HKC,"Hong Kong, China",2051,6050.335,,,,,825862.916167561
06_HKC,"Hong Kong, China",2052,5960.131,,,,,835625.9130727432
06_HKC,"Hong Kong, China",2053,5873.483,,,,,845478.0070280529
06_HKC,"Hong Kong, China",2054,5789.445,,,,,855450.1662710377
06_HKC,"Hong Kong, China",2055,5704.675,,,,,865561.947034202
06_HKC,"Hong Kong, China",2056,5615.539,,,,,875815.2521183791
06_HKC,"Hong Kong, China",2057,5523.368,,,,,886209.5655299239
06_HKC,"Hong Kong, China",2058,5429.676,,,,,896735.3880798182
06_HKC,"Hong Kong, China",2059,5334.503,,,,,907365.46310697
06_HKC,"Hong Kong, China",2060,5244.451,,,,,918074.8525901474
06_HKC,"Hong Kong, China",2061,5154.276,,,,,928831.2738838904
06_HKC,"Hong Kong, China",2062,5061.472,,,,,939610.1122365944
06_HKC,"Hong Kong, China",2063,4981.411,,,,,950383.8681794442
06_HKC,"Hong Kong, China",2064,4902.153,,,,,961124.4199708432
06_HKC,"Hong Kong, China",2065,4812.962,,,,,971820.4611325952
06_HKC,"Hong Kong, China",2066,4722.629,,,,,982457.2757367784
06_HKC,"Hong Kong, China",2067,4634.756,,,,,993039.0043357518
06_HKC,"Hong Kong, China",2068,4542.668,,,,,1003569.0252718684
06_HKC,"Hong Kong, China",2069,4453.93,,,,,1014057.1198575568
06_HKC,"Hong Kong, China",2070,4369.918,,,,,1024523.130935792
06_HKC,"Hong Kong, China",2071,4280.26,,,,,1034991.2008846684
06_HKC,"Hong Kong, China",2072,4194.309,,,,,1045485.2046408416
06_HKC,"Hong Kong, China",2073,4104.537,,,,,1056024.5929968012
06_HKC,"Hong Kong, China",2074,4014.064,,,,,1066644.1610700414
06_HKC,"Hong Kong, China",2075,3925.636,,,,,1077356.117578366
06_HKC,"Hong Kong, China",2076,3836.975,,,,,1088186.6858102754
06_HKC,"Hong Kong, China",2077,3749.765,,,,,1099159.0634865807
06_HKC,"Hong Kong, China",2078,3654.157,,,,,1110292.28997034
06_HKC,"Hong Kong, China",2079,3574.505,,,,,1121602.9526376692
06_HKC,"Hong Kong, China",2080,3489.726,,,,,1133126.423646157
06_HKC,"Hong Kong, China",2081,3406.698,,,,,1144878.0016956509
06_HKC,"Hong Kong, China",2082,3330.456,,,,,1156888.0021021522
06_HKC,"Hong Kong, China",2083,3254.796,,,,,1169175.3714062376
06_HKC,"Hong Kong, China",2084,3174.972,,,,,1181771.2006610837
06_HKC,"Hong Kong, China",2085,3091.917,,,,,1194694.6002038685
06_HKC,"Hong Kong, China",2086,3010.003,,,,,1207957.1965699398
06_HKC,"Hong Kong, China",2087,2931.31,,,,,1221575.577121589
06_HKC,"Hong Kong, China",2088,2854.6,,,,,1235555.0021974456
06_HKC,"Hong Kong, China",2089,2783.832,,,,,1249897.18064192
06_HKC,"Hong Kong, China",2090,2710.845,,,,,1264601.9719569455
06_HKC,"Hong Kong, China",2091,2639.96,,,,,1279667.5917429668
06_HKC,"Hong Kong, China",2092,2573.327,,,,,1295074.1319806203
06_HKC,"Hong Kong, China",2093,2512.767,,,,,1310808.1092988234
06_HKC,"Hong Kong, China",2094,2450.803,,,,,1326851.6003626394
06_HKC,"Hong Kong, China",2095,2385.282,,,,,1343179.352863469
06_HKC,"Hong Kong, China",2096,2325.474,,,,,1359761.5815426076
06_HKC,"Hong Kong, China",2097,2267.604,,,,,1376585.1612875592
06_HKC,"Hong Kong, China",2098,2210.326,,,,,1393623.6011186216
06_HKC,"Hong Kong, China",2099,2159.23,,,,,1410850.2572271428
06_HKC,"Hong Kong, China",2100,2106.152,,,,,1428243.823866557
07_INA,Indonesia,1990,181869.93,894210.723157611,0.2428239346297405,0.0419182628393173,22.4536417723066,851870.3236004764
07_INA,Indonesia,1991,185132.265,956018.41485916,0.2404399213694815,0.0428557246923447,22.0730005134311,927927.3139697374
07_INA,Indonesia,1992,188424.211,1018135.7736667,0.2365432749126226,0.0434764549136162,23.3004216565436,988453.8319314696
07_INA,Indonesia,1993,191663.277,1084278.02874442,0.233709582032577,0.0437464639544487,28.9981474546343,1067089.8709378622
07_INA,Indonesia,1994,194947.058,1166032.27870676,0.2301773443451251,0.043826911598444,29.8716953233965,1147553.541218508
07_INA,Indonesia,1995,198236.597,1261880.2182916,0.2266775408001562,0.0438294894993305,28.1384618646814,1241882.9994116707
07_INA,Indonesia,1996,201539.517,1360536.3744416102,0.2208029206211949,0.0437569655478001,27.8080799259437,1338970.726180707
07_INA,Indonesia,1997,204869.178,1424479.93580367,0.2097031497626118,0.0434852689504623,29.0309412324569,1401905.896884448
07_INA,Indonesia,1998,208203.012,1237492.3649366598,0.1745600261085041,0.0427733734250069,22.4224923294215,1217876.8111259134
07_INA,Indonesia,1999,211450.565,1247282.48979842,0.1712364104092391,0.0417204685509205,13.2018044083338,1227510.6680083438
07_INA,Indonesia,2000,214558.771,1308649.63329318,0.1733516208223454,0.0407205075025559,26.2868992080315,1288629.221433749
07_INA,Indonesia,2001,217596.809,1356329.84359382,0.1730815350985083,0.0400678403675556,27.1997939280408,1335576.8231724745
07_INA,Indonesia,2002,220598.994,1417357.57112518,0.1738882743055958,0.0396237522363663,23.0174077823404,1395673.3990542276
07_INA,Indonesia,2003,223577.996,1485112.49479899,0.1753480112369381,0.0390102304518223,20.6840503559517,1462391.1681234066
07_INA,Indonesia,2004,226518.019,1559826.63235402,0.1754332782278196,0.0385964401066303,20.7642899473513,1535961.8039473654
07_INA,Indonesia,2005,229335.279,1648620.87561696,0.1756992307062887,0.0386478453874588,24.3384866318462,1623396.465109074
07_INA,Indonesia,2006,232408.021,1739310.71510545,0.1760576110280252,0.0386837907135487,25.7771435873662,1712696.9557973065
07_INA,Indonesia,2007,235495.283,1849670.36656978,0.177165566726581,0.0386137776076794,25.1791234447947,1821373.5075405613
07_INA,Indonesia,2008,238629.392,1960904.05999401,0.1767548087256728,0.0387747250497341,28.45241261442,1956915.6621541055
07_INA,Indonesia,2009,241686.415,2051671.78294475,0.1745513951286208,0.0389319956302643,29.0563767984661,2048921.961416188
07_INA,Indonesia,2010,244753.641,2179364.84298024,0.1746080974608414,0.0389550477266312,32.7274229888351,2179589.84235514
07_INA,Indonesia,2011,247857.003,2313826.95089082,0.1741649942297347,0.0390801653265953,33.2200730493007,2314073.206813487
07_INA,Indonesia,2012,251083.061,2453351.8880536,0.1730648999220362,0.0392579361796379,31.9853697689232,2453607.5475613563
07_INA,Indonesia,2013,254313.989,2589691.1216895897,0.171474423103936,0.0393154546618462,31.1217666400168,2589962.875096289
07_INA,Indonesia,2014,257390.944,2719348.3694038,0.169281787465092,0.0391433276236057,30.6689094593309,2719634.926122229
07_INA,Indonesia,2015,260363.854,2851952.56036174,0.1670459969755918,0.0388168431818485,30.1233564897489,2852252.923333087
07_INA,Indonesia,2016,263234.644,2995493.30578544,0.1653036904776759,0.0384636409580708,29.9227683259243,2995813.260634254
07_INA,Indonesia,2017,266020.192,3147358.40307801,0.1635783365332953,0.0381406210362911,30.8783634343379,3147694.409997869
07_INA,Indonesia,2018,268673.124,3310211.9026478,0.1618991859585286,0.0378776751458645,31.6805227940956,3310564.1506083063
07_INA,Indonesia,2019,271230.569,3476360.9608746096,0.1602578733119276,0.0379284732043743,30.9027135119119,3476727.0689940406
07_INA,Indonesia,2020,273748.193,3404556.31399713,0.1494499578101867,0.0381263643503189,29.2246087288697,3404930.9809790305
07_INA,Indonesia,2021,275881.538,3530623.14045475,0.1477314707656505,0.0382063798606396,32.9372955843682,3530623.14045475
07_INA,Indonesia,2022,277634.568,3718000.27384835,0.1484200291178292,0.0382599905133247,37.0041185901717,3718885.1443718136
07_INA,Indonesia,2023,280026.489,3905715.83089317,0.148789866517689,0.0383031293749809,35.8619339722029,3903662.345967804
07_INA,Indonesia,2024,282353.644,4102273.90042117,,,34.6828714970206,4113854.3707158943
07_INA,Indonesia,2025,284622.217,4311821.70409906,,,35.043148493834,4333433.719527348
07_INA,Indonesia,2026,286820.254,,,,,4559056.432376674
07_INA,Indonesia,2027,288953.311,,,,,4792323.948812239
07_INA,Indonesia,2028,291019.733,,,,,5031788.480296231
07_INA,Indonesia,2029,293013.824,,,,,5278710.908404836
07_INA,Indonesia,2030,294942.394,,,,,5531533.5744528975
07_INA,Indonesia,2031,296810.902,,,,,5790569.11460475
07_INA,Indonesia,2032,298628.594,,,,,6055723.325044278
07_INA,Indonesia,2033,300392.729,,,,,6327168.559188671
07_INA,Indonesia,2034,302109.24,,,,,6604546.809786956
07_INA,Indonesia,2035,303767.906,,,,,6887168.381521157
07_INA,Indonesia,2036,305365.338,,,,,7176213.765247358
07_INA,Indonesia,2037,306904.858,,,,,7469844.262524554
07_INA,Indonesia,2038,308387.977,,,,,7770263.153920837
07_INA,Indonesia,2039,309804.919,,,,,8075837.946082745
07_INA,Indonesia,2040,311157.321,,,,,8390381.959337631
07_INA,Indonesia,2041,312437.47,,,,,8708962.628250465
07_INA,Indonesia,2042,313645.852,,,,,9030095.911886888
07_INA,Indonesia,2043,314776.713,,,,,9356750.679327937
07_INA,Indonesia,2044,315831.911,,,,,9682625.464147838
07_INA,Indonesia,2045,316804.92,,,,,10018560.266971435
07_INA,Indonesia,2046,317694.306,,,,,10357838.060927227
07_INA,Indonesia,2047,318498.841,,,,,10700605.545637378
07_INA,Indonesia,2048,319225.198,,,,,11045403.551784348
07_INA,Indonesia,2049,319884.107,,,,,11393589.277934916
07_INA,Indonesia,2050,320462.393,,,,,11749602.685279438
07_INA,Indonesia,2051,320963.506,,,,,12104506.900071306
07_INA,Indonesia,2052,321386.717,,,,,12464691.185045816
07_INA,Indonesia,2053,321740.016,,,,,12820996.750501752
07_INA,Indonesia,2054,322030.724,,,,,13189685.318594163
07_INA,Indonesia,2055,322257.813,,,,,13559769.387550754
07_INA,Indonesia,2056,322426.18,,,,,13934661.406983113
07_INA,Indonesia,2057,322541.506,,,,,14316496.529676463
07_INA,Indonesia,2058,322598.358,,,,,14710669.594598964
07_INA,Indonesia,2059,322608.985,,,,,15108614.057727352
07_INA,Indonesia,2060,322569.202,,,,,15504079.952414729
07_INA,Indonesia,2061,322489.463,,,,,15910980.047147814
07_INA,Indonesia,2062,322367.877,,,,,16316130.25891117
07_INA,Indonesia,2063,322211.84,,,,,16733716.881841367
07_INA,Indonesia,2064,322025.315,,,,,17141796.13720116
07_INA,Indonesia,2065,321805.953,,,,,17563242.190611053
07_INA,Indonesia,2066,321557.255,,,,,17984058.036289982
07_INA,Indonesia,2067,321275.994,,,,,18409344.52465988
07_INA,Indonesia,2068,320962.638,,,,,18841118.25567167
07_INA,Indonesia,2069,320620.046,,,,,19279146.904540576
07_INA,Indonesia,2070,320248.459,,,,,19728309.21205477
07_INA,Indonesia,2071,319851.135,,,,,20184729.35865896
07_INA,Indonesia,2072,319426.154,,,,,20652822.454287928
07_INA,Indonesia,2073,318969.798,,,,,21120394.561432984
07_INA,Indonesia,2074,318479.673,,,,,21600633.991270818
07_INA,Indonesia,2075,317962.645,,,,,22081683.06037104
07_INA,Indonesia,2076,317409.417,,,,,22559345.82813384
07_INA,Indonesia,2077,316833.139,,,,,23041765.32694243
07_INA,Indonesia,2078,316217.123,,,,,23544734.00022829
07_INA,Indonesia,2079,315571.55,,,,,24054507.73211071
07_INA,Indonesia,2080,314893.496,,,,,24565120.12389611
07_INA,Indonesia,2081,314191.692,,,,,25092504.242298268
07_INA,Indonesia,2082,313460.508,,,,,25622717.76488649
07_INA,Indonesia,2083,312696.807,,,,,26149572.91160007
07_INA,Indonesia,2084,311902.971,,,,,26670394.202033024
07_INA,Indonesia,2085,311083.295,,,,,27215922.17076352
07_INA,Indonesia,2086,310236.879,,,,,27797728.029625066
07_INA,Indonesia,2087,309362.571,,,,,28366354.64103686
07_INA,Indonesia,2088,308461.398,,,,,28950024.950934406
07_INA,Indonesia,2089,307540.153,,,,,29569249.115069024
07_INA,Indonesia,2090,306596.177,,,,,30177567.63589828
07_INA,Indonesia,2091,305625.545,,,,,30816897.9955472
07_INA,Indonesia,2092,304633.507,,,,,31447717.84729104
07_INA,Indonesia,2093,303617.802,,,,,32080231.358356565
07_INA,Indonesia,2094,302583.117,,,,,32710280.970992
07_INA,Indonesia,2095,301534.476,,,,,33353202.576018646
07_INA,Indonesia,2096,300473.885,,,,,34016127.426348336
07_INA,Indonesia,2097,299393.801,,,,,34652725.95886547
07_INA,Indonesia,2098,298298.057,,,,,35362968.6694079
07_INA,Indonesia,2099,297192.662,,,,,36073577.52806667
07_INA,Indonesia,2100,296074.174,,,,,36764593.96190205
08_JPN,Japan,1990,123164.512,4462228.73338141,0.2370234098905596,0.0363697223365307,,4601694.547825368
08_JPN,Japan,1991,123635.017,4614725.25585021,0.2330769660440367,0.0370124839246273,,4758955.479716861
08_JPN,Japan,1992,124144.724,4653861.33700187,0.2249461502756584,0.0375156663358212,,4799328.923331339
08_JPN,Japan,1993,124622.691,4629758.06548019,0.2155351273588247,0.0377857238054276,,4774484.78706625
08_JPN,Japan,1994,125057.225,4675734.635527231,0.2104955678505562,0.0378711372613907,,4816267.577723932
08_JPN,Japan,1995,125516.496,4785242.93394575,0.2087826231904216,0.0379368178546429,,4942985.893859768
08_JPN,Japan,1996,125828.834,4932411.51627922,0.2076522246882725,0.0380612425506115,34.9028066172581,5097898.188935604
08_JPN,Japan,1997,126121.77,4999638.8594869,0.2031757541936994,0.0382396131753922,34.711887285779,5147929.594545644
08_JPN,Japan,1998,126410.088,4911013.2156924,0.1954019246995687,0.0384013913571835,33.437724649378,5082544.364935127
08_JPN,Japan,1999,126688.274,4893942.51417564,0.1901934355284549,0.0384957976639271,31.674563296157,5065557.346424046
08_JPN,Japan,2000,126914.854,5039700.11994319,0.1911689628485943,0.0385910198092461,32.226897643242,5205589.97931191
08_JPN,Japan,2001,127140.724,5054043.5377003895,0.188234507525504,0.0387177057564259,30.9468310340449,5225689.423741201
08_JPN,Japan,2002,127379.572,5058338.908909099,0.1855334390861325,0.0388035699725151,29.7659095325359,5227880.080819795
08_JPN,Japan,2003,127589.624,5128149.51756588,0.1858578346031029,0.038854394108057,29.8104602122409,5308133.677385544
08_JPN,Japan,2004,127752.879,5236504.66239988,0.187519985808617,0.0389457792043686,30.3046804780382,5424175.402723621
08_JPN,Japan,2005,127878.669,5333290.00081146,0.188356410149738,0.0391341112554073,30.435900399459,5522039.171399779
08_JPN,Japan,2006,127947.992,5415759.11373235,0.1885351034484529,0.0393952950835228,30.7861914859199,5597810.004520238
08_JPN,Japan,2007,128046.503,5509363.96391238,0.189323113906842,0.0396806225180626,31.3337221106681,5680873.310677284
08_JPN,Japan,2008,128128.861,5445090.50669521,0.1855870887920709,0.0399439260363579,29.7016885393561,5611326.68430255
08_JPN,Japan,2009,128183.119,5121873.13928537,0.174694866121003,0.0399823859333992,26.3633389932188,5291891.227990046
08_JPN,Japan,2010,128201.82,5333737.1625475,0.1815926380919553,0.0398728065192699,27.3250376618032,5508715.37956879
08_JPN,Japan,2011,128168.73,5323050.60126636,0.1812008196530512,0.0397943407297134,26.4765417956248,5510048.933490985
08_JPN,Japan,2012,128024.135,5410824.220670019,0.1830319882977457,0.0397838242352009,25.8689648374274,5585800.6188311335
08_JPN,Japan,2013,127832.435,5518893.343125059,0.1856990240147995,0.0398454330861568,26.1985175657253,5697810.138243722
08_JPN,Japan,2014,127614.856,5568889.85257988,0.1850898170730245,0.0399711355566978,27.0705807856305,5714691.007452253
08_JPN,Japan,2015,127358.353,5669128.60900908,0.18667537547086,0.040183711796999,29.5062296371995,5803877.758604798
08_JPN,Japan,2016,127193.392,5709095.20009308,0.1867599541912922,0.0403667017817497,30.0504260277434,5847601.7015964
08_JPN,Japan,2017,127126.51,5801779.54165551,0.1884623063582067,0.0405171029269695,30.6225132962492,5945572.230091793
08_JPN,Japan,2018,127002.87,5850174.72865872,0.1882595189825314,0.0407153479754925,30.5434682630387,5983803.070656302
08_JPN,Japan,2019,126823.995,5832127.1197393,0.186142799312437,0.040942057967186,30.6240011045675,5962443.962416776
08_JPN,Japan,2020,126574.852,5582320.81867727,0.1775063338520154,0.0410886630415916,29.732609381488,5687055.627366519
08_JPN,Japan,2021,126034.234,5781285.63575058,0.1811114545493227,0.0411919094622135,31.013077665037,5781285.63575058
08_JPN,Japan,2022,125324.442,5858271.98176486,0.1819845638954693,0.0413820780813694,30.2224047860993,5882156.08823855
08_JPN,Japan,2023,124670.714,5900497.5453217,0.1840959547237335,0.0416398905217648,31.3839931639213,5977045.257259748
08_JPN,Japan,2024,124071.179,5886331.38086735,,,32.0592419328935,6057214.07133821
08_JPN,Japan,2025,123434.903,5956561.95899367,,,31.8592419328935,6113668.971223649
08_JPN,Japan,2026,122772.055,,,,,6142438.259172175
08_JPN,Japan,2027,122083.407,,,,,6167858.758885018
08_JPN,Japan,2028,121381.274,,,,,6195457.129807731
08_JPN,Japan,2029,120667.422,,,,,6224014.227743917
08_JPN,Japan,2030,119948.756,,,,,6256429.388468878
08_JPN,Japan,2031,119219.487,,,,,6293948.230140176
08_JPN,Japan,2032,118484.683,,,,,6331358.944224136
08_JPN,Japan,2033,117743.598,,,,,6368625.294185091
08_JPN,Japan,2034,117001.35,,,,,6405775.082127674
08_JPN,Japan,2035,116252.152,,,,,6442830.437475191
08_JPN,Japan,2036,115500.146,,,,,6482236.236472144
08_JPN,Japan,2037,114750.985,,,,,6521474.861041275
08_JPN,Japan,2038,114003.817,,,,,6560602.847006389
08_JPN,Japan,2039,113263.411,,,,,6599690.667488603
08_JPN,Japan,2040,112525.652,,,,,6638811.758396064
08_JPN,Japan,2041,111790.955,,,,,6678024.015991719
08_JPN,Japan,2042,111053.931,,,,,6717347.890293029
08_JPN,Japan,2043,110330.784,,,,,6756751.070377545
08_JPN,Japan,2044,109613.978,,,,,6796145.418444454
08_JPN,Japan,2045,108905.079,,,,,6835791.490566801
08_JPN,Japan,2046,108198.91,,,,,6875645.768094777
08_JPN,Japan,2047,107502.251,,,,,6915769.441728308
08_JPN,Japan,2048,106813.689,,,,,6956170.885776094
08_JPN,Japan,2049,106134.969,,,,,6996831.929634155
08_JPN,Japan,2050,105458.719,,,,,7037834.973735291
08_JPN,Japan,2051,104787.616,,,,,7079092.903385491
08_JPN,Japan,2052,104117.301,,,,,7120608.056429996
08_JPN,Japan,2053,103438.959,,,,,7162340.3856088165
08_JPN,Japan,2054,102762.816,,,,,7204117.125812453
08_JPN,Japan,2055,102068.554,,,,,7245710.255798644
08_JPN,Japan,2056,101374.15,,,,,7287083.423050915
08_JPN,Japan,2057,100663.334,,,,,7328305.972080992
08_JPN,Japan,2058,99946.147,,,,,7369193.783285432
08_JPN,Japan,2059,99220.835,,,,,7409814.579495843
08_JPN,Japan,2060,98476.939,,,,,7450011.058667395
08_JPN,Japan,2061,97729.498,,,,,7489863.601857842
08_JPN,Japan,2062,96977.794,,,,,7529440.18339754
08_JPN,Japan,2063,96222.385,,,,,7568742.298756796
08_JPN,Japan,2064,95465.152,,,,,7607734.557467979
08_JPN,Japan,2065,94706.563,,,,,7646434.286387728
08_JPN,Japan,2066,93941.783,,,,,7685069.349228263
08_JPN,Japan,2067,93185.457,,,,,7723719.247439341
08_JPN,Japan,2068,92439.351,,,,,7762438.889004784
08_JPN,Japan,2069,91696.23,,,,,7801656.642974393
08_JPN,Japan,2070,90969.383,,,,,7841122.016052843
08_JPN,Japan,2071,90254.159,,,,,7881252.813359618
08_JPN,Japan,2072,89568.521,,,,,7922034.751518357
08_JPN,Japan,2073,88903.415,,,,,7963681.237495856
08_JPN,Japan,2074,88258.546,,,,,8006198.858271517
08_JPN,Japan,2075,87645.457,,,,,8049901.117378402
08_JPN,Japan,2076,87060.236,,,,,8094644.136821099
08_JPN,Japan,2077,86501.088,,,,,8140447.513525393
08_JPN,Japan,2078,85964.316,,,,,8187458.296762967
08_JPN,Japan,2079,85453.235,,,,,8235594.685035541
08_JPN,Japan,2080,84965.379,,,,,8284691.324783815
08_JPN,Japan,2081,84494.552,,,,,8334877.655423067
08_JPN,Japan,2082,84045.225,,,,,8386155.141616172
08_JPN,Japan,2083,83608.569,,,,,8438192.476264117
08_JPN,Japan,2084,83187.296,,,,,8491038.825071512
08_JPN,Japan,2085,82773.452,,,,,8544739.45257836
08_JPN,Japan,2086,82368.102,,,,,8599052.99478021
08_JPN,Japan,2087,81971.672,,,,,8653925.064036202
08_JPN,Japan,2088,81584.696,,,,,8709410.699544251
08_JPN,Japan,2089,81203.259,,,,,8765527.030510657
08_JPN,Japan,2090,80823.136,,,,,8822016.607537908
08_JPN,Japan,2091,80445.65,,,,,8879149.846786905
08_JPN,Japan,2092,80069.798,,,,,8936669.49697142
08_JPN,Japan,2093,79689.594,,,,,8994719.854498422
08_JPN,Japan,2094,79311.57,,,,,9053199.291867802
08_JPN,Japan,2095,78936.2,,,,,9112244.49396038
08_JPN,Japan,2096,78559.278,,,,,9171894.299715372
08_JPN,Japan,2097,78178.745,,,,,9231932.703600228
08_JPN,Japan,2098,77802.525,,,,,9292669.24612389
08_JPN,Japan,2099,77423.245,,,,,9354166.50285094
08_JPN,Japan,2100,77038.488,,,,,9416151.467298623
09_ROK,Korea,1990,43825.75,616369.574721637,0.3092747378546136,0.0440799929201603,39.5635527605284,634699.0807888565
09_ROK,Korea,1991,44337.104,683399.6052713271,0.3006539685568909,0.0443603023886681,39.5133002441543,703116.6458053859
09_ROK,Korea,1992,44541.196,726806.359900876,0.2854933421728214,0.0446450784802437,38.5936448396194,746696.0396183637
09_ROK,Korea,1993,44766.194,777644.414581851,0.274232448919979,0.0447342582046986,38.5750825592434,798055.5427034141
09_ROK,Korea,1994,45009.253,850523.972035444,0.2682183561892455,0.0450517535209656,38.1292006889204,872026.1254137311
09_ROK,Korea,1995,45252.428,933330.0822756948,0.2629907042877166,0.0456867106258869,37.8646842551745,955858.3437127322
09_ROK,Korea,1996,45484.423,1007907.16753805,0.2550473534114835,0.0461880564689636,36.0579363575205,1031289.0957997728
09_ROK,Korea,1997,45792.976,1071225.83757418,0.247469228454941,0.0463029034435749,35.9818858635509,1094927.596700441
09_ROK,Korea,1998,46090.097,1018318.74603203,0.2229920934567876,0.045565702021122,37.881733500966,1038765.5899501162
09_ROK,Korea,1999,46371.658,1136619.5124884,0.2347751674546887,0.0448276214301586,35.6258526449506,1157875.8785784768
09_ROK,Korea,2000,46629.108,1241209.6304385,0.2397656355134871,0.0450460575520992,34.1523016364387,1262777.144443076
09_ROK,Korea,2001,46904.214,1299868.39827403,0.2362527710011736,0.045466598123312,32.3069789406776,1324050.6902957214
09_ROK,Korea,2002,47182.722,1400530.19342929,0.2392563206329438,0.0457127913832665,31.7224565569361,1426348.2803620691
09_ROK,Korea,2003,47415.519,1443592.66808356,0.2319045357351629,0.0458621494472027,33.0859200866618,1471221.1994224174
09_ROK,Korea,2004,47612.802,1518423.26973075,0.2299499158024551,0.0458993688225746,35.5253578218517,1547712.9622030752
09_ROK,Korea,2005,47781.349,1584599.74952916,0.2270893011174827,0.0459666438400745,33.8405960110945,1614395.2090259672
09_ROK,Korea,2006,47921.939,1667712.09363692,0.2265121139629064,0.046163521707058,32.8912214742854,1699356.273531506
09_ROK,Korea,2007,48091.096,1765139.223629,0.2274230408540122,0.0465740598738194,33.4309889399337,1797935.91318433
09_ROK,Korea,2008,48265.141,1818171.14619144,0.2234901226010101,0.0470747239887714,33.2480829152876,1852104.3774612248
09_ROK,Korea,2009,48447.845,1833077.63608529,0.2157505037181653,0.0474284887313843,33.13093501319,1866781.2352012023
09_ROK,Korea,2010,48645.528,1961056.90962565,0.2206372166601072,0.0478986501693726,34.9926210564103,1993801.4934424164
09_ROK,Korea,2011,48893.137,2033381.31717328,0.2193765846867116,0.0486392267048359,34.3761288710455,2067305.67778298
09_ROK,Korea,2012,49362.15,2085185.0715899,0.2167038335237952,0.0493796057999134,34.336867195596,2116964.181452036
09_ROK,Korea,2013,49837.009,2153816.76867679,0.2159614388805305,0.0499462820589542,34.5161248108137,2183958.377941416
09_ROK,Korea,2014,50305.32,2223055.0898154704,0.2151102238390382,0.0503950230777264,34.5717402109559,2253908.9970861184
09_ROK,Korea,2015,50772.791,2287974.80472038,0.2134066058816562,0.050788763910532,35.8343334005639,2317210.269057356
09_ROK,Korea,2016,51195.032,2360538.55461269,0.2116740179460176,0.0510403588414192,36.2906518682135,2385502.495436111
09_ROK,Korea,2017,51400.646,2441580.36985504,0.2094464016526363,0.0513227134943008,36.4505350479154,2460870.6646719924
09_ROK,Korea,2018,51571.895,2519127.7868651003,0.2079616224394933,0.0516657829284668,35.3783014506542,2532410.4360144264
09_ROK,Korea,2019,51709.893,2577415.41864928,0.2057771704178097,0.0519371628761292,34.2941170155552,2589249.3101044884
09_ROK,Korea,2020,51825.799,2559367.26518904,0.1977171705649318,0.0521524734795094,35.7761638265864,2570860.3288089414
09_ROK,Korea,2021,51891.164,2677430.05697127,0.1999093327560068,0.0524390749633312,36.6043931161577,2677430.05697127
09_ROK,Korea,2022,51805.631,2750458.69051383,0.19896477238438,0.0528405494987965,34.3078343934928,2746691.492357264
09_ROK,Korea,2023,51759.392,2793998.85518797,0.1957737378142428,0.0531527064740658,33.3597970548711,2802820.198591295
09_ROK,Korea,2024,51738.086,2849979.72410421,,,35.0305415292226,2879049.3536183257
09_ROK,Korea,2025,51697.094,2878679.54440521,,,35.5988152959013,2953829.9889062624
09_ROK,Korea,2026,51636.965,,,,,3027452.6368384277
09_ROK,Korea,2027,51563.811,,,,,3098280.4103571093
09_ROK,Korea,2028,51473.879,,,,,3159765.8767812685
09_ROK,Korea,2029,51372.981,,,,,3220638.382283583
09_ROK,Korea,2030,51255.051,,,,,3282382.646397068
09_ROK,Korea,2031,51122.116,,,,,3350044.24279274
09_ROK,Korea,2032,50974.233,,,,,3414983.937788317
09_ROK,Korea,2033,50808.345,,,,,3479677.067636475
09_ROK,Korea,2034,50620.264,,,,,3544929.5010033124
09_ROK,Korea,2035,50413.354,,,,,3609091.342110292
09_ROK,Korea,2036,50188.112,,,,,3672060.279019199
09_ROK,Korea,2037,49944.975,,,,,3733814.931776642
09_ROK,Korea,2038,49681.877,,,,,3794395.398214401
09_ROK,Korea,2039,49400.438,,,,,3854681.542571962
09_ROK,Korea,2040,49103.34,,,,,3914638.106634567
09_ROK,Korea,2041,48794.033,,,,,3974012.944757443
09_ROK,Korea,2042,48466.833,,,,,4032004.058041723
09_ROK,Korea,2043,48132.656,,,,,4088933.00696848
09_ROK,Korea,2044,47785.424,,,,,4143803.473632907
09_ROK,Korea,2045,47421.309,,,,,4196331.572353879
09_ROK,Korea,2046,47044.603,,,,,4246505.190293013
09_ROK,Korea,2047,46657.194,,,,,4294173.087388068
09_ROK,Korea,2048,46246.928,,,,,4339214.0044919
09_ROK,Korea,2049,45820.659,,,,,4381488.704382567
09_ROK,Korea,2050,45373.929,,,,,4420856.472061944
09_ROK,Korea,2051,44912.338,,,,,4457198.06166276
09_ROK,Korea,2052,44429.961,,,,,4490476.82855006
09_ROK,Korea,2053,43927.722,,,,,4520815.698821434
09_ROK,Korea,2054,43416.363,,,,,4548135.646813832
09_ROK,Korea,2055,42898.541,,,,,4573591.059584317
09_ROK,Korea,2056,42366.799,,,,,4597299.052188334
09_ROK,Korea,2057,41823.396,,,,,4619401.285197648
09_ROK,Korea,2058,41266.782,,,,,4640077.713367226
09_ROK,Korea,2059,40702.304,,,,,4659383.902102978
09_ROK,Korea,2060,40139.761,,,,,4677402.2095447285
09_ROK,Korea,2061,39574.694,,,,,4694373.7245856775
09_ROK,Korea,2062,39018.685,,,,,4710403.478758624
09_ROK,Korea,2063,38459.404,,,,,4725463.448226265
09_ROK,Korea,2064,37906.93,,,,,4739660.565734136
09_ROK,Korea,2065,37358.715,,,,,4752940.55567706
09_ROK,Korea,2066,36817.419,,,,,4765419.612864085
09_ROK,Korea,2067,36283.206,,,,,4777062.293708088
09_ROK,Korea,2068,35753.83,,,,,4787998.956103207
09_ROK,Korea,2069,35233.012,,,,,4798272.665760477
09_ROK,Korea,2070,34710.617,,,,,4807936.909200776
09_ROK,Korea,2071,34195.357,,,,,4816888.3122635735
09_ROK,Korea,2072,33688.04,,,,,4825297.582125395
09_ROK,Korea,2073,33188.231,,,,,4833253.8429570105
09_ROK,Korea,2074,32697.818,,,,,4840732.187708278
09_ROK,Korea,2075,32213.146,,,,,4847811.228739645
09_ROK,Korea,2076,31736.519,,,,,4854461.320654054
09_ROK,Korea,2077,31265.857,,,,,4860691.467608876
09_ROK,Korea,2078,30801.45,,,,,4866522.912217715
09_ROK,Korea,2079,30344.45,,,,,4872003.909159607
09_ROK,Korea,2080,29894.381,,,,,4877063.421045965
09_ROK,Korea,2081,29448.635,,,,,4881750.374944698
09_ROK,Korea,2082,29005.677,,,,,4886147.13948296
09_ROK,Korea,2083,28571.015,,,,,4890248.711522873
09_ROK,Korea,2084,28140.421,,,,,4893938.260486217
09_ROK,Korea,2085,27716.783,,,,,4897350.713592146
09_ROK,Korea,2086,27295.066,,,,,4900339.946481998
09_ROK,Korea,2087,26878.071,,,,,4903086.339772583
09_ROK,Korea,2088,26463.435,,,,,4905498.89141345
09_ROK,Korea,2089,26054.409,,,,,4907658.464924259
09_ROK,Korea,2090,25649.143,,,,,4909659.497506993
09_ROK,Korea,2091,25249.046,,,,,4911697.689306099
09_ROK,Korea,2092,24854.74,,,,,4913720.972838482
09_ROK,Korea,2093,24466.901,,,,,4915983.047668531
09_ROK,Korea,2094,24087.349,,,,,4918590.841963322
09_ROK,Korea,2095,23716.798,,,,,4921571.209881658
09_ROK,Korea,2096,23354.293,,,,,4925139.075773257
09_ROK,Korea,2097,23003.891,,,,,4929247.4144384535
09_ROK,Korea,2098,22663.034,,,,,4933937.266179445
09_ROK,Korea,2099,22329.927,,,,,4939264.38078669
09_ROK,Korea,2100,22006.983,,,,,4945198.338632456
10_MAS,Malaysia,1990,17573.4,214242.312021412,0.3190170381894148,0.0446721278131008,30.3826806963327,215946.36762513395
10_MAS,Malaysia,1991,18092.942,234692.742103338,0.3153276436166723,0.0469795204699039,29.2782620146207,236566.47422520997
10_MAS,Malaysia,1992,18591.985,255545.469125778,0.3101822424152409,0.0489520728588104,31.6964750314478,257597.51556770617
10_MAS,Malaysia,1993,19077.16,280831.548487792,0.3052516449332601,0.0504319034516811,34.7131723521145,283088.54044851835
10_MAS,Malaysia,1994,19568.169,306701.868103396,0.2970419828188581,0.0520789474248886,35.0914161292647,309161.234065742
10_MAS,Malaysia,1995,20072.723,336847.856021014,0.2864190533862584,0.0539384596049786,33.8932551687612,339549.2714921283
10_MAS,Malaysia,1996,20588.474,370541.738826626,0.2791055136951899,0.0552812665700913,37.0407234800784,373514.5098294324
10_MAS,Malaysia,1997,21111.7,397675.553808732,0.2668161119331028,0.0559794344007969,37.0205449212701,400870.20214017766
10_MAS,Malaysia,1998,21638.737,368408.958702071,0.2400233146123337,0.0559122934937477,39.8491589952669,371384.2158478471
10_MAS,Malaysia,1999,22174.688,391020.47119941,0.2490343851102945,0.0544161237776279,38.305980768975,394153.8271263324
10_MAS,Malaysia,2000,22696.373,425660.459259482,0.2591269771389874,0.0525485537946224,35.9173795808654,428321.9931282477
10_MAS,Malaysia,2001,23239.259,427863.99840063095,0.2500877942705586,0.0512358993291855,32.2517790339186,430529.9313363945
10_MAS,Malaysia,2002,23813.818,450930.096523964,0.2536850271528316,0.0503835454583168,32.7350846657081,453745.9372083422
10_MAS,Malaysia,2003,24391.135,477032.181941105,0.2581240321425136,0.0497462972998619,34.8526514617844,480014.0703647572
10_MAS,Malaysia,2004,24968.069,509391.362925102,0.2651056877056809,0.0492640994489193,35.1374966248144,512570.0223400183
10_MAS,Malaysia,2005,25545.476,536552.8192724959,0.2676110032650499,0.0494466871023178,36.8157549507862,538079.3978474919
10_MAS,Malaysia,2006,26126.667,566518.473663355,0.27069294214549,0.0500390790402889,38.7964745148433,568136.0936282298
10_MAS,Malaysia,2007,26709.151,602202.2595586369,0.2741931414690576,0.0507422313094139,38.7668425775513,603912.2915970016
10_MAS,Malaysia,2008,27287.626,631299.287007657,0.2747425352875863,0.0512221977114677,38.5177080119428,633094.3058057058
10_MAS,Malaysia,2009,27852.492,621744.391014975,0.2599772795804133,0.0513017438352108,33.3634416267683,623510.5030804493
10_MAS,Malaysia,2010,28397.063,667907.9631618221,0.2664129644364012,0.0515104159712791,33.4664682988521,670457.6687852651
10_MAS,Malaysia,2011,28914.49,703266.4285438891,0.2673162979934552,0.0519297383725643,34.0818029856008,705938.3340734659
10_MAS,Malaysia,2012,29409.588,741759.39436174,0.2650094061244903,0.0524290837347508,30.9153494882722,744578.8407518128
10_MAS,Malaysia,2013,29916.074,776575.522140495,0.2602710128000772,0.0529674552381039,29.4198401146816,779534.8321791427
10_MAS,Malaysia,2014,30432.455,823222.254452927,0.2592197907349524,0.0531952269375324,29.3665669513565,826364.1994952302
10_MAS,Malaysia,2015,30959.818,865136.882439813,0.2564709685299997,0.0530077256262302,28.3991476426936,867724.4226369307
10_MAS,Malaysia,2016,31505.777,903633.58249853,0.2528946867719384,0.0526005774736404,28.3850019206649,906354.1428491742
10_MAS,Malaysia,2017,32073.594,956159.2942512012,0.2524372128477827,0.0522440709173679,28.3359876066459,959034.1637496368
10_MAS,Malaysia,2018,32637.695,1002466.92050423,0.2506476619720299,0.0519649870693684,26.1283247399226,1005459.9139449864
10_MAS,Malaysia,2019,33184.239,1046707.66454257,0.2494689549782319,0.0516009368002415,24.546150625052,1049842.749982205
10_MAS,Malaysia,2020,33696.952,989590.433102722,0.2288665648477481,0.0520205348730087,23.8210614819294,991739.5726587746
10_MAS,Malaysia,2021,34082.165,1022398.81501398,0.2303404204480926,0.0532811731100082,26.0099609240741,1022398.81501398
10_MAS,Malaysia,2022,34482.632,1114739.18943322,0.2433620132569582,0.054694626480341,26.7807789507514,1077604.15585567
10_MAS,Malaysia,2023,34908.354,1154168.22581284,0.2451248705005331,0.056249100714922,23.8583516969162,1124804.4421186158
10_MAS,Malaysia,2024,35344.242,1213093.81379927,,,23.3780820262118,1180113.0249740558
10_MAS,Malaysia,2025,35771.105,1275826.18032202,,,23.3780820262118,1232273.6426190787
10_MAS,Malaysia,2026,36184.571,,,,,1286922.5077617615
10_MAS,Malaysia,2027,36585.658,,,,,1337634.4570526483
10_MAS,Malaysia,2028,36984.516,,,,,1387964.2112754723
10_MAS,Malaysia,2029,37381.023,,,,,1437917.5182465508
10_MAS,Malaysia,2030,37767.553,,,,,1487519.2507450215
10_MAS,Malaysia,2031,38155.884,,,,,1537123.6135010575
10_MAS,Malaysia,2032,38539.687,,,,,1587521.7338947942
10_MAS,Malaysia,2033,38917.08,,,,,1636566.3667595517
10_MAS,Malaysia,2034,39278.668,,,,,1685106.719985938
10_MAS,Malaysia,2035,39637.022,,,,,1732544.9684782133
10_MAS,Malaysia,2036,39992.628,,,,,1779270.8067082858
10_MAS,Malaysia,2037,40341.168,,,,,1827102.2090277723
10_MAS,Malaysia,2038,40683.395,,,,,1876531.205900714
10_MAS,Malaysia,2039,41023.229,,,,,1927557.689327898
10_MAS,Malaysia,2040,41348.543,,,,,1980210.78702203
10_MAS,Malaysia,2041,41670.745,,,,,2034481.7854452976
10_MAS,Malaysia,2042,41986.44,,,,,2090338.515370822
10_MAS,Malaysia,2043,42302.492,,,,,2147540.26806047
10_MAS,Malaysia,2044,42609.414,,,,,2205813.07011024
10_MAS,Malaysia,2045,42898.859,,,,,2265114.15371091
10_MAS,Malaysia,2046,43177.55,,,,,2325424.149909142
10_MAS,Malaysia,2047,43449.947,,,,,2386800.389286569
10_MAS,Malaysia,2048,43710.971,,,,,2449195.015484085
10_MAS,Malaysia,2049,43952.182,,,,,2512630.225548838
10_MAS,Malaysia,2050,44178.897,,,,,2577551.837440863
10_MAS,Malaysia,2051,44400.648,,,,,2643984.4414104247
10_MAS,Malaysia,2052,44604.577,,,,,2711906.192572768
10_MAS,Malaysia,2053,44798.567,,,,,2781368.7034689817
10_MAS,Malaysia,2054,44981.369,,,,,2852350.1071667555
10_MAS,Malaysia,2055,45146.331,,,,,2924909.709158585
10_MAS,Malaysia,2056,45292.85,,,,,2999039.1594992387
10_MAS,Malaysia,2057,45432.861,,,,,3074718.586401313
10_MAS,Malaysia,2058,45562.274,,,,,3151952.1003877195
10_MAS,Malaysia,2059,45682.856,,,,,3230747.513561272
10_MAS,Malaysia,2060,45799.312,,,,,3311128.9150833245
10_MAS,Malaysia,2061,45900.914,,,,,3393096.8710927344
10_MAS,Malaysia,2062,45994.362,,,,,3476638.317663916
10_MAS,Malaysia,2063,46072.46,,,,,3561802.176672394
10_MAS,Malaysia,2064,46138.754,,,,,3648527.625360892
10_MAS,Malaysia,2065,46202.888,,,,,3736839.609113988
10_MAS,Malaysia,2066,46251.084,,,,,3826716.410373849
10_MAS,Malaysia,2067,46289.738,,,,,3918130.153237505
10_MAS,Malaysia,2068,46320.349,,,,,4011133.598203473
10_MAS,Malaysia,2069,46343.388,,,,,4105661.569742383
10_MAS,Malaysia,2070,46365.638,,,,,4201770.009299363
10_MAS,Malaysia,2071,46380.362,,,,,4299504.790645852
10_MAS,Malaysia,2072,46390.292,,,,,4398850.120276893
10_MAS,Malaysia,2073,46390.712,,,,,4499989.120588878
10_MAS,Malaysia,2074,46378.289,,,,,4602857.713430662
10_MAS,Malaysia,2075,46363.145,,,,,4707408.026375528
10_MAS,Malaysia,2076,46339.22,,,,,4813657.439140257
10_MAS,Malaysia,2077,46314.512,,,,,4921737.229852863
10_MAS,Malaysia,2078,46269.761,,,,,5031726.06067241
10_MAS,Malaysia,2079,46217.015,,,,,5143587.681388639
10_MAS,Malaysia,2080,46156.759,,,,,5257489.0130941095
10_MAS,Malaysia,2081,46081.432,,,,,5373321.615707213
10_MAS,Malaysia,2082,46007.109,,,,,5491277.659397855
10_MAS,Malaysia,2083,45924.962,,,,,5611479.90549924
10_MAS,Malaysia,2084,45834.711,,,,,5733983.134735932
10_MAS,Malaysia,2085,45744.508,,,,,5858613.522348489
10_MAS,Malaysia,2086,45651.042,,,,,5985622.156827795
10_MAS,Malaysia,2087,45548.037,,,,,6115111.901170771
10_MAS,Malaysia,2088,45443.466,,,,,6247053.426757189
10_MAS,Malaysia,2089,45336.277,,,,,6381425.848068681
10_MAS,Malaysia,2090,45228.378,,,,,6518379.440368065
10_MAS,Malaysia,2091,45117.554,,,,,6658122.161094203
10_MAS,Malaysia,2092,45006.894,,,,,6800571.359303256
10_MAS,Malaysia,2093,44894.028,,,,,6945687.941260669
10_MAS,Malaysia,2094,44777.087,,,,,7093729.810179795
10_MAS,Malaysia,2095,44662.703,,,,,7244814.356011394
10_MAS,Malaysia,2096,44545.889,,,,,7398790.482458862
10_MAS,Malaysia,2097,44427.697,,,,,7555708.416811732
10_MAS,Malaysia,2098,44312.385,,,,,7715688.385881703
10_MAS,Malaysia,2099,44200.564,,,,,7878905.9748469265
10_MAS,Malaysia,2100,44087.388,,,,,8045358.465930818
11_MEX,Mexico,1990,82017.824,1421988.57680156,0.2797107414309945,0.0323491841554642,19.8222343593874,1366142.9302495234
11_MEX,Mexico,1991,83622.516,1478525.49131908,0.2833509760817042,0.0326780527830124,18.2158319682238,1423719.385719397
11_MEX,Mexico,1992,85238.629,1531288.35225559,0.2845719838064984,0.0331727378070354,16.4462619037251,1474124.7057587332
11_MEX,Mexico,1993,86850.989,1575190.38096328,0.2837225884999044,0.0336097776889801,18.8495783931937,1514487.4532201665
11_MEX,Mexico,1994,88456.626,1644406.26077664,0.2843289264399987,0.0338905863463879,19.1881563541485,1589321.5058546285
11_MEX,Mexico,1995,90061.783,1547216.92373578,0.2640846591577826,0.0337235517799854,20.6941261524377,1489330.8573573865
11_MEX,Mexico,1996,91663.126,1643427.46974326,0.2741976030910725,0.0333089008927345,21.3048889067367,1590209.0362051495
11_MEX,Mexico,1997,93242.279,1761735.77795195,0.2852556122687318,0.0332626700401306,21.8274702525933,1699092.7836225398
11_MEX,Mexico,1998,94800.135,1870700.52637093,0.2929078105721372,0.0335173420608044,22.5673874506878,1786824.487664875
11_MEX,Mexico,1999,96350.355,1922238.89443456,0.2911850649064779,0.0338449962437153,22.5053913556409,1836032.3101187844
11_MEX,Mexico,2000,97881.058,2018913.74747463,0.2959732469291198,0.0342078469693661,20.8600148446395,1926763.9826501207
11_MEX,Mexico,2001,99370.046,2009811.57067761,0.2875259229962471,0.0344969145953655,20.8045452155785,1918972.3655190656
11_MEX,Mexico,2002,100828.153,2005056.59764014,0.2806508217090958,0.0346204787492752,20.5603787774467,1918213.1769623763
11_MEX,Mexico,2003,102269.095,2028827.44321582,0.2780262785644559,0.0346406474709511,19.782320864365,1945948.80707872
11_MEX,Mexico,2004,103687.936,2101164.08922763,0.2812869584999483,0.0346426144242287,21.4684386553467,2022242.961440752
11_MEX,Mexico,2005,105100.326,2145566.87871904,0.2802742302072623,0.0347758680582047,19.66514053036,2068913.2953775097
11_MEX,Mexico,2006,106522.682,2248661.65725023,0.2856329417023714,0.0350384749472141,21.8950677333074,2161912.896384953
11_MEX,Mexico,2007,107984.649,2295385.7869483302,0.2829566128178121,0.0353541783988476,21.5882388048939,2211462.5181921683
11_MEX,Mexico,2008,109564.071,2317038.89268293,0.2766547987786035,0.0356873162090778,20.405125308709,2236739.650735527
11_MEX,Mexico,2009,111184.505,2171175.48865433,0.2534972618362669,0.0357308946549892,20.3574258395666,2118513.3265822856
11_MEX,Mexico,2010,112814.937,2279111.8865841897,0.2596860034222886,0.035663403570652,19.1230801275762,2226955.399146128
11_MEX,Mexico,2011,114432.853,2357605.52676576,0.2613265401269146,0.0359103828668594,19.2529097567633,2308513.6031299885
11_MEX,Mexico,2012,116054.154,2441376.22002366,0.2631940178422506,0.0363385006785393,19.1609504944166,2392613.117390404
11_MEX,Mexico,2013,117582.263,2462179.22463983,0.2593192900739713,0.0367451682686806,16.36445681263,2425006.2577015744
11_MEX,Mexico,2014,119104.883,2523826.36956388,0.2597383843285749,0.037078071385622,16.8470848769093,2494102.7058066158
11_MEX,Mexico,2015,120463.639,2592028.32088719,0.2602771696014065,0.037473276257515,18.515549158143,2576250.9791412363
11_MEX,Mexico,2016,121680.973,2637971.8472756897,0.2587062764932063,0.0379331521689892,19.384966743581,2644010.992680824
11_MEX,Mexico,2017,122821.728,2687347.51938936,0.2580149587535413,0.0383128263056278,20.6161724297524,2699891.914061008
11_MEX,Mexico,2018,123978.387,2740344.2190799303,0.2579190493639576,0.0386075340211391,21.49505806165,2759152.960469636
11_MEX,Mexico,2019,125169.035,2729583.1473000897,0.252837991287749,0.0387732982635498,21.8054202744074,2753663.992814605
11_MEX,Mexico,2020,126356.93,2501552.82690837,0.2302835372613212,0.0385839939117432,22.1927981725641,2531780.058356482
11_MEX,Mexico,2021,127241.179,2652858.83618066,0.2415318393238903,0.0382701233029366,21.6797240995638,2652858.8361806595
11_MEX,Mexico,2022,128055.116,2751273.45476027,0.246896043930699,0.0380753800272942,20.0126087965779,2709513.0023009945
11_MEX,Mexico,2023,129171.119,2836749.91976859,0.2495152284918625,0.038299985229969,19.9269884427126,2740677.427936862
11_MEX,Mexico,2024,130308.399,2875062.39226806,,,18.4225686840893,2789532.321942088
11_MEX,Mexico,2025,131413.615,2891211.14207926,,,18.2575535645909,2849233.526723545
11_MEX,Mexico,2026,132480.185,,,,,2909356.2380199805
11_MEX,Mexico,2027,133515.13,,,,,2970045.1837758664
11_MEX,Mexico,2028,134520.286,,,,,3012357.674269286
11_MEX,Mexico,2029,135497.108,,,,,3053097.911649653
11_MEX,Mexico,2030,136444.674,,,,,3098600.4131550197
11_MEX,Mexico,2031,137364.802,,,,,3144113.6362733627
11_MEX,Mexico,2032,138257.327,,,,,3200636.9120362657
11_MEX,Mexico,2033,139123.06,,,,,3256475.218505707
11_MEX,Mexico,2034,139961.111,,,,,3313783.815671997
11_MEX,Mexico,2035,140762.942,,,,,3371584.443000595
11_MEX,Mexico,2036,141538.696,,,,,3428908.934971289
11_MEX,Mexico,2037,142279.63,,,,,3485775.020347113
11_MEX,Mexico,2038,142995.462,,,,,3542009.052970624
11_MEX,Mexico,2039,143676.977,,,,,3599643.0702179926
11_MEX,Mexico,2040,144319.607,,,,,3659041.399964273
11_MEX,Mexico,2041,144929.04,,,,,3719958.3928327146
11_MEX,Mexico,2042,145506.507,,,,,3782512.852696676
11_MEX,Mexico,2043,146048.404,,,,,3845687.186136324
11_MEX,Mexico,2044,146551.61,,,,,3909463.0029872814
11_MEX,Mexico,2045,147023.824,,,,,3973955.761761545
11_MEX,Mexico,2046,147456.36,,,,,4039151.8152416567
11_MEX,Mexico,2047,147851.959,,,,,4104471.6164961657
11_MEX,Mexico,2048,148208.332,,,,,4169887.138740659
11_MEX,Mexico,2049,148536.131,,,,,4235191.462294702
11_MEX,Mexico,2050,148819.664,,,,,4300568.488039865
11_MEX,Mexico,2051,149072.883,,,,,4366083.31838546
11_MEX,Mexico,2052,149290.81,,,,,4431619.630292536
11_MEX,Mexico,2053,149476.719,,,,,4497216.070884391
11_MEX,Mexico,2054,149628.697,,,,,4562828.670865162
11_MEX,Mexico,2055,149749.284,,,,,4628428.176713258
11_MEX,Mexico,2056,149839.806,,,,,4694017.529446193
11_MEX,Mexico,2057,149899.648,,,,,4759593.877864995
11_MEX,Mexico,2058,149933.212,,,,,4825166.24308957
11_MEX,Mexico,2059,149941.354,,,,,4890777.489798663
11_MEX,Mexico,2060,149919.873,,,,,4956337.118261193
11_MEX,Mexico,2061,149866.7,,,,,5021997.248636038
11_MEX,Mexico,2062,149789.004,,,,,5087556.365454932
11_MEX,Mexico,2063,149685.067,,,,,5153144.780216934
11_MEX,Mexico,2064,149553.769,,,,,5218641.651604441
11_MEX,Mexico,2065,149395.716,,,,,5284139.728332567
11_MEX,Mexico,2066,149209.363,,,,,5349493.836940869
11_MEX,Mexico,2067,148998.518,,,,,5414589.310741375
11_MEX,Mexico,2068,148764.84,,,,,5479615.270025507
11_MEX,Mexico,2069,148504.936,,,,,5544638.54511117
11_MEX,Mexico,2070,148219.603,,,,,5609490.544950264
11_MEX,Mexico,2071,147906.819,,,,,5674266.460703786
11_MEX,Mexico,2072,147575.31,,,,,5738778.258672344
11_MEX,Mexico,2073,147216.982,,,,,5803071.800292528
11_MEX,Mexico,2074,146833.076,,,,,5866988.4534330135
11_MEX,Mexico,2075,146425.97,,,,,5930654.30349264
11_MEX,Mexico,2076,145997.532,,,,,5993886.922082914
11_MEX,Mexico,2077,145547.83,,,,,6056917.072871355
11_MEX,Mexico,2078,145076.008,,,,,6119543.31255316
11_MEX,Mexico,2079,144582.033,,,,,6181911.046979964
11_MEX,Mexico,2080,144066.499,,,,,6243950.8662642175
11_MEX,Mexico,2081,143530.164,,,,,6305569.710057729
11_MEX,Mexico,2082,142973.451,,,,,6366875.831958274
11_MEX,Mexico,2083,142405.279,,,,,6427629.086516871
11_MEX,Mexico,2084,141814.546,,,,,6488144.930433694
11_MEX,Mexico,2085,141206.671,,,,,6548259.984949726
11_MEX,Mexico,2086,140578.213,,,,,6608002.851061779
11_MEX,Mexico,2087,139937.043,,,,,6667429.6512626605
11_MEX,Mexico,2088,139284.252,,,,,6726451.784626847
11_MEX,Mexico,2089,138621.003,,,,,6785119.598944942
11_MEX,Mexico,2090,137942.217,,,,,6843501.002040906
11_MEX,Mexico,2091,137251.932,,,,,6901620.583048923
11_MEX,Mexico,2092,136548.573,,,,,6959294.144117332
11_MEX,Mexico,2093,135839.17,,,,,7016576.8513867
11_MEX,Mexico,2094,135114.098,,,,,7073573.598273291
11_MEX,Mexico,2095,134379.347,,,,,7130235.727077032
11_MEX,Mexico,2096,133637.502,,,,,7186677.9675893
11_MEX,Mexico,2097,132891.448,,,,,7242857.0099424
11_MEX,Mexico,2098,132139.994,,,,,7298840.579314437
11_MEX,Mexico,2099,131386.105,,,,,7354473.959950959
11_MEX,Mexico,2100,130628.673,,,,,7410017.441428338
12_NZ,New Zealand,1990,3345.088,102510.229695661,0.337443561655778,0.0277670454233885,,103333.4775148086
12_NZ,New Zealand,1991,3448.869,101407.355462347,0.3279771499366487,0.0276933815330267,,101967.32560758483
12_NZ,New Zealand,1992,3512.982,102523.77169858,0.327781005173793,0.0275685582309961,,102678.4079951463
12_NZ,New Zealand,1993,3551.507,109068.510913184,0.3412281060413336,0.0275999922305346,,108059.82774617238
12_NZ,New Zealand,1994,3595.712,114643.737156329,0.3504070743644433,0.0277998130768538,,114082.38526990297
12_NZ,New Zealand,1995,3646.349,120074.136760879,0.352090941422152,0.0280970111489296,,119667.4830269986
12_NZ,New Zealand,1996,3702.508,124385.806337592,0.3519616721190098,0.028420502319932,,124538.60553397983
12_NZ,New Zealand,1997,3756.249,126967.453431224,0.3517775152717626,0.0286767594516277,,127584.09844680098
12_NZ,New Zealand,1998,3797.651,128053.264612275,0.3467882244913877,0.0288711674511433,,127997.18820379632
12_NZ,New Zealand,1999,3825.091,134946.567709899,0.3534935155612281,0.0291374698281288,,133801.29873976545
12_NZ,New Zealand,2000,3846.018,138817.90252797698,0.351447366609709,0.0293862074613571,19.7746053146032,139493.8020046862
12_NZ,New Zealand,2001,3869.13,143559.33157128398,0.3536867170892522,0.0296699162572622,21.7888599913365,143093.7769564327
12_NZ,New Zealand,2002,3914.395,150328.36355776998,0.3591205669004959,0.0301408115774393,20.8536371420551,149829.68825088593
12_NZ,New Zealand,2003,3987.842,157432.693879236,0.3609525925552297,0.0306633524596691,21.3357225941397,156198.24357883638
12_NZ,New Zealand,2004,4057.331,163872.534540447,0.3573199009237273,0.0312730334699154,20.0302441455003,163646.16700415037
12_NZ,New Zealand,2005,4110.49,169367.105965762,0.3537656009619918,0.0319666117429733,17.6910746297353,168818.31404407023
12_NZ,New Zealand,2006,4159.523,174066.09954241198,0.349104101890814,0.0325175039470196,17.0080900749185,173717.76313043147
12_NZ,New Zealand,2007,4204.357,179397.95691271202,0.3489841531353987,0.0329684764146805,18.0473595021003,179732.76661703648
12_NZ,New Zealand,2008,4242.174,177558.031114279,0.3331572754915732,0.0333565473556519,15.9099268780347,179410.35013126108
12_NZ,New Zealand,2009,4281.474,177486.546454779,0.3329476096790262,0.0334164462983608,18.3789054944526,177247.251699269
12_NZ,New Zealand,2010,4327.134,180098.837893045,0.3288416415734682,0.0333861708641052,17.7333268313253,180376.5796542415
12_NZ,New Zealand,2011,4368.407,183961.05827238,0.3296324737857118,0.0336520224809647,17.5804229030309,183649.60741629265
12_NZ,New Zealand,2012,4396.994,188196.87991725,0.3298574519172393,0.0340679548680782,17.6459958412175,188228.42619075003
12_NZ,New Zealand,2013,4426.359,193023.821383485,0.3271635997781812,0.0344928652048111,19.7131637239142,192515.78698005973
12_NZ,New Zealand,2014,4481.343,200396.050054836,0.3287074493922917,0.0350295267999172,19.7687759617059,199757.7867801684
12_NZ,New Zealand,2015,4564.623,207870.187709383,0.332274675401191,0.0356348343193531,20.8829128204934,207091.17591956828
12_NZ,New Zealand,2016,4663.435,215651.859628357,0.3348842675415235,0.0360590778291225,20.7129497285824,215306.93769859624
12_NZ,New Zealand,2017,4766.105,222802.198613642,0.3384353861522138,0.0364218652248383,20.768621578362,222831.67471735275
12_NZ,New Zealand,2018,4859.398,230204.12582534,0.3402085389539583,0.0369205065071583,20.0928258867102,230476.2009901175
12_NZ,New Zealand,2019,4942.296,235553.418426175,0.3376822223219834,0.037402305752039,21.4827262717104,237107.81317886693
12_NZ,New Zealand,2020,5036.509,234985.93228232,0.3283734073002161,0.0376625247299671,20.6816204705713,232159.44596343237
12_NZ,New Zealand,2021,5103.281,245088.353611212,0.3323318170744715,0.0381065532565117,18.6886565090577,245088.353611212
12_NZ,New Zealand,2022,5112.112,253287.094503461,0.3301482278328818,0.0387854464352131,17.9987943013408,250769.70842396375
12_NZ,New Zealand,2023,5151.357,257881.45526629096,0.3230472776700118,0.0392140857875347,18.5522226526172,255554.84871333203
12_NZ,New Zealand,2024,5194.315,255641.181371427,,,18.9451802917386,260715.3438681824
12_NZ,New Zealand,2025,5233.573,256824.472387616,,,19.1451802917386,266401.9939173295
12_NZ,New Zealand,2026,5270.225,,,,,272537.5248272294
12_NZ,New Zealand,2027,5304.733,,,,,278945.75095488515
12_NZ,New Zealand,2028,5337.008,,,,,284408.38720543624
12_NZ,New Zealand,2029,5366.65,,,,,289732.7390562077
12_NZ,New Zealand,2030,5394.543,,,,,295154.4351568681
12_NZ,New Zealand,2031,5420.155,,,,,300838.8830699176
12_NZ,New Zealand,2032,5444.81,,,,,306470.8446648802
12_NZ,New Zealand,2033,5467.423,,,,,312041.495006812
12_NZ,New Zealand,2034,5489.829,,,,,317596.68153006205
12_NZ,New Zealand,2035,5510.302,,,,,323212.6505523638
12_NZ,New Zealand,2036,5530.903,,,,,328895.0281156533
12_NZ,New Zealand,2037,5550.675,,,,,334649.4742550882
12_NZ,New Zealand,2038,5570.034,,,,,340470.4462110776
12_NZ,New Zealand,2039,5589.74,,,,,346364.432357893
12_NZ,New Zealand,2040,5608.263,,,,,352335.5154496998
12_NZ,New Zealand,2041,5626.318,,,,,358383.42930434603
12_NZ,New Zealand,2042,5645.254,,,,,364506.5486845768
12_NZ,New Zealand,2043,5662.987,,,,,370703.6790517288
12_NZ,New Zealand,2044,5679.004,,,,,376972.0131135069
12_NZ,New Zealand,2045,5693.643,,,,,383311.265669753
12_NZ,New Zealand,2046,5707.47,,,,,389718.5481255343
12_NZ,New Zealand,2047,5719.43,,,,,396194.2986412699
12_NZ,New Zealand,2048,5730.377,,,,,402743.0105779829
12_NZ,New Zealand,2049,5741.17,,,,,409354.6734313533
12_NZ,New Zealand,2050,5749.747,,,,,416046.6321109302
12_NZ,New Zealand,2051,5760.828,,,,,422820.52253789466
12_NZ,New Zealand,2052,5772.603,,,,,429661.7221643957
12_NZ,New Zealand,2053,5781.163,,,,,436589.2355179024
12_NZ,New Zealand,2054,5790.908,,,,,443604.1611819595
12_NZ,New Zealand,2055,5800.296,,,,,450701.6137046789
12_NZ,New Zealand,2056,5809.074,,,,,457883.1729114696
12_NZ,New Zealand,2057,5815.495,,,,,465152.8405524699
12_NZ,New Zealand,2058,5821.382,,,,,472512.0969984765
12_NZ,New Zealand,2059,5826.893,,,,,479955.168191236
12_NZ,New Zealand,2060,5831.479,,,,,487481.52233813226
12_NZ,New Zealand,2061,5834.924,,,,,495103.9910418012
12_NZ,New Zealand,2062,5836.139,,,,,502820.3259720489
12_NZ,New Zealand,2063,5840.14,,,,,510633.3285438367
12_NZ,New Zealand,2064,5842.046,,,,,518531.1019899856
12_NZ,New Zealand,2065,5845.511,,,,,526523.1763030528
12_NZ,New Zealand,2066,5849.599,,,,,534608.7460213265
12_NZ,New Zealand,2067,5853.429,,,,,542788.4938825701
12_NZ,New Zealand,2068,5855.865,,,,,551045.3202725502
12_NZ,New Zealand,2069,5857.47,,,,,559404.3654736517
12_NZ,New Zealand,2070,5858.707,,,,,567856.4975319101
12_NZ,New Zealand,2071,5859.377,,,,,576392.787411879
12_NZ,New Zealand,2072,5859.431,,,,,585017.1130211222
12_NZ,New Zealand,2073,5863.32,,,,,593718.5697874499
12_NZ,New Zealand,2074,5864.624,,,,,602534.2645124524
12_NZ,New Zealand,2075,5865.755,,,,,611447.2990655691
12_NZ,New Zealand,2076,5866.149,,,,,620477.4818589514
12_NZ,New Zealand,2077,5866.56,,,,,629610.8539626609
12_NZ,New Zealand,2078,5867.664,,,,,638840.9320652247
12_NZ,New Zealand,2079,5867.077,,,,,648194.0048087866
12_NZ,New Zealand,2080,5865.85,,,,,657650.9062470663
12_NZ,New Zealand,2081,5863.325,,,,,667207.6296456119
12_NZ,New Zealand,2082,5861.784,,,,,676883.3890970026
12_NZ,New Zealand,2083,5858.513,,,,,686667.8117238153
12_NZ,New Zealand,2084,5854.094,,,,,696577.1950549266
12_NZ,New Zealand,2085,5850.322,,,,,706599.1909156376
12_NZ,New Zealand,2086,5846.854,,,,,716731.8526977636
12_NZ,New Zealand,2087,5843.751,,,,,726978.6746012721
12_NZ,New Zealand,2088,5840.852,,,,,737360.1940647439
12_NZ,New Zealand,2089,5840.101,,,,,747884.2017752723
12_NZ,New Zealand,2090,5837.037,,,,,758517.6648135703
12_NZ,New Zealand,2091,5835.969,,,,,769301.8359063461
12_NZ,New Zealand,2092,5834.417,,,,,780215.8234811136
12_NZ,New Zealand,2093,5834.141,,,,,791276.1119685692
12_NZ,New Zealand,2094,5831.566,,,,,802489.1329665829
12_NZ,New Zealand,2095,5830.254,,,,,813852.1936787219
12_NZ,New Zealand,2096,5828.348,,,,,825366.9432964311
12_NZ,New Zealand,2097,5825.751,,,,,837032.8918036327
12_NZ,New Zealand,2098,5822.748,,,,,848841.5860455713
12_NZ,New Zealand,2099,5818.745,,,,,860825.3065165591
12_NZ,New Zealand,2100,5814.526,,,,,872972.539258376
13_PNG,Papua New Guinea,1990,3840.265,12330.6256724057,0.5,0.06,17.1227925491283,11648.994179897958
13_PNG,Papua New Guinea,1991,3952.696,13507.8178924025,0.5,0.06,21.1222107992533,12765.274351803806
13_PNG,Papua New Guinea,1992,4090.978,15378.5271102955,0.5,0.06,20.7395892005851,14530.280892038172
13_PNG,Papua New Guinea,1993,4242.421,18177.7705902296,0.5,0.06,25.4759839049875,16464.894683735536
13_PNG,Papua New Guinea,1994,4399.322,19257.913543319,0.5,0.06,28.0654077363039,18192.49992051216
13_PNG,Papua New Guinea,1995,4561.095,18620.0050214279,0.5,0.06,35.1486857574119,17567.49096345127
13_PNG,Papua New Guinea,1996,4727.461,20060.0195673508,0.5,0.06,26.2088923734518,18727.59321338594
13_PNG,Papua New Guinea,1997,4899.262,19276.7982382926,0.5,0.06,14.8325203336228,17539.79004827851
13_PNG,Papua New Guinea,1998,5076.505,18550.2338879178,0.5,0.06,18.4081793837627,18360.61580704422
13_PNG,Papua New Guinea,1999,5256.274,18894.4434937378,0.5,0.06,18.8789329853439,18700.85340227043
13_PNG,Papua New Guinea,2000,5442.391,18423.0569831879,0.5,0.06,32.479973088132,18234.216962452003
13_PNG,Papua New Guinea,2001,5631.736,18400.7119142706,0.5,0.06,28.3485704115071,18211.416566414984
13_PNG,Papua New Guinea,2002,5825.135,18371.4730849478,0.5,0.06,22.9407237952159,18181.91534089148
13_PNG,Papua New Guinea,2003,6022.872,18769.050593674,0.5,0.06,30.4588187520294,19829.41493880296
13_PNG,Papua New Guinea,2004,6225.122,19279.7894452418,0.5,0.06,30.4211496284667,19943.01354730091
13_PNG,Papua New Guinea,2005,6430.96,20503.052739945,0.5,0.06,30.221149628466694,20789.78687507352
13_PNG,Papua New Guinea,2006,6640.85,21612.2564301393,0.5,0.06,30.0211496284667,21315.99406618424
13_PNG,Papua New Guinea,2007,6854.59,23301.2951667301,0.5,0.06,29.8211496284667,22984.253165693583
13_PNG,Papua New Guinea,2008,7072.099,23232.2166490166,0.5,0.06,29.621149628466696,22914.56334407999
13_PNG,Papua New Guinea,2009,7293.904,24812.1053010447,0.5,0.06,29.421149628466697,24475.0917317933
13_PNG,Papua New Guinea,2010,7518.972,27325.1879907631,0.5,0.06,29.221149628466694,26954.29168095728
13_PNG,Papua New Guinea,2011,7748.074,27627.826368700906,0.5,0.06,29.0211496284667,27250.01824488948
13_PNG,Papua New Guinea,2012,7970.618,28914.4872847048,0.5,0.06,28.821149628466696,28521.14605599864
13_PNG,Papua New Guinea,2013,8192.162,30020.450904363,0.5,0.06,28.621149628466696,29611.898647914924
13_PNG,Papua New Guinea,2014,8413.233,34086.3519144364,0.5,0.06,28.421149628466697,33622.79790849211
13_PNG,Papua New Guinea,2015,8633.649,36328.673600894304,0.5,0.06,28.221149628466694,35833.50328899916
13_PNG,Papua New Guinea,2016,8852.843,38322.962713650806,0.5,0.06,28.02114962846669,37800.76795623014
13_PNG,Papua New Guinea,2017,9070.592,39677.530299315695,0.5,0.06,27.821149628466696,39138.72972338269
13_PNG,Papua New Guinea,2018,9286.836,39566.7298893392,0.5,0.06,27.621149628466696,39028.83771307634
13_PNG,Papua New Guinea,2019,9502.191,41339.5229866764,0.5,0.06,27.421149628466697,40774.06696662556
13_PNG,Papua New Guinea,2020,9715.829,40030.1216886158,0.5,0.06,27.22114962846669,39351.186036618754
13_PNG,Papua New Guinea,2021,9915.662,39825.7228406625,0.5,0.06,27.02114962846669,39825.7228406625
13_PNG,Papua New Guinea,2022,10110.13,42098.5846689198,0.5,0.06,26.821149628466696,41343.84798405465
13_PNG,Papua New Guinea,2023,10296.209,43702.7356963364,0.5,0.06,26.621149628466696,43433.341566688585
13_PNG,Papua New Guinea,2024,10483.061,45401.8776277294,,,26.421149628466694,44719.46608886309
13_PNG,Papua New Guinea,2025,10669.942,47961.5994044189,,,26.22114962846669,46046.4451575268
13_PNG,Papua New Guinea,2026,10855.692,,,,,47424.99530759432
13_PNG,Papua New Guinea,2027,11040.004,,,,,48862.76756865341
13_PNG,Papua New Guinea,2028,11222.541,,,,,50524.06965137209
13_PNG,Papua New Guinea,2029,11403.247,,,,,52432.558738632266
13_PNG,Papua New Guinea,2030,11582.36,,,,,54610.951372067546
13_PNG,Papua New Guinea,2031,11760.489,,,,,57086.52497898393
13_PNG,Papua New Guinea,2032,11935.954,,,,,59893.24497270906
13_PNG,Papua New Guinea,2033,12110.301,,,,,63066.97006004807
13_PNG,Papua New Guinea,2034,12282.992,,,,,66647.24472611303
13_PNG,Papua New Guinea,2035,12455.521,,,,,70387.35216102588
13_PNG,Papua New Guinea,2036,12625.684,,,,,74294.32741880148
13_PNG,Papua New Guinea,2037,12795.681,,,,,78374.60142933388
13_PNG,Papua New Guinea,2038,12963.799,,,,,82634.63408433128
13_PNG,Papua New Guinea,2039,13130.448,,,,,87080.94615755619
13_PNG,Papua New Guinea,2040,13294.892,,,,,91717.39468440467
13_PNG,Papua New Guinea,2041,13457.429,,,,,96556.33133637662
13_PNG,Papua New Guinea,2042,13617.312,,,,,101601.06944448104
13_PNG,Papua New Guinea,2043,13774.982,,,,,106858.0625373774
13_PNG,Papua New Guinea,2044,13931.855,,,,,112341.81566615976
13_PNG,Papua New Guinea,2045,14088.012,,,,,118044.4391860534
13_PNG,Papua New Guinea,2046,14243.164,,,,,123995.64148070668
13_PNG,Papua New Guinea,2047,14394.62,,,,,130196.03645895982
13_PNG,Papua New Guinea,2048,14543.823,,,,,136653.3184125481
13_PNG,Papua New Guinea,2049,14690.918,,,,,143377.0559128654
13_PNG,Papua New Guinea,2050,14836.287,,,,,150373.69841038444
13_PNG,Papua New Guinea,2051,14976.893,,,,,157658.59264686596
13_PNG,Papua New Guinea,2052,15115.979,,,,,165238.5227954102
13_PNG,Papua New Guinea,2053,15253.284,,,,,173128.02490577166
13_PNG,Papua New Guinea,2054,15386.0,,,,,181337.96250927777
13_PNG,Papua New Guinea,2055,15518.22,,,,,189876.159839072
13_PNG,Papua New Guinea,2056,15645.067,,,,,198751.2154733212
13_PNG,Papua New Guinea,2057,15769.091,,,,,207981.3297672809
13_PNG,Papua New Guinea,2058,15891.039,,,,,217590.64227351075
13_PNG,Papua New Guinea,2059,16009.91,,,,,227578.70256231088
13_PNG,Papua New Guinea,2060,16126.789,,,,,237957.52899735517
13_PNG,Papua New Guinea,2061,16242.131,,,,,248747.3112923363
13_PNG,Papua New Guinea,2062,16351.543,,,,,259955.07227037067
13_PNG,Papua New Guinea,2063,16457.601,,,,,271605.96570830524
13_PNG,Papua New Guinea,2064,16561.052,,,,,283716.36881478445
13_PNG,Papua New Guinea,2065,16664.408,,,,,296318.420907758
13_PNG,Papua New Guinea,2066,16765.992,,,,,309411.59571787086
13_PNG,Papua New Guinea,2067,16864.766,,,,,323010.2660711783
13_PNG,Papua New Guinea,2068,16960.972,,,,,337152.7251464945
13_PNG,Papua New Guinea,2069,17053.497,,,,,351845.3474373576
13_PNG,Papua New Guinea,2070,17142.307,,,,,367115.2673581786
13_PNG,Papua New Guinea,2071,17228.036,,,,,382993.21977740375
13_PNG,Papua New Guinea,2072,17312.336,,,,,399487.85339340544
13_PNG,Papua New Guinea,2073,17393.095,,,,,416612.1563925552
13_PNG,Papua New Guinea,2074,17469.331,,,,,434390.7182246005
13_PNG,Papua New Guinea,2075,17543.058,,,,,452851.1183913073
13_PNG,Papua New Guinea,2076,17614.782,,,,,472024.6029461425
13_PNG,Papua New Guinea,2077,17683.162,,,,,491921.4912203016
13_PNG,Papua New Guinea,2078,17750.451,,,,,512562.1736741257
13_PNG,Papua New Guinea,2079,17816.967,,,,,534007.7296950383
13_PNG,Papua New Guinea,2080,17879.638,,,,,556269.6879410043
13_PNG,Papua New Guinea,2081,17944.338,,,,,579392.2347720007
13_PNG,Papua New Guinea,2082,18002.71,,,,,603416.444168255
13_PNG,Papua New Guinea,2083,18057.751,,,,,628340.5356533759
13_PNG,Papua New Guinea,2084,18112.944,,,,,654225.6086012899
13_PNG,Papua New Guinea,2085,18163.739,,,,,681088.6610732862
13_PNG,Papua New Guinea,2086,18213.695,,,,,708968.9379092627
13_PNG,Papua New Guinea,2087,18261.603,,,,,737894.7386956636
13_PNG,Papua New Guinea,2088,18305.66,,,,,767918.2193834395
13_PNG,Papua New Guinea,2089,18346.928,,,,,799048.0788142487
13_PNG,Papua New Guinea,2090,18385.621,,,,,831368.4565048816
13_PNG,Papua New Guinea,2091,18425.763,,,,,864927.6040727616
13_PNG,Papua New Guinea,2092,18461.218,,,,,899768.9084455009
13_PNG,Papua New Guinea,2093,18493.392,,,,,935952.4685662688
13_PNG,Papua New Guinea,2094,18522.16,,,,,973491.192137873
13_PNG,Papua New Guinea,2095,18548.884,,,,,1012432.93723442
13_PNG,Papua New Guinea,2096,18572.164,,,,,1052814.8378344951
13_PNG,Papua New Guinea,2097,18593.167,,,,,1094729.8667570702
13_PNG,Papua New Guinea,2098,18610.381,,,,,1138188.349513603
13_PNG,Papua New Guinea,2099,18624.035,,,,,1183301.5700866429
13_PNG,Papua New Guinea,2100,18636.026,,,,,1230105.154912171
14_PE,Peru,1990,21771.879,139050.28909291798,0.271474734342859,0.0480562187731266,13.0540458697492,139015.43092756075
14_PE,Peru,1991,22257.664,142136.175291069,0.2736262062914952,0.0455189049243927,13.9572812035463,142096.92271741148
14_PE,Peru,1992,22709.886,141367.916294088,0.2672020566763285,0.0433610677719116,13.090892305614,141326.6557561955
14_PE,Peru,1993,23182.795,148780.651849195,0.2737529035240792,0.0414986871182919,13.3494755950289,148738.98863940348
14_PE,Peru,1994,23644.771,167093.11929099305,0.2924954344700897,0.0402068831026554,16.7654806087236,167046.77979826657
14_PE,Peru,1995,24118.215,179477.05045859,0.295755375555335,0.0395908169448376,16.3892760696641,179424.77993718357
14_PE,Peru,1996,24579.623,184500.564784136,0.2884998068626083,0.0391334556043148,16.2584704238878,184448.96474666268
14_PE,Peru,1997,25042.719,196450.342420583,0.2889843987721548,0.0387667119503021,18.2567579801323,196397.1906786068
14_PE,Peru,1998,25505.576,195681.165551443,0.2726799838435447,0.0385345369577408,17.7514260858085,195624.5547428512
14_PE,Peru,1999,25970.615,198606.42412179,0.2659842298553369,0.038076002150774,18.3962325335462,198554.4414579693
14_PE,Peru,2000,26402.394,203957.618808056,0.2642746410953875,0.0374568179249764,17.3193794611689,203904.8926392033
14_PE,Peru,2001,26794.268,205217.857282197,0.2591863558201871,0.0367823876440525,16.6647975093251,205163.44416630408
14_PE,Peru,2002,27134.933,216409.47251541,0.2664717838590675,0.0359437949955463,16.951753375854,216346.176191855
14_PE,Peru,2003,27441.502,225422.977115603,0.2697765522534101,0.0351389274001122,16.8011088028699,225355.46896022133
14_PE,Peru,2004,27719.479,236599.906394274,0.2741867529535904,0.0346237197518349,17.8372556948338,236534.1530623236
14_PE,Peru,2005,27984.901,251470.353240275,0.2806077072982222,0.0344466120004654,19.7420734267914,251404.3916002708
14_PE,Peru,2006,28217.46,270403.302261475,0.2875595489033963,0.0346829257905483,23.3266563655985,270323.7960085655
14_PE,Peru,2007,28431.522,293437.304088547,0.2935558493322745,0.03550024330616,24.1164184752208,293356.4908068575
14_PE,Peru,2008,28629.876,320218.060068164,0.2964370687210453,0.0372102148830891,22.7511768658313,320128.2550486423
14_PE,Peru,2009,28808.206,323727.085331558,0.2811662121712631,0.0385717190802097,20.9204419173752,323636.674006052
14_PE,Peru,2010,28985.416,350701.512336698,0.2820816736419138,0.0395215190947056,22.4461433705974,350604.4284730183
14_PE,Peru,2011,29186.623,372891.071777602,0.27773478462146,0.0409217588603497,23.7001028548684,372790.9326455888
14_PE,Peru,2012,29421.548,395785.557036524,0.2715158118722771,0.042380191385746,22.9002750663299,395676.6590033568
14_PE,Peru,2013,29679.184,418948.978837998,0.2658757020044692,0.043476577848196,22.4969888227911,418830.1076297309
14_PE,Peru,2014,29956.654,428929.00282149,0.2545945693222339,0.0438980013132095,21.1979959046743,428807.083434021
14_PE,Peru,2015,30274.998,442878.823892135,0.2492304764478895,0.0438335426151753,20.6143765604293,442761.2496255062
14_PE,Peru,2016,30640.202,460387.235322755,0.2477305786772379,0.0434715487062931,20.3904273609102,460264.176719726
14_PE,Peru,2017,31092.785,471983.632178034,0.2434161413503218,0.0429333262145519,20.6034486666787,471851.80819141294
14_PE,Peru,2018,31556.488,490718.320812916,0.2423139595967308,0.0424220226705074,20.3807607031026,490614.346334824
14_PE,Peru,2019,32238.679,501713.511404129,0.237384981910293,0.0420266874134541,20.7009672893936,501571.7575740464
14_PE,Peru,2020,32659.927,446859.635445194,0.2057708899543593,0.0415250211954117,19.8460263182175,446332.9253181634
14_PE,Peru,2021,33017.232,506813.209118862,0.2225526588151756,0.0411817170679569,20.2171352561774,506813.209118862
14_PE,Peru,2022,33294.532,521096.21778318,0.2187914907398068,0.041138581931591,18.3115670069229,520515.8206509534
14_PE,Peru,2023,33656.344,519268.734314851,0.2098899097731474,0.0409559160470963,20.2439247198168,534034.9245203477
14_PE,Peru,2024,34034.89,537522.457938481,,,22.6251319391328,551149.0062444248
14_PE,Peru,2025,34400.805,555962.509610363,,,24.0476183890493,568200.4804488984
14_PE,Peru,2026,34752.525,,,,,585242.7859157977
14_PE,Peru,2027,35091.771,,,,,602827.5216224917
14_PE,Peru,2028,35419.598,,,,,625430.5190282707
14_PE,Peru,2029,35736.978,,,,,643778.4019347437
14_PE,Peru,2030,36044.439,,,,,662591.4058355056
14_PE,Peru,2031,36343.321,,,,,681788.5795921478
14_PE,Peru,2032,36633.561,,,,,701128.1054037551
14_PE,Peru,2033,36916.329,,,,,720678.8861008019
14_PE,Peru,2034,37192.423,,,,,740809.551288272
14_PE,Peru,2035,37461.189,,,,,761699.877220922
14_PE,Peru,2036,37721.662,,,,,782528.1175142619
14_PE,Peru,2037,37974.653,,,,,804003.4541603194
14_PE,Peru,2038,38219.142,,,,,826079.6358780361
14_PE,Peru,2039,38455.522,,,,,848715.5238014994
14_PE,Peru,2040,38684.26,,,,,871942.8654091888
14_PE,Peru,2041,38905.037,,,,,895756.4329849919
14_PE,Peru,2042,39118.049,,,,,920092.8152563862
14_PE,Peru,2043,39322.71,,,,,944918.1358492397
14_PE,Peru,2044,39518.591,,,,,970349.843757612
14_PE,Peru,2045,39707.109,,,,,996355.136379674
14_PE,Peru,2046,39886.338,,,,,1022934.8909617756
14_PE,Peru,2047,40057.1,,,,,1050113.7282056962
14_PE,Peru,2048,40218.657,,,,,1077841.7466531245
14_PE,Peru,2049,40371.054,,,,,1106125.5949536732
14_PE,Peru,2050,40515.509,,,,,1134970.8049405485
14_PE,Peru,2051,40652.243,,,,,1164383.774381561
14_PE,Peru,2052,40780.479,,,,,1194367.6495316883
14_PE,Peru,2053,40900.612,,,,,1224913.879439104
14_PE,Peru,2054,41013.402,,,,,1256028.28756715
14_PE,Peru,2055,41117.418,,,,,1287730.9929150585
14_PE,Peru,2056,41213.229,,,,,1319985.8194792294
14_PE,Peru,2057,41300.002,,,,,1352814.029091846
14_PE,Peru,2058,41378.649,,,,,1386265.8598327057
14_PE,Peru,2059,41448.035,,,,,1420223.8269900992
14_PE,Peru,2060,41509.028,,,,,1454735.4277119818
14_PE,Peru,2061,41561.944,,,,,1489764.1832133585
14_PE,Peru,2062,41606.437,,,,,1525395.9686498232
14_PE,Peru,2063,41642.159,,,,,1561568.886160837
14_PE,Peru,2064,41669.672,,,,,1598310.6521135308
14_PE,Peru,2065,41688.239,,,,,1635575.555828667
14_PE,Peru,2066,41698.944,,,,,1673396.248804987
14_PE,Peru,2067,41701.547,,,,,1711766.8712774236
14_PE,Peru,2068,41696.094,,,,,1750652.7629407886
14_PE,Peru,2069,41682.298,,,,,1790058.4322102636
14_PE,Peru,2070,41660.05,,,,,1829983.9972379776
14_PE,Peru,2071,41629.72,,,,,1870406.022207311
14_PE,Peru,2072,41592.091,,,,,1911311.0960250709
14_PE,Peru,2073,41546.886,,,,,1952729.8691586773
14_PE,Peru,2074,41494.369,,,,,1994669.961603776
14_PE,Peru,2075,41433.994,,,,,2037111.3540864645
14_PE,Peru,2076,41366.694,,,,,2080033.276886357
14_PE,Peru,2077,41292.421,,,,,2123383.650880084
14_PE,Peru,2078,41211.761,,,,,2167220.841720872
14_PE,Peru,2079,41124.613,,,,,2211509.100935444
14_PE,Peru,2080,41031.451,,,,,2256253.2787305326
14_PE,Peru,2081,40931.498,,,,,2301472.915039872
14_PE,Peru,2082,40826.095,,,,,2347106.920425009
14_PE,Peru,2083,40714.964,,,,,2393242.4732476096
14_PE,Peru,2084,40599.459,,,,,2439849.2507336373
14_PE,Peru,2085,40478.34,,,,,2486939.240571813
14_PE,Peru,2086,40352.501,,,,,2534481.596950017
14_PE,Peru,2087,40222.425,,,,,2582463.232455109
14_PE,Peru,2088,40087.808,,,,,2630933.2393928817
14_PE,Peru,2089,39949.476,,,,,2679897.6031919494
14_PE,Peru,2090,39808.664,,,,,2729235.6680886447
14_PE,Peru,2091,39664.269,,,,,2778993.723442322
14_PE,Peru,2092,39516.882,,,,,2829110.381882444
14_PE,Peru,2093,39366.675,,,,,2879682.649244226
14_PE,Peru,2094,39212.688,,,,,2930644.5370596354
14_PE,Peru,2095,39057.827,,,,,2981980.3615349755
14_PE,Peru,2096,38899.74,,,,,3033688.276415767
14_PE,Peru,2097,38739.47,,,,,3085814.2570737847
14_PE,Peru,2098,38577.056,,,,,3138219.3929229127
14_PE,Peru,2099,38413.115,,,,,3191003.983134191
14_PE,Peru,2100,38246.909,,,,,3244167.546801597
15_PHL,Philippines,1990,62011.501,283126.473617181,0.3153264429717642,0.0454548299312592,22.4397324368827,283157.3442897615
15_PHL,Philippines,1991,63697.832,281890.937770952,0.3042804182586294,0.0455415323376656,20.9940259165043,281921.6302802153
15_PHL,Philippines,1992,65066.665,283068.196261779,0.2954544057603372,0.045672569423914,20.7100674276883,283098.9679990584
15_PHL,Philippines,1993,66785.586,289244.432888471,0.2904555136817958,0.0460128486156464,20.3512734374584,289276.48039031256
15_PHL,Philippines,1994,68275.657,301895.01806997805,0.2910094509449881,0.0464633926749229,22.4209070619903,301928.16281692777
15_PHL,Philippines,1995,69762.925,315858.342273919,0.2919732728403501,0.0469005554914475,21.9351325155766,315892.7476357005
15_PHL,Philippines,1996,71329.566,334368.73991276004,0.2945985295971114,0.0472798831760883,22.4067471448509,334405.63524316
15_PHL,Philippines,1997,73050.919,351710.479274008,0.2935547782588011,0.0475914292037487,23.9122337867866,351748.6763217616
15_PHL,Philippines,1998,74766.701,349902.368762457,0.2814678083760002,0.0473199225962162,29.6191580479745,349940.29599525355
15_PHL,Philippines,1999,76815.347,361611.68072469096,0.2825395832584444,0.046509362757206,35.9678010817108,361651.06626707496
15_PHL,Philippines,2000,78691.166,377459.33071605104,0.2841998701423344,0.0456325486302376,33.3916737451306,377500.4923029353
15_PHL,Philippines,2001,80559.628,388968.9389414941,0.2842186099710956,0.0447482652962208,34.6236833401699,389011.8302087552
15_PHL,Philippines,2002,82243.348,403424.016589514,0.285782828987318,0.0440052561461926,35.2688442852804,403468.2931043841
15_PHL,Philippines,2003,83894.429,423945.837811198,0.2885432199564359,0.0435408651828766,35.6099556982049,423992.54131365626
15_PHL,Philippines,2004,85569.241,451795.808663307,0.2952414796642374,0.0432892702519894,36.2292309162938,451844.9494566545
15_PHL,Philippines,2005,87219.768,474125.83963291,0.2987144441696168,0.0432303734123707,37.7714550955846,474177.3659612194
15_PHL,Philippines,2006,88812.155,499332.345525613,0.3029568141032479,0.0433097667992115,37.2282016275856,499386.9324867842
15_PHL,Philippines,2007,90205.817,531885.276934827,0.3089082091622823,0.0434171110391617,36.7544223626749,531943.7128470319
15_PHL,Philippines,2008,91944.551,554992.965268913,0.3074641376095745,0.0435211509466171,36.0222747408748,555053.3577554148
15_PHL,Philippines,2009,93453.638,563031.05638158,0.298129436534535,0.0435354486107826,37.9486917120278,563092.2744700228
15_PHL,Philippines,2010,95314.862,604326.568988619,0.3018191308731738,0.0437284633517265,39.7514910839799,604392.8132960588
15_PHL,Philippines,2011,97359.388,627642.895061402,0.2988134495729794,0.0440823026001453,36.8750710888523,627711.9580864083
15_PHL,Philippines,2012,99137.841,670931.1224482331,0.3025482462332664,0.0443370081484318,35.1328493512711,671004.9355486642
15_PHL,Philippines,2013,101213.184,716222.5378800861,0.3041949254857161,0.044611282646656,36.3544017148818,716301.0485187005
15_PHL,Philippines,2014,102939.488,761688.254932336,0.3041283548890354,0.0448556691408157,37.3474479713157,761771.2056434915
15_PHL,Philippines,2015,104594.772,810042.584431379,0.3020424690543863,0.0451046079397202,35.6348333700962,810131.1960814223
15_PHL,Philippines,2016,106031.211,867956.228661943,0.2983936104954116,0.0458795987069607,35.0547724231085,868051.4018807199
15_PHL,Philippines,2017,107440.227,928114.173543905,0.2939228847929568,0.0470628365874291,35.4886316753905,928215.3197166156
15_PHL,Philippines,2018,108799.16,986970.3999465612,0.2869256491622675,0.0480823628604412,33.8070507208738,987079.1199579554
15_PHL,Philippines,2019,110131.413,1047358.43714574,0.2813374484145599,0.0485024377703667,31.7551872075089,1047473.3910708087
15_PHL,Philippines,2020,111477.954,947667.774109205,0.2448174804189867,0.0480309426784515,24.8181733606399,947771.4676311002
15_PHL,Philippines,2021,112684.574,1001824.4583761,0.2474884422914089,0.0472779609262943,20.2029188331693,1001824.4583761002
15_PHL,Philippines,2022,113517.326,1077772.59151808,0.2533030992318411,0.0467602163553238,22.4737175447068,1066626.3435021357
15_PHL,Philippines,2023,114411.351,1137254.31849328,0.2535515998415264,0.0463772527873516,27.3405418997346,1120155.417916766
15_PHL,Philippines,2024,115371.047,1202245.50576815,,,29.1320470859788,1187577.7859740302
15_PHL,Philippines,2025,116316.292,1255173.180995,,,30.1126617213724,1258499.8202990214
15_PHL,Philippines,2026,117257.633,,,,,1333698.3144087768
15_PHL,Philippines,2027,118191.31,,,,,1413421.4142378168
15_PHL,Philippines,2028,119121.517,,,,,1492087.7639319308
15_PHL,Philippines,2029,120046.446,,,,,1574305.675458067
15_PHL,Philippines,2030,120957.813,,,,,1658537.0967436945
15_PHL,Philippines,2031,121859.977,,,,,1745084.5561475824
15_PHL,Philippines,2032,122743.217,,,,,1834737.350984531
15_PHL,Philippines,2033,123617.444,,,,,1927152.5131822715
15_PHL,Philippines,2034,124480.613,,,,,2023033.272926389
15_PHL,Philippines,2035,125327.615,,,,,2122097.9657415664
15_PHL,Philippines,2036,126154.328,,,,,2224283.025624736
15_PHL,Philippines,2037,126962.124,,,,,2329459.1053526974
15_PHL,Philippines,2038,127743.069,,,,,2437712.519196064
15_PHL,Philippines,2039,128493.985,,,,,2549135.1908253697
15_PHL,Philippines,2040,129206.096,,,,,2663426.550813752
15_PHL,Philippines,2041,129887.223,,,,,2780626.069612463
15_PHL,Philippines,2042,130532.38,,,,,2900538.025290096
15_PHL,Philippines,2043,131141.613,,,,,3023153.8290575915
15_PHL,Philippines,2044,131713.173,,,,,3148519.575394512
15_PHL,Philippines,2045,132246.154,,,,,3276456.752614199
15_PHL,Philippines,2046,132737.909,,,,,3407747.7852451704
15_PHL,Philippines,2047,133186.092,,,,,3542476.8808968747
15_PHL,Philippines,2048,133584.481,,,,,3680435.950995789
15_PHL,Philippines,2049,133934.38,,,,,3821537.230418164
15_PHL,Philippines,2050,134243.619,,,,,3965698.230440871
15_PHL,Philippines,2051,134503.259,,,,,4112855.4055735953
15_PHL,Philippines,2052,134721.963,,,,,4262942.377909335
15_PHL,Philippines,2053,134888.149,,,,,4415640.3179717045
15_PHL,Philippines,2054,135017.688,,,,,4570952.773794638
15_PHL,Philippines,2055,135111.758,,,,,4728632.117349572
15_PHL,Philippines,2056,135166.503,,,,,4888453.438389025
15_PHL,Philippines,2057,135182.289,,,,,5050331.980782106
15_PHL,Philippines,2058,135176.407,,,,,5214032.058545524
15_PHL,Philippines,2059,135144.45,,,,,5379057.23579889
15_PHL,Philippines,2060,135077.733,,,,,5545377.259060903
15_PHL,Philippines,2061,134986.784,,,,,5712628.587785563
15_PHL,Philippines,2062,134872.545,,,,,5880679.177125841
15_PHL,Philippines,2063,134733.661,,,,,6049416.721349074
15_PHL,Philippines,2064,134577.13,,,,,6218377.518138311
15_PHL,Philippines,2065,134399.228,,,,,6387169.09883219
15_PHL,Philippines,2066,134195.107,,,,,6555816.796337246
15_PHL,Philippines,2067,133979.749,,,,,6723673.803272581
15_PHL,Philippines,2068,133735.808,,,,,6890565.29746478
15_PHL,Philippines,2069,133473.865,,,,,7056491.138474404
15_PHL,Philippines,2070,133187.801,,,,,7220917.664498258
15_PHL,Philippines,2071,132875.585,,,,,7383604.962837371
15_PHL,Philippines,2072,132541.872,,,,,7547250.180751015
15_PHL,Philippines,2073,132177.702,,,,,7712083.9115418
15_PHL,Philippines,2074,131788.59,,,,,7877936.195716917
15_PHL,Philippines,2075,131368.202,,,,,8044715.506363157
15_PHL,Philippines,2076,130925.904,,,,,8212425.220526665
15_PHL,Philippines,2077,130453.889,,,,,8380867.235114218
15_PHL,Philippines,2078,129944.348,,,,,8550340.290930238
15_PHL,Philippines,2079,129414.119,,,,,8720493.97381649
15_PHL,Philippines,2080,128863.335,,,,,8891771.931855008
15_PHL,Philippines,2081,128280.8,,,,,9064010.318408089
15_PHL,Philippines,2082,127679.541,,,,,9237159.84342846
15_PHL,Philippines,2083,127052.531,,,,,9411045.498383796
15_PHL,Philippines,2084,126407.399,,,,,9585914.326541398
15_PHL,Philippines,2085,125737.983,,,,,9761741.111122478
15_PHL,Philippines,2086,125046.218,,,,,9938331.092040503
15_PHL,Philippines,2087,124340.012,,,,,10116072.988127666
15_PHL,Philippines,2088,123622.113,,,,,10294783.596776074
15_PHL,Philippines,2089,122894.558,,,,,10474516.728863826
15_PHL,Philippines,2090,122157.892,,,,,10655050.510784348
15_PHL,Philippines,2091,121413.621,,,,,10836693.01241961
15_PHL,Philippines,2092,120659.219,,,,,11018987.31247031
15_PHL,Philippines,2093,119902.939,,,,,11202123.651072498
15_PHL,Philippines,2094,119144.703,,,,,11385939.007034907
15_PHL,Philippines,2095,118387.691,,,,,11570860.489216683
15_PHL,Philippines,2096,117624.456,,,,,11756677.741568686
15_PHL,Philippines,2097,116861.009,,,,,11943581.88962027
15_PHL,Philippines,2098,116104.017,,,,,12131263.6655504
15_PHL,Philippines,2099,115349.551,,,,,12319645.540942498
15_PHL,Philippines,2100,114596.066,,,,,12508931.442204364
16_RUS,Russia,1990,148642.381,4386345.13817199,0.1139607662271094,0.0356922447681427,,4397741.465002921
16_RUS,Russia,1991,149316.7,4164968.95491794,0.1040507296383638,0.0364197194576263,,4177854.599989868
16_RUS,Russia,1992,149580.166,3559754.24345934,0.0885516455955366,0.0363926999270916,,3572064.5834288555
16_RUS,Russia,1993,148251.816,3251175.5107675,0.0814342209298321,0.0356531739234924,,3261295.376884684
16_RUS,Russia,1994,148019.032,2842510.68257551,0.07212075012563,0.0344543606042862,29.576019747851,2847110.30966438
16_RUS,Russia,1995,148382.441,2724730.44502044,0.0701519737086412,0.0332501046359539,28.0227088726174,2730378.220509244
16_RUS,Russia,1996,148200.365,2622414.9248018,0.0687965377998035,0.0322027616202831,27.1159226042149,2631867.3924599523
16_RUS,Russia,1997,147968.8,2659126.52581455,0.0709285944572957,0.0312559753656387,21.9453568046979,2668241.1380036585
16_RUS,Russia,1998,147738.741,2518193.840343,0.06837000771447,0.0304080545902252,19.3235081435628,2525612.15418331
16_RUS,Russia,1999,147532.321,2679356.09789008,0.0739406888761369,0.0296720433980227,28.2459905455541,2686026.5137134963
16_RUS,Russia,2000,146951.628,2947293.49785473,0.0823863646173149,0.0291832536458969,36.1542075558736,2955853.310175966
16_RUS,Russia,2001,146483.937,3097606.9760178,0.0873841720000566,0.0289047732949257,32.5129186409687,3106321.678385928
16_RUS,Russia,2002,145750.631,3243194.2532676803,0.0922816905433454,0.0286878254264593,28.774776224551,3253694.7478897325
16_RUS,Russia,2003,146128.369,3479945.88822114,0.0994443664495068,0.0285727214068174,28.2662385584185,3492806.2154082027
16_RUS,Russia,2004,145460.09,3730500.17806156,0.1066691251097661,0.0286166332662106,30.2604397434939,3743441.67138909
16_RUS,Russia,2005,144900.103,3969250.90049488,0.1132630402063137,0.0289138182997704,30.5465768219055,3982121.955239788
16_RUS,Russia,2006,144295.666,4294732.18353033,0.1217020032787696,0.0295502599328756,30.6608764968892,4306810.123209482
16_RUS,Russia,2007,143910.23,4659783.46437558,0.1304685332418185,0.0305112656205893,31.2668546897582,4674401.0263898
16_RUS,Russia,2008,143809.297,4902090.77229438,0.1352772208322725,0.0316856354475021,30.063881910679,4919695.3318192
16_RUS,Russia,2009,143814.384,4519727.99045976,0.1238033133834338,0.0324012823402882,20.8762043653616,4534933.353824232
16_RUS,Russia,2010,143923.88,4723115.749994599,0.1282515700212891,0.032837301492691,26.283714313898,4739164.137166641
16_RUS,Russia,2011,143945.051,4926211.105734929,0.1319343662410894,0.0334972739219666,28.7575643096851,4979257.434342114
16_RUS,Russia,2012,144142.446,5124446.08491426,0.1356239758320971,0.034234631806612,27.2441713507904,5179625.058495242
16_RUS,Russia,2013,144439.612,5214401.74651076,0.1364268460530274,0.034890815615654,24.2820958381877,5270548.390126906
16_RUS,Russia,2014,144768.583,5252793.67736262,0.1361588974925551,0.0352417565882206,24.5121808211262,5309353.312799044
16_RUS,Russia,2015,145082.693,5149170.806564599,0.1328805672694155,0.0352284573018551,26.366709537342,5204615.7868318055
16_RUS,Russia,2016,145532.538,5159143.263887281,0.1324682885281272,0.0350418873131275,25.0134122865718,5214696.123766342
16_RUS,Russia,2017,146024.816,5253385.6060589,0.1339729490217897,0.034981444478035,25.6686851355845,5309906.966893762
16_RUS,Russia,2018,146348.782,5400813.51077824,0.1368024805295775,0.03506263718009,28.9492684952112,5458968.502121239
16_RUS,Russia,2019,146511.509,5519527.48090736,0.1388590974419489,0.0352733992040157,26.5372798751328,5578961.862773181
16_RUS,Russia,2020,146554.625,5373058.29169962,0.1345507053854182,0.0356334634125233,25.7684981515278,5430353.135250567
16_RUS,Russia,2021,146187.972,5688268.31433954,0.1416596893126115,0.0359714180231094,29.8125329121196,5688268.31433954
16_RUS,Russia,2022,145484.378,5606620.5813337695,0.1386979620197175,0.0362408421933651,33.3939222918452,5494377.857433347
16_RUS,Russia,2023,145675.42,5834620.196473691,0.1418289094959926,0.0367455184459686,30.2888471082987,5369105.165114883
16_RUS,Russia,2024,145205.581,6121781.51204027,,,30.841114469031,5449638.128765216
16_RUS,Russia,2025,144435.265,6183071.35415995,,,28.6401351543644,5504162.456233423
16_RUS,Russia,2026,143559.521,,,,,5548193.2283178205
16_RUS,Russia,2027,143229.395,,,,,5587003.556213614
16_RUS,Russia,2028,142858.854,,,,,5629308.906810126
16_RUS,Russia,2029,142480.73,,,,,5662463.0760360425
16_RUS,Russia,2030,142089.382,,,,,5689559.879594802
16_RUS,Russia,2031,141689.437,,,,,5727773.400378722
16_RUS,Russia,2032,141261.464,,,,,5752262.397312139
16_RUS,Russia,2033,140859.287,,,,,5788634.079537393
16_RUS,Russia,2034,140469.898,,,,,5836118.745005126
16_RUS,Russia,2035,140091.664,,,,,5881735.856909212
16_RUS,Russia,2036,139727.619,,,,,5927168.760045368
16_RUS,Russia,2037,139375.42,,,,,5973181.088987017
16_RUS,Russia,2038,139034.326,,,,,6020265.690058337
16_RUS,Russia,2039,138719.274,,,,,6068204.300862276
16_RUS,Russia,2040,138415.363,,,,,6117890.652095637
16_RUS,Russia,2041,138148.299,,,,,6170315.765332133
16_RUS,Russia,2042,137895.225,,,,,6224522.612757664
16_RUS,Russia,2043,137670.254,,,,,6282204.760946372
16_RUS,Russia,2044,137445.556,,,,,6340585.164154424
16_RUS,Russia,2045,137244.454,,,,,6399420.832825684
16_RUS,Russia,2046,137059.959,,,,,6458634.136974502
16_RUS,Russia,2047,136887.457,,,,,6518244.877248711
16_RUS,Russia,2048,136691.348,,,,,6578239.993618291
16_RUS,Russia,2049,136480.604,,,,,6638272.157294135
16_RUS,Russia,2050,136256.184,,,,,6698264.6732000215
16_RUS,Russia,2051,136009.366,,,,,6758374.881042801
16_RUS,Russia,2052,135743.012,,,,,6818311.760801666
16_RUS,Russia,2053,135473.935,,,,,6878174.101105423
16_RUS,Russia,2054,135151.042,,,,,6938048.412349675
16_RUS,Russia,2055,134823.641,,,,,6997918.992467678
16_RUS,Russia,2056,134473.677,,,,,7057739.534654347
16_RUS,Russia,2057,134129.15,,,,,7117647.432296307
16_RUS,Russia,2058,133787.487,,,,,7177588.3643645495
16_RUS,Russia,2059,133420.512,,,,,7237775.049113944
16_RUS,Russia,2060,133058.697,,,,,7298171.625465714
16_RUS,Russia,2061,132728.241,,,,,7358844.85559764
16_RUS,Russia,2062,132375.686,,,,,7419927.412746866
16_RUS,Russia,2063,132042.291,,,,,7481384.902929655
16_RUS,Russia,2064,131693.254,,,,,7543486.125479367
16_RUS,Russia,2065,131354.269,,,,,7606099.223776283
16_RUS,Russia,2066,131020.402,,,,,7669224.908437522
16_RUS,Russia,2067,130708.309,,,,,7733028.697913304
16_RUS,Russia,2068,130421.764,,,,,7797552.813605366
16_RUS,Russia,2069,130140.496,,,,,7863193.419270166
16_RUS,Russia,2070,129848.908,,,,,7929463.389902344
16_RUS,Russia,2071,129572.75,,,,,7996589.812253394
16_RUS,Russia,2072,129291.142,,,,,8064702.321244582
16_RUS,Russia,2073,129062.736,,,,,8133853.668579824
16_RUS,Russia,2074,128845.523,,,,,8204017.349968797
16_RUS,Russia,2075,128646.391,,,,,8275120.89468816
16_RUS,Russia,2076,128461.727,,,,,8347387.74788476
16_RUS,Russia,2077,128308.149,,,,,8420728.549826687
16_RUS,Russia,2078,128149.963,,,,,8495152.940285519
16_RUS,Russia,2079,128008.43,,,,,8570823.224158015
16_RUS,Russia,2080,127886.854,,,,,8647654.125205908
16_RUS,Russia,2081,127788.984,,,,,8725816.564441267
16_RUS,Russia,2082,127704.616,,,,,8805052.729514416
16_RUS,Russia,2083,127620.32,,,,,8885446.006210478
16_RUS,Russia,2084,127544.819,,,,,8967132.120329306
16_RUS,Russia,2085,127469.45,,,,,9050124.263073117
16_RUS,Russia,2086,127392.688,,,,,9134385.4518988
16_RUS,Russia,2087,127323.978,,,,,9219853.594873002
16_RUS,Russia,2088,127275.427,,,,,9306643.749675617
16_RUS,Russia,2089,127224.746,,,,,9394572.667840632
16_RUS,Russia,2090,127172.007,,,,,9483686.814695211
16_RUS,Russia,2091,127116.212,,,,,9573771.88712605
16_RUS,Russia,2092,127067.167,,,,,9665073.2857478
16_RUS,Russia,2093,126991.668,,,,,9757475.672504928
16_RUS,Russia,2094,126935.766,,,,,9850703.57071003
16_RUS,Russia,2095,126882.789,,,,,9944743.044229517
16_RUS,Russia,2096,126814.17,,,,,10039616.807201635
16_RUS,Russia,2097,126723.362,,,,,10135203.128109245
16_RUS,Russia,2098,126644.367,,,,,10231710.06791532
16_RUS,Russia,2099,126543.015,,,,,10329023.554375984
16_RUS,Russia,2100,126439.051,,,,,10427310.09303062
17_SGP,Singapore,1990,2988.681,140049.416153099,0.2731169988670847,0.0418878048658371,43.7346820122541,143569.59094546075
17_SGP,Singapore,1991,3090.501,149416.477857285,0.2712809716892718,0.0433828830718994,44.9742348070061,153174.6809015526
17_SGP,Singapore,1992,3182.081,159337.441475797,0.2681576132099644,0.0446267388761044,46.9931769374517,163364.7946600042
17_SGP,Singapore,1993,3270.848,177596.95598247298,0.2766336041724687,0.0456315316259861,44.3689996647096,182042.89417434327
17_SGP,Singapore,1994,3364.936,197302.562442346,0.2840182369710681,0.046156257390976,48.0937388256663,202267.72732380396
17_SGP,Singapore,1995,3470.698,211459.81271941905,0.2800638053799027,0.0464525781571865,50.5941912194197,216814.7014067492
17_SGP,Singapore,1996,3596.551,227258.801839554,0.2719823284134601,0.0472463257610798,48.8767626927082,232999.8858248351
17_SGP,Singapore,1997,3732.569,246158.119024241,0.2663609082182415,0.0479022897779942,52.3004833795433,252353.782523862
17_SGP,Singapore,1998,3860.676,240764.757697655,0.2402297824175614,0.0477310195565224,51.3496086513825,246813.7792465844
17_SGP,Singapore,1999,3942.159,254532.581602908,0.2376634520138291,0.0472639799118042,48.9122577264388,260959.87900068815
17_SGP,Singapore,2000,3990.955,277538.04147977097,0.2412665590861519,0.0469802767038345,46.3748639816815,284534.32740500645
17_SGP,Singapore,2001,4079.535,274565.989973697,0.2252940365058599,0.046735730022192,40.0817720006283,281478.673281776
17_SGP,Singapore,2002,4152.797,285338.204303906,0.2246073291652822,0.0463997572660446,38.4280208891596,292526.44561939326
17_SGP,Singapore,2003,4140.988,298316.114664843,0.2269880474612696,0.0461049489676952,39.398793615194,305840.5749293399
17_SGP,Singapore,2004,4135.502,327968.684807152,0.2397960775535604,0.0462254360318184,40.6143506457402,336253.930075705
17_SGP,Singapore,2005,4210.033,352127.915476514,0.2476322239991753,0.0468008518218994,43.62664151037,361014.55186132656
17_SGP,Singapore,2006,4326.694,383843.253121348,0.2585366180376766,0.0476377792656422,48.1685207360732,393475.66635702207
17_SGP,Singapore,2007,4487.422,418471.74709983,0.2677945173466436,0.0486085154116154,49.970919838469,429046.2055915437
17_SGP,Singapore,2008,4705.608,426269.898869297,0.2579936883217176,0.0494943074882031,44.3584688806777,436967.4947827266
17_SGP,Singapore,2009,4907.874,426815.325624664,0.2444587078697035,0.0499123372137547,43.8631060213423,437599.8980076022
17_SGP,Singapore,2010,5029.261,488787.842633126,0.2646496265242403,0.0503729693591595,50.5915809058007,501121.81045800034
17_SGP,Singapore,2011,5124.767,519165.685276846,0.2658547775875744,0.0511189624667168,48.8092109004309,532270.1847769705
17_SGP,Singapore,2012,5239.711,542193.266755059,0.2619160153373335,0.0516959168016911,47.2531022096686,555799.7718966556
17_SGP,Singapore,2013,5346.968,568314.137606487,0.2589146919596958,0.052265603095293,45.5156971062719,582606.6635184345
17_SGP,Singapore,2014,5424.209,590680.3693923879,0.2542764660922332,0.0529721193015575,47.2950477994746,605584.0914369215
17_SGP,Singapore,2015,5491.591,608263.738590263,0.2484504169565552,0.0535507313907146,44.0462153091754,623579.4259037819
17_SGP,Singapore,2016,5559.088,632052.647907152,0.2453389465178597,0.0541719123721123,45.2357210400528,645757.0908704686
17_SGP,Singapore,2017,5596.771,659400.262106181,0.2446597447201065,0.0556410737335682,46.6182575489954,675862.2232966339
17_SGP,Singapore,2018,5611.386,680412.76680686,0.2442873827461977,0.0571823418140411,41.4218332441414,700679.4976817463
17_SGP,Singapore,2019,5657.353,688297.250280296,0.2391318429167304,0.0580892637372017,39.9868811642176,708369.4584049366
17_SGP,Singapore,2020,5681.772,663443.918456882,0.2254066854016967,0.0583657994866371,42.0805317790255,678992.7231539462
17_SGP,Singapore,2021,5558.529,730724.326968531,0.2385769621367943,0.0585080720484257,44.1544994049441,730724.326968531
17_SGP,Singapore,2022,5534.051,760028.410066194,0.2392853130394533,0.0587096810340881,41.9202431450759,752780.1356157485
17_SGP,Singapore,2023,5765.718,771050.857055831,0.2341021557567607,0.0587050914764404,37.8776158568895,769744.1640827503
17_SGP,Singapore,2024,5812.461,812252.052277036,,,40.4512885852667,789926.8330959294
17_SGP,Singapore,2025,5852.313,853074.8819270959,,,39.9756209143373,809483.8129961772
17_SGP,Singapore,2026,5889.187,,,,,829889.2786389937
17_SGP,Singapore,2027,5922.308,,,,,850562.4181550156
17_SGP,Singapore,2028,5956.784,,,,,875077.0758972822
17_SGP,Singapore,2029,5989.912,,,,,896449.788743351
17_SGP,Singapore,2030,6018.264,,,,,917387.2831457652
17_SGP,Singapore,2031,6044.491,,,,,938555.773461204
17_SGP,Singapore,2032,6072.318,,,,,959671.0672002692
17_SGP,Singapore,2033,6098.129,,,,,980821.3048427178
17_SGP,Singapore,2034,6124.177,,,,,1001971.2932654828
17_SGP,Singapore,2035,6145.385,,,,,1023119.8960075256
17_SGP,Singapore,2036,6161.08,,,,,1043647.1079896612
17_SGP,Singapore,2037,6172.62,,,,,1063997.9741898174
17_SGP,Singapore,2038,6183.805,,,,,1084212.371472446
17_SGP,Singapore,2039,6192.304,,,,,1104252.8641684705
17_SGP,Singapore,2040,6195.539,,,,,1124117.4954463262
17_SGP,Singapore,2041,6194.024,,,,,1143799.7369353871
17_SGP,Singapore,2042,6188.634,,,,,1163217.483557607
17_SGP,Singapore,2043,6182.134,,,,,1182378.729846104
17_SGP,Singapore,2044,6174.429,,,,,1201365.8989070158
17_SGP,Singapore,2045,6161.921,,,,,1220188.7142227776
17_SGP,Singapore,2046,6150.454,,,,,1238831.437270516
17_SGP,Singapore,2047,6136.765,,,,,1257317.8955891083
17_SGP,Singapore,2048,6119.563,,,,,1275653.3211910834
17_SGP,Singapore,2049,6106.852,,,,,1293831.39367425
17_SGP,Singapore,2050,6090.563,,,,,1311872.866911883
17_SGP,Singapore,2051,6072.82,,,,,1329785.2364165692
17_SGP,Singapore,2052,6056.236,,,,,1347592.6102349677
17_SGP,Singapore,2053,6044.328,,,,,1365303.9341143302
17_SGP,Singapore,2054,6028.74,,,,,1382904.1516583485
17_SGP,Singapore,2055,6008.249,,,,,1400432.905030958
17_SGP,Singapore,2056,5990.229,,,,,1417920.8756854038
17_SGP,Singapore,2057,5972.718,,,,,1435346.0160176186
17_SGP,Singapore,2058,5955.683,,,,,1452723.1518410018
17_SGP,Singapore,2059,5934.097,,,,,1470074.1656862542
17_SGP,Singapore,2060,5913.977,,,,,1487399.62122959
17_SGP,Singapore,2061,5889.475,,,,,1504708.7670166907
17_SGP,Singapore,2062,5867.268,,,,,1522071.3762222491
17_SGP,Singapore,2063,5843.629,,,,,1539401.270309951
17_SGP,Singapore,2064,5822.037,,,,,1556758.387431004
17_SGP,Singapore,2065,5796.463,,,,,1574117.9579294813
17_SGP,Singapore,2066,5766.213,,,,,1591496.0189043365
17_SGP,Singapore,2067,5734.564,,,,,1608920.6883262373
17_SGP,Singapore,2068,5707.293,,,,,1626393.0443166895
17_SGP,Singapore,2069,5677.52,,,,,1643912.6727424136
17_SGP,Singapore,2070,5646.138,,,,,1661497.68636511
17_SGP,Singapore,2071,5616.432,,,,,1679122.0645914844
17_SGP,Singapore,2072,5584.074,,,,,1696829.5199265266
17_SGP,Singapore,2073,5549.752,,,,,1714610.9121237204
17_SGP,Singapore,2074,5512.532,,,,,1732444.9811738145
17_SGP,Singapore,2075,5468.734,,,,,1750383.0804560063
17_SGP,Singapore,2076,5423.311,,,,,1768458.455481524
17_SGP,Singapore,2077,5381.662,,,,,1786673.548972808
17_SGP,Singapore,2078,5335.785,,,,,1805028.957920284
17_SGP,Singapore,2079,5287.561,,,,,1823498.3741920253
17_SGP,Singapore,2080,5235.884,,,,,1842120.9498631663
17_SGP,Singapore,2081,5183.492,,,,,1860930.925221441
17_SGP,Singapore,2082,5129.259,,,,,1879889.75760899
17_SGP,Singapore,2083,5073.733,,,,,1899080.9623209203
17_SGP,Singapore,2084,5018.63,,,,,1918492.887938212
17_SGP,Singapore,2085,4963.844,,,,,1938126.5362805007
17_SGP,Singapore,2086,4907.318,,,,,1957951.2536338584
17_SGP,Singapore,2087,4849.442,,,,,1978003.3671597329
17_SGP,Singapore,2088,4792.673,,,,,1998300.892582287
17_SGP,Singapore,2089,4736.975,,,,,2018858.581358366
17_SGP,Singapore,2090,4678.935,,,,,2039719.211516594
17_SGP,Singapore,2091,4623.589,,,,,2060850.1781714903
17_SGP,Singapore,2092,4568.972,,,,,2082286.9652171656
17_SGP,Singapore,2093,4518.313,,,,,2104049.3825476994
17_SGP,Singapore,2094,4467.109,,,,,2126161.150981292
17_SGP,Singapore,2095,4414.803,,,,,2148718.0215171883
17_SGP,Singapore,2096,4365.459,,,,,2171644.8197514666
17_SGP,Singapore,2097,4316.827,,,,,2195003.029482805
17_SGP,Singapore,2098,4270.327,,,,,2218803.873956504
17_SGP,Singapore,2099,4224.55,,,,,2243088.0335716973
17_SGP,Singapore,2100,4182.766,,,,,2267837.762261282
18_CT,Chinese Taipei,1990,20508.591,366441.497138,0.218298270645187,0.0472240597009659,,368812.0573048219
18_CT,Chinese Taipei,1991,20681.221,397129.155606,0.2159679076912484,0.0476748608052731,,399697.25595351687
18_CT,Chinese Taipei,1992,20882.279,430137.743751,0.2130293716477529,0.0482437647879124,,432917.4431387128
18_CT,Chinese Taipei,1993,21081.897,459432.78719,0.2075969998397719,0.0487179011106491,,462398.53217652254
18_CT,Chinese Taipei,1994,21267.467,493921.744844,0.2038310693652289,0.0488918162882328,,497104.83219725743
18_CT,Chinese Taipei,1995,21446.813,526007.831958,0.1992016620451973,0.0489970147609711,,529395.3178915484
18_CT,Chinese Taipei,1996,21622.177,558497.228625,0.1957163737092572,0.0491385459899902,,562094.2720288082
18_CT,Chinese Taipei,1997,21796.376,592311.2169809999,0.1918304460765995,0.0495736449956894,,596125.4742339327
18_CT,Chinese Taipei,1998,21974.281,617223.019612,0.185260655369512,0.0503067076206207,,621197.9855364126
18_CT,Chinese Taipei,1999,22124.171,658750.5450119999,0.1845047374452064,0.0510550551116467,,662993.0578774413
18_CT,Chinese Taipei,2000,22283.391,700368.407437,0.183367239053427,0.0518939085304737,,704879.7817889776
18_CT,Chinese Taipei,2001,22382.348,690553.3457139999,0.1741798902396768,0.0524253472685814,,695003.8422181174
18_CT,Chinese Taipei,2002,22510.167,728414.26938,0.1775786430792563,0.052430521696806,,733092.8342981817
18_CT,Chinese Taipei,2003,22623.636,759193.98852,0.1794152449538863,0.0523935183882713,,764070.72084677
18_CT,Chinese Taipei,2004,22704.613,811952.0481060001,0.1845799971094534,0.0527130626142025,,817165.6192343051
18_CT,Chinese Taipei,2005,22786.249,855651.4243200001,0.1877098142702847,0.0532840080559254,,861146.9987824006
18_CT,Chinese Taipei,2006,22863.614,905060.125647,0.1921216615861536,0.0537483207881451,,910874.4693939716
18_CT,Chinese Taipei,2007,22965.654,967022.389502,0.1990409591139868,0.0542128048837185,,973239.2524765368
18_CT,Chinese Taipei,2008,23048.194,974760.273081,0.1969853999713787,0.0545832887291908,,981030.3787283292
18_CT,Chinese Taipei,2009,23124.284,959041.85288,0.1918984511595282,0.0546572804450989,,965217.798685495
18_CT,Chinese Taipei,2010,23204.438,1057282.461494,0.2070960913307925,0.0548872761428356,,1064092.438285152
18_CT,Chinese Taipei,2011,23243.66,1096127.2858000002,0.2108608978430251,0.0552551709115505,,1103197.5595818823
18_CT,Chinese Taipei,2012,23302.493,1120475.56128,0.2122083876570046,0.0554392486810684,,1127709.5524632465
18_CT,Chinese Taipei,2013,23389.429,1148313.127078,0.2133923326424442,0.0556525103747845,,1155732.774944884
18_CT,Chinese Taipei,2014,23444.32,1202486.862746,0.2190607608197796,0.0559752024710178,,1210262.2705479965
18_CT,Chinese Taipei,2015,23501.311,1220088.898644,0.2179800626978439,0.0562955252826214,,1227984.8890246132
18_CT,Chinese Taipei,2016,23557.197,1246517.59826,0.2181886730852548,0.0566626526415348,,1254585.7160012112
18_CT,Chinese Taipei,2017,23615.088,1292138.861139,0.2213256133560384,0.057071965187788,,1296107.322367856
18_CT,Chinese Taipei,2018,23650.808,1329698.413503,0.2231914713492324,0.0574653446674347,,1332243.2638323286
18_CT,Chinese Taipei,2019,23667.802,1370313.777089,0.2242905805976337,0.0580572560429573,,1373051.7001463785
18_CT,Chinese Taipei,2020,23680.473,1417175.254078,0.2256750260677316,0.0588141493499279,,1419166.4219305802
18_CT,Chinese Taipei,2021,23646.445,1512408.876,0.2322862328293007,0.0598368719220161,,1512408.876
18_CT,Chinese Taipei,2022,23470.22,1553039.7201,0.2296852210448276,0.0612089335918427,,1562507.290572872
18_CT,Chinese Taipei,2023,23370.002,1569835.73794,0.2268760675298888,0.0622629299759865,,1606918.743414963
18_CT,Chinese Taipei,2024,23264.288,1652536.0098,,,,1641154.378087411
18_CT,Chinese Taipei,2025,23163.636,1795919.7249919998,,,,1674116.1901646634
18_CT,Chinese Taipei,2026,23061.95,1888935.101928,,,,1707648.2877001632
18_CT,Chinese Taipei,2027,22960.635,1945043.706066,,,,1741856.954770969
18_CT,Chinese Taipei,2028,22856.043,1992677.69361,,,,1782313.3394323816
18_CT,Chinese Taipei,2029,22751.547,2039940.217851,,,,1823092.1412658156
18_CT,Chinese Taipei,2030,22645.122,2089334.0196,,,,1864278.7284897969
18_CT,Chinese Taipei,2031,22534.778,2133774.9871340003,,,39.814,1905180.316305835
18_CT,Chinese Taipei,2032,22419.604,,,,,1942020.879472504
18_CT,Chinese Taipei,2033,22301.478,,,,,1977200.3660724536
18_CT,Chinese Taipei,2034,22179.706,,,,,2011516.2272690125
18_CT,Chinese Taipei,2035,22050.948,,,,,2045741.006993392
18_CT,Chinese Taipei,2036,21918.496,,,,,2079971.183097712
18_CT,Chinese Taipei,2037,21781.407,,,,,2114216.8255746323
18_CT,Chinese Taipei,2038,21637.366,,,,,2148556.661709464
18_CT,Chinese Taipei,2039,21489.819,,,,,2182083.774432959
18_CT,Chinese Taipei,2040,21336.384,,,,,2214713.0762527827
18_CT,Chinese Taipei,2041,21177.884,,,,,2246319.3352743583
18_CT,Chinese Taipei,2042,21013.581,,,,,2276815.472948345
18_CT,Chinese Taipei,2043,20843.712,,,,,2306612.27500897
18_CT,Chinese Taipei,2044,20669.345,,,,,2335804.207642937
18_CT,Chinese Taipei,2045,20491.723,,,,,2364465.3711573
18_CT,Chinese Taipei,2046,20306.656,,,,,2392540.547543504
18_CT,Chinese Taipei,2047,20121.176,,,,,2419937.2859498765
18_CT,Chinese Taipei,2048,19928.891,,,,,2446670.591462173
18_CT,Chinese Taipei,2049,19735.092,,,,,2472539.4787180093
18_CT,Chinese Taipei,2050,19535.308,,,,,2497622.3341307486
18_CT,Chinese Taipei,2051,19333.891,,,,,2521948.565994903
18_CT,Chinese Taipei,2052,19131.117,,,,,2545563.4133521006
18_CT,Chinese Taipei,2053,18925.959,,,,,2568455.0618378767
18_CT,Chinese Taipei,2054,18717.43,,,,,2590681.8896426708
18_CT,Chinese Taipei,2055,18505.142,,,,,2612170.0141682974
18_CT,Chinese Taipei,2056,18290.599,,,,,2632876.7215923443
18_CT,Chinese Taipei,2057,18076.85,,,,,2652774.155713425
18_CT,Chinese Taipei,2058,17858.523,,,,,2671824.244470556
18_CT,Chinese Taipei,2059,17638.894,,,,,2690013.690407767
18_CT,Chinese Taipei,2060,17415.5,,,,,2707332.8616015003
18_CT,Chinese Taipei,2061,17189.593,,,,,2723783.898306472
18_CT,Chinese Taipei,2062,16961.401,,,,,2739397.4455187507
18_CT,Chinese Taipei,2063,16732.816,,,,,2754127.1282017594
18_CT,Chinese Taipei,2064,16505.711,,,,,2768018.7937765517
18_CT,Chinese Taipei,2065,16277.798,,,,,2781084.1186927077
18_CT,Chinese Taipei,2066,16050.967,,,,,2793277.651807786
18_CT,Chinese Taipei,2067,15825.993,,,,,2804614.705691185
18_CT,Chinese Taipei,2068,15600.808,,,,,2815138.36209713
18_CT,Chinese Taipei,2069,15376.592,,,,,2824832.068076425
18_CT,Chinese Taipei,2070,15156.057,,,,,2833691.0439865133
18_CT,Chinese Taipei,2071,14936.816,,,,,2841810.541113422
18_CT,Chinese Taipei,2072,14718.082,,,,,2849164.514425517
18_CT,Chinese Taipei,2073,14500.707,,,,,2855772.917219384
18_CT,Chinese Taipei,2074,14287.553,,,,,2861610.4789534737
18_CT,Chinese Taipei,2075,14076.658,,,,,2866725.0249609943
18_CT,Chinese Taipei,2076,13869.064,,,,,2871166.034157429
18_CT,Chinese Taipei,2077,13666.503,,,,,2875030.4124265458
18_CT,Chinese Taipei,2078,13466.971,,,,,2878350.652655531
18_CT,Chinese Taipei,2079,13270.529,,,,,2881169.948588668
18_CT,Chinese Taipei,2080,13079.137,,,,,2883544.229020525
18_CT,Chinese Taipei,2081,12893.281,,,,,2885484.0086493515
18_CT,Chinese Taipei,2082,12711.115,,,,,2887077.412233753
18_CT,Chinese Taipei,2083,12534.636,,,,,2888326.210428775
18_CT,Chinese Taipei,2084,12362.08,,,,,2889238.5648823343
18_CT,Chinese Taipei,2085,12192.686,,,,,2889917.916053048
18_CT,Chinese Taipei,2086,12028.778,,,,,2890352.56272002
18_CT,Chinese Taipei,2087,11869.892,,,,,2890487.5426890887
18_CT,Chinese Taipei,2088,11714.092,,,,,2890426.246801878
18_CT,Chinese Taipei,2089,11560.771,,,,,2890124.4115378927
18_CT,Chinese Taipei,2090,11411.482,,,,,2889587.846081469
18_CT,Chinese Taipei,2091,11264.313,,,,,2888895.247539103
18_CT,Chinese Taipei,2092,11121.886,,,,,2887918.812452649
18_CT,Chinese Taipei,2093,10982.718,,,,,2886746.040887842
18_CT,Chinese Taipei,2094,10846.293,,,,,2885424.038171673
18_CT,Chinese Taipei,2095,10712.17,,,,,2884266.101244454
18_CT,Chinese Taipei,2096,10580.683,,,,,2883241.1504056323
18_CT,Chinese Taipei,2097,10451.887,,,,,2882381.3512886963
18_CT,Chinese Taipei,2098,10324.687,,,,,2881705.3697785097
18_CT,Chinese Taipei,2099,10199.795,,,,,2881309.295098371
18_CT,Chinese Taipei,2100,10077.143,,,,,2881127.189918993
19_THA,Thailand,1990,54281.477,476382.17939490697,0.3160968136592863,0.0561496391892433,32.8268187108862,470671.9107690902
19_THA,Thailand,1991,55195.181,517152.206431531,0.303300700793693,0.0572428032755852,34.528016169832,510217.7292737269
19_THA,Thailand,1992,56079.687,558955.6259492419,0.295668889275347,0.057955164462328,34.0199054218324,557315.1832034348
19_THA,Thailand,1993,56977.982,605080.174206112,0.287421145150749,0.058834832161665,35.9403785639628,605669.3400738635
19_THA,Thailand,1994,57838.415,653468.584993737,0.2776743470451714,0.05945885181427,35.8027071005383,654099.5290004526
19_THA,Thailand,1995,58683.293,706532.294783931,0.2683720167496777,0.0600964948534966,35.8028117053841,707214.161883513
19_THA,Thailand,1996,59513.172,746465.107712372,0.2553197526447555,0.0608727037906647,34.6035201809033,747187.2287933758
19_THA,Thailand,1997,60326.956,725910.6299795379,0.2338740733414681,0.0608884543180466,32.2545975091173,726619.9392693813
19_THA,Thailand,1998,61122.213,670494.356342068,0.2148378792439895,0.0594584308564663,31.7437445056457,671143.6716344304
19_THA,Thailand,1999,61923.048,701151.421768156,0.2233757412109235,0.0574720613658428,30.4552375675406,701836.5425110207
19_THA,Thailand,2000,62675.039,732389.449755889,0.2309569710736085,0.0563496984541416,30.7820937245273,733103.9198362071
19_THA,Thailand,2001,63340.591,757614.7661261341,0.2358093512941172,0.0558272153139114,28.2255095772685,758347.7582976049
19_THA,Thailand,2002,63961.692,804200.771231266,0.2464473978429051,0.0554790906608105,28.103890614555,804979.5637883268
19_THA,Thailand,2003,64571.181,862016.721322979,0.2578386434830554,0.0556449443101883,27.9738396418452,862854.8301444508
19_THA,Thailand,2004,65165.152,916231.902255627,0.2649763154962458,0.0565791837871075,27.8994841062468,917116.818565805
19_THA,Thailand,2005,65738.942,954600.381491807,0.2644758170258258,0.0582319721579552,28.2409524233023,955523.4551816288
19_THA,Thailand,2006,66295.897,1002023.12322303,0.2668490178111632,0.0599706210196018,30.4451483129011,1003002.2937823336
19_THA,Thailand,2007,66839.477,1056484.59994417,0.271228032913746,0.0613006986677647,32.2498340915576,1057508.360273657
19_THA,Thailand,2008,67365.312,1074716.34252171,0.2663290369039434,0.0625785291194916,30.6620557262506,1075758.991308111
19_THA,Thailand,2009,67874.349,1067294.15551474,0.258653615119259,0.0632175952196121,29.2740607965439,1068332.381508175
19_THA,Thailand,2010,68367.811,1147484.13355035,0.26973114535193,0.0633488669991493,29.6275906793853,1148597.1237155192
19_THA,Thailand,2011,68791.084,1157124.51590426,0.2632786243551108,0.0640725269913673,31.4339629664977,1158240.5588856512
19_THA,Thailand,2012,69223.332,1240932.6864003302,0.2717164463009681,0.0654116272926331,28.9313113964315,1242136.6581896718
19_THA,Thailand,2013,69648.864,1274282.6972897,0.2701557101251226,0.0666034072637558,27.2207671462189,1275527.73333171
19_THA,Thailand,2014,70041.365,1286827.61367901,0.2653311324633362,0.0672798156738281,27.4850789547057,1288080.473145326
19_THA,Thailand,2015,70391.368,1327157.3991063898,0.2653369935271316,0.0677987635135651,28.043823657924,1328454.3664716587
19_THA,Thailand,2016,70690.223,1372747.34891749,0.2663991349435798,0.0680515468120575,30.0765044478694,1374072.8347683642
19_THA,Thailand,2017,71029.46,1430096.3545318702,0.2696374868991609,0.068193756043911,31.9424672317789,1431487.1896518318
19_THA,Thailand,2018,71290.914,1490487.46856946,0.2728206787604483,0.0684943944215775,31.6865849444729,1491923.743322841
19_THA,Thailand,2019,71461.243,1522004.68753871,0.2706252420643291,0.0688370168209076,31.7166115590555,1524043.9553392052
19_THA,Thailand,2020,71583.299,1429267.98109045,0.2486161846304455,0.0690212473273277,28.2586166665329,1429613.8052264794
19_THA,Thailand,2021,71699.668,1451544.29916013,0.2466082791743397,0.0691888928413391,27.6338609938632,1451544.29916013
19_THA,Thailand,2022,71754.996,1489833.74630119,0.2466911446207101,0.0695252195000649,26.4000592714881,1492750.5377575955
19_THA,Thailand,2023,71715.662,1523337.63978847,0.2455907265961812,0.0695744603872299,25.6220712409329,1548202.8211676455
19_THA,Thailand,2024,71689.208,1568254.77139299,,,24.0895812398268,1603187.2227267756
19_THA,Thailand,2025,71646.814,1606558.99349363,,,23.9345935096814,1656370.5277203657
19_THA,Thailand,2026,71592.912,,,,,1709306.9851614295
19_THA,Thailand,2027,71526.317,,,,,1761144.5439927308
19_THA,Thailand,2028,71449.996,,,,,1814268.36795582
19_THA,Thailand,2029,71363.992,,,,,1869159.038743274
19_THA,Thailand,2030,71268.393,,,,,1925098.9346315267
19_THA,Thailand,2031,71161.651,,,,,1981605.138720797
19_THA,Thailand,2032,71046.391,,,,,2040943.3440344515
19_THA,Thailand,2033,70918.187,,,,,2101874.478225783
19_THA,Thailand,2034,70777.719,,,,,2163014.302069749
19_THA,Thailand,2035,70625.588,,,,,2225316.822427164
19_THA,Thailand,2036,70456.181,,,,,2288157.7494546445
19_THA,Thailand,2037,70276.807,,,,,2352693.9687185176
19_THA,Thailand,2038,70083.266,,,,,2418743.5166729647
19_THA,Thailand,2039,69874.807,,,,,2485951.690697677
19_THA,Thailand,2040,69653.059,,,,,2554702.154440385
19_THA,Thailand,2041,69416.945,,,,,2623858.1216386035
19_THA,Thailand,2042,69159.998,,,,,2694973.1188621502
19_THA,Thailand,2043,68890.703,,,,,2766529.021765887
19_THA,Thailand,2044,68605.463,,,,,2840299.350204067
19_THA,Thailand,2045,68307.597,,,,,2914018.4943829663
19_THA,Thailand,2046,67992.708,,,,,2988028.644238244
19_THA,Thailand,2047,67661.914,,,,,3063761.1117052506
19_THA,Thailand,2048,67316.802,,,,,3140604.229722023
19_THA,Thailand,2049,66956.674,,,,,3218848.5593412514
19_THA,Thailand,2050,66577.96,,,,,3299021.9061642773
19_THA,Thailand,2051,66187.51,,,,,3380569.4018975087
19_THA,Thailand,2052,65782.807,,,,,3461685.722416024
19_THA,Thailand,2053,65362.71,,,,,3542241.541160237
19_THA,Thailand,2054,64936.637,,,,,3625867.25008461
19_THA,Thailand,2055,64497.408,,,,,3711784.587106872
19_THA,Thailand,2056,64051.614,,,,,3797745.5274697538
19_THA,Thailand,2057,63596.669,,,,,3883643.794498061
19_THA,Thailand,2058,63137.082,,,,,3973075.982932615
19_THA,Thailand,2059,62674.735,,,,,4063686.45531028
19_THA,Thailand,2060,62210.782,,,,,4156233.8394413865
19_THA,Thailand,2061,61743.256,,,,,4248871.666703551
19_THA,Thailand,2062,61280.12,,,,,4344657.095650437
19_THA,Thailand,2063,60815.183,,,,,4444765.489214501
19_THA,Thailand,2064,60354.555,,,,,4541624.483194819
19_THA,Thailand,2065,59895.792,,,,,4643308.302956169
19_THA,Thailand,2066,59436.251,,,,,4743424.635420809
19_THA,Thailand,2067,58985.179,,,,,4844735.494149825
19_THA,Thailand,2068,58534.267,,,,,4949171.376353553
19_THA,Thailand,2069,58083.812,,,,,5054279.577712719
19_THA,Thailand,2070,57638.413,,,,,5163141.52264277
19_THA,Thailand,2071,57194.03,,,,,5279233.0810781615
19_THA,Thailand,2072,56756.624,,,,,5391663.938800847
19_THA,Thailand,2073,56321.545,,,,,5504296.792432739
19_THA,Thailand,2074,55888.938,,,,,5617080.946985734
19_THA,Thailand,2075,55458.97,,,,,5732280.490455471
19_THA,Thailand,2076,55035.994,,,,,5845982.78270247
19_THA,Thailand,2077,54615.657,,,,,5969942.839544747
19_THA,Thailand,2078,54197.917,,,,,6092193.9122485565
19_THA,Thailand,2079,53782.724,,,,,6223277.958684533
19_THA,Thailand,2080,53367.809,,,,,6345088.326805178
19_THA,Thailand,2081,52958.267,,,,,6475857.931580418
19_THA,Thailand,2082,52553.137,,,,,6604590.692381127
19_THA,Thailand,2083,52147.208,,,,,6738470.797288205
19_THA,Thailand,2084,51743.919,,,,,6876366.24036936
19_THA,Thailand,2085,51341.273,,,,,7014332.873086159
19_THA,Thailand,2086,50944.458,,,,,7163349.785793252
19_THA,Thailand,2087,50551.18,,,,,7309257.607217504
19_THA,Thailand,2088,50161.145,,,,,7463883.278994633
19_THA,Thailand,2089,49775.353,,,,,7624429.451145543
19_THA,Thailand,2090,49386.627,,,,,7782365.570551584
19_THA,Thailand,2091,49002.938,,,,,7942340.624185186
19_THA,Thailand,2092,48623.526,,,,,8101794.39624926
19_THA,Thailand,2093,48244.831,,,,,8273900.442321225
19_THA,Thailand,2094,47871.569,,,,,8444693.191488216
19_THA,Thailand,2095,47501.912,,,,,8616985.09419953
19_THA,Thailand,2096,47136.384,,,,,8801200.086592063
19_THA,Thailand,2097,46775.514,,,,,8992856.188424924
19_THA,Thailand,2098,46420.651,,,,,9180034.582191955
19_THA,Thailand,2099,46070.477,,,,,9367091.471607348
19_THA,Thailand,2100,45725.632,,,,,9574804.649158198
20_USA,United States of America,1990,251834.166,11079319.700573,0.2808847873565468,0.0363032892346382,18.7592652466551,11444924.331885666
20_USA,United States of America,1991,254912.608,11067319.3710153,0.2749212843656698,0.0363686792552471,18.814188530315,11432554.634952169
20_USA,United States of America,1992,258030.237,11457165.3829356,0.2786159842025449,0.0363963432610035,17.6880246956939,11835247.510493204
20_USA,United States of America,1993,261181.802,11772443.1859769,0.2798744580337309,0.0364278927445412,17.051004445686,12160945.265248144
20_USA,United States of America,1994,264084.66,12246757.5973897,0.2840954279243057,0.0364985056221485,17.8617050415274,12650889.259240603
20_USA,United States of America,1995,266864.96,12575513.322951,0.2843889916722833,0.0366143770515919,18.7589369755472,12990430.380819764
20_USA,United States of America,1996,269546.629,13049958.8552861,0.2870186478586725,0.0367640368640423,19.6511225768668,13480515.394960435
20_USA,United States of America,1997,272174.763,13630307.2209708,0.2910631477684555,0.0369657576084137,20.8476579331725,14080006.464388795
20_USA,United States of America,1998,274761.262,14241372.0703819,0.29442658303153,0.0372578948736191,21.3905003267748,14710985.131031506
20_USA,United States of America,1999,277477.403,14923309.4978312,0.2981556387789982,0.0376536659896374,20.9261032821343,15416339.76648548
20_USA,United States of America,2000,280093.565,15531820.2408323,0.299777405901807,0.0380950979888439,20.8133351907218,16044888.12606428
20_USA,United States of America,2001,282874.696,15680232.7377605,0.2937263189432043,0.0384064018726349,19.6572760977701,16198005.44103777
20_USA,United States of America,2002,285684.581,15946866.8368103,0.2911891173207227,0.0385213606059551,18.3808596273365,16472689.876778718
20_USA,United States of America,2003,288484.095,16392678.3971372,0.2915590392415231,0.0385398156940937,17.4287148287646,16933297.670123443
20_USA,United States of America,2004,291332.104,17023431.2361729,0.2943680090228293,0.0385821126401424,17.7331607023412,17585673.097257037
20_USA,United States of America,2005,294240.403,17616450.964293398,0.2957149094761515,0.0387304648756981,18.1224580010564,18198203.26864997
20_USA,United States of America,2006,297192.924,18106988.0239814,0.2954572989785636,0.0390181392431259,19.199754364329,18704627.381235883
20_USA,United States of America,2007,300267.495,18469826.4070951,0.2939827555862104,0.0394179932773113,17.427948488859,19080696.412840463
20_USA,United States of America,2008,303420.956,18490805.7745292,0.2886459668568735,0.0398210361599922,15.0588069137003,19104032.78124968
20_USA,United States of America,2009,306519.709,18014390.1199871,0.2784509425567681,0.0400029048323631,13.8930493967185,18607362.94782096
20_USA,United States of America,2010,309527.2,18499912.6270466,0.2830577875006044,0.0401498600840569,15.3832511206248,19111385.068282694
20_USA,United States of America,2011,312598.38,18789326.5278082,0.2841914305386392,0.0405341051518917,16.3373255386695,19407580.973079648
20_USA,United States of America,2012,315611.776,19219435.5172654,0.2866666988881442,0.0410572327673435,18.3792944123805,19850250.64207876
20_USA,United States of America,2013,318618.933,19626470.5066305,0.2884885608241583,0.0416117757558823,18.5633187946246,20215810.5533152
20_USA,United States of America,2014,321602.585,20121807.258768,0.2909934374214274,0.0421688631176949,19.656661027986,20678260.42936769
20_USA,United States of America,2015,324628.169,20714505.2434842,0.2945159029855033,0.0427246354520321,19.6984272057875,21237962.287293997
20_USA,United States of America,2016,327624.824,21091395.6155232,0.2948471734897148,0.0432429574429989,18.5586926139993,21592121.13567421
20_USA,United States of America,2017,330734.029,21609742.4578182,0.2968015654176029,0.0437685251235962,18.9790569108808,22079125.401459355
20_USA,United States of America,2018,333675.29,22250796.5627992,0.2999119351490696,0.0444000996649265,19.2309245179584,22723584.676662076
20_USA,United States of America,2019,336437.705,22825718.2806318,0.302027123882216,0.0450976341962814,19.4296726896058,23243714.14257409
20_USA,United States of America,2020,339142.428,22350629.2635793,0.2908009127187911,0.045669186860323,18.3841091960382,22452357.1284407
20_USA,United States of America,2021,339729.889,23725645.0000001,0.30298845580457,0.0462337732315064,17.7191305020369,23725645.0000001
20_USA,United States of America,2022,340592.993,24324531.0172657,0.3053979567179592,0.0470067113637924,18.2901078480764,24114942.793247383
20_USA,United States of America,2023,342475.098,25038301.1099445,0.3090355062648071,0.0478879362344742,17.1362533011054,24354975.81921492
20_USA,United States of America,2024,344479.572,25737667.7200367,,,16.6047608757631,24648776.522335984
20_USA,United States of America,2025,346373.57,26293957.0260942,,,16.804760875763098,25082777.55340593
20_USA,United States of America,2026,348178.045,,,,,25597341.939610228
20_USA,United States of America,2027,349892.943,,,,,26072316.40240937
20_USA,United States of America,2028,351563.767,,,,,26562366.69341883
20_USA,United States of America,2029,353244.404,,,,,27063899.240598906
20_USA,United States of America,2030,354856.131,,,,,27562012.611061696
20_USA,United States of America,2031,356443.631,,,,,28087898.048602574
20_USA,United States of America,2032,358001.8,,,,,28622595.644183427
20_USA,United States of America,2033,359538.148,,,,,29165950.296868198
20_USA,United States of America,2034,361049.869,,,,,29717379.85582023
20_USA,United States of America,2035,362553.753,,,,,30275600.41707768
20_USA,United States of America,2036,364015.679,,,,,30841034.78014896
20_USA,United States of America,2037,365447.64,,,,,31413492.576915067
20_USA,United States of America,2038,366857.1,,,,,31992369.70172355
20_USA,United States of America,2039,368245.811,,,,,32577021.69472627
20_USA,United States of America,2040,369567.825,,,,,33168621.786077827
20_USA,United States of America,2041,370850.807,,,,,33765341.93278662
20_USA,United States of America,2042,372088.149,,,,,34369103.78545021
20_USA,United States of America,2043,373321.395,,,,,34979146.47736565
20_USA,United States of America,2044,374479.96,,,,,35594832.39282161
20_USA,United States of America,2045,375578.531,,,,,36217034.0667484
20_USA,United States of America,2046,376634.414,,,,,36844249.30427901
20_USA,United States of America,2047,377629.041,,,,,37477738.46597387
20_USA,United States of America,2048,378606.493,,,,,38117233.62472979
20_USA,United States of America,2049,379520.996,,,,,38762622.235217206
20_USA,United States of America,2050,380412.816,,,,,39415393.94535472
20_USA,United States of America,2051,381281.003,,,,,40073965.410024114
20_USA,United States of America,2052,382135.79,,,,,40739454.44772263
20_USA,United States of America,2053,382951.717,,,,,41412951.09912219
20_USA,United States of America,2054,383766.947,,,,,42094555.02119296
20_USA,United States of America,2055,384524.893,,,,,42785589.51635355
20_USA,United States of America,2056,385263.702,,,,,43485623.43306612
20_USA,United States of America,2057,386020.98,,,,,44195972.03379154
20_USA,United States of America,2058,386829.472,,,,,44916497.98304969
20_USA,United States of America,2059,387677.939,,,,,45647587.48085624
20_USA,United States of America,2060,388508.176,,,,,46389652.577229485
20_USA,United States of America,2061,389328.613,,,,,47142941.13430066
20_USA,United States of America,2062,390201.974,,,,,47907700.80332059
20_USA,United States of America,2063,391093.069,,,,,48684821.208577074
20_USA,United States of America,2064,391998.168,,,,,49474705.50024983
20_USA,United States of America,2065,392890.288,,,,,50276677.25230421
20_USA,United States of America,2066,393814.93,,,,,51090685.937448695
20_USA,United States of America,2067,394773.769,,,,,51916773.25821988
20_USA,United States of America,2068,395760.683,,,,,52754928.65231281
20_USA,United States of America,2069,396735.888,,,,,53605500.21804612
20_USA,United States of America,2070,397738.922,,,,,54466298.73305234
20_USA,United States of America,2071,398697.254,,,,,55338091.97929797
20_USA,United States of America,2072,399688.585,,,,,56223124.94983994
20_USA,United States of America,2073,400615.022,,,,,57118394.16273515
20_USA,United States of America,2074,401546.043,,,,,58024117.16411742
20_USA,United States of America,2075,402440.653,,,,,58939300.3048535
20_USA,United States of America,2076,403379.673,,,,,59864977.77440286
20_USA,United States of America,2077,404262.179,,,,,60800357.81523989
20_USA,United States of America,2078,405104.745,,,,,61746516.87044336
20_USA,United States of America,2079,405932.659,,,,,62702948.35407479
20_USA,United States of America,2080,406707.2,,,,,63668768.01093382
20_USA,United States of America,2081,407452.432,,,,,64644553.276988566
20_USA,United States of America,2082,408280.137,,,,,65631205.16809225
20_USA,United States of America,2083,409031.584,,,,,66628317.3555056
20_USA,United States of America,2084,409771.734,,,,,67637016.2653901
20_USA,United States of America,2085,410497.599,,,,,68657450.661312
20_USA,United States of America,2086,411162.37,,,,,69689614.78396216
20_USA,United States of America,2087,411877.803,,,,,70734997.62037192
20_USA,United States of America,2088,412595.75,,,,,71792304.35196526
20_USA,United States of America,2089,413361.81,,,,,72863527.30446015
20_USA,United States of America,2090,414099.672,,,,,73948812.13880067
20_USA,United States of America,2091,414815.608,,,,,75046989.27361153
20_USA,United States of America,2092,415557.17,,,,,76161038.77820571
20_USA,United States of America,2093,416300.83,,,,,77289765.12954159
20_USA,United States of America,2094,417023.423,,,,,78433481.01192945
20_USA,United States of America,2095,417759.808,,,,,79592831.23089391
20_USA,United States of America,2096,418471.247,,,,,80768413.72283801
20_USA,United States of America,2097,419128.948,,,,,81961766.82028292
20_USA,United States of America,2098,419793.086,,,,,83168845.11194259
20_USA,United States of America,2099,420398.554,,,,,84391975.1050133
20_USA,United States of America,2100,421007.222,,,,,85629314.84132414
21_VN,Viet Nam,1990,64808.586,161662.91552756602,0.8276203720536948,0.0386177413165569,,159133.0426575923
21_VN,Viet Nam,1991,66200.519,171299.389618391,0.8306164145449333,0.0384037680923939,,168375.9547942967
21_VN,Viet Nam,1992,67583.031,186110.016142367,0.8225074942943451,0.0377812534570694,,183027.17164727405
21_VN,Viet Nam,1993,68937.644,201134.176471976,0.7862992691707483,0.0368806533515453,,197811.13096580905
21_VN,Viet Nam,1994,70235.124,218912.38801920903,0.7432382493103459,0.0359770320355892,,215285.87284432695
21_VN,Viet Nam,1995,71473.658,239797.68099861,0.7070392612326486,0.0353875756263733,,235822.69347418335
21_VN,Viet Nam,1996,72626.222,262194.826367016,0.6724802356967103,0.0354715622961521,21.196503227514,257850.94105957012
21_VN,Viet Nam,1997,73686.671,283569.16923197603,0.6375180522504746,0.0366246551275253,21.7955061723789,278869.1301549401
21_VN,Viet Nam,1998,74767.106,299915.387686359,0.5934705066498487,0.0385258533060551,23.3447998293709,294947.0085820862
21_VN,Viet Nam,1999,75832.215,314232.109294403,0.5574914014648188,0.0405048280954361,26.8713762086002,309026.0322777764
21_VN,Viet Nam,2000,76742.689,335560.03679716104,0.5360472898317391,0.0432405471801758,31.2477933126531,329999.0590994215
21_VN,Viet Nam,2001,77565.332,356340.911874838,0.5177782504201579,0.0465493910014629,31.3018955804133,352751.25224959553
21_VN,Viet Nam,2002,78373.39,378864.58303431096,0.5009662479248661,0.0495068989694119,32.5276745084571,377726.8790908367
21_VN,Viet Nam,2003,79171.058,405002.691161065,0.4861739633700002,0.0523583069443703,31.4932205734823,405459.4346085039
21_VN,Viet Nam,2004,79956.496,435525.356944074,0.4743267075274193,0.0548597872257233,33.4663826860355,437041.6373872705
21_VN,Viet Nam,2005,80721.447,468395.534555077,0.4627791893564978,0.0569024980068207,33.0750336525299,470027.44746466505
21_VN,Viet Nam,2006,81455.179,501079.963291044,0.4697462609327003,0.058664608746767,33.3307633776547,502826.8954568406
21_VN,Viet Nam,2007,82880.614,536804.481752599,0.4634440681898721,0.0611967407166958,31.8402168926241,538675.7925081704
21_VN,Viet Nam,2008,84386.137,567197.123348626,0.4539799060573715,0.0634134486317635,27.9004725574194,569168.111030506
21_VN,Viet Nam,2009,85965.438,597813.842917616,0.4432543976701508,0.0647303834557533,27.5027461713316,599893.096198046
21_VN,Viet Nam,2010,86954.597,636212.889630382,0.4333290347486423,0.0657503828406334,33.4362082984551,638430.0612944894
21_VN,Viet Nam,2011,87955.706,677014.296785697,0.4161227559619181,0.0651451796293259,35.7658995890204,679367.9001763614
21_VN,Viet Nam,2012,88980.922,714280.851405542,0.4000586667200083,0.0629382953047752,34.8650174309066,716763.9582808334
21_VN,Viet Nam,2013,90039.789,753948.5157039709,0.3858967417348921,0.0607803910970688,33.201341895001,756577.2545641169
21_VN,Viet Nam,2014,91106.419,802368.9223910511,0.374714757703841,0.0592145808041096,32.9915517464879,805162.3313385139
21_VN,Viet Nam,2015,92252.737,858431.677101791,0.3650588716879637,0.0580220967531204,28.0729400269014,861416.6819308236
21_VN,Viet Nam,2016,93393.771,915860.832928699,0.3542114907104366,0.0570821426808834,28.4694474915156,919047.7538856894
21_VN,Viet Nam,2017,94606.462,979423.318291117,0.3439152982406411,0.0562588460743427,28.8568707708552,982836.0370638644
21_VN,Viet Nam,2018,95747.492,1052537.33614814,0.3361580367208576,0.0557082071900368,30.9316977896393,1053569.0119887872
21_VN,Viet Nam,2019,96727.147,1129996.3237419198,0.3289605202739579,0.055241584777832,31.3330314964469,1128899.3911894602
21_VN,Viet Nam,2020,97620.404,1162375.38766502,0.3103902819223888,0.0545554719865322,33.0073258956685,1162136.1210376753
21_VN,Viet Nam,2021,98537.978,1192059.2995246202,0.293869919090429,0.0537555031478405,32.5963636488186,1192059.2995246202
21_VN,Viet Nam,2022,99332.219,1293831.36713498,0.2939372360265252,0.0529437996447086,33.0480243558189,1275534.1971884496
21_VN,Viet Nam,2023,100029.091,1358246.8266358,0.2865428176110553,0.052174299955368,35.0029432211294,1354138.68682794
21_VN,Viet Nam,2024,100675.292,1453861.31789441,,,37.0411480009622,1442958.4817077226
21_VN,Viet Nam,2025,101300.081,1570443.98526357,,,36.84114800096221,1539616.2443891796
21_VN,Viet Nam,2026,101896.973,,,,,1643293.8382121983
21_VN,Viet Nam,2027,102457.889,,,,,1755392.0585739186
21_VN,Viet Nam,2028,102996.902,,,,,1867391.481070009
21_VN,Viet Nam,2029,103514.586,,,,,1984468.7899640077
21_VN,Viet Nam,2030,104007.727,,,,,2105991.117247783
21_VN,Viet Nam,2031,104502.078,,,,,2231543.277786409
21_VN,Viet Nam,2032,104973.744,,,,,2360717.673821135
21_VN,Viet Nam,2033,105435.056,,,,,2493005.335107358
21_VN,Viet Nam,2034,105877.564,,,,,2629281.047700298
21_VN,Viet Nam,2035,106317.477,,,,,2769260.124401603
21_VN,Viet Nam,2036,106743.875,,,,,2912705.706992381
21_VN,Viet Nam,2037,107147.808,,,,,3059545.132906789
21_VN,Viet Nam,2038,107544.275,,,,,3209703.5591667085
21_VN,Viet Nam,2039,107919.767,,,,,3363233.155824384
21_VN,Viet Nam,2040,108275.546,,,,,3520017.798425496
21_VN,Viet Nam,2041,108599.723,,,,,3679943.622838569
21_VN,Viet Nam,2042,108904.675,,,,,3842829.431061738
21_VN,Viet Nam,2043,109175.946,,,,,4008718.967503489
21_VN,Viet Nam,2044,109409.176,,,,,4177533.173329209
21_VN,Viet Nam,2045,109603.352,,,,,4349250.109109598
21_VN,Viet Nam,2046,109767.445,,,,,4523665.935483092
21_VN,Viet Nam,2047,109887.872,,,,,4700690.342974865
21_VN,Viet Nam,2048,109972.606,,,,,4880160.210437387
21_VN,Viet Nam,2049,110015.443,,,,,5062039.901093958
21_VN,Viet Nam,2050,110020.595,,,,,5246040.097279574
21_VN,Viet Nam,2051,109997.22,,,,,5432069.329488451
21_VN,Viet Nam,2052,109929.158,,,,,5619858.639285919
21_VN,Viet Nam,2053,109833.058,,,,,5809470.417082598
21_VN,Viet Nam,2054,109712.51,,,,,6000566.224719562
21_VN,Viet Nam,2055,109563.855,,,,,6192946.443814239
21_VN,Viet Nam,2056,109392.908,,,,,6386412.194301158
21_VN,Viet Nam,2057,109208.055,,,,,6581070.13717442
21_VN,Viet Nam,2058,108999.173,,,,,6776488.755709636
21_VN,Viet Nam,2059,108766.889,,,,,6972559.443920377
21_VN,Viet Nam,2060,108522.322,,,,,7169080.744038592
21_VN,Viet Nam,2061,108271.632,,,,,7365852.381633732
21_VN,Viet Nam,2062,108004.514,,,,,7562867.895461032
21_VN,Viet Nam,2063,107721.098,,,,,7759879.456696862
21_VN,Viet Nam,2064,107427.762,,,,,7956724.569284437
21_VN,Viet Nam,2065,107127.062,,,,,8153405.422803172
21_VN,Viet Nam,2066,106812.28,,,,,8349705.951499953
21_VN,Viet Nam,2067,106480.916,,,,,8545581.191616856
21_VN,Viet Nam,2068,106141.669,,,,,8740996.049557526
21_VN,Viet Nam,2069,105798.496,,,,,8935524.088752912
21_VN,Viet Nam,2070,105446.483,,,,,9129634.280035112
21_VN,Viet Nam,2071,105075.209,,,,,9322444.164817097
21_VN,Viet Nam,2072,104697.219,,,,,9514258.592749864
21_VN,Viet Nam,2073,104299.667,,,,,9705110.591438614
21_VN,Viet Nam,2074,103891.733,,,,,9894670.26199524
21_VN,Viet Nam,2075,103478.314,,,,,10082867.782546127
21_VN,Viet Nam,2076,103054.737,,,,,10269532.893715393
21_VN,Viet Nam,2077,102625.901,,,,,10454800.06879899
21_VN,Viet Nam,2078,102179.184,,,,,10638290.916902198
21_VN,Viet Nam,2079,101731.008,,,,,10820013.464003634
21_VN,Viet Nam,2080,101270.169,,,,,10999709.65456551
21_VN,Viet Nam,2081,100807.475,,,,,11177131.854209667
21_VN,Viet Nam,2082,100339.039,,,,,11352319.888386425
21_VN,Viet Nam,2083,99868.449,,,,,11524927.123722691
21_VN,Viet Nam,2084,99402.546,,,,,11695225.015567413
21_VN,Viet Nam,2085,98942.428,,,,,11863118.572734144
21_VN,Viet Nam,2086,98482.862,,,,,12027837.871956786
21_VN,Viet Nam,2087,98019.973,,,,,12189573.3785782
21_VN,Viet Nam,2088,97555.587,,,,,12348298.346735423
21_VN,Viet Nam,2089,97098.367,,,,,12503696.97754829
21_VN,Viet Nam,2090,96638.16,,,,,12655804.183667632
21_VN,Viet Nam,2091,96175.816,,,,,12804360.339085689
21_VN,Viet Nam,2092,95718.019,,,,,12949310.586468829
21_VN,Viet Nam,2093,95262.635,,,,,13090613.24977946
21_VN,Viet Nam,2094,94804.57,,,,,13228158.89835894
21_VN,Viet Nam,2095,94348.099,,,,,13361718.419650543
21_VN,Viet Nam,2096,93887.344,,,,,13491208.422593828
21_VN,Viet Nam,2097,93413.483,,,,,13616156.417547964
21_VN,Viet Nam,2098,92938.93,,,,,13736756.006123465
21_VN,Viet Nam,2099,92449.1,,,,,13852764.533157026
21_VN,Viet Nam,2100,91954.468,,,,,13963991.606289173
