economy_code,economy,year,value,scenario
01_AUS,Australia,1990,17004.135,Low
01_AUS,Australia,1991,17248.461,Low
01_AUS,Australia,1992,17457.924,Low
01_AUS,Australia,1993,17640.653,Low
01_AUS,Australia,1994,17805.169,Low
01_AUS,Australia,1995,17989.698,Low
01_AUS,Australia,1996,18200.991,Low
01_AUS,Australia,1997,18409.624,Low
01_AUS,Australia,1998,18600.201,Low
01_AUS,Australia,1999,18803.233,Low
01_AUS,Australia,2000,19016.729,Low
01_AUS,Australia,2001,19248.213,Low
01_AUS,Australia,2002,19482.653,Low
01_AUS,Australia,2003,19708.057,Low
01_AUS,Australia,2004,19930.852,Low
01_AUS,Australia,2005,20162.502,Low
01_AUS,Australia,2006,20426.478,Low
01_AUS,Australia,2007,20754.641,Low
01_AUS,Australia,2008,21154.456,Low
01_AUS,Australia,2009,21586.721,Low
01_AUS,Australia,2010,21979.301,Low
01_AUS,Australia,2011,22303.86,Low
01_AUS,Australia,2012,22655.69,Low
01_AUS,Australia,2013,23049.598,Low
01_AUS,Australia,2014,23422.943,Low
01_AUS,Australia,2015,23768.258,Low
01_AUS,Australia,2016,24127.746,Low
01_AUS,Australia,2017,24532.18,Low
01_AUS,Australia,2018,24929.897,Low
01_AUS,Australia,2019,25309.514,Low
01_AUS,Australia,2020,25655.914,Low
01_AUS,Australia,2021,25831.668,Low
01_AUS,Australia,2022,26081.167,Low
01_AUS,Australia,2023,26320.802,Low
01_AUS,Australia,2024,26581.446,Low
01_AUS,Australia,2025,26798.519,Low
01_AUS,Australia,2026,27010.34,Low
01_AUS,Australia,2027,27212.229,Low
01_AUS,Australia,2028,27412.646,Low
01_AUS,Australia,2029,27609.736,Low
01_AUS,Australia,2030,27769.555,Low
01_AUS,Australia,2031,27928.287,Low
01_AUS,Australia,2032,28083.167,Low
01_AUS,Australia,2033,28231.874,Low
01_AUS,Australia,2034,28377.807,Low
01_AUS,Australia,2035,28503.384,Low
01_AUS,Australia,2036,28629.925,Low
01_AUS,Australia,2037,28754.824,Low
01_AUS,Australia,2038,28870.995,Low
01_AUS,Australia,2039,28990.972,Low
01_AUS,Australia,2040,29103.32,Low
01_AUS,Australia,2041,29218.759,Low
01_AUS,Australia,2042,29336.903,Low
01_AUS,Australia,2043,29456.975,Low
01_AUS,Australia,2044,29572.894,Low
01_AUS,Australia,2045,29687.106,Low
01_AUS,Australia,2046,29803.45,Low
01_AUS,Australia,2047,29924.442,Low
01_AUS,Australia,2048,30031.52,Low
01_AUS,Australia,2049,30149.744,Low
01_AUS,Australia,2050,30254.789,Low
01_AUS,Australia,2051,30358.745,Low
01_AUS,Australia,2052,30459.302,Low
01_AUS,Australia,2053,30552.951,Low
01_AUS,Australia,2054,30644.898,Low
01_AUS,Australia,2055,30737.673,Low
01_AUS,Australia,2056,30828.904,Low
01_AUS,Australia,2057,30911.686,Low
01_AUS,Australia,2058,30992.07,Low
01_AUS,Australia,2059,31076.575,Low
01_AUS,Australia,2060,31146.584,Low
01_AUS,Australia,2061,31213.157,Low
01_AUS,Australia,2062,31280.839,Low
01_AUS,Australia,2063,31346.325,Low
01_AUS,Australia,2064,31411.661,Low
01_AUS,Australia,2065,31463.207,Low
01_AUS,Australia,2066,31518.782,Low
01_AUS,Australia,2067,31580.607,Low
01_AUS,Australia,2068,31641.467,Low
01_AUS,Australia,2069,31701.627,Low
01_AUS,Australia,2070,31758.106,Low
01_AUS,Australia,2071,31807.817,Low
01_AUS,Australia,2072,31848.994,Low
01_AUS,Australia,2073,31889.635,Low
01_AUS,Australia,2074,31931.506,Low
01_AUS,Australia,2075,31975.525,Low
01_AUS,Australia,2076,32016.381,Low
01_AUS,Australia,2077,32054.355,Low
01_AUS,Australia,2078,32096.789,Low
01_AUS,Australia,2079,32136.249,Low
01_AUS,Australia,2080,32173.09,Low
01_AUS,Australia,2081,32207.977,Low
01_AUS,Australia,2082,32251.246,Low
01_AUS,Australia,2083,32285.971,Low
01_AUS,Australia,2084,32326.441,Low
01_AUS,Australia,2085,32353.347,Low
01_AUS,Australia,2086,32380.624,Low
01_AUS,Australia,2087,32413.371,Low
01_AUS,Australia,2088,32451.534,Low
01_AUS,Australia,2089,32500.269,Low
01_AUS,Australia,2090,32539.355,Low
01_AUS,Australia,2091,32584.188,Low
01_AUS,Australia,2092,32628.56,Low
01_AUS,Australia,2093,32666.855,Low
01_AUS,Australia,2094,32700.812,Low
01_AUS,Australia,2095,32720.098,Low
01_AUS,Australia,2096,32744.328,Low
01_AUS,Australia,2097,32775.451,Low
01_AUS,Australia,2098,32810.083,Low
01_AUS,Australia,2099,32829.525,Low
01_AUS,Australia,2100,32841.736,Low
02_BD,Brunei Darussalam,1990,251.663,Low
02_BD,Brunei Darussalam,1991,258.922,Low
02_BD,Brunei Darussalam,1992,266.271,Low
02_BD,Brunei Darussalam,1993,273.408,Low
02_BD,Brunei Darussalam,1994,280.535,Low
02_BD,Brunei Darussalam,1995,287.648,Low
02_BD,Brunei Darussalam,1996,294.743,Low
02_BD,Brunei Darussalam,1997,301.808,Low
02_BD,Brunei Darussalam,1998,308.875,Low
02_BD,Brunei Darussalam,1999,315.896,Low
02_BD,Brunei Darussalam,2000,322.927,Low
02_BD,Brunei Darussalam,2001,329.921,Low
02_BD,Brunei Darussalam,2002,336.769,Low
02_BD,Brunei Darussalam,2003,343.429,Low
02_BD,Brunei Darussalam,2004,349.845,Low
02_BD,Brunei Darussalam,2005,355.976,Low
02_BD,Brunei Darussalam,2006,361.855,Low
02_BD,Brunei Darussalam,2007,367.47,Low
02_BD,Brunei Darussalam,2008,374.275,Low
02_BD,Brunei Darussalam,2009,381.311,Low
02_BD,Brunei Darussalam,2010,388.594,Low
02_BD,Brunei Darussalam,2011,396.07,Low
02_BD,Brunei Darussalam,2012,402.707,Low
02_BD,Brunei Darussalam,2013,408.406,Low
02_BD,Brunei Darussalam,2014,413.998,Low
02_BD,Brunei Darussalam,2015,419.503,Low
02_BD,Brunei Darussalam,2016,424.92,Low
02_BD,Brunei Darussalam,2017,430.208,Low
02_BD,Brunei Darussalam,2018,435.336,Low
02_BD,Brunei Darussalam,2019,440.283,Low
02_BD,Brunei Darussalam,2020,445.077,Low
02_BD,Brunei Darussalam,2021,449.73,Low
02_BD,Brunei Darussalam,2022,453.711,Low
02_BD,Brunei Darussalam,2023,457.028,Low
02_BD,Brunei Darussalam,2024,460.869,Low
02_BD,Brunei Darussalam,2025,463.69,Low
02_BD,Brunei Darussalam,2026,466.324,Low
02_BD,Brunei Darussalam,2027,468.826,Low
02_BD,Brunei Darussalam,2028,471.344,Low
02_BD,Brunei Darussalam,2029,473.647,Low
02_BD,Brunei Darussalam,2030,475.233,Low
02_BD,Brunei Darussalam,2031,476.821,Low
02_BD,Brunei Darussalam,2032,478.259,Low
02_BD,Brunei Darussalam,2033,479.398,Low
02_BD,Brunei Darussalam,2034,480.554,Low
02_BD,Brunei Darussalam,2035,481.324,Low
02_BD,Brunei Darussalam,2036,482.046,Low
02_BD,Brunei Darussalam,2037,482.567,Low
02_BD,Brunei Darussalam,2038,483.068,Low
02_BD,Brunei Darussalam,2039,483.736,Low
02_BD,Brunei Darussalam,2040,484.095,Low
02_BD,Brunei Darussalam,2041,484.289,Low
02_BD,Brunei Darussalam,2042,484.492,Low
02_BD,Brunei Darussalam,2043,484.502,Low
02_BD,Brunei Darussalam,2044,484.382,Low
02_BD,Brunei Darussalam,2045,484.143,Low
02_BD,Brunei Darussalam,2046,484.001,Low
02_BD,Brunei Darussalam,2047,483.575,Low
02_BD,Brunei Darussalam,2048,483.051,Low
02_BD,Brunei Darussalam,2049,482.423,Low
02_BD,Brunei Darussalam,2050,481.659,Low
02_BD,Brunei Darussalam,2051,480.738,Low
02_BD,Brunei Darussalam,2052,479.647,Low
02_BD,Brunei Darussalam,2053,478.257,Low
02_BD,Brunei Darussalam,2054,476.678,Low
02_BD,Brunei Darussalam,2055,475.036,Low
02_BD,Brunei Darussalam,2056,473.168,Low
02_BD,Brunei Darussalam,2057,471.232,Low
02_BD,Brunei Darussalam,2058,469.06,Low
02_BD,Brunei Darussalam,2059,466.756,Low
02_BD,Brunei Darussalam,2060,464.378,Low
02_BD,Brunei Darussalam,2061,461.91,Low
02_BD,Brunei Darussalam,2062,459.324,Low
02_BD,Brunei Darussalam,2063,456.714,Low
02_BD,Brunei Darussalam,2064,453.868,Low
02_BD,Brunei Darussalam,2065,450.857,Low
02_BD,Brunei Darussalam,2066,447.694,Low
02_BD,Brunei Darussalam,2067,444.385,Low
02_BD,Brunei Darussalam,2068,440.843,Low
02_BD,Brunei Darussalam,2069,437.292,Low
02_BD,Brunei Darussalam,2070,433.781,Low
02_BD,Brunei Darussalam,2071,430.352,Low
02_BD,Brunei Darussalam,2072,426.884,Low
02_BD,Brunei Darussalam,2073,423.182,Low
02_BD,Brunei Darussalam,2074,419.372,Low
02_BD,Brunei Darussalam,2075,415.427,Low
02_BD,Brunei Darussalam,2076,411.368,Low
02_BD,Brunei Darussalam,2077,407.586,Low
02_BD,Brunei Darussalam,2078,403.726,Low
02_BD,Brunei Darussalam,2079,399.964,Low
02_BD,Brunei Darussalam,2080,396.112,Low
02_BD,Brunei Darussalam,2081,392.246,Low
02_BD,Brunei Darussalam,2082,388.322,Low
02_BD,Brunei Darussalam,2083,384.374,Low
02_BD,Brunei Darussalam,2084,380.427,Low
02_BD,Brunei Darussalam,2085,376.548,Low
02_BD,Brunei Darussalam,2086,372.637,Low
02_BD,Brunei Darussalam,2087,368.852,Low
02_BD,Brunei Darussalam,2088,365.006,Low
02_BD,Brunei Darussalam,2089,361.075,Low
02_BD,Brunei Darussalam,2090,357.162,Low
02_BD,Brunei Darussalam,2091,353.323,Low
02_BD,Brunei Darussalam,2092,349.554,Low
02_BD,Brunei Darussalam,2093,345.739,Low
02_BD,Brunei Darussalam,2094,341.955,Low
02_BD,Brunei Darussalam,2095,338.145,Low
02_BD,Brunei Darussalam,2096,334.406,Low
02_BD,Brunei Darussalam,2097,330.616,Low
02_BD,Brunei Darussalam,2098,326.907,Low
02_BD,Brunei Darussalam,2099,323.099,Low
02_BD,Brunei Darussalam,2100,319.273,Low
03_CDA,Canada,1990,27593.691,Low
03_CDA,Canada,1991,27985.194,Low
03_CDA,Canada,1992,28329.121,Low
03_CDA,Canada,1993,28670.998,Low
03_CDA,Canada,1994,28990.276,Low
03_CDA,Canada,1995,29304.487,Low
03_CDA,Canada,1996,29613.776,Low
03_CDA,Canada,1997,29920.635,Low
03_CDA,Canada,1998,30197.543,Low
03_CDA,Canada,1999,30462.396,Low
03_CDA,Canada,2000,30736.515,Low
03_CDA,Canada,2001,31047.091,Low
03_CDA,Canada,2002,31380.063,Low
03_CDA,Canada,2003,31691.092,Low
03_CDA,Canada,2004,31981.872,Low
03_CDA,Canada,2005,32283.483,Low
03_CDA,Canada,2006,32596.863,Low
03_CDA,Canada,2007,32921.479,Low
03_CDA,Canada,2008,33262.864,Low
03_CDA,Canada,2009,33635.306,Low
03_CDA,Canada,2010,34017.435,Low
03_CDA,Canada,2011,34376.362,Low
03_CDA,Canada,2012,34734.543,Low
03_CDA,Canada,2013,35110.489,Low
03_CDA,Canada,2014,35476.376,Low
03_CDA,Canada,2015,35792.151,Low
03_CDA,Canada,2016,36132.317,Low
03_CDA,Canada,2017,36574.369,Low
03_CDA,Canada,2018,37042.624,Low
03_CDA,Canada,2019,37547.386,Low
03_CDA,Canada,2020,38018.483,Low
03_CDA,Canada,2021,38325.321,Low
03_CDA,Canada,2022,38582.793,Low
03_CDA,Canada,2023,39059.725,Low
03_CDA,Canada,2024,39538.484,Low
03_CDA,Canada,2025,39879.397,Low
03_CDA,Canada,2026,40172.613,Low
03_CDA,Canada,2027,40426.085,Low
03_CDA,Canada,2028,40665.711,Low
03_CDA,Canada,2029,40896.31,Low
03_CDA,Canada,2030,41069.64,Low
03_CDA,Canada,2031,41236.01,Low
03_CDA,Canada,2032,41396.736,Low
03_CDA,Canada,2033,41543.345,Low
03_CDA,Canada,2034,41670.313,Low
03_CDA,Canada,2035,41773.987,Low
03_CDA,Canada,2036,41854.313,Low
03_CDA,Canada,2037,41938.761,Low
03_CDA,Canada,2038,42017.786,Low
03_CDA,Canada,2039,42090.838,Low
03_CDA,Canada,2040,42150.573,Low
03_CDA,Canada,2041,42200.76,Low
03_CDA,Canada,2042,42249.271,Low
03_CDA,Canada,2043,42294.462,Low
03_CDA,Canada,2044,42333.061,Low
03_CDA,Canada,2045,42368.924,Low
03_CDA,Canada,2046,42406.358,Low
03_CDA,Canada,2047,42426.343,Low
03_CDA,Canada,2048,42443.152,Low
03_CDA,Canada,2049,42460.183,Low
03_CDA,Canada,2050,42459.628,Low
03_CDA,Canada,2051,42469.21,Low
03_CDA,Canada,2052,42475.39,Low
03_CDA,Canada,2053,42485.304,Low
03_CDA,Canada,2054,42480.239,Low
03_CDA,Canada,2055,42473.264,Low
03_CDA,Canada,2056,42465.575,Low
03_CDA,Canada,2057,42458.442,Low
03_CDA,Canada,2058,42452.83,Low
03_CDA,Canada,2059,42455.808,Low
03_CDA,Canada,2060,42453.567,Low
03_CDA,Canada,2061,42443.146,Low
03_CDA,Canada,2062,42436.29,Low
03_CDA,Canada,2063,42433.257,Low
03_CDA,Canada,2064,42424.984,Low
03_CDA,Canada,2065,42411.797,Low
03_CDA,Canada,2066,42395.277,Low
03_CDA,Canada,2067,42376.781,Low
03_CDA,Canada,2068,42364.651,Low
03_CDA,Canada,2069,42336.863,Low
03_CDA,Canada,2070,42306.513,Low
03_CDA,Canada,2071,42272.288,Low
03_CDA,Canada,2072,42238.291,Low
03_CDA,Canada,2073,42199.996,Low
03_CDA,Canada,2074,42152.875,Low
03_CDA,Canada,2075,42106.11,Low
03_CDA,Canada,2076,42065.603,Low
03_CDA,Canada,2077,42027.233,Low
03_CDA,Canada,2078,41972.421,Low
03_CDA,Canada,2079,41928.164,Low
03_CDA,Canada,2080,41873.688,Low
03_CDA,Canada,2081,41818.026,Low
03_CDA,Canada,2082,41771.59,Low
03_CDA,Canada,2083,41706.357,Low
03_CDA,Canada,2084,41653.471,Low
03_CDA,Canada,2085,41591.489,Low
03_CDA,Canada,2086,41522.239,Low
03_CDA,Canada,2087,41455.137,Low
03_CDA,Canada,2088,41380.415,Low
03_CDA,Canada,2089,41333.834,Low
03_CDA,Canada,2090,41257.448,Low
03_CDA,Canada,2091,41175.042,Low
03_CDA,Canada,2092,41110.179,Low
03_CDA,Canada,2093,41036.097,Low
03_CDA,Canada,2094,40968.745,Low
03_CDA,Canada,2095,40898.755,Low
03_CDA,Canada,2096,40831.197,Low
03_CDA,Canada,2097,40765.402,Low
03_CDA,Canada,2098,40718.306,Low
03_CDA,Canada,2099,40665.131,Low
03_CDA,Canada,2100,40604.295,Low
04_CHL,Chile,1990,13324.345,Low
04_CHL,Chile,1991,13550.007,Low
04_CHL,Chile,1992,13774.975,Low
04_CHL,Chile,1993,13994.18,Low
04_CHL,Chile,1994,14210.372,Low
04_CHL,Chile,1995,14422.14,Low
04_CHL,Chile,1996,14632.623,Low
04_CHL,Chile,1997,14835.468,Low
04_CHL,Chile,1998,15029.401,Low
04_CHL,Chile,1999,15226.197,Low
04_CHL,Chile,2000,15412.428,Low
04_CHL,Chile,2001,15594.842,Low
04_CHL,Chile,2002,15772.856,Low
04_CHL,Chile,2003,15942.995,Low
04_CHL,Chile,2004,16106.508,Low
04_CHL,Chile,2005,16268.135,Low
04_CHL,Chile,2006,16429.42,Low
04_CHL,Chile,2007,16588.969,Low
04_CHL,Chile,2008,16754.192,Low
04_CHL,Chile,2009,16923.784,Low
04_CHL,Chile,2010,17095.677,Low
04_CHL,Chile,2011,17267.251,Low
04_CHL,Chile,2012,17436.38,Low
04_CHL,Chile,2013,17601.858,Low
04_CHL,Chile,2014,17772.155,Low
04_CHL,Chile,2015,17956.235,Low
04_CHL,Chile,2016,18139.016,Low
04_CHL,Chile,2017,18395.427,Low
04_CHL,Chile,2018,18722.308,Low
04_CHL,Chile,2019,19064.074,Low
04_CHL,Chile,2020,19331.414,Low
04_CHL,Chile,2021,19409.834,Low
04_CHL,Chile,2022,19502.834,Low
04_CHL,Chile,2023,19603.239,Low
04_CHL,Chile,2024,19714.431,Low
04_CHL,Chile,2025,19777.472,Low
04_CHL,Chile,2026,19829.491,Low
04_CHL,Chile,2027,19874.222,Low
04_CHL,Chile,2028,19915.229,Low
04_CHL,Chile,2029,19949.247,Low
04_CHL,Chile,2030,19956.324,Low
04_CHL,Chile,2031,19958.61,Low
04_CHL,Chile,2032,19955.179,Low
04_CHL,Chile,2033,19944.628,Low
04_CHL,Chile,2034,19927.333,Low
04_CHL,Chile,2035,19892.492,Low
04_CHL,Chile,2036,19854.558,Low
04_CHL,Chile,2037,19813.002,Low
04_CHL,Chile,2038,19764.251,Low
04_CHL,Chile,2039,19711.753,Low
04_CHL,Chile,2040,19654.055,Low
04_CHL,Chile,2041,19593.514,Low
04_CHL,Chile,2042,19526.934,Low
04_CHL,Chile,2043,19458.779,Low
04_CHL,Chile,2044,19386.349,Low
04_CHL,Chile,2045,19306.983,Low
04_CHL,Chile,2046,19221.125,Low
04_CHL,Chile,2047,19132.247,Low
04_CHL,Chile,2048,19039.992,Low
04_CHL,Chile,2049,18940.38,Low
04_CHL,Chile,2050,18836.024,Low
04_CHL,Chile,2051,18728.859,Low
04_CHL,Chile,2052,18615.481,Low
04_CHL,Chile,2053,18495.82,Low
04_CHL,Chile,2054,18368.766,Low
04_CHL,Chile,2055,18237.463,Low
04_CHL,Chile,2056,18099.324,Low
04_CHL,Chile,2057,17956.665,Low
04_CHL,Chile,2058,17808.115,Low
04_CHL,Chile,2059,17656.85,Low
04_CHL,Chile,2060,17497.645,Low
04_CHL,Chile,2061,17334.829,Low
04_CHL,Chile,2062,17165.654,Low
04_CHL,Chile,2063,16991.438,Low
04_CHL,Chile,2064,16809.32,Low
04_CHL,Chile,2065,16621.566,Low
04_CHL,Chile,2066,16431.154,Low
04_CHL,Chile,2067,16234.93,Low
04_CHL,Chile,2068,16036.61,Low
04_CHL,Chile,2069,15835.6,Low
04_CHL,Chile,2070,15633.178,Low
04_CHL,Chile,2071,15428.09,Low
04_CHL,Chile,2072,15219.723,Low
04_CHL,Chile,2073,15011.223,Low
04_CHL,Chile,2074,14800.79,Low
04_CHL,Chile,2075,14586.689,Low
04_CHL,Chile,2076,14369.449,Low
04_CHL,Chile,2077,14150.757,Low
04_CHL,Chile,2078,13929.827,Low
04_CHL,Chile,2079,13707.187,Low
04_CHL,Chile,2080,13483.41,Low
04_CHL,Chile,2081,13257.94,Low
04_CHL,Chile,2082,13031.938,Low
04_CHL,Chile,2083,12807.824,Low
04_CHL,Chile,2084,12580.727,Low
04_CHL,Chile,2085,12353.012,Low
04_CHL,Chile,2086,12122.852,Low
04_CHL,Chile,2087,11893.14,Low
04_CHL,Chile,2088,11662.503,Low
04_CHL,Chile,2089,11430.885,Low
04_CHL,Chile,2090,11200.328,Low
04_CHL,Chile,2091,10971.816,Low
04_CHL,Chile,2092,10745.207,Low
04_CHL,Chile,2093,10522.139,Low
04_CHL,Chile,2094,10299.546,Low
04_CHL,Chile,2095,10079.696,Low
04_CHL,Chile,2096,9861.451,Low
04_CHL,Chile,2097,9646.382,Low
04_CHL,Chile,2098,9434.47,Low
04_CHL,Chile,2099,9223.849,Low
04_CHL,Chile,2100,9015.617,Low
05_PRC,China,1990,1143536.292,Low
05_PRC,China,1991,1163629.156,Low
05_PRC,China,1992,1177947.9,Low
05_PRC,China,1993,1191200.574,Low
05_PRC,China,1994,1203416.576,Low
05_PRC,China,1995,1214589.617,Low
05_PRC,China,1996,1225678.238,Low
05_PRC,China,1997,1236211.386,Low
05_PRC,China,1998,1246067.858,Low
05_PRC,China,1999,1255626.395,Low
05_PRC,China,2000,1264726.915,Low
05_PRC,China,2001,1274435.436,Low
05_PRC,China,2002,1283014.689,Low
05_PRC,China,2003,1290718.988,Low
05_PRC,China,2004,1298315.664,Low
05_PRC,China,2005,1305884.967,Low
05_PRC,China,2006,1314169.304,Low
05_PRC,China,2007,1321938.768,Low
05_PRC,China,2008,1329688.395,Low
05_PRC,China,2009,1337953.637,Low
05_PRC,China,2010,1347091.795,Low
05_PRC,China,2011,1356031.233,Low
05_PRC,China,2012,1364470.096,Low
05_PRC,China,2013,1374571.633,Low
05_PRC,China,2014,1383444.448,Low
05_PRC,China,2015,1392459.496,Low
05_PRC,China,2016,1399808.851,Low
05_PRC,China,2017,1408296.413,Low
05_PRC,China,2018,1416413.041,Low
05_PRC,China,2019,1421604.871,Low
05_PRC,China,2020,1425435.844,Low
05_PRC,China,2021,1426776.342,Low
05_PRC,China,2022,1426098.192,Low
05_PRC,China,2023,1424260.946,Low
05_PRC,China,2024,1420908.919,Low
05_PRC,China,2025,1415568.387,Low
05_PRC,China,2026,1410174.039,Low
05_PRC,China,2027,1405005.983,Low
05_PRC,China,2028,1399583.428,Low
05_PRC,China,2029,1393869.213,Low
05_PRC,China,2030,1386694.415,Low
05_PRC,China,2031,1379307.121,Low
05_PRC,China,2032,1371649.586,Low
05_PRC,China,2033,1363748.789,Low
05_PRC,China,2034,1355579.972,Low
05_PRC,China,2035,1346426.161,Low
05_PRC,China,2036,1337046.131,Low
05_PRC,China,2037,1327427.083,Low
05_PRC,China,2038,1317590.273,Low
05_PRC,China,2039,1307578.679,Low
05_PRC,China,2040,1297298.065,Low
05_PRC,China,2041,1286788.338,Low
05_PRC,China,2042,1276020.341,Low
05_PRC,China,2043,1265019.966,Low
05_PRC,China,2044,1253807.748,Low
05_PRC,China,2045,1242350.186,Low
05_PRC,China,2046,1230572.243,Low
05_PRC,China,2047,1218447.474,Low
05_PRC,China,2048,1206019.522,Low
05_PRC,China,2049,1193212.749,Low
05_PRC,China,2050,1180017.717,Low
05_PRC,China,2051,1166460.592,Low
05_PRC,China,2052,1152466.591,Low
05_PRC,China,2053,1138029.471,Low
05_PRC,China,2054,1123226.814,Low
05_PRC,China,2055,1108037.395,Low
05_PRC,China,2056,1092476.184,Low
05_PRC,China,2057,1076577.6,Low
05_PRC,China,2058,1060412.328,Low
05_PRC,China,2059,1043972.859,Low
05_PRC,China,2060,1027329.561,Low
05_PRC,China,2061,1010527.326,Low
05_PRC,China,2062,993656.541,Low
05_PRC,China,2063,976735.53,Low
05_PRC,China,2064,959837.028,Low
05_PRC,China,2065,942932.908,Low
05_PRC,China,2066,926119.093,Low
05_PRC,China,2067,909383.389,Low
05_PRC,China,2068,892736.19,Low
05_PRC,China,2069,876217.28,Low
05_PRC,China,2070,859799.556,Low
05_PRC,China,2071,843503.561,Low
05_PRC,China,2072,827291.132,Low
05_PRC,China,2073,811138.79,Low
05_PRC,China,2074,795035.1,Low
05_PRC,China,2075,779000.231,Low
05_PRC,China,2076,762991.913,Low
05_PRC,China,2077,747009.995,Low
05_PRC,China,2078,731059.159,Low
05_PRC,China,2079,715122.195,Low
05_PRC,China,2080,699196.127,Low
05_PRC,China,2081,683313.67,Low
05_PRC,China,2082,667506.966,Low
05_PRC,China,2083,651833.696,Low
05_PRC,China,2084,636277.486,Low
05_PRC,China,2085,620838.716,Low
05_PRC,China,2086,605599.649,Low
05_PRC,China,2087,590580.705,Low
05_PRC,China,2088,575764.011,Low
05_PRC,China,2089,561157.387,Low
05_PRC,China,2090,546767.072,Low
05_PRC,China,2091,532606.106,Low
05_PRC,China,2092,518646.533,Low
05_PRC,China,2093,504856.093,Low
05_PRC,China,2094,491222.326,Low
05_PRC,China,2095,477736.963,Low
05_PRC,China,2096,464377.606,Low
05_PRC,China,2097,451126.552,Low
05_PRC,China,2098,437976.99,Low
05_PRC,China,2099,424931.703,Low
05_PRC,China,2100,411989.378,Low
06_HKC,"Hong Kong, China",1990,5552.387,Low
06_HKC,"Hong Kong, China",1991,5568.807,Low
06_HKC,"Hong Kong, China",1992,5687.381,Low
06_HKC,"Hong Kong, China",1993,5831.732,Low
06_HKC,"Hong Kong, China",1994,5973.294,Low
06_HKC,"Hong Kong, China",1995,6111.229,Low
06_HKC,"Hong Kong, China",1996,6242.978,Low
06_HKC,"Hong Kong, China",1997,6361.95,Low
06_HKC,"Hong Kong, China",1998,6471.397,Low
06_HKC,"Hong Kong, China",1999,6571.272,Low
06_HKC,"Hong Kong, China",2000,6661.777,Low
06_HKC,"Hong Kong, China",2001,6747.551,Low
06_HKC,"Hong Kong, China",2002,6800.926,Low
06_HKC,"Hong Kong, China",2003,6841.891,Low
06_HKC,"Hong Kong, China",2004,6875.922,Low
06_HKC,"Hong Kong, China",2005,6900.405,Low
06_HKC,"Hong Kong, China",2006,6916.567,Low
06_HKC,"Hong Kong, China",2007,6945.613,Low
06_HKC,"Hong Kong, China",2008,6997.077,Low
06_HKC,"Hong Kong, China",2009,7044.3,Low
06_HKC,"Hong Kong, China",2010,7084.633,Low
06_HKC,"Hong Kong, China",2011,7118.601,Low
06_HKC,"Hong Kong, China",2012,7167.338,Low
06_HKC,"Hong Kong, China",2013,7234.784,Low
06_HKC,"Hong Kong, China",2014,7293.886,Low
06_HKC,"Hong Kong, China",2015,7345.115,Low
06_HKC,"Hong Kong, China",2016,7387.704,Low
06_HKC,"Hong Kong, China",2017,7428.315,Low
06_HKC,"Hong Kong, China",2018,7461.468,Low
06_HKC,"Hong Kong, China",2019,7480.919,Low
06_HKC,"Hong Kong, China",2020,7490.707,Low
06_HKC,"Hong Kong, China",2021,7489.764,Low
06_HKC,"Hong Kong, China",2022,7479.439,Low
06_HKC,"Hong Kong, China",2023,7452.391,Low
06_HKC,"Hong Kong, China",2024,7433.078,Low
06_HKC,"Hong Kong, China",2025,7382.918,Low
06_HKC,"Hong Kong, China",2026,7368.356,Low
06_HKC,"Hong Kong, China",2027,7321.993,Low
06_HKC,"Hong Kong, China",2028,7296.356,Low
06_HKC,"Hong Kong, China",2029,7238.004,Low
06_HKC,"Hong Kong, China",2030,7190.751,Low
06_HKC,"Hong Kong, China",2031,7136.113,Low
06_HKC,"Hong Kong, China",2032,7076.904,Low
06_HKC,"Hong Kong, China",2033,7026.922,Low
06_HKC,"Hong Kong, China",2034,6974.354,Low
06_HKC,"Hong Kong, China",2035,6926.799,Low
06_HKC,"Hong Kong, China",2036,6845.917,Low
06_HKC,"Hong Kong, China",2037,6779.519,Low
06_HKC,"Hong Kong, China",2038,6737.443,Low
06_HKC,"Hong Kong, China",2039,6660.184,Low
06_HKC,"Hong Kong, China",2040,6618.408,Low
06_HKC,"Hong Kong, China",2041,6544.227,Low
06_HKC,"Hong Kong, China",2042,6468.712,Low
06_HKC,"Hong Kong, China",2043,6382.869,Low
06_HKC,"Hong Kong, China",2044,6314.592,Low
06_HKC,"Hong Kong, China",2045,6240.117,Low
06_HKC,"Hong Kong, China",2046,6158.606,Low
06_HKC,"Hong Kong, China",2047,6073.713,Low
06_HKC,"Hong Kong, China",2048,5963.695,Low
06_HKC,"Hong Kong, China",2049,5876.129,Low
06_HKC,"Hong Kong, China",2050,5777.639,Low
06_HKC,"Hong Kong, China",2051,5686.019,Low
06_HKC,"Hong Kong, China",2052,5585.065,Low
06_HKC,"Hong Kong, China",2053,5488.01,Low
06_HKC,"Hong Kong, China",2054,5393.833,Low
06_HKC,"Hong Kong, China",2055,5299.114,Low
06_HKC,"Hong Kong, China",2056,5200.149,Low
06_HKC,"Hong Kong, China",2057,5098.251,Low
06_HKC,"Hong Kong, China",2058,4994.906,Low
06_HKC,"Hong Kong, China",2059,4890.127,Low
06_HKC,"Hong Kong, China",2060,4790.511,Low
06_HKC,"Hong Kong, China",2061,4690.769,Low
06_HKC,"Hong Kong, China",2062,4588.399,Low
06_HKC,"Hong Kong, China",2063,4498.829,Low
06_HKC,"Hong Kong, China",2064,4410.045,Low
06_HKC,"Hong Kong, China",2065,4311.326,Low
06_HKC,"Hong Kong, China",2066,4211.541,Low
06_HKC,"Hong Kong, China",2067,4114.331,Low
06_HKC,"Hong Kong, China",2068,4013.039,Low
06_HKC,"Hong Kong, China",2069,3915.271,Low
06_HKC,"Hong Kong, China",2070,3822.391,Low
06_HKC,"Hong Kong, China",2071,3723.977,Low
06_HKC,"Hong Kong, China",2072,3629.453,Low
06_HKC,"Hong Kong, China",2073,3531.202,Low
06_HKC,"Hong Kong, China",2074,3432.4,Low
06_HKC,"Hong Kong, China",2075,3335.764,Low
06_HKC,"Hong Kong, China",2076,3239.006,Low
06_HKC,"Hong Kong, China",2077,3143.822,Low
06_HKC,"Hong Kong, China",2078,3040.361,Low
06_HKC,"Hong Kong, China",2079,2953.013,Low
06_HKC,"Hong Kong, China",2080,2860.636,Low
06_HKC,"Hong Kong, China",2081,2770.122,Low
06_HKC,"Hong Kong, China",2082,2686.53,Low
06_HKC,"Hong Kong, China",2083,2603.594,Low
06_HKC,"Hong Kong, China",2084,2516.609,Low
06_HKC,"Hong Kong, China",2085,2426.53,Low
06_HKC,"Hong Kong, China",2086,2337.833,Low
06_HKC,"Hong Kong, China",2087,2253.324,Low
06_HKC,"Hong Kong, China",2088,2171.258,Low
06_HKC,"Hong Kong, China",2089,2095.053,Low
06_HKC,"Hong Kong, China",2090,2017.225,Low
06_HKC,"Hong Kong, China",2091,1941.698,Low
06_HKC,"Hong Kong, China",2092,1870.403,Low
06_HKC,"Hong Kong, China",2093,1804.904,Low
06_HKC,"Hong Kong, China",2094,1738.39,Low
06_HKC,"Hong Kong, China",2095,1669.359,Low
06_HKC,"Hong Kong, China",2096,1605.469,Low
06_HKC,"Hong Kong, China",2097,1543.922,Low
06_HKC,"Hong Kong, China",2098,1483.052,Low
06_HKC,"Hong Kong, China",2099,1428.123,Low
06_HKC,"Hong Kong, China",2100,1371.497,Low
07_INA,Indonesia,1990,181869.93,Low
07_INA,Indonesia,1991,185132.265,Low
07_INA,Indonesia,1992,188424.211,Low
07_INA,Indonesia,1993,191663.277,Low
07_INA,Indonesia,1994,194947.058,Low
07_INA,Indonesia,1995,198236.597,Low
07_INA,Indonesia,1996,201539.517,Low
07_INA,Indonesia,1997,204869.178,Low
07_INA,Indonesia,1998,208203.012,Low
07_INA,Indonesia,1999,211450.565,Low
07_INA,Indonesia,2000,214558.771,Low
07_INA,Indonesia,2001,217596.809,Low
07_INA,Indonesia,2002,220598.994,Low
07_INA,Indonesia,2003,223577.996,Low
07_INA,Indonesia,2004,226518.019,Low
07_INA,Indonesia,2005,229335.279,Low
07_INA,Indonesia,2006,232408.021,Low
07_INA,Indonesia,2007,235495.283,Low
07_INA,Indonesia,2008,238629.392,Low
07_INA,Indonesia,2009,241686.415,Low
07_INA,Indonesia,2010,244753.641,Low
07_INA,Indonesia,2011,247857.003,Low
07_INA,Indonesia,2012,251083.061,Low
07_INA,Indonesia,2013,254313.989,Low
07_INA,Indonesia,2014,257390.944,Low
07_INA,Indonesia,2015,260363.854,Low
07_INA,Indonesia,2016,263234.644,Low
07_INA,Indonesia,2017,266020.192,Low
07_INA,Indonesia,2018,268673.124,Low
07_INA,Indonesia,2019,271230.569,Low
07_INA,Indonesia,2020,273748.193,Low
07_INA,Indonesia,2021,275881.538,Low
07_INA,Indonesia,2022,277634.568,Low
07_INA,Indonesia,2023,280026.489,Low
07_INA,Indonesia,2024,282353.644,Low
07_INA,Indonesia,2025,284101.732,Low
07_INA,Indonesia,2026,285778.873,Low
07_INA,Indonesia,2027,287389.676,Low
07_INA,Indonesia,2028,288932.197,Low
07_INA,Indonesia,2029,290400.433,Low
07_INA,Indonesia,2030,291482.572,Low
07_INA,Indonesia,2031,292501.278,Low
07_INA,Indonesia,2032,293465.252,Low
07_INA,Indonesia,2033,294371.575,Low
07_INA,Indonesia,2034,295226.187,Low
07_INA,Indonesia,2035,295801.442,Low
07_INA,Indonesia,2036,296311.474,Low
07_INA,Indonesia,2037,296760.061,Low
07_INA,Indonesia,2038,297149.518,Low
07_INA,Indonesia,2039,297471.091,Low
07_INA,Indonesia,2040,297727.332,Low
07_INA,Indonesia,2041,297911.122,Low
07_INA,Indonesia,2042,298023.278,Low
07_INA,Indonesia,2043,298057.96,Low
07_INA,Indonesia,2044,298016.543,Low
07_INA,Indonesia,2045,297891.621,Low
07_INA,Indonesia,2046,297680.242,Low
07_INA,Indonesia,2047,297378.838,Low
07_INA,Indonesia,2048,296991.018,Low
07_INA,Indonesia,2049,296524.066,Low
07_INA,Indonesia,2050,295961.302,Low
07_INA,Indonesia,2051,295302.971,Low
07_INA,Indonesia,2052,294545.161,Low
07_INA,Indonesia,2053,293692.853,Low
07_INA,Indonesia,2054,292751.172,Low
07_INA,Indonesia,2055,291717.471,Low
07_INA,Indonesia,2056,290595.39,Low
07_INA,Indonesia,2057,289389.417,Low
07_INA,Indonesia,2058,288094.659,Low
07_INA,Indonesia,2059,286722.395,Low
07_INA,Indonesia,2060,285269.328,Low
07_INA,Indonesia,2061,283747.216,Low
07_INA,Indonesia,2062,282156.706,Low
07_INA,Indonesia,2063,280506.789,Low
07_INA,Indonesia,2064,278803.748,Low
07_INA,Indonesia,2065,277048.708,Low
07_INA,Indonesia,2066,275248.056,Low
07_INA,Indonesia,2067,273402.643,Low
07_INA,Indonesia,2068,271516.266,Low
07_INA,Indonesia,2069,269593.753,Low
07_INA,Indonesia,2070,267637.474,Low
07_INA,Indonesia,2071,265652.713,Low
07_INA,Indonesia,2072,263640.093,Low
07_INA,Indonesia,2073,261597.207,Low
07_INA,Indonesia,2074,259522.381,Low
07_INA,Indonesia,2075,257422.016,Low
07_INA,Indonesia,2076,255289.222,Low
07_INA,Indonesia,2077,253135.048,Low
07_INA,Indonesia,2078,250944.365,Low
07_INA,Indonesia,2079,248726.98,Low
07_INA,Indonesia,2080,246477.542,Low
07_INA,Indonesia,2081,244204.149,Low
07_INA,Indonesia,2082,241900.062,Low
07_INA,Indonesia,2083,239561.46,Low
07_INA,Indonesia,2084,237191.416,Low
07_INA,Indonesia,2085,234793.172,Low
07_INA,Indonesia,2086,232364.773,Low
07_INA,Indonesia,2087,229906.048,Low
07_INA,Indonesia,2088,227417.318,Low
07_INA,Indonesia,2089,224904.93,Low
07_INA,Indonesia,2090,222367.013,Low
07_INA,Indonesia,2091,219800.384,Low
07_INA,Indonesia,2092,217211.296,Low
07_INA,Indonesia,2093,214598.11,Low
07_INA,Indonesia,2094,211967.102,Low
07_INA,Indonesia,2095,209324.588,Low
07_INA,Indonesia,2096,206674.256,Low
07_INA,Indonesia,2097,204011.625,Low
07_INA,Indonesia,2098,201341.55,Low
07_INA,Indonesia,2099,198671.81,Low
07_INA,Indonesia,2100,196000.931,Low
08_JPN,Japan,1990,123164.512,Low
08_JPN,Japan,1991,123635.017,Low
08_JPN,Japan,1992,124144.724,Low
08_JPN,Japan,1993,124622.691,Low
08_JPN,Japan,1994,125057.225,Low
08_JPN,Japan,1995,125516.496,Low
08_JPN,Japan,1996,125828.834,Low
08_JPN,Japan,1997,126121.77,Low
08_JPN,Japan,1998,126410.088,Low
08_JPN,Japan,1999,126688.274,Low
08_JPN,Japan,2000,126914.854,Low
08_JPN,Japan,2001,127140.724,Low
08_JPN,Japan,2002,127379.572,Low
08_JPN,Japan,2003,127589.624,Low
08_JPN,Japan,2004,127752.879,Low
08_JPN,Japan,2005,127878.669,Low
08_JPN,Japan,2006,127947.992,Low
08_JPN,Japan,2007,128046.503,Low
08_JPN,Japan,2008,128128.861,Low
08_JPN,Japan,2009,128183.119,Low
08_JPN,Japan,2010,128201.82,Low
08_JPN,Japan,2011,128168.73,Low
08_JPN,Japan,2012,128024.135,Low
08_JPN,Japan,2013,127832.435,Low
08_JPN,Japan,2014,127614.856,Low
08_JPN,Japan,2015,127358.353,Low
08_JPN,Japan,2016,127193.392,Low
08_JPN,Japan,2017,127126.51,Low
08_JPN,Japan,2018,127002.87,Low
08_JPN,Japan,2019,126823.995,Low
08_JPN,Japan,2020,126574.852,Low
08_JPN,Japan,2021,126034.234,Low
08_JPN,Japan,2022,125324.442,Low
08_JPN,Japan,2023,124670.714,Low
08_JPN,Japan,2024,124071.179,Low
08_JPN,Japan,2025,123280.884,Low
08_JPN,Japan,2026,122465.539,Low
08_JPN,Japan,2027,121625.626,Low
08_JPN,Japan,2028,120773.229,Low
08_JPN,Japan,2029,119909.88,Low
08_JPN,Japan,2030,118952.837,Low
08_JPN,Japan,2031,117985.739,Low
08_JPN,Japan,2032,117013.409,Low
08_JPN,Japan,2033,116034.844,Low
08_JPN,Japan,2034,115054.961,Low
08_JPN,Japan,2035,114007.831,Low
08_JPN,Japan,2036,112957.357,Low
08_JPN,Japan,2037,111909.164,Low
08_JPN,Japan,2038,110862.385,Low
08_JPN,Japan,2039,109821.879,Low
08_JPN,Japan,2040,108783.659,Low
08_JPN,Japan,2041,107748.355,Low
08_JPN,Japan,2042,106710.862,Low
08_JPN,Japan,2043,105687.779,Low
08_JPN,Japan,2044,104671.873,Low
08_JPN,Japan,2045,103665.087,Low
08_JPN,Japan,2046,102662.551,Low
08_JPN,Japan,2047,101671.343,Low
08_JPN,Japan,2048,100690.28,Low
08_JPN,Japan,2049,99721.228,Low
08_JPN,Japan,2050,98756.739,Low
08_JPN,Japan,2051,97799.297,Low
08_JPN,Japan,2052,96844.103,Low
08_JPN,Japan,2053,95881.705,Low
08_JPN,Japan,2054,94921.724,Low
08_JPN,Japan,2055,93942.975,Low
08_JPN,Japan,2056,92962.683,Low
08_JPN,Japan,2057,91963.89,Low
08_JPN,Japan,2058,90955.779,Low
08_JPN,Japan,2059,89935.849,Low
08_JPN,Japan,2060,88892.976,Low
08_JPN,Japan,2061,87841.766,Low
08_JPN,Japan,2062,86781.084,Low
08_JPN,Japan,2063,85711.425,Low
08_JPN,Japan,2064,84634.458,Low
08_JPN,Japan,2065,83550.628,Low
08_JPN,Japan,2066,82455.103,Low
08_JPN,Japan,2067,81363.054,Low
08_JPN,Japan,2068,80276.611,Low
08_JPN,Japan,2069,79188.661,Low
08_JPN,Japan,2070,78113.235,Low
08_JPN,Japan,2071,77046.024,Low
08_JPN,Japan,2072,76005.806,Low
08_JPN,Japan,2073,74984.271,Low
08_JPN,Japan,2074,73981.353,Low
08_JPN,Japan,2075,73009.183,Low
08_JPN,Japan,2076,72064.37,Low
08_JPN,Japan,2077,71145.652,Low
08_JPN,Japan,2078,70249.986,Low
08_JPN,Japan,2079,69380.724,Low
08_JPN,Japan,2080,68536.023,Low
08_JPN,Japan,2081,67709.99,Low
08_JPN,Japan,2082,66907.333,Low
08_JPN,Japan,2083,66118.997,Low
08_JPN,Japan,2084,65348.037,Low
08_JPN,Japan,2085,64586.851,Low
08_JPN,Japan,2086,63836.068,Low
08_JPN,Japan,2087,63096.187,Low
08_JPN,Japan,2088,62367.855,Low
08_JPN,Japan,2089,61646.729,Low
08_JPN,Japan,2090,60928.43,Low
08_JPN,Japan,2091,60213.865,Low
08_JPN,Japan,2092,59501.727,Low
08_JPN,Japan,2093,58785.87,Low
08_JPN,Japan,2094,58072.782,Low
08_JPN,Japan,2095,57362.531,Low
08_JPN,Japan,2096,56650.722,Low
08_JPN,Japan,2097,55934.692,Low
08_JPN,Japan,2098,55222.219,Low
08_JPN,Japan,2099,54505.548,Low
08_JPN,Japan,2100,53783.142,Low
09_ROK,Korea,1990,43825.75,Low
09_ROK,Korea,1991,44337.104,Low
09_ROK,Korea,1992,44541.196,Low
09_ROK,Korea,1993,44766.194,Low
09_ROK,Korea,1994,45009.253,Low
09_ROK,Korea,1995,45252.428,Low
09_ROK,Korea,1996,45484.423,Low
09_ROK,Korea,1997,45792.976,Low
09_ROK,Korea,1998,46090.097,Low
09_ROK,Korea,1999,46371.658,Low
09_ROK,Korea,2000,46629.108,Low
09_ROK,Korea,2001,46904.214,Low
09_ROK,Korea,2002,47182.722,Low
09_ROK,Korea,2003,47415.519,Low
09_ROK,Korea,2004,47612.802,Low
09_ROK,Korea,2005,47781.349,Low
09_ROK,Korea,2006,47921.939,Low
09_ROK,Korea,2007,48091.096,Low
09_ROK,Korea,2008,48265.141,Low
09_ROK,Korea,2009,48447.845,Low
09_ROK,Korea,2010,48645.528,Low
09_ROK,Korea,2011,48893.137,Low
09_ROK,Korea,2012,49362.15,Low
09_ROK,Korea,2013,49837.009,Low
09_ROK,Korea,2014,50305.32,Low
09_ROK,Korea,2015,50772.791,Low
09_ROK,Korea,2016,51195.032,Low
09_ROK,Korea,2017,51400.646,Low
09_ROK,Korea,2018,51571.895,Low
09_ROK,Korea,2019,51709.893,Low
09_ROK,Korea,2020,51825.799,Low
09_ROK,Korea,2021,51891.164,Low
09_ROK,Korea,2022,51805.631,Low
09_ROK,Korea,2023,51759.392,Low
09_ROK,Korea,2024,51738.086,Low
09_ROK,Korea,2025,51615.133,Low
09_ROK,Korea,2026,51473.155,Low
09_ROK,Korea,2027,51318.268,Low
09_ROK,Korea,2028,51146.835,Low
09_ROK,Korea,2029,50964.921,Low
09_ROK,Korea,2030,50718.648,Low
09_ROK,Korea,2031,50459.306,Low
09_ROK,Korea,2032,50187.495,Low
09_ROK,Korea,2033,49900.587,Low
09_ROK,Korea,2034,49594.683,Low
09_ROK,Korea,2035,49244.55,Low
09_ROK,Korea,2036,48880.014,Low
09_ROK,Korea,2037,48501.17,Low
09_ROK,Korea,2038,48105.492,Low
09_ROK,Korea,2039,47694.097,Low
09_ROK,Korea,2040,47269.183,Low
09_ROK,Korea,2041,46833.731,Low
09_ROK,Korea,2042,46381.661,Low
09_ROK,Korea,2043,45923.676,Low
09_ROK,Korea,2044,45453.622,Low
09_ROK,Korea,2045,44967.818,Low
09_ROK,Korea,2046,44470.911,Low
09_ROK,Korea,2047,43965.387,Low
09_ROK,Korea,2048,43439.784,Low
09_ROK,Korea,2049,42901.685,Low
09_ROK,Korea,2050,42347.097,Low
09_ROK,Korea,2051,41781.835,Low
09_ROK,Korea,2052,41199.842,Low
09_ROK,Korea,2053,40601.606,Low
09_ROK,Korea,2054,39997.191,Low
09_ROK,Korea,2055,39388.271,Low
09_ROK,Korea,2056,38766.322,Low
09_ROK,Korea,2057,38132.678,Low
09_ROK,Korea,2058,37484.917,Low
09_ROK,Korea,2059,36827.719,Low
09_ROK,Korea,2060,36170.436,Low
09_ROK,Korea,2061,35508.209,Low
09_ROK,Korea,2062,34852.526,Low
09_ROK,Korea,2063,34191.168,Low
09_ROK,Korea,2064,33534.453,Low
09_ROK,Korea,2065,32880.092,Low
09_ROK,Korea,2066,32231.15,Low
09_ROK,Korea,2067,31588.024,Low
09_ROK,Korea,2068,30948.918,Low
09_ROK,Korea,2069,30317.915,Low
09_ROK,Korea,2070,29685.168,Low
09_ROK,Korea,2071,29059.777,Low
09_ROK,Korea,2072,28442.744,Low
09_ROK,Korea,2073,27833.543,Low
09_ROK,Korea,2074,27234.404,Low
09_ROK,Korea,2075,26641.457,Low
09_ROK,Korea,2076,26057.212,Low
09_ROK,Korea,2077,25479.745,Low
09_ROK,Korea,2078,24909.541,Low
09_ROK,Korea,2079,24347.947,Low
09_ROK,Korea,2080,23794.806,Low
09_ROK,Korea,2081,23247.56,Low
09_ROK,Korea,2082,22705.0,Low
09_ROK,Korea,2083,22172.752,Low
09_ROK,Korea,2084,21646.669,Low
09_ROK,Korea,2085,21129.672,Low
09_ROK,Korea,2086,20616.782,Low
09_ROK,Korea,2087,20110.679,Low
09_ROK,Korea,2088,19608.853,Low
09_ROK,Korea,2089,19114.412,Low
09_ROK,Korea,2090,18625.2,Low
09_ROK,Korea,2091,18142.221,Low
09_ROK,Korea,2092,17665.837,Low
09_ROK,Korea,2093,17196.507,Low
09_ROK,Korea,2094,16735.798,Low
09_ROK,Korea,2095,16284.205,Low
09_ROK,Korea,2096,15840.626,Low
09_ROK,Korea,2097,15409.133,Low
09_ROK,Korea,2098,14987.222,Low
09_ROK,Korea,2099,14573.131,Low
09_ROK,Korea,2100,14169.221,Low
10_MAS,Malaysia,1990,17573.4,Low
10_MAS,Malaysia,1991,18092.942,Low
10_MAS,Malaysia,1992,18591.985,Low
10_MAS,Malaysia,1993,19077.16,Low
10_MAS,Malaysia,1994,19568.169,Low
10_MAS,Malaysia,1995,20072.723,Low
10_MAS,Malaysia,1996,20588.474,Low
10_MAS,Malaysia,1997,21111.7,Low
10_MAS,Malaysia,1998,21638.737,Low
10_MAS,Malaysia,1999,22174.688,Low
10_MAS,Malaysia,2000,22696.373,Low
10_MAS,Malaysia,2001,23239.259,Low
10_MAS,Malaysia,2002,23813.818,Low
10_MAS,Malaysia,2003,24391.135,Low
10_MAS,Malaysia,2004,24968.069,Low
10_MAS,Malaysia,2005,25545.476,Low
10_MAS,Malaysia,2006,26126.667,Low
10_MAS,Malaysia,2007,26709.151,Low
10_MAS,Malaysia,2008,27287.626,Low
10_MAS,Malaysia,2009,27852.492,Low
10_MAS,Malaysia,2010,28397.063,Low
10_MAS,Malaysia,2011,28914.49,Low
10_MAS,Malaysia,2012,29409.588,Low
10_MAS,Malaysia,2013,29916.074,Low
10_MAS,Malaysia,2014,30432.455,Low
10_MAS,Malaysia,2015,30959.818,Low
10_MAS,Malaysia,2016,31505.777,Low
10_MAS,Malaysia,2017,32073.594,Low
10_MAS,Malaysia,2018,32637.695,Low
10_MAS,Malaysia,2019,33184.239,Low
10_MAS,Malaysia,2020,33696.952,Low
10_MAS,Malaysia,2021,34082.165,Low
10_MAS,Malaysia,2022,34482.632,Low
10_MAS,Malaysia,2023,34908.354,Low
10_MAS,Malaysia,2024,35344.242,Low
10_MAS,Malaysia,2025,35700.197,Low
10_MAS,Malaysia,2026,36042.176,Low
10_MAS,Malaysia,2027,36371.186,Low
10_MAS,Malaysia,2028,36697.407,Low
10_MAS,Malaysia,2029,37020.739,Low
10_MAS,Malaysia,2030,37289.305,Low
10_MAS,Malaysia,2031,37559.004,Low
10_MAS,Malaysia,2032,37823.523,Low
10_MAS,Malaysia,2033,38081.052,Low
10_MAS,Malaysia,2034,38322.272,Low
10_MAS,Malaysia,2035,38529.606,Low
10_MAS,Malaysia,2036,38733.727,Low
10_MAS,Malaysia,2037,38930.31,Low
10_MAS,Malaysia,2038,39120.095,Low
10_MAS,Malaysia,2039,39307.004,Low
10_MAS,Malaysia,2040,39478.907,Low
10_MAS,Malaysia,2041,39647.37,Low
10_MAS,Malaysia,2042,39809.167,Low
10_MAS,Malaysia,2043,39971.461,Low
10_MAS,Malaysia,2044,40125.047,Low
10_MAS,Malaysia,2045,40261.908,Low
10_MAS,Malaysia,2046,40388.943,Low
10_MAS,Malaysia,2047,40510.532,Low
10_MAS,Malaysia,2048,40621.301,Low
10_MAS,Malaysia,2049,40712.406,Low
10_MAS,Malaysia,2050,40788.784,Low
10_MAS,Malaysia,2051,40859.513,Low
10_MAS,Malaysia,2052,40911.207,Low
10_MAS,Malaysia,2053,40951.29,Low
10_MAS,Malaysia,2054,40978.16,Low
10_MAS,Malaysia,2055,40984.814,Low
10_MAS,Malaysia,2056,40970.391,Low
10_MAS,Malaysia,2057,40946.545,Low
10_MAS,Malaysia,2058,40908.816,Low
10_MAS,Malaysia,2059,40858.675,Low
10_MAS,Malaysia,2060,40800.584,Low
10_MAS,Malaysia,2061,40723.637,Low
10_MAS,Malaysia,2062,40634.515,Low
10_MAS,Malaysia,2063,40526.01,Low
10_MAS,Malaysia,2064,40401.945,Low
10_MAS,Malaysia,2065,40272.206,Low
10_MAS,Malaysia,2066,40123.489,Low
10_MAS,Malaysia,2067,39962.585,Low
10_MAS,Malaysia,2068,39791.299,Low
10_MAS,Malaysia,2069,39610.583,Low
10_MAS,Malaysia,2070,39427.694,Low
10_MAS,Malaysia,2071,39236.071,Low
10_MAS,Malaysia,2072,39038.805,Low
10_MAS,Malaysia,2073,38831.652,Low
10_MAS,Malaysia,2074,38611.573,Low
10_MAS,Malaysia,2075,38388.689,Low
10_MAS,Malaysia,2076,38157.136,Low
10_MAS,Malaysia,2077,37925.312,Low
10_MAS,Malaysia,2078,37673.9,Low
10_MAS,Malaysia,2079,37415.036,Low
10_MAS,Malaysia,2080,37149.326,Low
10_MAS,Malaysia,2081,36868.952,Low
10_MAS,Malaysia,2082,36590.274,Low
10_MAS,Malaysia,2083,36304.354,Low
10_MAS,Malaysia,2084,36010.847,Low
10_MAS,Malaysia,2085,35717.737,Low
10_MAS,Malaysia,2086,35421.466,Low
10_MAS,Malaysia,2087,35115.687,Low
10_MAS,Malaysia,2088,34808.271,Low
10_MAS,Malaysia,2089,34497.84,Low
10_MAS,Malaysia,2090,34186.236,Low
10_MAS,Malaysia,2091,33871.329,Low
10_MAS,Malaysia,2092,33556.017,Low
10_MAS,Malaysia,2093,33237.891,Low
10_MAS,Malaysia,2094,32914.928,Low
10_MAS,Malaysia,2095,32593.89,Low
10_MAS,Malaysia,2096,32269.733,Low
10_MAS,Malaysia,2097,31943.902,Low
10_MAS,Malaysia,2098,31620.781,Low
10_MAS,Malaysia,2099,31301.029,Low
10_MAS,Malaysia,2100,30979.968,Low
11_MEX,Mexico,1990,82017.824,Low
11_MEX,Mexico,1991,83622.516,Low
11_MEX,Mexico,1992,85238.629,Low
11_MEX,Mexico,1993,86850.989,Low
11_MEX,Mexico,1994,88456.626,Low
11_MEX,Mexico,1995,90061.783,Low
11_MEX,Mexico,1996,91663.126,Low
11_MEX,Mexico,1997,93242.279,Low
11_MEX,Mexico,1998,94800.135,Low
11_MEX,Mexico,1999,96350.355,Low
11_MEX,Mexico,2000,97881.058,Low
11_MEX,Mexico,2001,99370.046,Low
11_MEX,Mexico,2002,100828.153,Low
11_MEX,Mexico,2003,102269.095,Low
11_MEX,Mexico,2004,103687.936,Low
11_MEX,Mexico,2005,105100.326,Low
11_MEX,Mexico,2006,106522.682,Low
11_MEX,Mexico,2007,107984.649,Low
11_MEX,Mexico,2008,109564.071,Low
11_MEX,Mexico,2009,111184.505,Low
11_MEX,Mexico,2010,112814.937,Low
11_MEX,Mexico,2011,114432.853,Low
11_MEX,Mexico,2012,116054.154,Low
11_MEX,Mexico,2013,117582.263,Low
11_MEX,Mexico,2014,119104.883,Low
11_MEX,Mexico,2015,120463.639,Low
11_MEX,Mexico,2016,121680.973,Low
11_MEX,Mexico,2017,122821.728,Low
11_MEX,Mexico,2018,123978.387,Low
11_MEX,Mexico,2019,125169.035,Low
11_MEX,Mexico,2020,126356.93,Low
11_MEX,Mexico,2021,127241.179,Low
11_MEX,Mexico,2022,128055.116,Low
11_MEX,Mexico,2023,129171.119,Low
11_MEX,Mexico,2024,130308.399,Low
11_MEX,Mexico,2025,131148.576,Low
11_MEX,Mexico,2026,131949.908,Low
11_MEX,Mexico,2027,132719.221,Low
11_MEX,Mexico,2028,133458.362,Low
11_MEX,Mexico,2029,134168.796,Low
11_MEX,Mexico,2030,134689.133,Low
11_MEX,Mexico,2031,135181.939,Low
11_MEX,Mexico,2032,135647.224,Low
11_MEX,Mexico,2033,136086.18,Low
11_MEX,Mexico,2034,136498.327,Low
11_MEX,Mexico,2035,136768.948,Low
11_MEX,Mexico,2036,137015.5,Low
11_MEX,Mexico,2037,137229.379,Low
11_MEX,Mexico,2038,137420.468,Low
11_MEX,Mexico,2039,137579.666,Low
11_MEX,Mexico,2040,137702.024,Low
11_MEX,Mexico,2041,137792.21,Low
11_MEX,Mexico,2042,137850.144,Low
11_MEX,Mexico,2043,137870.751,Low
11_MEX,Mexico,2044,137849.73,Low
11_MEX,Mexico,2045,137793.824,Low
11_MEX,Mexico,2046,137693.433,Low
11_MEX,Mexico,2047,137550.396,Low
11_MEX,Mexico,2048,137361.492,Low
11_MEX,Mexico,2049,137136.339,Low
11_MEX,Mexico,2050,136858.48,Low
11_MEX,Mexico,2051,136541.13,Low
11_MEX,Mexico,2052,136178.63,Low
11_MEX,Mexico,2053,135773.711,Low
11_MEX,Mexico,2054,135323.892,Low
11_MEX,Mexico,2055,134831.705,Low
11_MEX,Mexico,2056,134298.526,Low
11_MEX,Mexico,2057,133724.388,Low
11_MEX,Mexico,2058,133114.012,Low
11_MEX,Mexico,2059,132468.766,Low
11_MEX,Mexico,2060,131784.909,Low
11_MEX,Mexico,2061,131061.747,Low
11_MEX,Mexico,2062,130307.056,Low
11_MEX,Mexico,2063,129519.433,Low
11_MEX,Mexico,2064,128698.818,Low
11_MEX,Mexico,2065,127847.167,Low
11_MEX,Mexico,2066,126963.523,Low
11_MEX,Mexico,2067,126053.07,Low
11_MEX,Mexico,2068,125117.689,Low
11_MEX,Mexico,2069,124154.561,Low
11_MEX,Mexico,2070,123165.401,Low
11_MEX,Mexico,2071,122147.924,Low
11_MEX,Mexico,2072,121111.494,Low
11_MEX,Mexico,2073,120048.649,Low
11_MEX,Mexico,2074,118960.363,Low
11_MEX,Mexico,2075,117849.769,Low
11_MEX,Mexico,2076,116718.098,Low
11_MEX,Mexico,2077,115565.442,Low
11_MEX,Mexico,2078,114390.873,Low
11_MEX,Mexico,2079,113194.544,Low
11_MEX,Mexico,2080,111976.157,Low
11_MEX,Mexico,2081,110737.205,Low
11_MEX,Mexico,2082,109476.859,Low
11_MEX,Mexico,2083,108204.444,Low
11_MEX,Mexico,2084,106909.567,Low
11_MEX,Mexico,2085,105597.033,Low
11_MEX,Mexico,2086,104263.748,Low
11_MEX,Mexico,2087,102917.283,Low
11_MEX,Mexico,2088,101559.305,Low
11_MEX,Mexico,2089,100190.852,Low
11_MEX,Mexico,2090,98807.57,Low
11_MEX,Mexico,2091,97413.208,Low
11_MEX,Mexico,2092,96006.832,Low
11_MEX,Mexico,2093,94596.075,Low
11_MEX,Mexico,2094,93171.783,Low
11_MEX,Mexico,2095,91741.381,Low
11_MEX,Mexico,2096,90307.198,Low
11_MEX,Mexico,2097,88872.49,Low
11_MEX,Mexico,2098,87435.964,Low
11_MEX,Mexico,2099,86001.14,Low
11_MEX,Mexico,2100,84567.263,Low
12_NZ,New Zealand,1990,3345.088,Low
12_NZ,New Zealand,1991,3448.869,Low
12_NZ,New Zealand,1992,3512.982,Low
12_NZ,New Zealand,1993,3551.507,Low
12_NZ,New Zealand,1994,3595.712,Low
12_NZ,New Zealand,1995,3646.349,Low
12_NZ,New Zealand,1996,3702.508,Low
12_NZ,New Zealand,1997,3756.249,Low
12_NZ,New Zealand,1998,3797.651,Low
12_NZ,New Zealand,1999,3825.091,Low
12_NZ,New Zealand,2000,3846.018,Low
12_NZ,New Zealand,2001,3869.13,Low
12_NZ,New Zealand,2002,3914.395,Low
12_NZ,New Zealand,2003,3987.842,Low
12_NZ,New Zealand,2004,4057.331,Low
12_NZ,New Zealand,2005,4110.49,Low
12_NZ,New Zealand,2006,4159.523,Low
12_NZ,New Zealand,2007,4204.357,Low
12_NZ,New Zealand,2008,4242.174,Low
12_NZ,New Zealand,2009,4281.474,Low
12_NZ,New Zealand,2010,4327.134,Low
12_NZ,New Zealand,2011,4368.407,Low
12_NZ,New Zealand,2012,4396.994,Low
12_NZ,New Zealand,2013,4426.359,Low
12_NZ,New Zealand,2014,4481.343,Low
12_NZ,New Zealand,2015,4564.623,Low
12_NZ,New Zealand,2016,4663.435,Low
12_NZ,New Zealand,2017,4766.105,Low
12_NZ,New Zealand,2018,4859.398,Low
12_NZ,New Zealand,2019,4942.296,Low
12_NZ,New Zealand,2020,5036.509,Low
12_NZ,New Zealand,2021,5103.281,Low
12_NZ,New Zealand,2022,5112.112,Low
12_NZ,New Zealand,2023,5151.357,Low
12_NZ,New Zealand,2024,5194.315,Low
12_NZ,New Zealand,2025,5224.693,Low
12_NZ,New Zealand,2026,5252.497,Low
12_NZ,New Zealand,2027,5278.198,Low
12_NZ,New Zealand,2028,5301.706,Low
12_NZ,New Zealand,2029,5322.627,Low
12_NZ,New Zealand,2030,5336.631,Low
12_NZ,New Zealand,2031,5348.418,Low
12_NZ,New Zealand,2032,5359.297,Low
12_NZ,New Zealand,2033,5368.164,Low
12_NZ,New Zealand,2034,5376.837,Low
12_NZ,New Zealand,2035,5380.112,Low
12_NZ,New Zealand,2036,5383.478,Low
12_NZ,New Zealand,2037,5385.95,Low
12_NZ,New Zealand,2038,5387.926,Low
12_NZ,New Zealand,2039,5390.171,Low
12_NZ,New Zealand,2040,5391.133,Low
12_NZ,New Zealand,2041,5391.559,Low
12_NZ,New Zealand,2042,5392.797,Low
12_NZ,New Zealand,2043,5392.78,Low
12_NZ,New Zealand,2044,5390.994,Low
12_NZ,New Zealand,2045,5387.795,Low
12_NZ,New Zealand,2046,5383.745,Low
12_NZ,New Zealand,2047,5377.796,Low
12_NZ,New Zealand,2048,5370.8,Low
12_NZ,New Zealand,2049,5363.592,Low
12_NZ,New Zealand,2050,5354.097,Low
12_NZ,New Zealand,2051,5346.986,Low
12_NZ,New Zealand,2052,5340.398,Low
12_NZ,New Zealand,2053,5330.332,Low
12_NZ,New Zealand,2054,5321.168,Low
12_NZ,New Zealand,2055,5311.29,Low
12_NZ,New Zealand,2056,5300.381,Low
12_NZ,New Zealand,2057,5286.691,Low
12_NZ,New Zealand,2058,5272.003,Low
12_NZ,New Zealand,2059,5256.49,Low
12_NZ,New Zealand,2060,5239.586,Low
12_NZ,New Zealand,2061,5221.082,Low
12_NZ,New Zealand,2062,5199.909,Low
12_NZ,New Zealand,2063,5181.079,Low
12_NZ,New Zealand,2064,5159.733,Low
12_NZ,New Zealand,2065,5139.559,Low
12_NZ,New Zealand,2066,5119.657,Low
12_NZ,New Zealand,2067,5099.2,Low
12_NZ,New Zealand,2068,5077.049,Low
12_NZ,New Zealand,2069,5053.818,Low
12_NZ,New Zealand,2070,5030.012,Low
12_NZ,New Zealand,2071,5005.466,Low
12_NZ,New Zealand,2072,4980.176,Low
12_NZ,New Zealand,2073,4958.605,Low
12_NZ,New Zealand,2074,4934.329,Low
12_NZ,New Zealand,2075,4909.791,Low
12_NZ,New Zealand,2076,4884.456,Low
12_NZ,New Zealand,2077,4859.078,Low
12_NZ,New Zealand,2078,4834.348,Low
12_NZ,New Zealand,2079,4807.879,Low
12_NZ,New Zealand,2080,4780.742,Low
12_NZ,New Zealand,2081,4752.251,Low
12_NZ,New Zealand,2082,4724.685,Low
12_NZ,New Zealand,2083,4695.349,Low
12_NZ,New Zealand,2084,4664.779,Low
12_NZ,New Zealand,2085,4634.824,Low
12_NZ,New Zealand,2086,4605.058,Low
12_NZ,New Zealand,2087,4575.575,Low
12_NZ,New Zealand,2088,4546.181,Low
12_NZ,New Zealand,2089,4518.792,Low
12_NZ,New Zealand,2090,4488.983,Low
12_NZ,New Zealand,2091,4461.024,Low
12_NZ,New Zealand,2092,4432.418,Low
12_NZ,New Zealand,2093,4404.96,Low
12_NZ,New Zealand,2094,4375.028,Low
12_NZ,New Zealand,2095,4346.237,Low
12_NZ,New Zealand,2096,4316.675,Low
12_NZ,New Zealand,2097,4286.296,Low
12_NZ,New Zealand,2098,4255.401,Low
12_NZ,New Zealand,2099,4223.435,Low
12_NZ,New Zealand,2100,4191.158,Low
13_PNG,Papua New Guinea,1990,3840.265,Low
13_PNG,Papua New Guinea,1991,3952.696,Low
13_PNG,Papua New Guinea,1992,4090.978,Low
13_PNG,Papua New Guinea,1993,4242.421,Low
13_PNG,Papua New Guinea,1994,4399.322,Low
13_PNG,Papua New Guinea,1995,4561.095,Low
13_PNG,Papua New Guinea,1996,4727.461,Low
13_PNG,Papua New Guinea,1997,4899.262,Low
13_PNG,Papua New Guinea,1998,5076.505,Low
13_PNG,Papua New Guinea,1999,5256.274,Low
13_PNG,Papua New Guinea,2000,5442.391,Low
13_PNG,Papua New Guinea,2001,5631.736,Low
13_PNG,Papua New Guinea,2002,5825.135,Low
13_PNG,Papua New Guinea,2003,6022.872,Low
13_PNG,Papua New Guinea,2004,6225.122,Low
13_PNG,Papua New Guinea,2005,6430.96,Low
13_PNG,Papua New Guinea,2006,6640.85,Low
13_PNG,Papua New Guinea,2007,6854.59,Low
13_PNG,Papua New Guinea,2008,7072.099,Low
13_PNG,Papua New Guinea,2009,7293.904,Low
13_PNG,Papua New Guinea,2010,7518.972,Low
13_PNG,Papua New Guinea,2011,7748.074,Low
13_PNG,Papua New Guinea,2012,7970.618,Low
13_PNG,Papua New Guinea,2013,8192.162,Low
13_PNG,Papua New Guinea,2014,8413.233,Low
13_PNG,Papua New Guinea,2015,8633.649,Low
13_PNG,Papua New Guinea,2016,8852.843,Low
13_PNG,Papua New Guinea,2017,9070.592,Low
13_PNG,Papua New Guinea,2018,9286.836,Low
13_PNG,Papua New Guinea,2019,9502.191,Low
13_PNG,Papua New Guinea,2020,9715.829,Low
13_PNG,Papua New Guinea,2021,9915.662,Low
13_PNG,Papua New Guinea,2022,10110.13,Low
13_PNG,Papua New Guinea,2023,10296.209,Low
13_PNG,Papua New Guinea,2024,10483.061,Low
13_PNG,Papua New Guinea,2025,10649.594,Low
13_PNG,Papua New Guinea,2026,10814.807,Low
13_PNG,Papua New Guinea,2027,10978.311,Low
13_PNG,Papua New Guinea,2028,11139.762,Low
13_PNG,Papua New Guinea,2029,11299.1,Low
13_PNG,Papua New Guinea,2030,11443.4,Low
13_PNG,Papua New Guinea,2031,11586.302,Low
13_PNG,Papua New Guinea,2032,11726.064,Low
13_PNG,Papua New Guinea,2033,11864.221,Low
13_PNG,Papua New Guinea,2034,12000.233,Low
13_PNG,Papua New Guinea,2035,12126.184,Low
13_PNG,Papua New Guinea,2036,12249.179,Low
13_PNG,Papua New Guinea,2037,12371.393,Low
13_PNG,Papua New Guinea,2038,12491.084,Low
13_PNG,Papua New Guinea,2039,12608.676,Low
13_PNG,Papua New Guinea,2040,12723.399,Low
13_PNG,Papua New Guinea,2041,12835.51,Low
13_PNG,Papua New Guinea,2042,12944.169,Low
13_PNG,Papua New Guinea,2043,13049.713,Low
13_PNG,Papua New Guinea,2044,13153.413,Low
13_PNG,Papua New Guinea,2045,13255.204,Low
13_PNG,Papua New Guinea,2046,13354.678,Low
13_PNG,Papua New Guinea,2047,13449.026,Low
13_PNG,Papua New Guinea,2048,13539.568,Low
13_PNG,Papua New Guinea,2049,13626.348,Low
13_PNG,Papua New Guinea,2050,13709.69,Low
13_PNG,Papua New Guinea,2051,13786.466,Low
13_PNG,Papua New Guinea,2052,13859.885,Low
13_PNG,Papua New Guinea,2053,13929.611,Low
13_PNG,Papua New Guinea,2054,13992.807,Low
13_PNG,Papua New Guinea,2055,14053.539,Low
13_PNG,Papua New Guinea,2056,14106.923,Low
13_PNG,Papua New Guinea,2057,14155.53,Low
13_PNG,Papua New Guinea,2058,14200.13,Low
13_PNG,Papua New Guinea,2059,14239.744,Low
13_PNG,Papua New Guinea,2060,14275.482,Low
13_PNG,Papua New Guinea,2061,14307.899,Low
13_PNG,Papua New Guinea,2062,14332.653,Low
13_PNG,Papua New Guinea,2063,14352.395,Low
13_PNG,Papua New Guinea,2064,14367.985,Low
13_PNG,Papua New Guinea,2065,14381.965,Low
13_PNG,Papua New Guinea,2066,14392.799,Low
13_PNG,Papua New Guinea,2067,14399.524,Low
13_PNG,Papua New Guinea,2068,14402.519,Low
13_PNG,Papua New Guinea,2069,14400.695,Low
13_PNG,Papua New Guinea,2070,14394.087,Low
13_PNG,Papua New Guinea,2071,14383.431,Low
13_PNG,Papua New Guinea,2072,14370.437,Low
13_PNG,Papua New Guinea,2073,14353.033,Low
13_PNG,Papua New Guinea,2074,14330.386,Low
13_PNG,Papua New Guinea,2075,14304.447,Low
13_PNG,Papua New Guinea,2076,14275.804,Low
13_PNG,Papua New Guinea,2077,14243.032,Low
13_PNG,Papua New Guinea,2078,14208.428,Low
13_PNG,Papua New Guinea,2079,14172.334,Low
13_PNG,Papua New Guinea,2080,14131.71,Low
13_PNG,Papua New Guinea,2081,14092.523,Low
13_PNG,Papua New Guinea,2082,14046.334,Low
13_PNG,Papua New Guinea,2083,13996.136,Low
13_PNG,Papua New Guinea,2084,13945.498,Low
13_PNG,Papua New Guinea,2085,13889.859,Low
13_PNG,Papua New Guinea,2086,13832.85,Low
13_PNG,Papua New Guinea,2087,13773.27,Low
13_PNG,Papua New Guinea,2088,13709.435,Low
13_PNG,Papua New Guinea,2089,13642.452,Low
13_PNG,Papua New Guinea,2090,13572.753,Low
13_PNG,Papua New Guinea,2091,13504.376,Low
13_PNG,Papua New Guinea,2092,13431.288,Low
13_PNG,Papua New Guinea,2093,13354.833,Low
13_PNG,Papua New Guinea,2094,13275.063,Low
13_PNG,Papua New Guinea,2095,13193.425,Low
13_PNG,Papua New Guinea,2096,13108.578,Low
13_PNG,Papua New Guinea,2097,13021.765,Low
13_PNG,Papua New Guinea,2098,12931.745,Low
13_PNG,Papua New Guinea,2099,12838.736,Low
13_PNG,Papua New Guinea,2100,12744.779,Low
14_PE,Peru,1990,21771.879,Low
14_PE,Peru,1991,22257.664,Low
14_PE,Peru,1992,22709.886,Low
14_PE,Peru,1993,23182.795,Low
14_PE,Peru,1994,23644.771,Low
14_PE,Peru,1995,24118.215,Low
14_PE,Peru,1996,24579.623,Low
14_PE,Peru,1997,25042.719,Low
14_PE,Peru,1998,25505.576,Low
14_PE,Peru,1999,25970.615,Low
14_PE,Peru,2000,26402.394,Low
14_PE,Peru,2001,26794.268,Low
14_PE,Peru,2002,27134.933,Low
14_PE,Peru,2003,27441.502,Low
14_PE,Peru,2004,27719.479,Low
14_PE,Peru,2005,27984.901,Low
14_PE,Peru,2006,28217.46,Low
14_PE,Peru,2007,28431.522,Low
14_PE,Peru,2008,28629.876,Low
14_PE,Peru,2009,28808.206,Low
14_PE,Peru,2010,28985.416,Low
14_PE,Peru,2011,29186.623,Low
14_PE,Peru,2012,29421.548,Low
14_PE,Peru,2013,29679.184,Low
14_PE,Peru,2014,29956.654,Low
14_PE,Peru,2015,30274.998,Low
14_PE,Peru,2016,30640.202,Low
14_PE,Peru,2017,31092.785,Low
14_PE,Peru,2018,31556.488,Low
14_PE,Peru,2019,32238.679,Low
14_PE,Peru,2020,32659.927,Low
14_PE,Peru,2021,33017.232,Low
14_PE,Peru,2022,33294.532,Low
14_PE,Peru,2023,33656.344,Low
14_PE,Peru,2024,34034.89,Low
14_PE,Peru,2025,34332.836,Low
14_PE,Peru,2026,34616.336,Low
14_PE,Peru,2027,34887.122,Low
14_PE,Peru,2028,35146.313,Low
14_PE,Peru,2029,35394.94,Low
14_PE,Peru,2030,35592.146,Low
14_PE,Peru,2031,35780.819,Low
14_PE,Peru,2032,35960.931,Low
14_PE,Peru,2033,36133.709,Low
14_PE,Peru,2034,36299.997,Low
14_PE,Peru,2035,36431.664,Low
14_PE,Peru,2036,36555.39,Low
14_PE,Peru,2037,36671.984,Low
14_PE,Peru,2038,36780.43,Low
14_PE,Peru,2039,36881.082,Low
14_PE,Peru,2040,36974.305,Low
14_PE,Peru,2041,37059.617,Low
14_PE,Peru,2042,37136.987,Low
14_PE,Peru,2043,37205.618,Low
14_PE,Peru,2044,37264.912,Low
14_PE,Peru,2045,37316.124,Low
14_PE,Peru,2046,37357.179,Low
14_PE,Peru,2047,37388.702,Low
14_PE,Peru,2048,37409.722,Low
14_PE,Peru,2049,37420.068,Low
14_PE,Peru,2050,37420.713,Low
14_PE,Peru,2051,37411.663,Low
14_PE,Peru,2052,37391.875,Low
14_PE,Peru,2053,37361.524,Low
14_PE,Peru,2054,37321.135,Low
14_PE,Peru,2055,37269.18,Low
14_PE,Peru,2056,37206.124,Low
14_PE,Peru,2057,37131.054,Low
14_PE,Peru,2058,37044.806,Low
14_PE,Peru,2059,36946.268,Low
14_PE,Peru,2060,36836.219,Low
14_PE,Peru,2061,36715.02,Low
14_PE,Peru,2062,36582.505,Low
14_PE,Peru,2063,36438.497,Low
14_PE,Peru,2064,36283.739,Low
14_PE,Peru,2065,36117.872,Low
14_PE,Peru,2066,35942.323,Low
14_PE,Peru,2067,35756.984,Low
14_PE,Peru,2068,35562.376,Low
14_PE,Peru,2069,35358.437,Low
14_PE,Peru,2070,35145.296,Low
14_PE,Peru,2071,34923.561,Low
14_PE,Peru,2072,34694.086,Low
14_PE,Peru,2073,34456.815,Low
14_PE,Peru,2074,34212.115,Low
14_PE,Peru,2075,33959.586,Low
14_PE,Peru,2076,33700.138,Low
14_PE,Peru,2077,33433.744,Low
14_PE,Peru,2078,33160.902,Low
14_PE,Peru,2079,32881.554,Low
14_PE,Peru,2080,32596.043,Low
14_PE,Peru,2081,32303.738,Low
14_PE,Peru,2082,32005.774,Low
14_PE,Peru,2083,31701.937,Low
14_PE,Peru,2084,31393.493,Low
14_PE,Peru,2085,31079.06,Low
14_PE,Peru,2086,30759.556,Low
14_PE,Peru,2087,30435.408,Low
14_PE,Peru,2088,30106.448,Low
14_PE,Peru,2089,29773.306,Low
14_PE,Peru,2090,29437.215,Low
14_PE,Peru,2091,29097.247,Low
14_PE,Peru,2092,28754.098,Low
14_PE,Peru,2093,28407.819,Low
14_PE,Peru,2094,28057.84,Low
14_PE,Peru,2095,27706.923,Low
14_PE,Peru,2096,27352.947,Low
14_PE,Peru,2097,26997.04,Low
14_PE,Peru,2098,26639.451,Low
14_PE,Peru,2099,26281.052,Low
14_PE,Peru,2100,25921.232,Low
15_PHL,Philippines,1990,62011.501,Low
15_PHL,Philippines,1991,63697.832,Low
15_PHL,Philippines,1992,65066.665,Low
15_PHL,Philippines,1993,66785.586,Low
15_PHL,Philippines,1994,68275.657,Low
15_PHL,Philippines,1995,69762.925,Low
15_PHL,Philippines,1996,71329.566,Low
15_PHL,Philippines,1997,73050.919,Low
15_PHL,Philippines,1998,74766.701,Low
15_PHL,Philippines,1999,76815.347,Low
15_PHL,Philippines,2000,78691.166,Low
15_PHL,Philippines,2001,80559.628,Low
15_PHL,Philippines,2002,82243.348,Low
15_PHL,Philippines,2003,83894.429,Low
15_PHL,Philippines,2004,85569.241,Low
15_PHL,Philippines,2005,87219.768,Low
15_PHL,Philippines,2006,88812.155,Low
15_PHL,Philippines,2007,90205.817,Low
15_PHL,Philippines,2008,91944.551,Low
15_PHL,Philippines,2009,93453.638,Low
15_PHL,Philippines,2010,95314.862,Low
15_PHL,Philippines,2011,97359.388,Low
15_PHL,Philippines,2012,99137.841,Low
15_PHL,Philippines,2013,101213.184,Low
15_PHL,Philippines,2014,102939.488,Low
15_PHL,Philippines,2015,104594.772,Low
15_PHL,Philippines,2016,106031.211,Low
15_PHL,Philippines,2017,107440.227,Low
15_PHL,Philippines,2018,108799.16,Low
15_PHL,Philippines,2019,110131.413,Low
15_PHL,Philippines,2020,111477.954,Low
15_PHL,Philippines,2021,112684.574,Low
15_PHL,Philippines,2022,113517.326,Low
15_PHL,Philippines,2023,114411.351,Low
15_PHL,Philippines,2024,115371.047,Low
15_PHL,Philippines,2025,116077.497,Low
15_PHL,Philippines,2026,116777.969,Low
15_PHL,Philippines,2027,117468.463,Low
15_PHL,Philippines,2028,118153.076,Low
15_PHL,Philippines,2029,118829.996,Low
15_PHL,Philippines,2030,119339.587,Low
15_PHL,Philippines,2031,119836.946,Low
15_PHL,Philippines,2032,120312.466,Low
15_PHL,Philippines,2033,120776.279,Low
15_PHL,Philippines,2034,121226.577,Low
15_PHL,Philippines,2035,121553.895,Low
15_PHL,Philippines,2036,121859.153,Low
15_PHL,Philippines,2037,122144.499,Low
15_PHL,Philippines,2038,122402.912,Low
15_PHL,Philippines,2039,122632.204,Low
15_PHL,Philippines,2040,122824.183,Low
15_PHL,Philippines,2041,122986.792,Low
15_PHL,Philippines,2042,123114.989,Low
15_PHL,Philippines,2043,123208.654,Low
15_PHL,Philippines,2044,123266.033,Low
15_PHL,Philippines,2045,123286.253,Low
15_PHL,Philippines,2046,123266.551,Low
15_PHL,Philippines,2047,123204.24,Low
15_PHL,Philippines,2048,123092.688,Low
15_PHL,Philippines,2049,122932.563,Low
15_PHL,Philippines,2050,122730.841,Low
15_PHL,Philippines,2051,122477.461,Low
15_PHL,Philippines,2052,122179.63,Low
15_PHL,Philippines,2053,121824.345,Low
15_PHL,Philippines,2054,121426.076,Low
15_PHL,Philippines,2055,120984.731,Low
15_PHL,Philippines,2056,120495.586,Low
15_PHL,Philippines,2057,119957.959,Low
15_PHL,Philippines,2058,119388.553,Low
15_PHL,Philippines,2059,118782.196,Low
15_PHL,Philippines,2060,118129.431,Low
15_PHL,Philippines,2061,117440.407,Low
15_PHL,Philippines,2062,116716.305,Low
15_PHL,Philippines,2063,115956.311,Low
15_PHL,Philippines,2064,115168.007,Low
15_PHL,Philippines,2065,114348.301,Low
15_PHL,Philippines,2066,113494.117,Low
15_PHL,Philippines,2067,112621.877,Low
15_PHL,Philippines,2068,111715.824,Low
15_PHL,Philippines,2069,110787.771,Low
15_PHL,Philippines,2070,109832.977,Low
15_PHL,Philippines,2071,108851.561,Low
15_PHL,Philippines,2072,107848.873,Low
15_PHL,Philippines,2073,106817.156,Low
15_PHL,Philippines,2074,105763.154,Low
15_PHL,Philippines,2075,104681.387,Low
15_PHL,Philippines,2076,103581.206,Low
15_PHL,Philippines,2077,102456.481,Low
15_PHL,Philippines,2078,101299.409,Low
15_PHL,Philippines,2079,100126.527,Low
15_PHL,Philippines,2080,98937.861,Low
15_PHL,Philippines,2081,97722.117,Low
15_PHL,Philippines,2082,96492.417,Low
15_PHL,Philippines,2083,95241.085,Low
15_PHL,Philippines,2084,93974.926,Low
15_PHL,Philippines,2085,92688.355,Low
15_PHL,Philippines,2086,91383.029,Low
15_PHL,Philippines,2087,90065.759,Low
15_PHL,Philippines,2088,88738.692,Low
15_PHL,Philippines,2089,87403.648,Low
15_PHL,Philippines,2090,86060.623,Low
15_PHL,Philippines,2091,84711.378,Low
15_PHL,Philippines,2092,83354.164,Low
15_PHL,Philippines,2093,81996.486,Low
15_PHL,Philippines,2094,80638.877,Low
15_PHL,Philippines,2095,79285.251,Low
15_PHL,Philippines,2096,77928.068,Low
15_PHL,Philippines,2097,76574.34,Low
15_PHL,Philippines,2098,75231.633,Low
15_PHL,Philippines,2099,73896.443,Low
15_PHL,Philippines,2100,72567.619,Low
16_RUS,Russia,1990,148642.381,Low
16_RUS,Russia,1991,149316.7,Low
16_RUS,Russia,1992,149580.166,Low
16_RUS,Russia,1993,148251.816,Low
16_RUS,Russia,1994,148019.032,Low
16_RUS,Russia,1995,148382.441,Low
16_RUS,Russia,1996,148200.365,Low
16_RUS,Russia,1997,147968.8,Low
16_RUS,Russia,1998,147738.741,Low
16_RUS,Russia,1999,147532.321,Low
16_RUS,Russia,2000,146951.628,Low
16_RUS,Russia,2001,146483.937,Low
16_RUS,Russia,2002,145750.631,Low
16_RUS,Russia,2003,146128.369,Low
16_RUS,Russia,2004,145460.09,Low
16_RUS,Russia,2005,144900.103,Low
16_RUS,Russia,2006,144295.666,Low
16_RUS,Russia,2007,143910.23,Low
16_RUS,Russia,2008,143809.297,Low
16_RUS,Russia,2009,143814.384,Low
16_RUS,Russia,2010,143923.88,Low
16_RUS,Russia,2011,143945.051,Low
16_RUS,Russia,2012,144142.446,Low
16_RUS,Russia,2013,144439.612,Low
16_RUS,Russia,2014,144768.583,Low
16_RUS,Russia,2015,145082.693,Low
16_RUS,Russia,2016,145532.538,Low
16_RUS,Russia,2017,146024.816,Low
16_RUS,Russia,2018,146348.782,Low
16_RUS,Russia,2019,146511.509,Low
16_RUS,Russia,2020,146554.625,Low
16_RUS,Russia,2021,146187.972,Low
16_RUS,Russia,2022,145484.378,Low
16_RUS,Russia,2023,145675.42,Low
16_RUS,Russia,2024,145205.581,Low
16_RUS,Russia,2025,144218.086,Low
16_RUS,Russia,2026,143131.288,Low
16_RUS,Russia,2027,142595.699,Low
16_RUS,Russia,2028,142022.542,Low
16_RUS,Russia,2029,141443.96,Low
16_RUS,Russia,2030,140733.849,Low
16_RUS,Russia,2031,140016.085,Low
16_RUS,Russia,2032,139269.881,Low
16_RUS,Russia,2033,138547.856,Low
16_RUS,Russia,2034,137835.643,Low
16_RUS,Russia,2035,137048.689,Low
16_RUS,Russia,2036,136269.841,Low
16_RUS,Russia,2037,135495.957,Low
16_RUS,Russia,2038,134725.929,Low
16_RUS,Russia,2039,133974.638,Low
16_RUS,Russia,2040,133227.239,Low
16_RUS,Russia,2041,132509.761,Low
16_RUS,Russia,2042,131799.653,Low
16_RUS,Russia,2043,131111.665,Low
16_RUS,Russia,2044,130418.738,Low
16_RUS,Russia,2045,129746.499,Low
16_RUS,Russia,2046,129089.614,Low
16_RUS,Russia,2047,128444.995,Low
16_RUS,Russia,2048,127778.297,Low
16_RUS,Russia,2049,127099.552,Low
16_RUS,Russia,2050,126410.189,Low
16_RUS,Russia,2051,125701.382,Low
16_RUS,Russia,2052,124975.434,Low
16_RUS,Russia,2053,124248.143,Low
16_RUS,Russia,2054,123466.944,Low
16_RUS,Russia,2055,122679.788,Low
16_RUS,Russia,2056,121867.068,Low
16_RUS,Russia,2057,121055.268,Low
16_RUS,Russia,2058,120240.121,Low
16_RUS,Russia,2059,119392.152,Low
16_RUS,Russia,2060,118540.727,Low
16_RUS,Russia,2061,117711.044,Low
16_RUS,Russia,2062,116848.916,Low
16_RUS,Russia,2063,115995.015,Low
16_RUS,Russia,2064,115114.261,Low
16_RUS,Russia,2065,114232.225,Low
16_RUS,Russia,2066,113343.828,Low
16_RUS,Russia,2067,112466.938,Low
16_RUS,Russia,2068,111605.436,Low
16_RUS,Russia,2069,110739.739,Low
16_RUS,Russia,2070,109854.574,Low
16_RUS,Russia,2071,108976.94,Low
16_RUS,Russia,2072,108086.98,Low
16_RUS,Russia,2073,107244.605,Low
16_RUS,Russia,2074,106408.33,Low
16_RUS,Russia,2075,105586.451,Low
16_RUS,Russia,2076,104777.659,Low
16_RUS,Russia,2077,103999.275,Low
16_RUS,Russia,2078,103215.995,Low
16_RUS,Russia,2079,102451.116,Low
16_RUS,Russia,2080,101708.509,Low
16_RUS,Russia,2081,100992.301,Low
16_RUS,Russia,2082,100293.114,Low
16_RUS,Russia,2083,99597.899,Low
16_RUS,Russia,2084,98915.65,Low
16_RUS,Russia,2085,98237.847,Low
16_RUS,Russia,2086,97562.676,Low
16_RUS,Russia,2087,96898.844,Low
16_RUS,Russia,2088,96257.922,Low
16_RUS,Russia,2089,95616.822,Low
16_RUS,Russia,2090,94975.229,Low
16_RUS,Russia,2091,94330.939,Low
16_RUS,Russia,2092,93693.48,Low
16_RUS,Russia,2093,93028.722,Low
16_RUS,Russia,2094,92382.997,Low
16_RUS,Russia,2095,91738.138,Low
16_RUS,Russia,2096,91075.215,Low
16_RUS,Russia,2097,90387.201,Low
16_RUS,Russia,2098,89708.332,Low
16_RUS,Russia,2099,89004.183,Low
16_RUS,Russia,2100,88295.592,Low
17_SGP,Singapore,1990,2988.681,Low
17_SGP,Singapore,1991,3090.501,Low
17_SGP,Singapore,1992,3182.081,Low
17_SGP,Singapore,1993,3270.848,Low
17_SGP,Singapore,1994,3364.936,Low
17_SGP,Singapore,1995,3470.698,Low
17_SGP,Singapore,1996,3596.551,Low
17_SGP,Singapore,1997,3732.569,Low
17_SGP,Singapore,1998,3860.676,Low
17_SGP,Singapore,1999,3942.159,Low
17_SGP,Singapore,2000,3990.955,Low
17_SGP,Singapore,2001,4079.535,Low
17_SGP,Singapore,2002,4152.797,Low
17_SGP,Singapore,2003,4140.988,Low
17_SGP,Singapore,2004,4135.502,Low
17_SGP,Singapore,2005,4210.033,Low
17_SGP,Singapore,2006,4326.694,Low
17_SGP,Singapore,2007,4487.422,Low
17_SGP,Singapore,2008,4705.608,Low
17_SGP,Singapore,2009,4907.874,Low
17_SGP,Singapore,2010,5029.261,Low
17_SGP,Singapore,2011,5124.767,Low
17_SGP,Singapore,2012,5239.711,Low
17_SGP,Singapore,2013,5346.968,Low
17_SGP,Singapore,2014,5424.209,Low
17_SGP,Singapore,2015,5491.591,Low
17_SGP,Singapore,2016,5559.088,Low
17_SGP,Singapore,2017,5596.771,Low
17_SGP,Singapore,2018,5611.386,Low
17_SGP,Singapore,2019,5657.353,Low
17_SGP,Singapore,2020,5681.772,Low
17_SGP,Singapore,2021,5558.529,Low
17_SGP,Singapore,2022,5534.051,Low
17_SGP,Singapore,2023,5765.718,Low
17_SGP,Singapore,2024,5812.461,Low
17_SGP,Singapore,2025,5839.515,Low
17_SGP,Singapore,2026,5863.472,Low
17_SGP,Singapore,2027,5883.615,Low
17_SGP,Singapore,2028,5905.103,Low
17_SGP,Singapore,2029,5925.275,Low
17_SGP,Singapore,2030,5933.034,Low
17_SGP,Singapore,2031,5938.914,Low
17_SGP,Singapore,2032,5946.728,Low
17_SGP,Singapore,2033,5952.924,Low
17_SGP,Singapore,2034,5959.846,Low
17_SGP,Singapore,2035,5957.839,Low
17_SGP,Singapore,2036,5951.12,Low
17_SGP,Singapore,2037,5941.158,Low
17_SGP,Singapore,2038,5931.821,Low
17_SGP,Singapore,2039,5920.76,Low
17_SGP,Singapore,2040,5905.395,Low
17_SGP,Singapore,2041,5886.192,Low
17_SGP,Singapore,2042,5863.959,Low
17_SGP,Singapore,2043,5841.364,Low
17_SGP,Singapore,2044,5818.19,Low
17_SGP,Singapore,2045,5790.693,Low
17_SGP,Singapore,2046,5764.628,Low
17_SGP,Singapore,2047,5736.582,Low
17_SGP,Singapore,2048,5705.18,Low
17_SGP,Singapore,2049,5678.338,Low
17_SGP,Singapore,2050,5647.862,Low
17_SGP,Singapore,2051,5615.783,Low
17_SGP,Singapore,2052,5584.644,Low
17_SGP,Singapore,2053,5557.85,Low
17_SGP,Singapore,2054,5526.908,Low
17_SGP,Singapore,2055,5490.552,Low
17_SGP,Singapore,2056,5456.104,Low
17_SGP,Singapore,2057,5421.566,Low
17_SGP,Singapore,2058,5386.868,Low
17_SGP,Singapore,2059,5346.98,Low
17_SGP,Singapore,2060,5307.981,Low
17_SGP,Singapore,2061,5264.041,Low
17_SGP,Singapore,2062,5221.965,Low
17_SGP,Singapore,2063,5178.065,Low
17_SGP,Singapore,2064,5135.934,Low
17_SGP,Singapore,2065,5089.601,Low
17_SGP,Singapore,2066,5038.527,Low
17_SGP,Singapore,2067,4986.102,Low
17_SGP,Singapore,2068,4938.251,Low
17_SGP,Singapore,2069,4888.102,Low
17_SGP,Singapore,2070,4836.653,Low
17_SGP,Singapore,2071,4787.234,Low
17_SGP,Singapore,2072,4735.553,Low
17_SGP,Singapore,2073,4682.329,Low
17_SGP,Singapore,2074,4626.612,Low
17_SGP,Singapore,2075,4564.743,Low
17_SGP,Singapore,2076,4501.652,Low
17_SGP,Singapore,2077,4442.722,Low
17_SGP,Singapore,2078,4379.872,Low
17_SGP,Singapore,2079,4314.913,Low
17_SGP,Singapore,2080,4246.706,Low
17_SGP,Singapore,2081,4177.943,Low
17_SGP,Singapore,2082,4107.438,Low
17_SGP,Singapore,2083,4035.686,Low
17_SGP,Singapore,2084,3964.34,Low
17_SGP,Singapore,2085,3893.235,Low
17_SGP,Singapore,2086,3820.266,Low
17_SGP,Singapore,2087,3745.821,Low
17_SGP,Singapore,2088,3672.325,Low
17_SGP,Singapore,2089,3599.732,Low
17_SGP,Singapore,2090,3524.592,Low
17_SGP,Singapore,2091,3452.001,Low
17_SGP,Singapore,2092,3379.969,Low
17_SGP,Singapore,2093,3311.752,Low
17_SGP,Singapore,2094,3242.845,Low
17_SGP,Singapore,2095,3172.744,Low
17_SGP,Singapore,2096,3105.58,Low
17_SGP,Singapore,2097,3039.141,Low
17_SGP,Singapore,2098,2974.921,Low
17_SGP,Singapore,2099,2911.551,Low
17_SGP,Singapore,2100,2852.308,Low
18_CT,Chinese Taipei,1990,20508.591,Low
18_CT,Chinese Taipei,1991,20681.221,Low
18_CT,Chinese Taipei,1992,20882.279,Low
18_CT,Chinese Taipei,1993,21081.897,Low
18_CT,Chinese Taipei,1994,21267.467,Low
18_CT,Chinese Taipei,1995,21446.813,Low
18_CT,Chinese Taipei,1996,21622.177,Low
18_CT,Chinese Taipei,1997,21796.376,Low
18_CT,Chinese Taipei,1998,21974.281,Low
18_CT,Chinese Taipei,1999,22124.171,Low
18_CT,Chinese Taipei,2000,22283.391,Low
18_CT,Chinese Taipei,2001,22382.348,Low
18_CT,Chinese Taipei,2002,22510.167,Low
18_CT,Chinese Taipei,2003,22623.636,Low
18_CT,Chinese Taipei,2004,22704.613,Low
18_CT,Chinese Taipei,2005,22786.249,Low
18_CT,Chinese Taipei,2006,22863.614,Low
18_CT,Chinese Taipei,2007,22965.654,Low
18_CT,Chinese Taipei,2008,23048.194,Low
18_CT,Chinese Taipei,2009,23124.284,Low
18_CT,Chinese Taipei,2010,23204.438,Low
18_CT,Chinese Taipei,2011,23243.66,Low
18_CT,Chinese Taipei,2012,23302.493,Low
18_CT,Chinese Taipei,2013,23389.429,Low
18_CT,Chinese Taipei,2014,23444.32,Low
18_CT,Chinese Taipei,2015,23501.311,Low
18_CT,Chinese Taipei,2016,23557.197,Low
18_CT,Chinese Taipei,2017,23615.088,Low
18_CT,Chinese Taipei,2018,23650.808,Low
18_CT,Chinese Taipei,2019,23667.802,Low
18_CT,Chinese Taipei,2020,23680.473,Low
18_CT,Chinese Taipei,2021,23646.445,Low
18_CT,Chinese Taipei,2022,23470.22,Low
18_CT,Chinese Taipei,2023,23370.002,Low
18_CT,Chinese Taipei,2024,23264.288,Low
18_CT,Chinese Taipei,2025,23126.466,Low
18_CT,Chinese Taipei,2026,22988.486,Low
18_CT,Chinese Taipei,2027,22851.701,Low
18_CT,Chinese Taipei,2028,22712.429,Low
18_CT,Chinese Taipei,2029,22574.034,Low
18_CT,Chinese Taipei,2030,22414.536,Low
18_CT,Chinese Taipei,2031,22252.284,Low
18_CT,Chinese Taipei,2032,22086.331,Low
18_CT,Chinese Taipei,2033,21918.537,Low
18_CT,Chinese Taipei,2034,21748.149,Low
18_CT,Chinese Taipei,2035,21559.881,Low
18_CT,Chinese Taipei,2036,21369.175,Low
18_CT,Chinese Taipei,2037,21175.01,Low
18_CT,Chinese Taipei,2038,20975.061,Low
18_CT,Chinese Taipei,2039,20772.706,Low
18_CT,Chinese Taipei,2040,20565.395,Low
18_CT,Chinese Taipei,2041,20353.847,Low
18_CT,Chinese Taipei,2042,20137.261,Low
18_CT,Chinese Taipei,2043,19915.724,Low
18_CT,Chinese Taipei,2044,19690.135,Low
18_CT,Chinese Taipei,2045,19461.533,Low
18_CT,Chinese Taipei,2046,19225.741,Low
18_CT,Chinese Taipei,2047,18989.856,Low
18_CT,Chinese Taipei,2048,18747.432,Low
18_CT,Chinese Taipei,2049,18503.777,Low
18_CT,Chinese Taipei,2050,18254.471,Low
18_CT,Chinese Taipei,2051,18003.912,Low
18_CT,Chinese Taipei,2052,17752.478,Low
18_CT,Chinese Taipei,2053,17499.306,Low
18_CT,Chinese Taipei,2054,17243.46,Low
18_CT,Chinese Taipei,2055,16984.507,Low
18_CT,Chinese Taipei,2056,16723.954,Low
18_CT,Chinese Taipei,2057,16464.852,Low
18_CT,Chinese Taipei,2058,16201.866,Low
18_CT,Chinese Taipei,2059,15938.053,Low
18_CT,Chinese Taipei,2060,15670.765,Low
18_CT,Chinese Taipei,2061,15401.155,Low
18_CT,Chinese Taipei,2062,15129.22,Low
18_CT,Chinese Taipei,2063,14856.646,Low
18_CT,Chinese Taipei,2064,14585.126,Low
18_CT,Chinese Taipei,2065,14312.356,Low
18_CT,Chinese Taipei,2066,14040.225,Low
18_CT,Chinese Taipei,2067,13769.467,Low
18_CT,Chinese Taipei,2068,13497.976,Low
18_CT,Chinese Taipei,2069,13226.956,Low
18_CT,Chinese Taipei,2070,12959.257,Low
18_CT,Chinese Taipei,2071,12692.627,Low
18_CT,Chinese Taipei,2072,12426.419,Low
18_CT,Chinese Taipei,2073,12161.497,Low
18_CT,Chinese Taipei,2074,11900.845,Low
18_CT,Chinese Taipei,2075,11642.543,Low
18_CT,Chinese Taipei,2076,11387.671,Low
18_CT,Chinese Taipei,2077,11138.06,Low
18_CT,Chinese Taipei,2078,10891.719,Low
18_CT,Chinese Taipei,2079,10648.678,Low
18_CT,Chinese Taipei,2080,10410.925,Low
18_CT,Chinese Taipei,2081,10178.943,Low
18_CT,Chinese Taipei,2082,9950.914,Low
18_CT,Chinese Taipei,2083,9728.866,Low
18_CT,Chinese Taipei,2084,9511.043,Low
18_CT,Chinese Taipei,2085,9296.754,Low
18_CT,Chinese Taipei,2086,9088.329,Low
18_CT,Chinese Taipei,2087,8885.367,Low
18_CT,Chinese Taipei,2088,8685.918,Low
18_CT,Chinese Taipei,2089,8489.533,Low
18_CT,Chinese Taipei,2090,8297.686,Low
18_CT,Chinese Taipei,2091,8108.544,Low
18_CT,Chinese Taipei,2092,7924.795,Low
18_CT,Chinese Taipei,2093,7744.926,Low
18_CT,Chinese Taipei,2094,7568.457,Low
18_CT,Chinese Taipei,2095,7394.917,Low
18_CT,Chinese Taipei,2096,7224.629,Low
18_CT,Chinese Taipei,2097,7057.585,Low
18_CT,Chinese Taipei,2098,6892.714,Low
18_CT,Chinese Taipei,2099,6730.769,Low
18_CT,Chinese Taipei,2100,6571.589,Low
19_THA,Thailand,1990,54281.477,Low
19_THA,Thailand,1991,55195.181,Low
19_THA,Thailand,1992,56079.687,Low
19_THA,Thailand,1993,56977.982,Low
19_THA,Thailand,1994,57838.415,Low
19_THA,Thailand,1995,58683.293,Low
19_THA,Thailand,1996,59513.172,Low
19_THA,Thailand,1997,60326.956,Low
19_THA,Thailand,1998,61122.213,Low
19_THA,Thailand,1999,61923.048,Low
19_THA,Thailand,2000,62675.039,Low
19_THA,Thailand,2001,63340.591,Low
19_THA,Thailand,2002,63961.692,Low
19_THA,Thailand,2003,64571.181,Low
19_THA,Thailand,2004,65165.152,Low
19_THA,Thailand,2005,65738.942,Low
19_THA,Thailand,2006,66295.897,Low
19_THA,Thailand,2007,66839.477,Low
19_THA,Thailand,2008,67365.312,Low
19_THA,Thailand,2009,67874.349,Low
19_THA,Thailand,2010,68367.811,Low
19_THA,Thailand,2011,68791.084,Low
19_THA,Thailand,2012,69223.332,Low
19_THA,Thailand,2013,69648.864,Low
19_THA,Thailand,2014,70041.365,Low
19_THA,Thailand,2015,70391.368,Low
19_THA,Thailand,2016,70690.223,Low
19_THA,Thailand,2017,71029.46,Low
19_THA,Thailand,2018,71290.914,Low
19_THA,Thailand,2019,71461.243,Low
19_THA,Thailand,2020,71583.299,Low
19_THA,Thailand,2021,71699.668,Low
19_THA,Thailand,2022,71754.996,Low
19_THA,Thailand,2023,71715.662,Low
19_THA,Thailand,2024,71689.208,Low
19_THA,Thailand,2025,71526.82,Low
19_THA,Thailand,2026,71354.098,Low
19_THA,Thailand,2027,71169.715,Low
19_THA,Thailand,2028,70976.588,Low
19_THA,Thailand,2029,70774.719,Low
19_THA,Thailand,2030,70494.99,Low
19_THA,Thailand,2031,70205.638,Low
19_THA,Thailand,2032,69909.273,Low
19_THA,Thailand,2033,69601.513,Low
19_THA,Thailand,2034,69283.134,Low
19_THA,Thailand,2035,68910.627,Low
19_THA,Thailand,2036,68523.138,Low
19_THA,Thailand,2037,68128.065,Low
19_THA,Thailand,2038,67721.255,Low
19_THA,Thailand,2039,67301.954,Low
19_THA,Thailand,2040,66871.771,Low
19_THA,Thailand,2041,66429.554,Low
19_THA,Thailand,2042,65968.752,Low
19_THA,Thailand,2043,65497.777,Low
19_THA,Thailand,2044,65012.883,Low
19_THA,Thailand,2045,64517.2,Low
19_THA,Thailand,2046,64006.11,Low
19_THA,Thailand,2047,63480.47,Low
19_THA,Thailand,2048,62941.587,Low
19_THA,Thailand,2049,62388.485,Low
19_THA,Thailand,2050,61817.407,Low
19_THA,Thailand,2051,61234.963,Low
19_THA,Thailand,2052,60638.33,Low
19_THA,Thailand,2053,60026.084,Low
19_THA,Thailand,2054,59407.309,Low
19_THA,Thailand,2055,58774.447,Low
19_THA,Thailand,2056,58133.685,Low
19_THA,Thailand,2057,57482.372,Low
19_THA,Thailand,2058,56824.503,Low
19_THA,Thailand,2059,56161.615,Low
19_THA,Thailand,2060,55494.358,Low
19_THA,Thailand,2061,54820.626,Low
19_THA,Thailand,2062,54148.405,Low
19_THA,Thailand,2063,53471.427,Low
19_THA,Thailand,2064,52795.854,Low
19_THA,Thailand,2065,52119.747,Low
19_THA,Thailand,2066,51440.926,Low
19_THA,Thailand,2067,50769.04,Low
19_THA,Thailand,2068,50096.11,Low
19_THA,Thailand,2069,49422.862,Low
19_THA,Thailand,2070,48754.276,Low
19_THA,Thailand,2071,48086.576,Low
19_THA,Thailand,2072,47426.295,Low
19_THA,Thailand,2073,46768.86,Low
19_THA,Thailand,2074,46114.857,Low
19_THA,Thailand,2075,45464.861,Low
19_THA,Thailand,2076,44823.328,Low
19_THA,Thailand,2077,44186.028,Low
19_THA,Thailand,2078,43552.883,Low
19_THA,Thailand,2079,42923.992,Low
19_THA,Thailand,2080,42296.988,Low
19_THA,Thailand,2081,41676.67,Low
19_THA,Thailand,2082,41062.133,Low
19_THA,Thailand,2083,40448.327,Low
19_THA,Thailand,2084,39838.594,Low
19_THA,Thailand,2085,39230.506,Low
19_THA,Thailand,2086,38629.25,Low
19_THA,Thailand,2087,38032.478,Low
19_THA,Thailand,2088,37439.753,Low
19_THA,Thailand,2089,36851.895,Low
19_THA,Thailand,2090,36261.898,Low
19_THA,Thailand,2091,35677.56,Low
19_THA,Thailand,2092,35098.024,Low
19_THA,Thailand,2093,34519.798,Low
19_THA,Thailand,2094,33947.498,Low
19_THA,Thailand,2095,33379.294,Low
19_THA,Thailand,2096,32815.485,Low
19_THA,Thailand,2097,32257.257,Low
19_THA,Thailand,2098,31705.904,Low
19_THA,Thailand,2099,31160.354,Low
19_THA,Thailand,2100,30621.336,Low
20_USA,United States of America,1990,251834.166,Low
20_USA,United States of America,1991,254912.608,Low
20_USA,United States of America,1992,258030.237,Low
20_USA,United States of America,1993,261181.802,Low
20_USA,United States of America,1994,264084.66,Low
20_USA,United States of America,1995,266864.96,Low
20_USA,United States of America,1996,269546.629,Low
20_USA,United States of America,1997,272174.763,Low
20_USA,United States of America,1998,274761.262,Low
20_USA,United States of America,1999,277477.403,Low
20_USA,United States of America,2000,280093.565,Low
20_USA,United States of America,2001,282874.696,Low
20_USA,United States of America,2002,285684.581,Low
20_USA,United States of America,2003,288484.095,Low
20_USA,United States of America,2004,291332.104,Low
20_USA,United States of America,2005,294240.403,Low
20_USA,United States of America,2006,297192.924,Low
20_USA,United States of America,2007,300267.495,Low
20_USA,United States of America,2008,303420.956,Low
20_USA,United States of America,2009,306519.709,Low
20_USA,United States of America,2010,309527.2,Low
20_USA,United States of America,2011,312598.38,Low
20_USA,United States of America,2012,315611.776,Low
20_USA,United States of America,2013,318618.933,Low
20_USA,United States of America,2014,321602.585,Low
20_USA,United States of America,2015,324628.169,Low
20_USA,United States of America,2016,327624.824,Low
20_USA,United States of America,2017,330734.029,Low
20_USA,United States of America,2018,333675.29,Low
20_USA,United States of America,2019,336437.705,Low
20_USA,United States of America,2020,339142.428,Low
20_USA,United States of America,2021,339729.889,Low
20_USA,United States of America,2022,340592.993,Low
20_USA,United States of America,2023,342475.098,Low
20_USA,United States of America,2024,344479.572,Low
20_USA,United States of America,2025,345812.738,Low
20_USA,United States of America,2026,347055.822,Low
20_USA,United States of America,2027,348208.426,Low
20_USA,United States of America,2028,349315.912,Low
20_USA,United States of America,2029,350431.931,Low
20_USA,United States of America,2030,351137.024,Low
20_USA,United States of America,2031,351815.072,Low
20_USA,United States of America,2032,352460.153,Low
20_USA,United States of America,2033,353078.989,Low
20_USA,United States of America,2034,353668.043,Low
20_USA,United States of America,2035,354011.113,Low
20_USA,United States of America,2036,354304.772,Low
20_USA,United States of America,2037,354561.216,Low
20_USA,United States of America,2038,354788.665,Low
20_USA,United States of America,2039,354989.994,Low
20_USA,United States of America,2040,355120.648,Low
20_USA,United States of America,2041,355210.031,Low
20_USA,United States of America,2042,355252.904,Low
20_USA,United States of America,2043,355291.927,Low
20_USA,United States of America,2044,355257.067,Low
20_USA,United States of America,2045,355164.017,Low
20_USA,United States of America,2046,355029.822,Low
20_USA,United States of America,2047,354834.971,Low
20_USA,United States of America,2048,354621.999,Low
20_USA,United States of America,2049,354342.518,Low
20_USA,United States of America,2050,354033.764,Low
20_USA,United States of America,2051,353690.754,Low
20_USA,United States of America,2052,353319.278,Low
20_USA,United States of America,2053,352889.243,Low
20_USA,United States of America,2054,352434.25,Low
20_USA,United States of America,2055,351893.647,Low
20_USA,United States of America,2056,351302.223,Low
20_USA,United States of America,2057,350694.882,Low
20_USA,United States of America,2058,350102.63,Low
20_USA,United States of America,2059,349512.794,Low
20_USA,United States of America,2060,348865.984,Low
20_USA,United States of America,2061,348170.866,Low
20_USA,United States of America,2062,347491.682,Low
20_USA,United States of America,2063,346794.911,Low
20_USA,United States of America,2064,346078.243,Low
20_USA,United States of America,2065,345317.044,Low
20_USA,United States of America,2066,344559.781,Low
20_USA,United States of America,2067,343811.078,Low
20_USA,United States of America,2068,343067.723,Low
20_USA,United States of America,2069,342293.209,Low
20_USA,United States of America,2070,341530.129,Low
20_USA,United States of America,2071,340708.075,Low
20_USA,United States of America,2072,339909.818,Low
20_USA,United States of America,2073,339038.261,Low
20_USA,United States of America,2074,338166.65,Low
20_USA,United States of America,2075,337253.664,Low
20_USA,United States of America,2076,336381.586,Low
20_USA,United States of America,2077,335450.127,Low
20_USA,United States of America,2078,334475.841,Low
20_USA,United States of America,2079,333484.223,Low
20_USA,United States of America,2080,332437.382,Low
20_USA,United States of America,2081,331358.862,Low
20_USA,United States of America,2082,330359.532,Low
20_USA,United States of America,2083,329278.511,Low
20_USA,United States of America,2084,328179.692,Low
20_USA,United States of America,2085,327058.589,Low
20_USA,United States of America,2086,325866.38,Low
20_USA,United States of America,2087,324713.784,Low
20_USA,United States of America,2088,323551.714,Low
20_USA,United States of America,2089,322424.329,Low
20_USA,United States of America,2090,321252.916,Low
20_USA,United States of America,2091,320043.697,Low
20_USA,United States of America,2092,318846.099,Low
20_USA,United States of America,2093,317633.887,Low
20_USA,United States of America,2094,316385.519,Low
20_USA,United States of America,2095,315136.148,Low
20_USA,United States of America,2096,313846.506,Low
20_USA,United States of America,2097,312490.297,Low
20_USA,United States of America,2098,311127.009,Low
20_USA,United States of America,2099,309696.14,Low
20_USA,United States of America,2100,308258.94,Low
21_VN,Viet Nam,1990,64808.586,Low
21_VN,Viet Nam,1991,66200.519,Low
21_VN,Viet Nam,1992,67583.031,Low
21_VN,Viet Nam,1993,68937.644,Low
21_VN,Viet Nam,1994,70235.124,Low
21_VN,Viet Nam,1995,71473.658,Low
21_VN,Viet Nam,1996,72626.222,Low
21_VN,Viet Nam,1997,73686.671,Low
21_VN,Viet Nam,1998,74767.106,Low
21_VN,Viet Nam,1999,75832.215,Low
21_VN,Viet Nam,2000,76742.689,Low
21_VN,Viet Nam,2001,77565.332,Low
21_VN,Viet Nam,2002,78373.39,Low
21_VN,Viet Nam,2003,79171.058,Low
21_VN,Viet Nam,2004,79956.496,Low
21_VN,Viet Nam,2005,80721.447,Low
21_VN,Viet Nam,2006,81455.179,Low
21_VN,Viet Nam,2007,82880.614,Low
21_VN,Viet Nam,2008,84386.137,Low
21_VN,Viet Nam,2009,85965.438,Low
21_VN,Viet Nam,2010,86954.597,Low
21_VN,Viet Nam,2011,87955.706,Low
21_VN,Viet Nam,2012,88980.922,Low
21_VN,Viet Nam,2013,90039.789,Low
21_VN,Viet Nam,2014,91106.419,Low
21_VN,Viet Nam,2015,92252.737,Low
21_VN,Viet Nam,2016,93393.771,Low
21_VN,Viet Nam,2017,94606.462,Low
21_VN,Viet Nam,2018,95747.492,Low
21_VN,Viet Nam,2019,96727.147,Low
21_VN,Viet Nam,2020,97620.404,Low
21_VN,Viet Nam,2021,98537.978,Low
21_VN,Viet Nam,2022,99332.219,Low
21_VN,Viet Nam,2023,100029.091,Low
21_VN,Viet Nam,2024,100675.292,Low
21_VN,Viet Nam,2025,101123.634,Low
21_VN,Viet Nam,2026,101546.386,Low
21_VN,Viet Nam,2027,101934.792,Low
21_VN,Viet Nam,2028,102302.328,Low
21_VN,Viet Nam,2029,102648.941,Low
21_VN,Viet Nam,2030,102867.619,Low
21_VN,Viet Nam,2031,103086.352,Low
21_VN,Viet Nam,2032,103280.382,Low
21_VN,Viet Nam,2033,103461.608,Low
21_VN,Viet Nam,2034,103621.337,Low
21_VN,Viet Nam,2035,103704.048,Low
21_VN,Viet Nam,2036,103770.328,Low
21_VN,Viet Nam,2037,103811.678,Low
21_VN,Viet Nam,2038,103843.754,Low
21_VN,Viet Nam,2039,103853.707,Low
21_VN,Viet Nam,2040,103843.484,Low
21_VN,Viet Nam,2041,103801.679,Low
21_VN,Viet Nam,2042,103741.026,Low
21_VN,Viet Nam,2043,103647.064,Low
21_VN,Viet Nam,2044,103515.462,Low
21_VN,Viet Nam,2045,103345.047,Low
21_VN,Viet Nam,2046,103144.387,Low
21_VN,Viet Nam,2047,102899.195,Low
21_VN,Viet Nam,2048,102616.754,Low
21_VN,Viet Nam,2049,102290.117,Low
21_VN,Viet Nam,2050,101922.878,Low
21_VN,Viet Nam,2051,101523.338,Low
21_VN,Viet Nam,2052,101074.702,Low
21_VN,Viet Nam,2053,100593.004,Low
21_VN,Viet Nam,2054,100081.054,Low
21_VN,Viet Nam,2055,99534.605,Low
21_VN,Viet Nam,2056,98958.582,Low
21_VN,Viet Nam,2057,98360.677,Low
21_VN,Viet Nam,2058,97730.715,Low
21_VN,Viet Nam,2059,97068.905,Low
21_VN,Viet Nam,2060,96386.075,Low
21_VN,Viet Nam,2061,95688.884,Low
21_VN,Viet Nam,2062,94967.602,Low
21_VN,Viet Nam,2063,94223.138,Low
21_VN,Viet Nam,2064,93462.482,Low
21_VN,Viet Nam,2065,92688.881,Low
21_VN,Viet Nam,2066,91896.815,Low
21_VN,Viet Nam,2067,91084.402,Low
21_VN,Viet Nam,2068,90261.53,Low
21_VN,Viet Nam,2069,89432.455,Low
21_VN,Viet Nam,2070,88593.006,Low
21_VN,Viet Nam,2071,87733.518,Low
21_VN,Viet Nam,2072,86867.027,Low
21_VN,Viet Nam,2073,85981.4,Low
21_VN,Viet Nam,2074,85086.335,Low
21_VN,Viet Nam,2075,84186.754,Low
21_VN,Viet Nam,2076,83278.395,Low
21_VN,Viet Nam,2077,82366.788,Low
21_VN,Viet Nam,2078,81438.86,Low
21_VN,Viet Nam,2079,80510.73,Low
21_VN,Viet Nam,2080,79571.347,Low
21_VN,Viet Nam,2081,78631.362,Low
21_VN,Viet Nam,2082,77686.769,Low
21_VN,Viet Nam,2083,76741.092,Low
21_VN,Viet Nam,2084,75800.195,Low
21_VN,Viet Nam,2085,74864.712,Low
21_VN,Viet Nam,2086,73929.712,Low
21_VN,Viet Nam,2087,72991.292,Low
21_VN,Viet Nam,2088,72050.896,Low
21_VN,Viet Nam,2089,71117.26,Low
21_VN,Viet Nam,2090,70179.71,Low
21_VN,Viet Nam,2091,69239.666,Low
21_VN,Viet Nam,2092,68303.977,Low
21_VN,Viet Nam,2093,67370.179,Low
21_VN,Viet Nam,2094,66433.771,Low
21_VN,Viet Nam,2095,65498.95,Low
21_VN,Viet Nam,2096,64560.332,Low
21_VN,Viet Nam,2097,63609.044,Low
21_VN,Viet Nam,2098,62658.746,Low
21_VN,Viet Nam,2099,61695.583,Low
21_VN,Viet Nam,2100,60730.425,Low
01_AUS,Australia,1990,17004.135,Medium
01_AUS,Australia,1991,17248.461,Medium
01_AUS,Australia,1992,17457.924,Medium
01_AUS,Australia,1993,17640.653,Medium
01_AUS,Australia,1994,17805.169,Medium
01_AUS,Australia,1995,17989.698,Medium
01_AUS,Australia,1996,18200.991,Medium
01_AUS,Australia,1997,18409.624,Medium
01_AUS,Australia,1998,18600.201,Medium
01_AUS,Australia,1999,18803.233,Medium
01_AUS,Australia,2000,19016.729,Medium
01_AUS,Australia,2001,19248.213,Medium
01_AUS,Australia,2002,19482.653,Medium
01_AUS,Australia,2003,19708.057,Medium
01_AUS,Australia,2004,19930.852,Medium
01_AUS,Australia,2005,20162.502,Medium
01_AUS,Australia,2006,20426.478,Medium
01_AUS,Australia,2007,20754.641,Medium
01_AUS,Australia,2008,21154.456,Medium
01_AUS,Australia,2009,21586.721,Medium
01_AUS,Australia,2010,21979.301,Medium
01_AUS,Australia,2011,22303.86,Medium
01_AUS,Australia,2012,22655.69,Medium
01_AUS,Australia,2013,23049.598,Medium
01_AUS,Australia,2014,23422.943,Medium
01_AUS,Australia,2015,23768.258,Medium
01_AUS,Australia,2016,24127.746,Medium
01_AUS,Australia,2017,24532.18,Medium
01_AUS,Australia,2018,24929.897,Medium
01_AUS,Australia,2019,25309.514,Medium
01_AUS,Australia,2020,25655.914,Medium
01_AUS,Australia,2021,25831.668,Medium
01_AUS,Australia,2022,26081.167,Medium
01_AUS,Australia,2023,26320.802,Medium
01_AUS,Australia,2024,26581.446,Medium
01_AUS,Australia,2025,26844.964,Medium
01_AUS,Australia,2026,27103.088,Medium
01_AUS,Australia,2027,27351.104,Medium
01_AUS,Australia,2028,27597.438,Medium
01_AUS,Australia,2029,27840.238,Medium
01_AUS,Australia,2030,28072.905,Medium
01_AUS,Australia,2031,28304.174,Medium
01_AUS,Australia,2032,28531.414,Medium
01_AUS,Australia,2033,28752.429,Medium
01_AUS,Australia,2034,28970.774,Medium
01_AUS,Australia,2035,29187.209,Medium
01_AUS,Australia,2036,29405.127,Medium
01_AUS,Australia,2037,29622.099,Medium
01_AUS,Australia,2038,29831.175,Medium
01_AUS,Australia,2039,30044.909,Medium
01_AUS,Australia,2040,30251.945,Medium
01_AUS,Australia,2041,30462.956,Medium
01_AUS,Australia,2042,30677.588,Medium
01_AUS,Australia,2043,30895.079,Medium
01_AUS,Australia,2044,31109.348,Medium
01_AUS,Australia,2045,31322.839,Medium
01_AUS,Australia,2046,31539.406,Medium
01_AUS,Australia,2047,31761.57,Medium
01_AUS,Australia,2048,31970.869,Medium
01_AUS,Australia,2049,32192.373,Medium
01_AUS,Australia,2050,32401.987,Medium
01_AUS,Australia,2051,32611.952,Medium
01_AUS,Australia,2052,32820.222,Medium
01_AUS,Australia,2053,33023.594,Medium
01_AUS,Australia,2054,33227.552,Medium
01_AUS,Australia,2055,33434.945,Medium
01_AUS,Australia,2056,33643.673,Medium
01_AUS,Australia,2057,33847.012,Medium
01_AUS,Australia,2058,34051.096,Medium
01_AUS,Australia,2059,34262.535,Medium
01_AUS,Australia,2060,34462.733,Medium
01_AUS,Australia,2061,34662.633,Medium
01_AUS,Australia,2062,34866.752,Medium
01_AUS,Australia,2063,35071.672,Medium
01_AUS,Australia,2064,35279.259,Medium
01_AUS,Australia,2065,35475.901,Medium
01_AUS,Australia,2066,35678.977,Medium
01_AUS,Australia,2067,35890.727,Medium
01_AUS,Australia,2068,36103.806,Medium
01_AUS,Australia,2069,36318.24,Medium
01_AUS,Australia,2070,36531.164,Medium
01_AUS,Australia,2071,36739.081,Medium
01_AUS,Australia,2072,36940.264,Medium
01_AUS,Australia,2073,37142.551,Medium
01_AUS,Australia,2074,37347.566,Medium
01_AUS,Australia,2075,37556.139,Medium
01_AUS,Australia,2076,37763.031,Medium
01_AUS,Australia,2077,37968.296,Medium
01_AUS,Australia,2078,38179.305,Medium
01_AUS,Australia,2079,38388.709,Medium
01_AUS,Australia,2080,38597.005,Medium
01_AUS,Australia,2081,38804.682,Medium
01_AUS,Australia,2082,39022.083,Medium
01_AUS,Australia,2083,39232.369,Medium
01_AUS,Australia,2084,39449.919,Medium
01_AUS,Australia,2085,39655.558,Medium
01_AUS,Australia,2086,39863.078,Medium
01_AUS,Australia,2087,40077.588,Medium
01_AUS,Australia,2088,40299.278,Medium
01_AUS,Australia,2089,40533.321,Medium
01_AUS,Australia,2090,40759.661,Medium
01_AUS,Australia,2091,40993.747,Medium
01_AUS,Australia,2092,41229.092,Medium
01_AUS,Australia,2093,41460.325,Medium
01_AUS,Australia,2094,41689.12,Medium
01_AUS,Australia,2095,41905.168,Medium
01_AUS,Australia,2096,42127.78,Medium
01_AUS,Australia,2097,42358.925,Medium
01_AUS,Australia,2098,42595.326,Medium
01_AUS,Australia,2099,42818.144,Medium
01_AUS,Australia,2100,43035.124,Medium
02_BD,Brunei Darussalam,1990,251.663,Medium
02_BD,Brunei Darussalam,1991,258.922,Medium
02_BD,Brunei Darussalam,1992,266.271,Medium
02_BD,Brunei Darussalam,1993,273.408,Medium
02_BD,Brunei Darussalam,1994,280.535,Medium
02_BD,Brunei Darussalam,1995,287.648,Medium
02_BD,Brunei Darussalam,1996,294.743,Medium
02_BD,Brunei Darussalam,1997,301.808,Medium
02_BD,Brunei Darussalam,1998,308.875,Medium
02_BD,Brunei Darussalam,1999,315.896,Medium
02_BD,Brunei Darussalam,2000,322.927,Medium
02_BD,Brunei Darussalam,2001,329.921,Medium
02_BD,Brunei Darussalam,2002,336.769,Medium
02_BD,Brunei Darussalam,2003,343.429,Medium
02_BD,Brunei Darussalam,2004,349.845,Medium
02_BD,Brunei Darussalam,2005,355.976,Medium
02_BD,Brunei Darussalam,2006,361.855,Medium
02_BD,Brunei Darussalam,2007,367.47,Medium
02_BD,Brunei Darussalam,2008,374.275,Medium
02_BD,Brunei Darussalam,2009,381.311,Medium
02_BD,Brunei Darussalam,2010,388.594,Medium
02_BD,Brunei Darussalam,2011,396.07,Medium
02_BD,Brunei Darussalam,2012,402.707,Medium
02_BD,Brunei Darussalam,2013,408.406,Medium
02_BD,Brunei Darussalam,2014,413.998,Medium
02_BD,Brunei Darussalam,2015,419.503,Medium
02_BD,Brunei Darussalam,2016,424.92,Medium
02_BD,Brunei Darussalam,2017,430.208,Medium
02_BD,Brunei Darussalam,2018,435.336,Medium
02_BD,Brunei Darussalam,2019,440.283,Medium
02_BD,Brunei Darussalam,2020,445.077,Medium
02_BD,Brunei Darussalam,2021,449.73,Medium
02_BD,Brunei Darussalam,2022,453.711,Medium
02_BD,Brunei Darussalam,2023,457.028,Medium
02_BD,Brunei Darussalam,2024,460.869,Medium
02_BD,Brunei Darussalam,2025,464.574,Medium
02_BD,Brunei Darussalam,2026,468.087,Medium
02_BD,Brunei Darussalam,2027,471.463,Medium
02_BD,Brunei Darussalam,2028,474.848,Medium
02_BD,Brunei Darussalam,2029,478.017,Medium
02_BD,Brunei Darussalam,2030,480.972,Medium
02_BD,Brunei Darussalam,2031,483.921,Medium
02_BD,Brunei Darussalam,2032,486.711,Medium
02_BD,Brunei Darussalam,2033,489.192,Medium
02_BD,Brunei Darussalam,2034,491.681,Medium
02_BD,Brunei Darussalam,2035,494.106,Medium
02_BD,Brunei Darussalam,2036,496.474,Medium
02_BD,Brunei Darussalam,2037,498.636,Medium
02_BD,Brunei Darussalam,2038,500.772,Medium
02_BD,Brunei Darussalam,2039,503.068,Medium
02_BD,Brunei Darussalam,2040,505.064,Medium
02_BD,Brunei Darussalam,2041,506.887,Medium
02_BD,Brunei Darussalam,2042,508.72,Medium
02_BD,Brunei Darussalam,2043,510.37,Medium
02_BD,Brunei Darussalam,2044,511.888,Medium
02_BD,Brunei Darussalam,2045,513.301,Medium
02_BD,Brunei Darussalam,2046,514.803,Medium
02_BD,Brunei Darussalam,2047,516.034,Medium
02_BD,Brunei Darussalam,2048,517.178,Medium
02_BD,Brunei Darussalam,2049,518.225,Medium
02_BD,Brunei Darussalam,2050,519.157,Medium
02_BD,Brunei Darussalam,2051,519.945,Medium
02_BD,Brunei Darussalam,2052,520.588,Medium
02_BD,Brunei Darussalam,2053,520.955,Medium
02_BD,Brunei Darussalam,2054,521.158,Medium
02_BD,Brunei Darussalam,2055,521.338,Medium
02_BD,Brunei Darussalam,2056,521.328,Medium
02_BD,Brunei Darussalam,2057,521.283,Medium
02_BD,Brunei Darussalam,2058,521.042,Medium
02_BD,Brunei Darussalam,2059,520.71,Medium
02_BD,Brunei Darussalam,2060,520.335,Medium
02_BD,Brunei Darussalam,2061,519.915,Medium
02_BD,Brunei Darussalam,2062,519.401,Medium
02_BD,Brunei Darussalam,2063,518.905,Medium
02_BD,Brunei Darussalam,2064,518.199,Medium
02_BD,Brunei Darussalam,2065,517.364,Medium
02_BD,Brunei Darussalam,2066,516.389,Medium
02_BD,Brunei Darussalam,2067,515.288,Medium
02_BD,Brunei Darussalam,2068,513.972,Medium
02_BD,Brunei Darussalam,2069,512.656,Medium
02_BD,Brunei Darussalam,2070,511.391,Medium
02_BD,Brunei Darussalam,2071,510.211,Medium
02_BD,Brunei Darussalam,2072,509.002,Medium
02_BD,Brunei Darussalam,2073,507.574,Medium
02_BD,Brunei Darussalam,2074,506.047,Medium
02_BD,Brunei Darussalam,2075,504.368,Medium
02_BD,Brunei Darussalam,2076,502.578,Medium
02_BD,Brunei Darussalam,2077,501.073,Medium
02_BD,Brunei Darussalam,2078,499.49,Medium
02_BD,Brunei Darussalam,2079,498.006,Medium
02_BD,Brunei Darussalam,2080,496.44,Medium
02_BD,Brunei Darussalam,2081,494.852,Medium
02_BD,Brunei Darussalam,2082,493.219,Medium
02_BD,Brunei Darussalam,2083,491.548,Medium
02_BD,Brunei Darussalam,2084,489.88,Medium
02_BD,Brunei Darussalam,2085,488.297,Medium
02_BD,Brunei Darussalam,2086,486.67,Medium
02_BD,Brunei Darussalam,2087,485.179,Medium
02_BD,Brunei Darussalam,2088,483.637,Medium
02_BD,Brunei Darussalam,2089,482.008,Medium
02_BD,Brunei Darussalam,2090,480.39,Medium
02_BD,Brunei Darussalam,2091,478.87,Medium
02_BD,Brunei Darussalam,2092,477.402,Medium
02_BD,Brunei Darussalam,2093,475.892,Medium
02_BD,Brunei Darussalam,2094,474.418,Medium
02_BD,Brunei Darussalam,2095,472.922,Medium
02_BD,Brunei Darussalam,2096,471.492,Medium
02_BD,Brunei Darussalam,2097,469.998,Medium
02_BD,Brunei Darussalam,2098,468.591,Medium
02_BD,Brunei Darussalam,2099,467.079,Medium
02_BD,Brunei Darussalam,2100,465.546,Medium
03_CDA,Canada,1990,27593.691,Medium
03_CDA,Canada,1991,27985.194,Medium
03_CDA,Canada,1992,28329.121,Medium
03_CDA,Canada,1993,28670.998,Medium
03_CDA,Canada,1994,28990.276,Medium
03_CDA,Canada,1995,29304.487,Medium
03_CDA,Canada,1996,29613.776,Medium
03_CDA,Canada,1997,29920.635,Medium
03_CDA,Canada,1998,30197.543,Medium
03_CDA,Canada,1999,30462.396,Medium
03_CDA,Canada,2000,30736.515,Medium
03_CDA,Canada,2001,31047.091,Medium
03_CDA,Canada,2002,31380.063,Medium
03_CDA,Canada,2003,31691.092,Medium
03_CDA,Canada,2004,31981.872,Medium
03_CDA,Canada,2005,32283.483,Medium
03_CDA,Canada,2006,32596.863,Medium
03_CDA,Canada,2007,32921.479,Medium
03_CDA,Canada,2008,33262.864,Medium
03_CDA,Canada,2009,33635.306,Medium
03_CDA,Canada,2010,34017.435,Medium
03_CDA,Canada,2011,34376.362,Medium
03_CDA,Canada,2012,34734.543,Medium
03_CDA,Canada,2013,35110.489,Medium
03_CDA,Canada,2014,35476.376,Medium
03_CDA,Canada,2015,35792.151,Medium
03_CDA,Canada,2016,36132.317,Medium
03_CDA,Canada,2017,36574.369,Medium
03_CDA,Canada,2018,37042.624,Medium
03_CDA,Canada,2019,37547.386,Medium
03_CDA,Canada,2020,38018.483,Medium
03_CDA,Canada,2021,38325.321,Medium
03_CDA,Canada,2022,38582.793,Medium
03_CDA,Canada,2023,39059.725,Medium
03_CDA,Canada,2024,39538.484,Medium
03_CDA,Canada,2025,39946.376,Medium
03_CDA,Canada,2026,40307.07,Medium
03_CDA,Canada,2027,40628.385,Medium
03_CDA,Canada,2028,40936.083,Medium
03_CDA,Canada,2029,41234.923,Medium
03_CDA,Canada,2030,41517.67,Medium
03_CDA,Canada,2031,41793.508,Medium
03_CDA,Canada,2032,42063.722,Medium
03_CDA,Canada,2033,42319.814,Medium
03_CDA,Canada,2034,42556.246,Medium
03_CDA,Canada,2035,42796.698,Medium
03_CDA,Canada,2036,43013.836,Medium
03_CDA,Canada,2037,43235.065,Medium
03_CDA,Canada,2038,43450.947,Medium
03_CDA,Canada,2039,43660.957,Medium
03_CDA,Canada,2040,43857.762,Medium
03_CDA,Canada,2041,44045.072,Medium
03_CDA,Canada,2042,44230.739,Medium
03_CDA,Canada,2043,44413.16,Medium
03_CDA,Canada,2044,44589.112,Medium
03_CDA,Canada,2045,44762.496,Medium
03_CDA,Canada,2046,44937.696,Medium
03_CDA,Canada,2047,45095.813,Medium
03_CDA,Canada,2048,45251.16,Medium
03_CDA,Canada,2049,45407.274,Medium
03_CDA,Canada,2050,45546.625,Medium
03_CDA,Canada,2051,45697.139,Medium
03_CDA,Canada,2052,45845.787,Medium
03_CDA,Canada,2053,46000.122,Medium
03_CDA,Canada,2054,46141.898,Medium
03_CDA,Canada,2055,46284.533,Medium
03_CDA,Canada,2056,46429.611,Medium
03_CDA,Canada,2057,46578.674,Medium
03_CDA,Canada,2058,46732.895,Medium
03_CDA,Canada,2059,46899.496,Medium
03_CDA,Canada,2060,47064.787,Medium
03_CDA,Canada,2061,47225.79,Medium
03_CDA,Canada,2062,47394.042,Medium
03_CDA,Canada,2063,47569.807,Medium
03_CDA,Canada,2064,47743.837,Medium
03_CDA,Canada,2065,47916.111,Medium
03_CDA,Canada,2066,48087.944,Medium
03_CDA,Canada,2067,48260.381,Medium
03_CDA,Canada,2068,48441.498,Medium
03_CDA,Canada,2069,48608.984,Medium
03_CDA,Canada,2070,48775.638,Medium
03_CDA,Canada,2071,48939.976,Medium
03_CDA,Canada,2072,49105.9,Medium
03_CDA,Canada,2073,49268.697,Medium
03_CDA,Canada,2074,49423.68,Medium
03_CDA,Canada,2075,49579.93,Medium
03_CDA,Canada,2076,49743.128,Medium
03_CDA,Canada,2077,49909.099,Medium
03_CDA,Canada,2078,50059.406,Medium
03_CDA,Canada,2079,50221.045,Medium
03_CDA,Canada,2080,50373.295,Medium
03_CDA,Canada,2081,50525.244,Medium
03_CDA,Canada,2082,50687.393,Medium
03_CDA,Canada,2083,50831.829,Medium
03_CDA,Canada,2084,50989.689,Medium
03_CDA,Canada,2085,51139.69,Medium
03_CDA,Canada,2086,51283.778,Medium
03_CDA,Canada,2087,51431.482,Medium
03_CDA,Canada,2088,51572.957,Medium
03_CDA,Canada,2089,51744.133,Medium
03_CDA,Canada,2090,51887.28,Medium
03_CDA,Canada,2091,52026.216,Medium
03_CDA,Canada,2092,52184.285,Medium
03_CDA,Canada,2093,52335.102,Medium
03_CDA,Canada,2094,52494.524,Medium
03_CDA,Canada,2095,52652.875,Medium
03_CDA,Canada,2096,52815.322,Medium
03_CDA,Canada,2097,52981.213,Medium
03_CDA,Canada,2098,53167.495,Medium
03_CDA,Canada,2099,53349.202,Medium
03_CDA,Canada,2100,53524.621,Medium
04_CHL,Chile,1990,13324.345,Medium
04_CHL,Chile,1991,13550.007,Medium
04_CHL,Chile,1992,13774.975,Medium
04_CHL,Chile,1993,13994.18,Medium
04_CHL,Chile,1994,14210.372,Medium
04_CHL,Chile,1995,14422.14,Medium
04_CHL,Chile,1996,14632.623,Medium
04_CHL,Chile,1997,14835.468,Medium
04_CHL,Chile,1998,15029.401,Medium
04_CHL,Chile,1999,15226.197,Medium
04_CHL,Chile,2000,15412.428,Medium
04_CHL,Chile,2001,15594.842,Medium
04_CHL,Chile,2002,15772.856,Medium
04_CHL,Chile,2003,15942.995,Medium
04_CHL,Chile,2004,16106.508,Medium
04_CHL,Chile,2005,16268.135,Medium
04_CHL,Chile,2006,16429.42,Medium
04_CHL,Chile,2007,16588.969,Medium
04_CHL,Chile,2008,16754.192,Medium
04_CHL,Chile,2009,16923.784,Medium
04_CHL,Chile,2010,17095.677,Medium
04_CHL,Chile,2011,17267.251,Medium
04_CHL,Chile,2012,17436.38,Medium
04_CHL,Chile,2013,17601.858,Medium
04_CHL,Chile,2014,17772.155,Medium
04_CHL,Chile,2015,17956.235,Medium
04_CHL,Chile,2016,18139.016,Medium
04_CHL,Chile,2017,18395.427,Medium
04_CHL,Chile,2018,18722.308,Medium
04_CHL,Chile,2019,19064.074,Medium
04_CHL,Chile,2020,19331.414,Medium
04_CHL,Chile,2021,19409.834,Medium
04_CHL,Chile,2022,19502.834,Medium
04_CHL,Chile,2023,19603.239,Medium
04_CHL,Chile,2024,19714.431,Medium
04_CHL,Chile,2025,19815.112,Medium
04_CHL,Chile,2026,19904.73,Medium
04_CHL,Chile,2027,19986.969,Medium
04_CHL,Chile,2028,20065.339,Medium
04_CHL,Chile,2029,20136.528,Medium
04_CHL,Chile,2030,20202.719,Medium
04_CHL,Chile,2031,20263.647,Medium
04_CHL,Chile,2032,20318.324,Medium
04_CHL,Chile,2033,20365.29,Medium
04_CHL,Chile,2034,20404.855,Medium
04_CHL,Chile,2035,20440.243,Medium
04_CHL,Chile,2036,20471.637,Medium
04_CHL,Chile,2037,20498.535,Medium
04_CHL,Chile,2038,20517.364,Medium
04_CHL,Chile,2039,20531.599,Medium
04_CHL,Chile,2040,20539.813,Medium
04_CHL,Chile,2041,20544.392,Medium
04_CHL,Chile,2042,20542.178,Medium
04_CHL,Chile,2043,20537.655,Medium
04_CHL,Chile,2044,20528.192,Medium
04_CHL,Chile,2045,20511.177,Medium
04_CHL,Chile,2046,20487.098,Medium
04_CHL,Chile,2047,20459.465,Medium
04_CHL,Chile,2048,20427.981,Medium
04_CHL,Chile,2049,20388.69,Medium
04_CHL,Chile,2050,20344.193,Medium
04_CHL,Chile,2051,20296.42,Medium
04_CHL,Chile,2052,20241.985,Medium
04_CHL,Chile,2053,20180.847,Medium
04_CHL,Chile,2054,20111.945,Medium
04_CHL,Chile,2055,20038.497,Medium
04_CHL,Chile,2056,19958.026,Medium
04_CHL,Chile,2057,19873.018,Medium
04_CHL,Chile,2058,19782.247,Medium
04_CHL,Chile,2059,19689.071,Medium
04_CHL,Chile,2060,19588.436,Medium
04_CHL,Chile,2061,19484.742,Medium
04_CHL,Chile,2062,19375.311,Medium
04_CHL,Chile,2063,19261.536,Medium
04_CHL,Chile,2064,19140.647,Medium
04_CHL,Chile,2065,19014.915,Medium
04_CHL,Chile,2066,18887.309,Medium
04_CHL,Chile,2067,18754.621,Medium
04_CHL,Chile,2068,18620.476,Medium
04_CHL,Chile,2069,18484.191,Medium
04_CHL,Chile,2070,18346.781,Medium
04_CHL,Chile,2071,18206.879,Medium
04_CHL,Chile,2072,18063.707,Medium
04_CHL,Chile,2073,17920.427,Medium
04_CHL,Chile,2074,17775.05,Medium
04_CHL,Chile,2075,17625.794,Medium
04_CHL,Chile,2076,17473.017,Medium
04_CHL,Chile,2077,17318.43,Medium
04_CHL,Chile,2078,17161.227,Medium
04_CHL,Chile,2079,17001.735,Medium
04_CHL,Chile,2080,16840.587,Medium
04_CHL,Chile,2081,16677.167,Medium
04_CHL,Chile,2082,16512.604,Medium
04_CHL,Chile,2083,16349.32,Medium
04_CHL,Chile,2084,16182.465,Medium
04_CHL,Chile,2085,16014.388,Medium
04_CHL,Chile,2086,15843.251,Medium
04_CHL,Chile,2087,15671.96,Medium
04_CHL,Chile,2088,15499.174,Medium
04_CHL,Chile,2089,15324.831,Medium
04_CHL,Chile,2090,15151.035,Medium
04_CHL,Chile,2091,14978.734,Medium
04_CHL,Chile,2092,14807.791,Medium
04_CHL,Chile,2093,14639.89,Medium
04_CHL,Chile,2094,14472.042,Medium
04_CHL,Chile,2095,14306.484,Medium
04_CHL,Chile,2096,14142.111,Medium
04_CHL,Chile,2097,13980.522,Medium
04_CHL,Chile,2098,13821.661,Medium
04_CHL,Chile,2099,13663.682,Medium
04_CHL,Chile,2100,13507.688,Medium
05_PRC,China,1990,1143536.292,Medium
05_PRC,China,1991,1163629.156,Medium
05_PRC,China,1992,1177947.9,Medium
05_PRC,China,1993,1191200.574,Medium
05_PRC,China,1994,1203416.576,Medium
05_PRC,China,1995,1214589.617,Medium
05_PRC,China,1996,1225678.238,Medium
05_PRC,China,1997,1236211.386,Medium
05_PRC,China,1998,1246067.858,Medium
05_PRC,China,1999,1255626.395,Medium
05_PRC,China,2000,1264726.915,Medium
05_PRC,China,2001,1274435.436,Medium
05_PRC,China,2002,1283014.689,Medium
05_PRC,China,2003,1290718.988,Medium
05_PRC,China,2004,1298315.664,Medium
05_PRC,China,2005,1305884.967,Medium
05_PRC,China,2006,1314169.304,Medium
05_PRC,China,2007,1321938.768,Medium
05_PRC,China,2008,1329688.395,Medium
05_PRC,China,2009,1337953.637,Medium
05_PRC,China,2010,1347091.795,Medium
05_PRC,China,2011,1356031.233,Medium
05_PRC,China,2012,1364470.096,Medium
05_PRC,China,2013,1374571.633,Medium
05_PRC,China,2014,1383444.448,Medium
05_PRC,China,2015,1392459.496,Medium
05_PRC,China,2016,1399808.851,Medium
05_PRC,China,2017,1408296.413,Medium
05_PRC,China,2018,1416413.041,Medium
05_PRC,China,2019,1421604.871,Medium
05_PRC,China,2020,1425435.844,Medium
05_PRC,China,2021,1426776.342,Medium
05_PRC,China,2022,1426098.192,Medium
05_PRC,China,2023,1424260.946,Medium
05_PRC,China,2024,1420908.919,Medium
05_PRC,China,2025,1417733.636,Medium
05_PRC,China,2026,1414458.552,Medium
05_PRC,China,2027,1411369.625,Medium
05_PRC,China,2028,1407989.187,Medium
05_PRC,China,2029,1404284.3,Medium
05_PRC,China,2030,1400281.205,Medium
05_PRC,China,2031,1396026.459,Medium
05_PRC,China,2032,1391470.88,Medium
05_PRC,China,2033,1386649.184,Medium
05_PRC,China,2034,1381543.858,Medium
05_PRC,China,2035,1376210.011,Medium
05_PRC,China,2036,1370645.051,Medium
05_PRC,China,2037,1364840.518,Medium
05_PRC,China,2038,1358819.609,Medium
05_PRC,China,2039,1352625.805,Medium
05_PRC,China,2040,1346163.63,Medium
05_PRC,China,2041,1339469.683,Medium
05_PRC,China,2042,1332510.78,Medium
05_PRC,China,2043,1325307.695,Medium
05_PRC,China,2044,1317873.9,Medium
05_PRC,China,2045,1310158.073,Medium
05_PRC,China,2046,1302069.502,Medium
05_PRC,China,2047,1293565.661,Medium
05_PRC,China,2048,1284675.192,Medium
05_PRC,China,2049,1275309.978,Medium
05_PRC,China,2050,1265452.312,Medium
05_PRC,China,2051,1255125.875,Medium
05_PRC,China,2052,1244259.201,Medium
05_PRC,China,2053,1232855.063,Medium
05_PRC,China,2054,1221004.646,Medium
05_PRC,China,2055,1208702.046,Medium
05_PRC,China,2056,1195982.896,Medium
05_PRC,China,2057,1182898.442,Medium
05_PRC,China,2058,1169537.449,Medium
05_PRC,China,2059,1155907.968,Medium
05_PRC,China,2060,1142096.367,Medium
05_PRC,China,2061,1128158.014,Medium
05_PRC,China,2062,1114191.419,Medium
05_PRC,China,2063,1100222.847,Medium
05_PRC,China,2064,1086330.56,Medium
05_PRC,China,2065,1072485.204,Medium
05_PRC,China,2066,1058779.855,Medium
05_PRC,China,2067,1045198.415,Medium
05_PRC,China,2068,1031747.221,Medium
05_PRC,China,2069,1018459.683,Medium
05_PRC,China,2070,1005296.697,Medium
05_PRC,China,2071,992271.941,Medium
05_PRC,China,2072,979341.179,Medium
05_PRC,China,2073,966470.163,Medium
05_PRC,China,2074,953640.603,Medium
05_PRC,China,2075,940858.23,Medium
05_PRC,China,2076,928075.091,Medium
05_PRC,China,2077,915280.168,Medium
05_PRC,China,2078,902468.895,Medium
05_PRC,China,2079,889618.682,Medium
05_PRC,China,2080,876715.269,Medium
05_PRC,China,2081,863789.419,Medium
05_PRC,China,2082,850868.01,Medium
05_PRC,China,2083,838010.383,Medium
05_PRC,China,2084,825198.952,Medium
05_PRC,China,2085,812431.761,Medium
05_PRC,China,2086,799798.347,Medium
05_PRC,China,2087,787320.161,Medium
05_PRC,China,2088,774987.274,Medium
05_PRC,China,2089,762810.991,Medium
05_PRC,China,2090,750807.23,Medium
05_PRC,China,2091,738998.443,Medium
05_PRC,China,2092,727360.47,Medium
05_PRC,China,2093,715865.031,Medium
05_PRC,China,2094,704506.905,Medium
05_PRC,China,2095,693280.636,Medium
05_PRC,China,2096,682167.534,Medium
05_PRC,China,2097,671154.22,Medium
05_PRC,China,2098,660236.787,Medium
05_PRC,China,2099,649413.991,Medium
05_PRC,China,2100,638684.81,Medium
06_HKC,"Hong Kong, China",1990,5552.387,Medium
06_HKC,"Hong Kong, China",1991,5568.807,Medium
06_HKC,"Hong Kong, China",1992,5687.381,Medium
06_HKC,"Hong Kong, China",1993,5831.732,Medium
06_HKC,"Hong Kong, China",1994,5973.294,Medium
06_HKC,"Hong Kong, China",1995,6111.229,Medium
06_HKC,"Hong Kong, China",1996,6242.978,Medium
06_HKC,"Hong Kong, China",1997,6361.95,Medium
06_HKC,"Hong Kong, China",1998,6471.397,Medium
06_HKC,"Hong Kong, China",1999,6571.272,Medium
06_HKC,"Hong Kong, China",2000,6661.777,Medium
06_HKC,"Hong Kong, China",2001,6747.551,Medium
06_HKC,"Hong Kong, China",2002,6800.926,Medium
06_HKC,"Hong Kong, China",2003,6841.891,Medium
06_HKC,"Hong Kong, China",2004,6875.922,Medium
06_HKC,"Hong Kong, China",2005,6900.405,Medium
06_HKC,"Hong Kong, China",2006,6916.567,Medium
06_HKC,"Hong Kong, China",2007,6945.613,Medium
06_HKC,"Hong Kong, China",2008,6997.077,Medium
06_HKC,"Hong Kong, China",2009,7044.3,Medium
06_HKC,"Hong Kong, China",2010,7084.633,Medium
06_HKC,"Hong Kong, China",2011,7118.601,Medium
06_HKC,"Hong Kong, China",2012,7167.338,Medium
06_HKC,"Hong Kong, China",2013,7234.784,Medium
06_HKC,"Hong Kong, China",2014,7293.886,Medium
06_HKC,"Hong Kong, China",2015,7345.115,Medium
06_HKC,"Hong Kong, China",2016,7387.704,Medium
06_HKC,"Hong Kong, China",2017,7428.315,Medium
06_HKC,"Hong Kong, China",2018,7461.468,Medium
06_HKC,"Hong Kong, China",2019,7480.919,Medium
06_HKC,"Hong Kong, China",2020,7490.707,Medium
06_HKC,"Hong Kong, China",2021,7489.764,Medium
06_HKC,"Hong Kong, China",2022,7479.439,Medium
06_HKC,"Hong Kong, China",2023,7452.391,Medium
06_HKC,"Hong Kong, China",2024,7433.078,Medium
06_HKC,"Hong Kong, China",2025,7396.741,Medium
06_HKC,"Hong Kong, China",2026,7395.411,Medium
06_HKC,"Hong Kong, China",2027,7361.793,Medium
06_HKC,"Hong Kong, China",2028,7348.288,Medium
06_HKC,"Hong Kong, China",2029,7301.514,Medium
06_HKC,"Hong Kong, China",2030,7271.722,Medium
06_HKC,"Hong Kong, China",2031,7233.572,Medium
06_HKC,"Hong Kong, China",2032,7189.876,Medium
06_HKC,"Hong Kong, China",2033,7154.466,Medium
06_HKC,"Hong Kong, China",2034,7115.641,Medium
06_HKC,"Hong Kong, China",2035,7084.327,Medium
06_HKC,"Hong Kong, China",2036,7018.925,Medium
06_HKC,"Hong Kong, China",2037,6967.158,Medium
06_HKC,"Hong Kong, China",2038,6939.096,Medium
06_HKC,"Hong Kong, China",2039,6875.544,Medium
06_HKC,"Hong Kong, China",2040,6847.05,Medium
06_HKC,"Hong Kong, China",2041,6786.086,Medium
06_HKC,"Hong Kong, China",2042,6723.591,Medium
06_HKC,"Hong Kong, China",2043,6650.619,Medium
06_HKC,"Hong Kong, China",2044,6595.028,Medium
06_HKC,"Hong Kong, China",2045,6533.18,Medium
06_HKC,"Hong Kong, China",2046,6464.2,Medium
06_HKC,"Hong Kong, China",2047,6391.676,Medium
06_HKC,"Hong Kong, China",2048,6293.804,Medium
06_HKC,"Hong Kong, China",2049,6217.96,Medium
06_HKC,"Hong Kong, China",2050,6130.903,Medium
06_HKC,"Hong Kong, China",2051,6050.335,Medium
06_HKC,"Hong Kong, China",2052,5960.131,Medium
06_HKC,"Hong Kong, China",2053,5873.483,Medium
06_HKC,"Hong Kong, China",2054,5789.445,Medium
06_HKC,"Hong Kong, China",2055,5704.675,Medium
06_HKC,"Hong Kong, China",2056,5615.539,Medium
06_HKC,"Hong Kong, China",2057,5523.368,Medium
06_HKC,"Hong Kong, China",2058,5429.676,Medium
06_HKC,"Hong Kong, China",2059,5334.503,Medium
06_HKC,"Hong Kong, China",2060,5244.451,Medium
06_HKC,"Hong Kong, China",2061,5154.276,Medium
06_HKC,"Hong Kong, China",2062,5061.472,Medium
06_HKC,"Hong Kong, China",2063,4981.411,Medium
06_HKC,"Hong Kong, China",2064,4902.153,Medium
06_HKC,"Hong Kong, China",2065,4812.962,Medium
06_HKC,"Hong Kong, China",2066,4722.629,Medium
06_HKC,"Hong Kong, China",2067,4634.756,Medium
06_HKC,"Hong Kong, China",2068,4542.668,Medium
06_HKC,"Hong Kong, China",2069,4453.93,Medium
06_HKC,"Hong Kong, China",2070,4369.918,Medium
06_HKC,"Hong Kong, China",2071,4280.26,Medium
06_HKC,"Hong Kong, China",2072,4194.309,Medium
06_HKC,"Hong Kong, China",2073,4104.537,Medium
06_HKC,"Hong Kong, China",2074,4014.064,Medium
06_HKC,"Hong Kong, China",2075,3925.636,Medium
06_HKC,"Hong Kong, China",2076,3836.975,Medium
06_HKC,"Hong Kong, China",2077,3749.765,Medium
06_HKC,"Hong Kong, China",2078,3654.157,Medium
06_HKC,"Hong Kong, China",2079,3574.505,Medium
06_HKC,"Hong Kong, China",2080,3489.726,Medium
06_HKC,"Hong Kong, China",2081,3406.698,Medium
06_HKC,"Hong Kong, China",2082,3330.456,Medium
06_HKC,"Hong Kong, China",2083,3254.796,Medium
06_HKC,"Hong Kong, China",2084,3174.972,Medium
06_HKC,"Hong Kong, China",2085,3091.917,Medium
06_HKC,"Hong Kong, China",2086,3010.003,Medium
06_HKC,"Hong Kong, China",2087,2931.31,Medium
06_HKC,"Hong Kong, China",2088,2854.6,Medium
06_HKC,"Hong Kong, China",2089,2783.832,Medium
06_HKC,"Hong Kong, China",2090,2710.845,Medium
06_HKC,"Hong Kong, China",2091,2639.96,Medium
06_HKC,"Hong Kong, China",2092,2573.327,Medium
06_HKC,"Hong Kong, China",2093,2512.767,Medium
06_HKC,"Hong Kong, China",2094,2450.803,Medium
06_HKC,"Hong Kong, China",2095,2385.282,Medium
06_HKC,"Hong Kong, China",2096,2325.474,Medium
06_HKC,"Hong Kong, China",2097,2267.604,Medium
06_HKC,"Hong Kong, China",2098,2210.326,Medium
06_HKC,"Hong Kong, China",2099,2159.23,Medium
06_HKC,"Hong Kong, China",2100,2106.152,Medium
07_INA,Indonesia,1990,181869.93,Medium
07_INA,Indonesia,1991,185132.265,Medium
07_INA,Indonesia,1992,188424.211,Medium
07_INA,Indonesia,1993,191663.277,Medium
07_INA,Indonesia,1994,194947.058,Medium
07_INA,Indonesia,1995,198236.597,Medium
07_INA,Indonesia,1996,201539.517,Medium
07_INA,Indonesia,1997,204869.178,Medium
07_INA,Indonesia,1998,208203.012,Medium
07_INA,Indonesia,1999,211450.565,Medium
07_INA,Indonesia,2000,214558.771,Medium
07_INA,Indonesia,2001,217596.809,Medium
07_INA,Indonesia,2002,220598.994,Medium
07_INA,Indonesia,2003,223577.996,Medium
07_INA,Indonesia,2004,226518.019,Medium
07_INA,Indonesia,2005,229335.279,Medium
07_INA,Indonesia,2006,232408.021,Medium
07_INA,Indonesia,2007,235495.283,Medium
07_INA,Indonesia,2008,238629.392,Medium
07_INA,Indonesia,2009,241686.415,Medium
07_INA,Indonesia,2010,244753.641,Medium
07_INA,Indonesia,2011,247857.003,Medium
07_INA,Indonesia,2012,251083.061,Medium
07_INA,Indonesia,2013,254313.989,Medium
07_INA,Indonesia,2014,257390.944,Medium
07_INA,Indonesia,2015,260363.854,Medium
07_INA,Indonesia,2016,263234.644,Medium
07_INA,Indonesia,2017,266020.192,Medium
07_INA,Indonesia,2018,268673.124,Medium
07_INA,Indonesia,2019,271230.569,Medium
07_INA,Indonesia,2020,273748.193,Medium
07_INA,Indonesia,2021,275881.538,Medium
07_INA,Indonesia,2022,277634.568,Medium
07_INA,Indonesia,2023,280026.489,Medium
07_INA,Indonesia,2024,282353.644,Medium
07_INA,Indonesia,2025,284622.217,Medium
07_INA,Indonesia,2026,286820.254,Medium
07_INA,Indonesia,2027,288953.311,Medium
07_INA,Indonesia,2028,291019.733,Medium
07_INA,Indonesia,2029,293013.824,Medium
07_INA,Indonesia,2030,294942.394,Medium
07_INA,Indonesia,2031,296810.902,Medium
07_INA,Indonesia,2032,298628.594,Medium
07_INA,Indonesia,2033,300392.729,Medium
07_INA,Indonesia,2034,302109.24,Medium
07_INA,Indonesia,2035,303767.906,Medium
07_INA,Indonesia,2036,305365.338,Medium
07_INA,Indonesia,2037,306904.858,Medium
07_INA,Indonesia,2038,308387.977,Medium
07_INA,Indonesia,2039,309804.919,Medium
07_INA,Indonesia,2040,311157.321,Medium
07_INA,Indonesia,2041,312437.47,Medium
07_INA,Indonesia,2042,313645.852,Medium
07_INA,Indonesia,2043,314776.713,Medium
07_INA,Indonesia,2044,315831.911,Medium
07_INA,Indonesia,2045,316804.92,Medium
07_INA,Indonesia,2046,317694.306,Medium
07_INA,Indonesia,2047,318498.841,Medium
07_INA,Indonesia,2048,319225.198,Medium
07_INA,Indonesia,2049,319884.107,Medium
07_INA,Indonesia,2050,320462.393,Medium
07_INA,Indonesia,2051,320963.506,Medium
07_INA,Indonesia,2052,321386.717,Medium
07_INA,Indonesia,2053,321740.016,Medium
07_INA,Indonesia,2054,322030.724,Medium
07_INA,Indonesia,2055,322257.813,Medium
07_INA,Indonesia,2056,322426.18,Medium
07_INA,Indonesia,2057,322541.506,Medium
07_INA,Indonesia,2058,322598.358,Medium
07_INA,Indonesia,2059,322608.985,Medium
07_INA,Indonesia,2060,322569.202,Medium
07_INA,Indonesia,2061,322489.463,Medium
07_INA,Indonesia,2062,322367.877,Medium
07_INA,Indonesia,2063,322211.84,Medium
07_INA,Indonesia,2064,322025.315,Medium
07_INA,Indonesia,2065,321805.953,Medium
07_INA,Indonesia,2066,321557.255,Medium
07_INA,Indonesia,2067,321275.994,Medium
07_INA,Indonesia,2068,320962.638,Medium
07_INA,Indonesia,2069,320620.046,Medium
07_INA,Indonesia,2070,320248.459,Medium
07_INA,Indonesia,2071,319851.135,Medium
07_INA,Indonesia,2072,319426.154,Medium
07_INA,Indonesia,2073,318969.798,Medium
07_INA,Indonesia,2074,318479.673,Medium
07_INA,Indonesia,2075,317962.645,Medium
07_INA,Indonesia,2076,317409.417,Medium
07_INA,Indonesia,2077,316833.139,Medium
07_INA,Indonesia,2078,316217.123,Medium
07_INA,Indonesia,2079,315571.55,Medium
07_INA,Indonesia,2080,314893.496,Medium
07_INA,Indonesia,2081,314191.692,Medium
07_INA,Indonesia,2082,313460.508,Medium
07_INA,Indonesia,2083,312696.807,Medium
07_INA,Indonesia,2084,311902.971,Medium
07_INA,Indonesia,2085,311083.295,Medium
07_INA,Indonesia,2086,310236.879,Medium
07_INA,Indonesia,2087,309362.571,Medium
07_INA,Indonesia,2088,308461.398,Medium
07_INA,Indonesia,2089,307540.153,Medium
07_INA,Indonesia,2090,306596.177,Medium
07_INA,Indonesia,2091,305625.545,Medium
07_INA,Indonesia,2092,304633.507,Medium
07_INA,Indonesia,2093,303617.802,Medium
07_INA,Indonesia,2094,302583.117,Medium
07_INA,Indonesia,2095,301534.476,Medium
07_INA,Indonesia,2096,300473.885,Medium
07_INA,Indonesia,2097,299393.801,Medium
07_INA,Indonesia,2098,298298.057,Medium
07_INA,Indonesia,2099,297192.662,Medium
07_INA,Indonesia,2100,296074.174,Medium
08_JPN,Japan,1990,123164.512,Medium
08_JPN,Japan,1991,123635.017,Medium
08_JPN,Japan,1992,124144.724,Medium
08_JPN,Japan,1993,124622.691,Medium
08_JPN,Japan,1994,125057.225,Medium
08_JPN,Japan,1995,125516.496,Medium
08_JPN,Japan,1996,125828.834,Medium
08_JPN,Japan,1997,126121.77,Medium
08_JPN,Japan,1998,126410.088,Medium
08_JPN,Japan,1999,126688.274,Medium
08_JPN,Japan,2000,126914.854,Medium
08_JPN,Japan,2001,127140.724,Medium
08_JPN,Japan,2002,127379.572,Medium
08_JPN,Japan,2003,127589.624,Medium
08_JPN,Japan,2004,127752.879,Medium
08_JPN,Japan,2005,127878.669,Medium
08_JPN,Japan,2006,127947.992,Medium
08_JPN,Japan,2007,128046.503,Medium
08_JPN,Japan,2008,128128.861,Medium
08_JPN,Japan,2009,128183.119,Medium
08_JPN,Japan,2010,128201.82,Medium
08_JPN,Japan,2011,128168.73,Medium
08_JPN,Japan,2012,128024.135,Medium
08_JPN,Japan,2013,127832.435,Medium
08_JPN,Japan,2014,127614.856,Medium
08_JPN,Japan,2015,127358.353,Medium
08_JPN,Japan,2016,127193.392,Medium
08_JPN,Japan,2017,127126.51,Medium
08_JPN,Japan,2018,127002.87,Medium
08_JPN,Japan,2019,126823.995,Medium
08_JPN,Japan,2020,126574.852,Medium
08_JPN,Japan,2021,126034.234,Medium
08_JPN,Japan,2022,125324.442,Medium
08_JPN,Japan,2023,124670.714,Medium
08_JPN,Japan,2024,124071.179,Medium
08_JPN,Japan,2025,123434.903,Medium
08_JPN,Japan,2026,122772.055,Medium
08_JPN,Japan,2027,122083.407,Medium
08_JPN,Japan,2028,121381.274,Medium
08_JPN,Japan,2029,120667.422,Medium
08_JPN,Japan,2030,119948.756,Medium
08_JPN,Japan,2031,119219.487,Medium
08_JPN,Japan,2032,118484.683,Medium
08_JPN,Japan,2033,117743.598,Medium
08_JPN,Japan,2034,117001.35,Medium
08_JPN,Japan,2035,116252.152,Medium
08_JPN,Japan,2036,115500.146,Medium
08_JPN,Japan,2037,114750.985,Medium
08_JPN,Japan,2038,114003.817,Medium
08_JPN,Japan,2039,113263.411,Medium
08_JPN,Japan,2040,112525.652,Medium
08_JPN,Japan,2041,111790.955,Medium
08_JPN,Japan,2042,111053.931,Medium
08_JPN,Japan,2043,110330.784,Medium
08_JPN,Japan,2044,109613.978,Medium
08_JPN,Japan,2045,108905.079,Medium
08_JPN,Japan,2046,108198.91,Medium
08_JPN,Japan,2047,107502.251,Medium
08_JPN,Japan,2048,106813.689,Medium
08_JPN,Japan,2049,106134.969,Medium
08_JPN,Japan,2050,105458.719,Medium
08_JPN,Japan,2051,104787.616,Medium
08_JPN,Japan,2052,104117.301,Medium
08_JPN,Japan,2053,103438.959,Medium
08_JPN,Japan,2054,102762.816,Medium
08_JPN,Japan,2055,102068.554,Medium
08_JPN,Japan,2056,101374.15,Medium
08_JPN,Japan,2057,100663.334,Medium
08_JPN,Japan,2058,99946.147,Medium
08_JPN,Japan,2059,99220.835,Medium
08_JPN,Japan,2060,98476.939,Medium
08_JPN,Japan,2061,97729.498,Medium
08_JPN,Japan,2062,96977.794,Medium
08_JPN,Japan,2063,96222.385,Medium
08_JPN,Japan,2064,95465.152,Medium
08_JPN,Japan,2065,94706.563,Medium
08_JPN,Japan,2066,93941.783,Medium
08_JPN,Japan,2067,93185.457,Medium
08_JPN,Japan,2068,92439.351,Medium
08_JPN,Japan,2069,91696.23,Medium
08_JPN,Japan,2070,90969.383,Medium
08_JPN,Japan,2071,90254.159,Medium
08_JPN,Japan,2072,89568.521,Medium
08_JPN,Japan,2073,88903.415,Medium
08_JPN,Japan,2074,88258.546,Medium
08_JPN,Japan,2075,87645.457,Medium
08_JPN,Japan,2076,87060.236,Medium
08_JPN,Japan,2077,86501.088,Medium
08_JPN,Japan,2078,85964.316,Medium
08_JPN,Japan,2079,85453.235,Medium
08_JPN,Japan,2080,84965.379,Medium
08_JPN,Japan,2081,84494.552,Medium
08_JPN,Japan,2082,84045.225,Medium
08_JPN,Japan,2083,83608.569,Medium
08_JPN,Japan,2084,83187.296,Medium
08_JPN,Japan,2085,82773.452,Medium
08_JPN,Japan,2086,82368.102,Medium
08_JPN,Japan,2087,81971.672,Medium
08_JPN,Japan,2088,81584.696,Medium
08_JPN,Japan,2089,81203.259,Medium
08_JPN,Japan,2090,80823.136,Medium
08_JPN,Japan,2091,80445.65,Medium
08_JPN,Japan,2092,80069.798,Medium
08_JPN,Japan,2093,79689.594,Medium
08_JPN,Japan,2094,79311.57,Medium
08_JPN,Japan,2095,78936.2,Medium
08_JPN,Japan,2096,78559.278,Medium
08_JPN,Japan,2097,78178.745,Medium
08_JPN,Japan,2098,77802.525,Medium
08_JPN,Japan,2099,77423.245,Medium
08_JPN,Japan,2100,77038.488,Medium
09_ROK,Korea,1990,43825.75,Medium
09_ROK,Korea,1991,44337.104,Medium
09_ROK,Korea,1992,44541.196,Medium
09_ROK,Korea,1993,44766.194,Medium
09_ROK,Korea,1994,45009.253,Medium
09_ROK,Korea,1995,45252.428,Medium
09_ROK,Korea,1996,45484.423,Medium
09_ROK,Korea,1997,45792.976,Medium
09_ROK,Korea,1998,46090.097,Medium
09_ROK,Korea,1999,46371.658,Medium
09_ROK,Korea,2000,46629.108,Medium
09_ROK,Korea,2001,46904.214,Medium
09_ROK,Korea,2002,47182.722,Medium
09_ROK,Korea,2003,47415.519,Medium
09_ROK,Korea,2004,47612.802,Medium
09_ROK,Korea,2005,47781.349,Medium
09_ROK,Korea,2006,47921.939,Medium
09_ROK,Korea,2007,48091.096,Medium
09_ROK,Korea,2008,48265.141,Medium
09_ROK,Korea,2009,48447.845,Medium
09_ROK,Korea,2010,48645.528,Medium
09_ROK,Korea,2011,48893.137,Medium
09_ROK,Korea,2012,49362.15,Medium
09_ROK,Korea,2013,49837.009,Medium
09_ROK,Korea,2014,50305.32,Medium
09_ROK,Korea,2015,50772.791,Medium
09_ROK,Korea,2016,51195.032,Medium
09_ROK,Korea,2017,51400.646,Medium
09_ROK,Korea,2018,51571.895,Medium
09_ROK,Korea,2019,51709.893,Medium
09_ROK,Korea,2020,51825.799,Medium
09_ROK,Korea,2021,51891.164,Medium
09_ROK,Korea,2022,51805.631,Medium
09_ROK,Korea,2023,51759.392,Medium
09_ROK,Korea,2024,51738.086,Medium
09_ROK,Korea,2025,51697.094,Medium
09_ROK,Korea,2026,51636.965,Medium
09_ROK,Korea,2027,51563.811,Medium
09_ROK,Korea,2028,51473.879,Medium
09_ROK,Korea,2029,51372.981,Medium
09_ROK,Korea,2030,51255.051,Medium
09_ROK,Korea,2031,51122.116,Medium
09_ROK,Korea,2032,50974.233,Medium
09_ROK,Korea,2033,50808.345,Medium
09_ROK,Korea,2034,50620.264,Medium
09_ROK,Korea,2035,50413.354,Medium
09_ROK,Korea,2036,50188.112,Medium
09_ROK,Korea,2037,49944.975,Medium
09_ROK,Korea,2038,49681.877,Medium
09_ROK,Korea,2039,49400.438,Medium
09_ROK,Korea,2040,49103.34,Medium
09_ROK,Korea,2041,48794.033,Medium
09_ROK,Korea,2042,48466.833,Medium
09_ROK,Korea,2043,48132.656,Medium
09_ROK,Korea,2044,47785.424,Medium
09_ROK,Korea,2045,47421.309,Medium
09_ROK,Korea,2046,47044.603,Medium
09_ROK,Korea,2047,46657.194,Medium
09_ROK,Korea,2048,46246.928,Medium
09_ROK,Korea,2049,45820.659,Medium
09_ROK,Korea,2050,45373.929,Medium
09_ROK,Korea,2051,44912.338,Medium
09_ROK,Korea,2052,44429.961,Medium
09_ROK,Korea,2053,43927.722,Medium
09_ROK,Korea,2054,43416.363,Medium
09_ROK,Korea,2055,42898.541,Medium
09_ROK,Korea,2056,42366.799,Medium
09_ROK,Korea,2057,41823.396,Medium
09_ROK,Korea,2058,41266.782,Medium
09_ROK,Korea,2059,40702.304,Medium
09_ROK,Korea,2060,40139.761,Medium
09_ROK,Korea,2061,39574.694,Medium
09_ROK,Korea,2062,39018.685,Medium
09_ROK,Korea,2063,38459.404,Medium
09_ROK,Korea,2064,37906.93,Medium
09_ROK,Korea,2065,37358.715,Medium
09_ROK,Korea,2066,36817.419,Medium
09_ROK,Korea,2067,36283.206,Medium
09_ROK,Korea,2068,35753.83,Medium
09_ROK,Korea,2069,35233.012,Medium
09_ROK,Korea,2070,34710.617,Medium
09_ROK,Korea,2071,34195.357,Medium
09_ROK,Korea,2072,33688.04,Medium
09_ROK,Korea,2073,33188.231,Medium
09_ROK,Korea,2074,32697.818,Medium
09_ROK,Korea,2075,32213.146,Medium
09_ROK,Korea,2076,31736.519,Medium
09_ROK,Korea,2077,31265.857,Medium
09_ROK,Korea,2078,30801.45,Medium
09_ROK,Korea,2079,30344.45,Medium
09_ROK,Korea,2080,29894.381,Medium
09_ROK,Korea,2081,29448.635,Medium
09_ROK,Korea,2082,29005.677,Medium
09_ROK,Korea,2083,28571.015,Medium
09_ROK,Korea,2084,28140.421,Medium
09_ROK,Korea,2085,27716.783,Medium
09_ROK,Korea,2086,27295.066,Medium
09_ROK,Korea,2087,26878.071,Medium
09_ROK,Korea,2088,26463.435,Medium
09_ROK,Korea,2089,26054.409,Medium
09_ROK,Korea,2090,25649.143,Medium
09_ROK,Korea,2091,25249.046,Medium
09_ROK,Korea,2092,24854.74,Medium
09_ROK,Korea,2093,24466.901,Medium
09_ROK,Korea,2094,24087.349,Medium
09_ROK,Korea,2095,23716.798,Medium
09_ROK,Korea,2096,23354.293,Medium
09_ROK,Korea,2097,23003.891,Medium
09_ROK,Korea,2098,22663.034,Medium
09_ROK,Korea,2099,22329.927,Medium
09_ROK,Korea,2100,22006.983,Medium
10_MAS,Malaysia,1990,17573.4,Medium
10_MAS,Malaysia,1991,18092.942,Medium
10_MAS,Malaysia,1992,18591.985,Medium
10_MAS,Malaysia,1993,19077.16,Medium
10_MAS,Malaysia,1994,19568.169,Medium
10_MAS,Malaysia,1995,20072.723,Medium
10_MAS,Malaysia,1996,20588.474,Medium
10_MAS,Malaysia,1997,21111.7,Medium
10_MAS,Malaysia,1998,21638.737,Medium
10_MAS,Malaysia,1999,22174.688,Medium
10_MAS,Malaysia,2000,22696.373,Medium
10_MAS,Malaysia,2001,23239.259,Medium
10_MAS,Malaysia,2002,23813.818,Medium
10_MAS,Malaysia,2003,24391.135,Medium
10_MAS,Malaysia,2004,24968.069,Medium
10_MAS,Malaysia,2005,25545.476,Medium
10_MAS,Malaysia,2006,26126.667,Medium
10_MAS,Malaysia,2007,26709.151,Medium
10_MAS,Malaysia,2008,27287.626,Medium
10_MAS,Malaysia,2009,27852.492,Medium
10_MAS,Malaysia,2010,28397.063,Medium
10_MAS,Malaysia,2011,28914.49,Medium
10_MAS,Malaysia,2012,29409.588,Medium
10_MAS,Malaysia,2013,29916.074,Medium
10_MAS,Malaysia,2014,30432.455,Medium
10_MAS,Malaysia,2015,30959.818,Medium
10_MAS,Malaysia,2016,31505.777,Medium
10_MAS,Malaysia,2017,32073.594,Medium
10_MAS,Malaysia,2018,32637.695,Medium
10_MAS,Malaysia,2019,33184.239,Medium
10_MAS,Malaysia,2020,33696.952,Medium
10_MAS,Malaysia,2021,34082.165,Medium
10_MAS,Malaysia,2022,34482.632,Medium
10_MAS,Malaysia,2023,34908.354,Medium
10_MAS,Malaysia,2024,35344.242,Medium
10_MAS,Malaysia,2025,35771.105,Medium
10_MAS,Malaysia,2026,36184.571,Medium
10_MAS,Malaysia,2027,36585.658,Medium
10_MAS,Malaysia,2028,36984.516,Medium
10_MAS,Malaysia,2029,37381.023,Medium
10_MAS,Malaysia,2030,37767.553,Medium
10_MAS,Malaysia,2031,38155.884,Medium
10_MAS,Malaysia,2032,38539.687,Medium
10_MAS,Malaysia,2033,38917.08,Medium
10_MAS,Malaysia,2034,39278.668,Medium
10_MAS,Malaysia,2035,39637.022,Medium
10_MAS,Malaysia,2036,39992.628,Medium
10_MAS,Malaysia,2037,40341.168,Medium
10_MAS,Malaysia,2038,40683.395,Medium
10_MAS,Malaysia,2039,41023.229,Medium
10_MAS,Malaysia,2040,41348.543,Medium
10_MAS,Malaysia,2041,41670.745,Medium
10_MAS,Malaysia,2042,41986.44,Medium
10_MAS,Malaysia,2043,42302.492,Medium
10_MAS,Malaysia,2044,42609.414,Medium
10_MAS,Malaysia,2045,42898.859,Medium
10_MAS,Malaysia,2046,43177.55,Medium
10_MAS,Malaysia,2047,43449.947,Medium
10_MAS,Malaysia,2048,43710.971,Medium
10_MAS,Malaysia,2049,43952.182,Medium
10_MAS,Malaysia,2050,44178.897,Medium
10_MAS,Malaysia,2051,44400.648,Medium
10_MAS,Malaysia,2052,44604.577,Medium
10_MAS,Malaysia,2053,44798.567,Medium
10_MAS,Malaysia,2054,44981.369,Medium
10_MAS,Malaysia,2055,45146.331,Medium
10_MAS,Malaysia,2056,45292.85,Medium
10_MAS,Malaysia,2057,45432.861,Medium
10_MAS,Malaysia,2058,45562.274,Medium
10_MAS,Malaysia,2059,45682.856,Medium
10_MAS,Malaysia,2060,45799.312,Medium
10_MAS,Malaysia,2061,45900.914,Medium
10_MAS,Malaysia,2062,45994.362,Medium
10_MAS,Malaysia,2063,46072.46,Medium
10_MAS,Malaysia,2064,46138.754,Medium
10_MAS,Malaysia,2065,46202.888,Medium
10_MAS,Malaysia,2066,46251.084,Medium
10_MAS,Malaysia,2067,46289.738,Medium
10_MAS,Malaysia,2068,46320.349,Medium
10_MAS,Malaysia,2069,46343.388,Medium
10_MAS,Malaysia,2070,46365.638,Medium
10_MAS,Malaysia,2071,46380.362,Medium
10_MAS,Malaysia,2072,46390.292,Medium
10_MAS,Malaysia,2073,46390.712,Medium
10_MAS,Malaysia,2074,46378.289,Medium
10_MAS,Malaysia,2075,46363.145,Medium
10_MAS,Malaysia,2076,46339.22,Medium
10_MAS,Malaysia,2077,46314.512,Medium
10_MAS,Malaysia,2078,46269.761,Medium
10_MAS,Malaysia,2079,46217.015,Medium
10_MAS,Malaysia,2080,46156.759,Medium
10_MAS,Malaysia,2081,46081.432,Medium
10_MAS,Malaysia,2082,46007.109,Medium
10_MAS,Malaysia,2083,45924.962,Medium
10_MAS,Malaysia,2084,45834.711,Medium
10_MAS,Malaysia,2085,45744.508,Medium
10_MAS,Malaysia,2086,45651.042,Medium
10_MAS,Malaysia,2087,45548.037,Medium
10_MAS,Malaysia,2088,45443.466,Medium
10_MAS,Malaysia,2089,45336.277,Medium
10_MAS,Malaysia,2090,45228.378,Medium
10_MAS,Malaysia,2091,45117.554,Medium
10_MAS,Malaysia,2092,45006.894,Medium
10_MAS,Malaysia,2093,44894.028,Medium
10_MAS,Malaysia,2094,44777.087,Medium
10_MAS,Malaysia,2095,44662.703,Medium
10_MAS,Malaysia,2096,44545.889,Medium
10_MAS,Malaysia,2097,44427.697,Medium
10_MAS,Malaysia,2098,44312.385,Medium
10_MAS,Malaysia,2099,44200.564,Medium
10_MAS,Malaysia,2100,44087.388,Medium
11_MEX,Mexico,1990,82017.824,Medium
11_MEX,Mexico,1991,83622.516,Medium
11_MEX,Mexico,1992,85238.629,Medium
11_MEX,Mexico,1993,86850.989,Medium
11_MEX,Mexico,1994,88456.626,Medium
11_MEX,Mexico,1995,90061.783,Medium
11_MEX,Mexico,1996,91663.126,Medium
11_MEX,Mexico,1997,93242.279,Medium
11_MEX,Mexico,1998,94800.135,Medium
11_MEX,Mexico,1999,96350.355,Medium
11_MEX,Mexico,2000,97881.058,Medium
11_MEX,Mexico,2001,99370.046,Medium
11_MEX,Mexico,2002,100828.153,Medium
11_MEX,Mexico,2003,102269.095,Medium
11_MEX,Mexico,2004,103687.936,Medium
11_MEX,Mexico,2005,105100.326,Medium
11_MEX,Mexico,2006,106522.682,Medium
11_MEX,Mexico,2007,107984.649,Medium
11_MEX,Mexico,2008,109564.071,Medium
11_MEX,Mexico,2009,111184.505,Medium
11_MEX,Mexico,2010,112814.937,Medium
11_MEX,Mexico,2011,114432.853,Medium
11_MEX,Mexico,2012,116054.154,Medium
11_MEX,Mexico,2013,117582.263,Medium
11_MEX,Mexico,2014,119104.883,Medium
11_MEX,Mexico,2015,120463.639,Medium
11_MEX,Mexico,2016,121680.973,Medium
11_MEX,Mexico,2017,122821.728,Medium
11_MEX,Mexico,2018,123978.387,Medium
11_MEX,Mexico,2019,125169.035,Medium
11_MEX,Mexico,2020,126356.93,Medium
11_MEX,Mexico,2021,127241.179,Medium
11_MEX,Mexico,2022,128055.116,Medium
11_MEX,Mexico,2023,129171.119,Medium
11_MEX,Mexico,2024,130308.399,Medium
11_MEX,Mexico,2025,131413.615,Medium
11_MEX,Mexico,2026,132480.185,Medium
11_MEX,Mexico,2027,133515.13,Medium
11_MEX,Mexico,2028,134520.286,Medium
11_MEX,Mexico,2029,135497.108,Medium
11_MEX,Mexico,2030,136444.674,Medium
11_MEX,Mexico,2031,137364.802,Medium
11_MEX,Mexico,2032,138257.327,Medium
11_MEX,Mexico,2033,139123.06,Medium
11_MEX,Mexico,2034,139961.111,Medium
11_MEX,Mexico,2035,140762.942,Medium
11_MEX,Mexico,2036,141538.696,Medium
11_MEX,Mexico,2037,142279.63,Medium
11_MEX,Mexico,2038,142995.462,Medium
11_MEX,Mexico,2039,143676.977,Medium
11_MEX,Mexico,2040,144319.607,Medium
11_MEX,Mexico,2041,144929.04,Medium
11_MEX,Mexico,2042,145506.507,Medium
11_MEX,Mexico,2043,146048.404,Medium
11_MEX,Mexico,2044,146551.61,Medium
11_MEX,Mexico,2045,147023.824,Medium
11_MEX,Mexico,2046,147456.36,Medium
11_MEX,Mexico,2047,147851.959,Medium
11_MEX,Mexico,2048,148208.332,Medium
11_MEX,Mexico,2049,148536.131,Medium
11_MEX,Mexico,2050,148819.664,Medium
11_MEX,Mexico,2051,149072.883,Medium
11_MEX,Mexico,2052,149290.81,Medium
11_MEX,Mexico,2053,149476.719,Medium
11_MEX,Mexico,2054,149628.697,Medium
11_MEX,Mexico,2055,149749.284,Medium
11_MEX,Mexico,2056,149839.806,Medium
11_MEX,Mexico,2057,149899.648,Medium
11_MEX,Mexico,2058,149933.212,Medium
11_MEX,Mexico,2059,149941.354,Medium
11_MEX,Mexico,2060,149919.873,Medium
11_MEX,Mexico,2061,149866.7,Medium
11_MEX,Mexico,2062,149789.004,Medium
11_MEX,Mexico,2063,149685.067,Medium
11_MEX,Mexico,2064,149553.769,Medium
11_MEX,Mexico,2065,149395.716,Medium
11_MEX,Mexico,2066,149209.363,Medium
11_MEX,Mexico,2067,148998.518,Medium
11_MEX,Mexico,2068,148764.84,Medium
11_MEX,Mexico,2069,148504.936,Medium
11_MEX,Mexico,2070,148219.603,Medium
11_MEX,Mexico,2071,147906.819,Medium
11_MEX,Mexico,2072,147575.31,Medium
11_MEX,Mexico,2073,147216.982,Medium
11_MEX,Mexico,2074,146833.076,Medium
11_MEX,Mexico,2075,146425.97,Medium
11_MEX,Mexico,2076,145997.532,Medium
11_MEX,Mexico,2077,145547.83,Medium
11_MEX,Mexico,2078,145076.008,Medium
11_MEX,Mexico,2079,144582.033,Medium
11_MEX,Mexico,2080,144066.499,Medium
11_MEX,Mexico,2081,143530.164,Medium
11_MEX,Mexico,2082,142973.451,Medium
11_MEX,Mexico,2083,142405.279,Medium
11_MEX,Mexico,2084,141814.546,Medium
11_MEX,Mexico,2085,141206.671,Medium
11_MEX,Mexico,2086,140578.213,Medium
11_MEX,Mexico,2087,139937.043,Medium
11_MEX,Mexico,2088,139284.252,Medium
11_MEX,Mexico,2089,138621.003,Medium
11_MEX,Mexico,2090,137942.217,Medium
11_MEX,Mexico,2091,137251.932,Medium
11_MEX,Mexico,2092,136548.573,Medium
11_MEX,Mexico,2093,135839.17,Medium
11_MEX,Mexico,2094,135114.098,Medium
11_MEX,Mexico,2095,134379.347,Medium
11_MEX,Mexico,2096,133637.502,Medium
11_MEX,Mexico,2097,132891.448,Medium
11_MEX,Mexico,2098,132139.994,Medium
11_MEX,Mexico,2099,131386.105,Medium
11_MEX,Mexico,2100,130628.673,Medium
12_NZ,New Zealand,1990,3345.088,Medium
12_NZ,New Zealand,1991,3448.869,Medium
12_NZ,New Zealand,1992,3512.982,Medium
12_NZ,New Zealand,1993,3551.507,Medium
12_NZ,New Zealand,1994,3595.712,Medium
12_NZ,New Zealand,1995,3646.349,Medium
12_NZ,New Zealand,1996,3702.508,Medium
12_NZ,New Zealand,1997,3756.249,Medium
12_NZ,New Zealand,1998,3797.651,Medium
12_NZ,New Zealand,1999,3825.091,Medium
12_NZ,New Zealand,2000,3846.018,Medium
12_NZ,New Zealand,2001,3869.13,Medium
12_NZ,New Zealand,2002,3914.395,Medium
12_NZ,New Zealand,2003,3987.842,Medium
12_NZ,New Zealand,2004,4057.331,Medium
12_NZ,New Zealand,2005,4110.49,Medium
12_NZ,New Zealand,2006,4159.523,Medium
12_NZ,New Zealand,2007,4204.357,Medium
12_NZ,New Zealand,2008,4242.174,Medium
12_NZ,New Zealand,2009,4281.474,Medium
12_NZ,New Zealand,2010,4327.134,Medium
12_NZ,New Zealand,2011,4368.407,Medium
12_NZ,New Zealand,2012,4396.994,Medium
12_NZ,New Zealand,2013,4426.359,Medium
12_NZ,New Zealand,2014,4481.343,Medium
12_NZ,New Zealand,2015,4564.623,Medium
12_NZ,New Zealand,2016,4663.435,Medium
12_NZ,New Zealand,2017,4766.105,Medium
12_NZ,New Zealand,2018,4859.398,Medium
12_NZ,New Zealand,2019,4942.296,Medium
12_NZ,New Zealand,2020,5036.509,Medium
12_NZ,New Zealand,2021,5103.281,Medium
12_NZ,New Zealand,2022,5112.112,Medium
12_NZ,New Zealand,2023,5151.357,Medium
12_NZ,New Zealand,2024,5194.315,Medium
12_NZ,New Zealand,2025,5233.573,Medium
12_NZ,New Zealand,2026,5270.225,Medium
12_NZ,New Zealand,2027,5304.733,Medium
12_NZ,New Zealand,2028,5337.008,Medium
12_NZ,New Zealand,2029,5366.65,Medium
12_NZ,New Zealand,2030,5394.543,Medium
12_NZ,New Zealand,2031,5420.155,Medium
12_NZ,New Zealand,2032,5444.81,Medium
12_NZ,New Zealand,2033,5467.423,Medium
12_NZ,New Zealand,2034,5489.829,Medium
12_NZ,New Zealand,2035,5510.302,Medium
12_NZ,New Zealand,2036,5530.903,Medium
12_NZ,New Zealand,2037,5550.675,Medium
12_NZ,New Zealand,2038,5570.034,Medium
12_NZ,New Zealand,2039,5589.74,Medium
12_NZ,New Zealand,2040,5608.263,Medium
12_NZ,New Zealand,2041,5626.318,Medium
12_NZ,New Zealand,2042,5645.254,Medium
12_NZ,New Zealand,2043,5662.987,Medium
12_NZ,New Zealand,2044,5679.004,Medium
12_NZ,New Zealand,2045,5693.643,Medium
12_NZ,New Zealand,2046,5707.47,Medium
12_NZ,New Zealand,2047,5719.43,Medium
12_NZ,New Zealand,2048,5730.377,Medium
12_NZ,New Zealand,2049,5741.17,Medium
12_NZ,New Zealand,2050,5749.747,Medium
12_NZ,New Zealand,2051,5760.828,Medium
12_NZ,New Zealand,2052,5772.603,Medium
12_NZ,New Zealand,2053,5781.163,Medium
12_NZ,New Zealand,2054,5790.908,Medium
12_NZ,New Zealand,2055,5800.296,Medium
12_NZ,New Zealand,2056,5809.074,Medium
12_NZ,New Zealand,2057,5815.495,Medium
12_NZ,New Zealand,2058,5821.382,Medium
12_NZ,New Zealand,2059,5826.893,Medium
12_NZ,New Zealand,2060,5831.479,Medium
12_NZ,New Zealand,2061,5834.924,Medium
12_NZ,New Zealand,2062,5836.139,Medium
12_NZ,New Zealand,2063,5840.14,Medium
12_NZ,New Zealand,2064,5842.046,Medium
12_NZ,New Zealand,2065,5845.511,Medium
12_NZ,New Zealand,2066,5849.599,Medium
12_NZ,New Zealand,2067,5853.429,Medium
12_NZ,New Zealand,2068,5855.865,Medium
12_NZ,New Zealand,2069,5857.47,Medium
12_NZ,New Zealand,2070,5858.707,Medium
12_NZ,New Zealand,2071,5859.377,Medium
12_NZ,New Zealand,2072,5859.431,Medium
12_NZ,New Zealand,2073,5863.32,Medium
12_NZ,New Zealand,2074,5864.624,Medium
12_NZ,New Zealand,2075,5865.755,Medium
12_NZ,New Zealand,2076,5866.149,Medium
12_NZ,New Zealand,2077,5866.56,Medium
12_NZ,New Zealand,2078,5867.664,Medium
12_NZ,New Zealand,2079,5867.077,Medium
12_NZ,New Zealand,2080,5865.85,Medium
12_NZ,New Zealand,2081,5863.325,Medium
12_NZ,New Zealand,2082,5861.784,Medium
12_NZ,New Zealand,2083,5858.513,Medium
12_NZ,New Zealand,2084,5854.094,Medium
12_NZ,New Zealand,2085,5850.322,Medium
12_NZ,New Zealand,2086,5846.854,Medium
12_NZ,New Zealand,2087,5843.751,Medium
12_NZ,New Zealand,2088,5840.852,Medium
12_NZ,New Zealand,2089,5840.101,Medium
12_NZ,New Zealand,2090,5837.037,Medium
12_NZ,New Zealand,2091,5835.969,Medium
12_NZ,New Zealand,2092,5834.417,Medium
12_NZ,New Zealand,2093,5834.141,Medium
12_NZ,New Zealand,2094,5831.566,Medium
12_NZ,New Zealand,2095,5830.254,Medium
12_NZ,New Zealand,2096,5828.348,Medium
12_NZ,New Zealand,2097,5825.751,Medium
12_NZ,New Zealand,2098,5822.748,Medium
12_NZ,New Zealand,2099,5818.745,Medium
12_NZ,New Zealand,2100,5814.526,Medium
13_PNG,Papua New Guinea,1990,3840.265,Medium
13_PNG,Papua New Guinea,1991,3952.696,Medium
13_PNG,Papua New Guinea,1992,4090.978,Medium
13_PNG,Papua New Guinea,1993,4242.421,Medium
13_PNG,Papua New Guinea,1994,4399.322,Medium
13_PNG,Papua New Guinea,1995,4561.095,Medium
13_PNG,Papua New Guinea,1996,4727.461,Medium
13_PNG,Papua New Guinea,1997,4899.262,Medium
13_PNG,Papua New Guinea,1998,5076.505,Medium
13_PNG,Papua New Guinea,1999,5256.274,Medium
13_PNG,Papua New Guinea,2000,5442.391,Medium
13_PNG,Papua New Guinea,2001,5631.736,Medium
13_PNG,Papua New Guinea,2002,5825.135,Medium
13_PNG,Papua New Guinea,2003,6022.872,Medium
13_PNG,Papua New Guinea,2004,6225.122,Medium
13_PNG,Papua New Guinea,2005,6430.96,Medium
13_PNG,Papua New Guinea,2006,6640.85,Medium
13_PNG,Papua New Guinea,2007,6854.59,Medium
13_PNG,Papua New Guinea,2008,7072.099,Medium
13_PNG,Papua New Guinea,2009,7293.904,Medium
13_PNG,Papua New Guinea,2010,7518.972,Medium
13_PNG,Papua New Guinea,2011,7748.074,Medium
13_PNG,Papua New Guinea,2012,7970.618,Medium
13_PNG,Papua New Guinea,2013,8192.162,Medium
13_PNG,Papua New Guinea,2014,8413.233,Medium
13_PNG,Papua New Guinea,2015,8633.649,Medium
13_PNG,Papua New Guinea,2016,8852.843,Medium
13_PNG,Papua New Guinea,2017,9070.592,Medium
13_PNG,Papua New Guinea,2018,9286.836,Medium
13_PNG,Papua New Guinea,2019,9502.191,Medium
13_PNG,Papua New Guinea,2020,9715.829,Medium
13_PNG,Papua New Guinea,2021,9915.662,Medium
13_PNG,Papua New Guinea,2022,10110.13,Medium
13_PNG,Papua New Guinea,2023,10296.209,Medium
13_PNG,Papua New Guinea,2024,10483.061,Medium
13_PNG,Papua New Guinea,2025,10669.942,Medium
13_PNG,Papua New Guinea,2026,10855.692,Medium
13_PNG,Papua New Guinea,2027,11040.004,Medium
13_PNG,Papua New Guinea,2028,11222.541,Medium
13_PNG,Papua New Guinea,2029,11403.247,Medium
13_PNG,Papua New Guinea,2030,11582.36,Medium
13_PNG,Papua New Guinea,2031,11760.489,Medium
13_PNG,Papua New Guinea,2032,11935.954,Medium
13_PNG,Papua New Guinea,2033,12110.301,Medium
13_PNG,Papua New Guinea,2034,12282.992,Medium
13_PNG,Papua New Guinea,2035,12455.521,Medium
13_PNG,Papua New Guinea,2036,12625.684,Medium
13_PNG,Papua New Guinea,2037,12795.681,Medium
13_PNG,Papua New Guinea,2038,12963.799,Medium
13_PNG,Papua New Guinea,2039,13130.448,Medium
13_PNG,Papua New Guinea,2040,13294.892,Medium
13_PNG,Papua New Guinea,2041,13457.429,Medium
13_PNG,Papua New Guinea,2042,13617.312,Medium
13_PNG,Papua New Guinea,2043,13774.982,Medium
13_PNG,Papua New Guinea,2044,13931.855,Medium
13_PNG,Papua New Guinea,2045,14088.012,Medium
13_PNG,Papua New Guinea,2046,14243.164,Medium
13_PNG,Papua New Guinea,2047,14394.62,Medium
13_PNG,Papua New Guinea,2048,14543.823,Medium
13_PNG,Papua New Guinea,2049,14690.918,Medium
13_PNG,Papua New Guinea,2050,14836.287,Medium
13_PNG,Papua New Guinea,2051,14976.893,Medium
13_PNG,Papua New Guinea,2052,15115.979,Medium
13_PNG,Papua New Guinea,2053,15253.284,Medium
13_PNG,Papua New Guinea,2054,15386.0,Medium
13_PNG,Papua New Guinea,2055,15518.22,Medium
13_PNG,Papua New Guinea,2056,15645.067,Medium
13_PNG,Papua New Guinea,2057,15769.091,Medium
13_PNG,Papua New Guinea,2058,15891.039,Medium
13_PNG,Papua New Guinea,2059,16009.91,Medium
13_PNG,Papua New Guinea,2060,16126.789,Medium
13_PNG,Papua New Guinea,2061,16242.131,Medium
13_PNG,Papua New Guinea,2062,16351.543,Medium
13_PNG,Papua New Guinea,2063,16457.601,Medium
13_PNG,Papua New Guinea,2064,16561.052,Medium
13_PNG,Papua New Guinea,2065,16664.408,Medium
13_PNG,Papua New Guinea,2066,16765.992,Medium
13_PNG,Papua New Guinea,2067,16864.766,Medium
13_PNG,Papua New Guinea,2068,16960.972,Medium
13_PNG,Papua New Guinea,2069,17053.497,Medium
13_PNG,Papua New Guinea,2070,17142.307,Medium
13_PNG,Papua New Guinea,2071,17228.036,Medium
13_PNG,Papua New Guinea,2072,17312.336,Medium
13_PNG,Papua New Guinea,2073,17393.095,Medium
13_PNG,Papua New Guinea,2074,17469.331,Medium
13_PNG,Papua New Guinea,2075,17543.058,Medium
13_PNG,Papua New Guinea,2076,17614.782,Medium
13_PNG,Papua New Guinea,2077,17683.162,Medium
13_PNG,Papua New Guinea,2078,17750.451,Medium
13_PNG,Papua New Guinea,2079,17816.967,Medium
13_PNG,Papua New Guinea,2080,17879.638,Medium
13_PNG,Papua New Guinea,2081,17944.338,Medium
13_PNG,Papua New Guinea,2082,18002.71,Medium
13_PNG,Papua New Guinea,2083,18057.751,Medium
13_PNG,Papua New Guinea,2084,18112.944,Medium
13_PNG,Papua New Guinea,2085,18163.739,Medium
13_PNG,Papua New Guinea,2086,18213.695,Medium
13_PNG,Papua New Guinea,2087,18261.603,Medium
13_PNG,Papua New Guinea,2088,18305.66,Medium
13_PNG,Papua New Guinea,2089,18346.928,Medium
13_PNG,Papua New Guinea,2090,18385.621,Medium
13_PNG,Papua New Guinea,2091,18425.763,Medium
13_PNG,Papua New Guinea,2092,18461.218,Medium
13_PNG,Papua New Guinea,2093,18493.392,Medium
13_PNG,Papua New Guinea,2094,18522.16,Medium
13_PNG,Papua New Guinea,2095,18548.884,Medium
13_PNG,Papua New Guinea,2096,18572.164,Medium
13_PNG,Papua New Guinea,2097,18593.167,Medium
13_PNG,Papua New Guinea,2098,18610.381,Medium
13_PNG,Papua New Guinea,2099,18624.035,Medium
13_PNG,Papua New Guinea,2100,18636.026,Medium
14_PE,Peru,1990,21771.879,Medium
14_PE,Peru,1991,22257.664,Medium
14_PE,Peru,1992,22709.886,Medium
14_PE,Peru,1993,23182.795,Medium
14_PE,Peru,1994,23644.771,Medium
14_PE,Peru,1995,24118.215,Medium
14_PE,Peru,1996,24579.623,Medium
14_PE,Peru,1997,25042.719,Medium
14_PE,Peru,1998,25505.576,Medium
14_PE,Peru,1999,25970.615,Medium
14_PE,Peru,2000,26402.394,Medium
14_PE,Peru,2001,26794.268,Medium
14_PE,Peru,2002,27134.933,Medium
14_PE,Peru,2003,27441.502,Medium
14_PE,Peru,2004,27719.479,Medium
14_PE,Peru,2005,27984.901,Medium
14_PE,Peru,2006,28217.46,Medium
14_PE,Peru,2007,28431.522,Medium
14_PE,Peru,2008,28629.876,Medium
14_PE,Peru,2009,28808.206,Medium
14_PE,Peru,2010,28985.416,Medium
14_PE,Peru,2011,29186.623,Medium
14_PE,Peru,2012,29421.548,Medium
14_PE,Peru,2013,29679.184,Medium
14_PE,Peru,2014,29956.654,Medium
14_PE,Peru,2015,30274.998,Medium
14_PE,Peru,2016,30640.202,Medium
14_PE,Peru,2017,31092.785,Medium
14_PE,Peru,2018,31556.488,Medium
14_PE,Peru,2019,32238.679,Medium
14_PE,Peru,2020,32659.927,Medium
14_PE,Peru,2021,33017.232,Medium
14_PE,Peru,2022,33294.532,Medium
14_PE,Peru,2023,33656.344,Medium
14_PE,Peru,2024,34034.89,Medium
14_PE,Peru,2025,34400.805,Medium
14_PE,Peru,2026,34752.525,Medium
14_PE,Peru,2027,35091.771,Medium
14_PE,Peru,2028,35419.598,Medium
14_PE,Peru,2029,35736.978,Medium
14_PE,Peru,2030,36044.439,Medium
14_PE,Peru,2031,36343.321,Medium
14_PE,Peru,2032,36633.561,Medium
14_PE,Peru,2033,36916.329,Medium
14_PE,Peru,2034,37192.423,Medium
14_PE,Peru,2035,37461.189,Medium
14_PE,Peru,2036,37721.662,Medium
14_PE,Peru,2037,37974.653,Medium
14_PE,Peru,2038,38219.142,Medium
14_PE,Peru,2039,38455.522,Medium
14_PE,Peru,2040,38684.26,Medium
14_PE,Peru,2041,38905.037,Medium
14_PE,Peru,2042,39118.049,Medium
14_PE,Peru,2043,39322.71,Medium
14_PE,Peru,2044,39518.591,Medium
14_PE,Peru,2045,39707.109,Medium
14_PE,Peru,2046,39886.338,Medium
14_PE,Peru,2047,40057.1,Medium
14_PE,Peru,2048,40218.657,Medium
14_PE,Peru,2049,40371.054,Medium
14_PE,Peru,2050,40515.509,Medium
14_PE,Peru,2051,40652.243,Medium
14_PE,Peru,2052,40780.479,Medium
14_PE,Peru,2053,40900.612,Medium
14_PE,Peru,2054,41013.402,Medium
14_PE,Peru,2055,41117.418,Medium
14_PE,Peru,2056,41213.229,Medium
14_PE,Peru,2057,41300.002,Medium
14_PE,Peru,2058,41378.649,Medium
14_PE,Peru,2059,41448.035,Medium
14_PE,Peru,2060,41509.028,Medium
14_PE,Peru,2061,41561.944,Medium
14_PE,Peru,2062,41606.437,Medium
14_PE,Peru,2063,41642.159,Medium
14_PE,Peru,2064,41669.672,Medium
14_PE,Peru,2065,41688.239,Medium
14_PE,Peru,2066,41698.944,Medium
14_PE,Peru,2067,41701.547,Medium
14_PE,Peru,2068,41696.094,Medium
14_PE,Peru,2069,41682.298,Medium
14_PE,Peru,2070,41660.05,Medium
14_PE,Peru,2071,41629.72,Medium
14_PE,Peru,2072,41592.091,Medium
14_PE,Peru,2073,41546.886,Medium
14_PE,Peru,2074,41494.369,Medium
14_PE,Peru,2075,41433.994,Medium
14_PE,Peru,2076,41366.694,Medium
14_PE,Peru,2077,41292.421,Medium
14_PE,Peru,2078,41211.761,Medium
14_PE,Peru,2079,41124.613,Medium
14_PE,Peru,2080,41031.451,Medium
14_PE,Peru,2081,40931.498,Medium
14_PE,Peru,2082,40826.095,Medium
14_PE,Peru,2083,40714.964,Medium
14_PE,Peru,2084,40599.459,Medium
14_PE,Peru,2085,40478.34,Medium
14_PE,Peru,2086,40352.501,Medium
14_PE,Peru,2087,40222.425,Medium
14_PE,Peru,2088,40087.808,Medium
14_PE,Peru,2089,39949.476,Medium
14_PE,Peru,2090,39808.664,Medium
14_PE,Peru,2091,39664.269,Medium
14_PE,Peru,2092,39516.882,Medium
14_PE,Peru,2093,39366.675,Medium
14_PE,Peru,2094,39212.688,Medium
14_PE,Peru,2095,39057.827,Medium
14_PE,Peru,2096,38899.74,Medium
14_PE,Peru,2097,38739.47,Medium
14_PE,Peru,2098,38577.056,Medium
14_PE,Peru,2099,38413.115,Medium
14_PE,Peru,2100,38246.909,Medium
15_PHL,Philippines,1990,62011.501,Medium
15_PHL,Philippines,1991,63697.832,Medium
15_PHL,Philippines,1992,65066.665,Medium
15_PHL,Philippines,1993,66785.586,Medium
15_PHL,Philippines,1994,68275.657,Medium
15_PHL,Philippines,1995,69762.925,Medium
15_PHL,Philippines,1996,71329.566,Medium
15_PHL,Philippines,1997,73050.919,Medium
15_PHL,Philippines,1998,74766.701,Medium
15_PHL,Philippines,1999,76815.347,Medium
15_PHL,Philippines,2000,78691.166,Medium
15_PHL,Philippines,2001,80559.628,Medium
15_PHL,Philippines,2002,82243.348,Medium
15_PHL,Philippines,2003,83894.429,Medium
15_PHL,Philippines,2004,85569.241,Medium
15_PHL,Philippines,2005,87219.768,Medium
15_PHL,Philippines,2006,88812.155,Medium
15_PHL,Philippines,2007,90205.817,Medium
15_PHL,Philippines,2008,91944.551,Medium
15_PHL,Philippines,2009,93453.638,Medium
15_PHL,Philippines,2010,95314.862,Medium
15_PHL,Philippines,2011,97359.388,Medium
15_PHL,Philippines,2012,99137.841,Medium
15_PHL,Philippines,2013,101213.184,Medium
15_PHL,Philippines,2014,102939.488,Medium
15_PHL,Philippines,2015,104594.772,Medium
15_PHL,Philippines,2016,106031.211,Medium
15_PHL,Philippines,2017,107440.227,Medium
15_PHL,Philippines,2018,108799.16,Medium
15_PHL,Philippines,2019,110131.413,Medium
15_PHL,Philippines,2020,111477.954,Medium
15_PHL,Philippines,2021,112684.574,Medium
15_PHL,Philippines,2022,113517.326,Medium
15_PHL,Philippines,2023,114411.351,Medium
15_PHL,Philippines,2024,115371.047,Medium
15_PHL,Philippines,2025,116316.292,Medium
15_PHL,Philippines,2026,117257.633,Medium
15_PHL,Philippines,2027,118191.31,Medium
15_PHL,Philippines,2028,119121.517,Medium
15_PHL,Philippines,2029,120046.446,Medium
15_PHL,Philippines,2030,120957.813,Medium
15_PHL,Philippines,2031,121859.977,Medium
15_PHL,Philippines,2032,122743.217,Medium
15_PHL,Philippines,2033,123617.444,Medium
15_PHL,Philippines,2034,124480.613,Medium
15_PHL,Philippines,2035,125327.615,Medium
15_PHL,Philippines,2036,126154.328,Medium
15_PHL,Philippines,2037,126962.124,Medium
15_PHL,Philippines,2038,127743.069,Medium
15_PHL,Philippines,2039,128493.985,Medium
15_PHL,Philippines,2040,129206.096,Medium
15_PHL,Philippines,2041,129887.223,Medium
15_PHL,Philippines,2042,130532.38,Medium
15_PHL,Philippines,2043,131141.613,Medium
15_PHL,Philippines,2044,131713.173,Medium
15_PHL,Philippines,2045,132246.154,Medium
15_PHL,Philippines,2046,132737.909,Medium
15_PHL,Philippines,2047,133186.092,Medium
15_PHL,Philippines,2048,133584.481,Medium
15_PHL,Philippines,2049,133934.38,Medium
15_PHL,Philippines,2050,134243.619,Medium
15_PHL,Philippines,2051,134503.259,Medium
15_PHL,Philippines,2052,134721.963,Medium
15_PHL,Philippines,2053,134888.149,Medium
15_PHL,Philippines,2054,135017.688,Medium
15_PHL,Philippines,2055,135111.758,Medium
15_PHL,Philippines,2056,135166.503,Medium
15_PHL,Philippines,2057,135182.289,Medium
15_PHL,Philippines,2058,135176.407,Medium
15_PHL,Philippines,2059,135144.45,Medium
15_PHL,Philippines,2060,135077.733,Medium
15_PHL,Philippines,2061,134986.784,Medium
15_PHL,Philippines,2062,134872.545,Medium
15_PHL,Philippines,2063,134733.661,Medium
15_PHL,Philippines,2064,134577.13,Medium
15_PHL,Philippines,2065,134399.228,Medium
15_PHL,Philippines,2066,134195.107,Medium
15_PHL,Philippines,2067,133979.749,Medium
15_PHL,Philippines,2068,133735.808,Medium
15_PHL,Philippines,2069,133473.865,Medium
15_PHL,Philippines,2070,133187.801,Medium
15_PHL,Philippines,2071,132875.585,Medium
15_PHL,Philippines,2072,132541.872,Medium
15_PHL,Philippines,2073,132177.702,Medium
15_PHL,Philippines,2074,131788.59,Medium
15_PHL,Philippines,2075,131368.202,Medium
15_PHL,Philippines,2076,130925.904,Medium
15_PHL,Philippines,2077,130453.889,Medium
15_PHL,Philippines,2078,129944.348,Medium
15_PHL,Philippines,2079,129414.119,Medium
15_PHL,Philippines,2080,128863.335,Medium
15_PHL,Philippines,2081,128280.8,Medium
15_PHL,Philippines,2082,127679.541,Medium
15_PHL,Philippines,2083,127052.531,Medium
15_PHL,Philippines,2084,126407.399,Medium
15_PHL,Philippines,2085,125737.983,Medium
15_PHL,Philippines,2086,125046.218,Medium
15_PHL,Philippines,2087,124340.012,Medium
15_PHL,Philippines,2088,123622.113,Medium
15_PHL,Philippines,2089,122894.558,Medium
15_PHL,Philippines,2090,122157.892,Medium
15_PHL,Philippines,2091,121413.621,Medium
15_PHL,Philippines,2092,120659.219,Medium
15_PHL,Philippines,2093,119902.939,Medium
15_PHL,Philippines,2094,119144.703,Medium
15_PHL,Philippines,2095,118387.691,Medium
15_PHL,Philippines,2096,117624.456,Medium
15_PHL,Philippines,2097,116861.009,Medium
15_PHL,Philippines,2098,116104.017,Medium
15_PHL,Philippines,2099,115349.551,Medium
15_PHL,Philippines,2100,114596.066,Medium
16_RUS,Russia,1990,148642.381,Medium
16_RUS,Russia,1991,149316.7,Medium
16_RUS,Russia,1992,149580.166,Medium
16_RUS,Russia,1993,148251.816,Medium
16_RUS,Russia,1994,148019.032,Medium
16_RUS,Russia,1995,148382.441,Medium
16_RUS,Russia,1996,148200.365,Medium
16_RUS,Russia,1997,147968.8,Medium
16_RUS,Russia,1998,147738.741,Medium
16_RUS,Russia,1999,147532.321,Medium
16_RUS,Russia,2000,146951.628,Medium
16_RUS,Russia,2001,146483.937,Medium
16_RUS,Russia,2002,145750.631,Medium
16_RUS,Russia,2003,146128.369,Medium
16_RUS,Russia,2004,145460.09,Medium
16_RUS,Russia,2005,144900.103,Medium
16_RUS,Russia,2006,144295.666,Medium
16_RUS,Russia,2007,143910.23,Medium
16_RUS,Russia,2008,143809.297,Medium
16_RUS,Russia,2009,143814.384,Medium
16_RUS,Russia,2010,143923.88,Medium
16_RUS,Russia,2011,143945.051,Medium
16_RUS,Russia,2012,144142.446,Medium
16_RUS,Russia,2013,144439.612,Medium
16_RUS,Russia,2014,144768.583,Medium
16_RUS,Russia,2015,145082.693,Medium
16_RUS,Russia,2016,145532.538,Medium
16_RUS,Russia,2017,146024.816,Medium
16_RUS,Russia,2018,146348.782,Medium
16_RUS,Russia,2019,146511.509,Medium
16_RUS,Russia,2020,146554.625,Medium
16_RUS,Russia,2021,146187.972,Medium
16_RUS,Russia,2022,145484.378,Medium
16_RUS,Russia,2023,145675.42,Medium
16_RUS,Russia,2024,145205.581,Medium
16_RUS,Russia,2025,144435.265,Medium
16_RUS,Russia,2026,143559.521,Medium
16_RUS,Russia,2027,143229.395,Medium
16_RUS,Russia,2028,142858.854,Medium
16_RUS,Russia,2029,142480.73,Medium
16_RUS,Russia,2030,142089.382,Medium
16_RUS,Russia,2031,141689.437,Medium
16_RUS,Russia,2032,141261.464,Medium
16_RUS,Russia,2033,140859.287,Medium
16_RUS,Russia,2034,140469.898,Medium
16_RUS,Russia,2035,140091.664,Medium
16_RUS,Russia,2036,139727.619,Medium
16_RUS,Russia,2037,139375.42,Medium
16_RUS,Russia,2038,139034.326,Medium
16_RUS,Russia,2039,138719.274,Medium
16_RUS,Russia,2040,138415.363,Medium
16_RUS,Russia,2041,138148.299,Medium
16_RUS,Russia,2042,137895.225,Medium
16_RUS,Russia,2043,137670.254,Medium
16_RUS,Russia,2044,137445.556,Medium
16_RUS,Russia,2045,137244.454,Medium
16_RUS,Russia,2046,137059.959,Medium
16_RUS,Russia,2047,136887.457,Medium
16_RUS,Russia,2048,136691.348,Medium
16_RUS,Russia,2049,136480.604,Medium
16_RUS,Russia,2050,136256.184,Medium
16_RUS,Russia,2051,136009.366,Medium
16_RUS,Russia,2052,135743.012,Medium
16_RUS,Russia,2053,135473.935,Medium
16_RUS,Russia,2054,135151.042,Medium
16_RUS,Russia,2055,134823.641,Medium
16_RUS,Russia,2056,134473.677,Medium
16_RUS,Russia,2057,134129.15,Medium
16_RUS,Russia,2058,133787.487,Medium
16_RUS,Russia,2059,133420.512,Medium
16_RUS,Russia,2060,133058.697,Medium
16_RUS,Russia,2061,132728.241,Medium
16_RUS,Russia,2062,132375.686,Medium
16_RUS,Russia,2063,132042.291,Medium
16_RUS,Russia,2064,131693.254,Medium
16_RUS,Russia,2065,131354.269,Medium
16_RUS,Russia,2066,131020.402,Medium
16_RUS,Russia,2067,130708.309,Medium
16_RUS,Russia,2068,130421.764,Medium
16_RUS,Russia,2069,130140.496,Medium
16_RUS,Russia,2070,129848.908,Medium
16_RUS,Russia,2071,129572.75,Medium
16_RUS,Russia,2072,129291.142,Medium
16_RUS,Russia,2073,129062.736,Medium
16_RUS,Russia,2074,128845.523,Medium
16_RUS,Russia,2075,128646.391,Medium
16_RUS,Russia,2076,128461.727,Medium
16_RUS,Russia,2077,128308.149,Medium
16_RUS,Russia,2078,128149.963,Medium
16_RUS,Russia,2079,128008.43,Medium
16_RUS,Russia,2080,127886.854,Medium
16_RUS,Russia,2081,127788.984,Medium
16_RUS,Russia,2082,127704.616,Medium
16_RUS,Russia,2083,127620.32,Medium
16_RUS,Russia,2084,127544.819,Medium
16_RUS,Russia,2085,127469.45,Medium
16_RUS,Russia,2086,127392.688,Medium
16_RUS,Russia,2087,127323.978,Medium
16_RUS,Russia,2088,127275.427,Medium
16_RUS,Russia,2089,127224.746,Medium
16_RUS,Russia,2090,127172.007,Medium
16_RUS,Russia,2091,127116.212,Medium
16_RUS,Russia,2092,127067.167,Medium
16_RUS,Russia,2093,126991.668,Medium
16_RUS,Russia,2094,126935.766,Medium
16_RUS,Russia,2095,126882.789,Medium
16_RUS,Russia,2096,126814.17,Medium
16_RUS,Russia,2097,126723.362,Medium
16_RUS,Russia,2098,126644.367,Medium
16_RUS,Russia,2099,126543.015,Medium
16_RUS,Russia,2100,126439.051,Medium
17_SGP,Singapore,1990,2988.681,Medium
17_SGP,Singapore,1991,3090.501,Medium
17_SGP,Singapore,1992,3182.081,Medium
17_SGP,Singapore,1993,3270.848,Medium
17_SGP,Singapore,1994,3364.936,Medium
17_SGP,Singapore,1995,3470.698,Medium
17_SGP,Singapore,1996,3596.551,Medium
17_SGP,Singapore,1997,3732.569,Medium
17_SGP,Singapore,1998,3860.676,Medium
17_SGP,Singapore,1999,3942.159,Medium
17_SGP,Singapore,2000,3990.955,Medium
17_SGP,Singapore,2001,4079.535,Medium
17_SGP,Singapore,2002,4152.797,Medium
17_SGP,Singapore,2003,4140.988,Medium
17_SGP,Singapore,2004,4135.502,Medium
17_SGP,Singapore,2005,4210.033,Medium
17_SGP,Singapore,2006,4326.694,Medium
17_SGP,Singapore,2007,4487.422,Medium
17_SGP,Singapore,2008,4705.608,Medium
17_SGP,Singapore,2009,4907.874,Medium
17_SGP,Singapore,2010,5029.261,Medium
17_SGP,Singapore,2011,5124.767,Medium
17_SGP,Singapore,2012,5239.711,Medium
17_SGP,Singapore,2013,5346.968,Medium
17_SGP,Singapore,2014,5424.209,Medium
17_SGP,Singapore,2015,5491.591,Medium
17_SGP,Singapore,2016,5559.088,Medium
17_SGP,Singapore,2017,5596.771,Medium
17_SGP,Singapore,2018,5611.386,Medium
17_SGP,Singapore,2019,5657.353,Medium
17_SGP,Singapore,2020,5681.772,Medium
17_SGP,Singapore,2021,5558.529,Medium
17_SGP,Singapore,2022,5534.051,Medium
17_SGP,Singapore,2023,5765.718,Medium
17_SGP,Singapore,2024,5812.461,Medium
17_SGP,Singapore,2025,5852.313,Medium
17_SGP,Singapore,2026,5889.187,Medium
17_SGP,Singapore,2027,5922.308,Medium
17_SGP,Singapore,2028,5956.784,Medium
17_SGP,Singapore,2029,5989.912,Medium
17_SGP,Singapore,2030,6018.264,Medium
17_SGP,Singapore,2031,6044.491,Medium
17_SGP,Singapore,2032,6072.318,Medium
17_SGP,Singapore,2033,6098.129,Medium
17_SGP,Singapore,2034,6124.177,Medium
17_SGP,Singapore,2035,6145.385,Medium
17_SGP,Singapore,2036,6161.08,Medium
17_SGP,Singapore,2037,6172.62,Medium
17_SGP,Singapore,2038,6183.805,Medium
17_SGP,Singapore,2039,6192.304,Medium
17_SGP,Singapore,2040,6195.539,Medium
17_SGP,Singapore,2041,6194.024,Medium
17_SGP,Singapore,2042,6188.634,Medium
17_SGP,Singapore,2043,6182.134,Medium
17_SGP,Singapore,2044,6174.429,Medium
17_SGP,Singapore,2045,6161.921,Medium
17_SGP,Singapore,2046,6150.454,Medium
17_SGP,Singapore,2047,6136.765,Medium
17_SGP,Singapore,2048,6119.563,Medium
17_SGP,Singapore,2049,6106.852,Medium
17_SGP,Singapore,2050,6090.563,Medium
17_SGP,Singapore,2051,6072.82,Medium
17_SGP,Singapore,2052,6056.236,Medium
17_SGP,Singapore,2053,6044.328,Medium
17_SGP,Singapore,2054,6028.74,Medium
17_SGP,Singapore,2055,6008.249,Medium
17_SGP,Singapore,2056,5990.229,Medium
17_SGP,Singapore,2057,5972.718,Medium
17_SGP,Singapore,2058,5955.683,Medium
17_SGP,Singapore,2059,5934.097,Medium
17_SGP,Singapore,2060,5913.977,Medium
17_SGP,Singapore,2061,5889.475,Medium
17_SGP,Singapore,2062,5867.268,Medium
17_SGP,Singapore,2063,5843.629,Medium
17_SGP,Singapore,2064,5822.037,Medium
17_SGP,Singapore,2065,5796.463,Medium
17_SGP,Singapore,2066,5766.213,Medium
17_SGP,Singapore,2067,5734.564,Medium
17_SGP,Singapore,2068,5707.293,Medium
17_SGP,Singapore,2069,5677.52,Medium
17_SGP,Singapore,2070,5646.138,Medium
17_SGP,Singapore,2071,5616.432,Medium
17_SGP,Singapore,2072,5584.074,Medium
17_SGP,Singapore,2073,5549.752,Medium
17_SGP,Singapore,2074,5512.532,Medium
17_SGP,Singapore,2075,5468.734,Medium
17_SGP,Singapore,2076,5423.311,Medium
17_SGP,Singapore,2077,5381.662,Medium
17_SGP,Singapore,2078,5335.785,Medium
17_SGP,Singapore,2079,5287.561,Medium
17_SGP,Singapore,2080,5235.884,Medium
17_SGP,Singapore,2081,5183.492,Medium
17_SGP,Singapore,2082,5129.259,Medium
17_SGP,Singapore,2083,5073.733,Medium
17_SGP,Singapore,2084,5018.63,Medium
17_SGP,Singapore,2085,4963.844,Medium
17_SGP,Singapore,2086,4907.318,Medium
17_SGP,Singapore,2087,4849.442,Medium
17_SGP,Singapore,2088,4792.673,Medium
17_SGP,Singapore,2089,4736.975,Medium
17_SGP,Singapore,2090,4678.935,Medium
17_SGP,Singapore,2091,4623.589,Medium
17_SGP,Singapore,2092,4568.972,Medium
17_SGP,Singapore,2093,4518.313,Medium
17_SGP,Singapore,2094,4467.109,Medium
17_SGP,Singapore,2095,4414.803,Medium
17_SGP,Singapore,2096,4365.459,Medium
17_SGP,Singapore,2097,4316.827,Medium
17_SGP,Singapore,2098,4270.327,Medium
17_SGP,Singapore,2099,4224.55,Medium
17_SGP,Singapore,2100,4182.766,Medium
18_CT,Chinese Taipei,1990,20508.591,Medium
18_CT,Chinese Taipei,1991,20681.221,Medium
18_CT,Chinese Taipei,1992,20882.279,Medium
18_CT,Chinese Taipei,1993,21081.897,Medium
18_CT,Chinese Taipei,1994,21267.467,Medium
18_CT,Chinese Taipei,1995,21446.813,Medium
18_CT,Chinese Taipei,1996,21622.177,Medium
18_CT,Chinese Taipei,1997,21796.376,Medium
18_CT,Chinese Taipei,1998,21974.281,Medium
18_CT,Chinese Taipei,1999,22124.171,Medium
18_CT,Chinese Taipei,2000,22283.391,Medium
18_CT,Chinese Taipei,2001,22382.348,Medium
18_CT,Chinese Taipei,2002,22510.167,Medium
18_CT,Chinese Taipei,2003,22623.636,Medium
18_CT,Chinese Taipei,2004,22704.613,Medium
18_CT,Chinese Taipei,2005,22786.249,Medium
18_CT,Chinese Taipei,2006,22863.614,Medium
18_CT,Chinese Taipei,2007,22965.654,Medium
18_CT,Chinese Taipei,2008,23048.194,Medium
18_CT,Chinese Taipei,2009,23124.284,Medium
18_CT,Chinese Taipei,2010,23204.438,Medium
18_CT,Chinese Taipei,2011,23243.66,Medium
18_CT,Chinese Taipei,2012,23302.493,Medium
18_CT,Chinese Taipei,2013,23389.429,Medium
18_CT,Chinese Taipei,2014,23444.32,Medium
18_CT,Chinese Taipei,2015,23501.311,Medium
18_CT,Chinese Taipei,2016,23557.197,Medium
18_CT,Chinese Taipei,2017,23615.088,Medium
18_CT,Chinese Taipei,2018,23650.808,Medium
18_CT,Chinese Taipei,2019,23667.802,Medium
18_CT,Chinese Taipei,2020,23680.473,Medium
18_CT,Chinese Taipei,2021,23646.445,Medium
18_CT,Chinese Taipei,2022,23470.22,Medium
18_CT,Chinese Taipei,2023,23370.002,Medium
18_CT,Chinese Taipei,2024,23264.288,Medium
18_CT,Chinese Taipei,2025,23163.636,Medium
18_CT,Chinese Taipei,2026,23061.95,Medium
18_CT,Chinese Taipei,2027,22960.635,Medium
18_CT,Chinese Taipei,2028,22856.043,Medium
18_CT,Chinese Taipei,2029,22751.547,Medium
18_CT,Chinese Taipei,2030,22645.122,Medium
18_CT,Chinese Taipei,2031,22534.778,Medium
18_CT,Chinese Taipei,2032,22419.604,Medium
18_CT,Chinese Taipei,2033,22301.478,Medium
18_CT,Chinese Taipei,2034,22179.706,Medium
18_CT,Chinese Taipei,2035,22050.948,Medium
18_CT,Chinese Taipei,2036,21918.496,Medium
18_CT,Chinese Taipei,2037,21781.407,Medium
18_CT,Chinese Taipei,2038,21637.366,Medium
18_CT,Chinese Taipei,2039,21489.819,Medium
18_CT,Chinese Taipei,2040,21336.384,Medium
18_CT,Chinese Taipei,2041,21177.884,Medium
18_CT,Chinese Taipei,2042,21013.581,Medium
18_CT,Chinese Taipei,2043,20843.712,Medium
18_CT,Chinese Taipei,2044,20669.345,Medium
18_CT,Chinese Taipei,2045,20491.723,Medium
18_CT,Chinese Taipei,2046,20306.656,Medium
18_CT,Chinese Taipei,2047,20121.176,Medium
18_CT,Chinese Taipei,2048,19928.891,Medium
18_CT,Chinese Taipei,2049,19735.092,Medium
18_CT,Chinese Taipei,2050,19535.308,Medium
18_CT,Chinese Taipei,2051,19333.891,Medium
18_CT,Chinese Taipei,2052,19131.117,Medium
18_CT,Chinese Taipei,2053,18925.959,Medium
18_CT,Chinese Taipei,2054,18717.43,Medium
18_CT,Chinese Taipei,2055,18505.142,Medium
18_CT,Chinese Taipei,2056,18290.599,Medium
18_CT,Chinese Taipei,2057,18076.85,Medium
18_CT,Chinese Taipei,2058,17858.523,Medium
18_CT,Chinese Taipei,2059,17638.894,Medium
18_CT,Chinese Taipei,2060,17415.5,Medium
18_CT,Chinese Taipei,2061,17189.593,Medium
18_CT,Chinese Taipei,2062,16961.401,Medium
18_CT,Chinese Taipei,2063,16732.816,Medium
18_CT,Chinese Taipei,2064,16505.711,Medium
18_CT,Chinese Taipei,2065,16277.798,Medium
18_CT,Chinese Taipei,2066,16050.967,Medium
18_CT,Chinese Taipei,2067,15825.993,Medium
18_CT,Chinese Taipei,2068,15600.808,Medium
18_CT,Chinese Taipei,2069,15376.592,Medium
18_CT,Chinese Taipei,2070,15156.057,Medium
18_CT,Chinese Taipei,2071,14936.816,Medium
18_CT,Chinese Taipei,2072,14718.082,Medium
18_CT,Chinese Taipei,2073,14500.707,Medium
18_CT,Chinese Taipei,2074,14287.553,Medium
18_CT,Chinese Taipei,2075,14076.658,Medium
18_CT,Chinese Taipei,2076,13869.064,Medium
18_CT,Chinese Taipei,2077,13666.503,Medium
18_CT,Chinese Taipei,2078,13466.971,Medium
18_CT,Chinese Taipei,2079,13270.529,Medium
18_CT,Chinese Taipei,2080,13079.137,Medium
18_CT,Chinese Taipei,2081,12893.281,Medium
18_CT,Chinese Taipei,2082,12711.115,Medium
18_CT,Chinese Taipei,2083,12534.636,Medium
18_CT,Chinese Taipei,2084,12362.08,Medium
18_CT,Chinese Taipei,2085,12192.686,Medium
18_CT,Chinese Taipei,2086,12028.778,Medium
18_CT,Chinese Taipei,2087,11869.892,Medium
18_CT,Chinese Taipei,2088,11714.092,Medium
18_CT,Chinese Taipei,2089,11560.771,Medium
18_CT,Chinese Taipei,2090,11411.482,Medium
18_CT,Chinese Taipei,2091,11264.313,Medium
18_CT,Chinese Taipei,2092,11121.886,Medium
18_CT,Chinese Taipei,2093,10982.718,Medium
18_CT,Chinese Taipei,2094,10846.293,Medium
18_CT,Chinese Taipei,2095,10712.17,Medium
18_CT,Chinese Taipei,2096,10580.683,Medium
18_CT,Chinese Taipei,2097,10451.887,Medium
18_CT,Chinese Taipei,2098,10324.687,Medium
18_CT,Chinese Taipei,2099,10199.795,Medium
18_CT,Chinese Taipei,2100,10077.143,Medium
19_THA,Thailand,1990,54281.477,Medium
19_THA,Thailand,1991,55195.181,Medium
19_THA,Thailand,1992,56079.687,Medium
19_THA,Thailand,1993,56977.982,Medium
19_THA,Thailand,1994,57838.415,Medium
19_THA,Thailand,1995,58683.293,Medium
19_THA,Thailand,1996,59513.172,Medium
19_THA,Thailand,1997,60326.956,Medium
19_THA,Thailand,1998,61122.213,Medium
19_THA,Thailand,1999,61923.048,Medium
19_THA,Thailand,2000,62675.039,Medium
19_THA,Thailand,2001,63340.591,Medium
19_THA,Thailand,2002,63961.692,Medium
19_THA,Thailand,2003,64571.181,Medium
19_THA,Thailand,2004,65165.152,Medium
19_THA,Thailand,2005,65738.942,Medium
19_THA,Thailand,2006,66295.897,Medium
19_THA,Thailand,2007,66839.477,Medium
19_THA,Thailand,2008,67365.312,Medium
19_THA,Thailand,2009,67874.349,Medium
19_THA,Thailand,2010,68367.811,Medium
19_THA,Thailand,2011,68791.084,Medium
19_THA,Thailand,2012,69223.332,Medium
19_THA,Thailand,2013,69648.864,Medium
19_THA,Thailand,2014,70041.365,Medium
19_THA,Thailand,2015,70391.368,Medium
19_THA,Thailand,2016,70690.223,Medium
19_THA,Thailand,2017,71029.46,Medium
19_THA,Thailand,2018,71290.914,Medium
19_THA,Thailand,2019,71461.243,Medium
19_THA,Thailand,2020,71583.299,Medium
19_THA,Thailand,2021,71699.668,Medium
19_THA,Thailand,2022,71754.996,Medium
19_THA,Thailand,2023,71715.662,Medium
19_THA,Thailand,2024,71689.208,Medium
19_THA,Thailand,2025,71646.814,Medium
19_THA,Thailand,2026,71592.912,Medium
19_THA,Thailand,2027,71526.317,Medium
19_THA,Thailand,2028,71449.996,Medium
19_THA,Thailand,2029,71363.992,Medium
19_THA,Thailand,2030,71268.393,Medium
19_THA,Thailand,2031,71161.651,Medium
19_THA,Thailand,2032,71046.391,Medium
19_THA,Thailand,2033,70918.187,Medium
19_THA,Thailand,2034,70777.719,Medium
19_THA,Thailand,2035,70625.588,Medium
19_THA,Thailand,2036,70456.181,Medium
19_THA,Thailand,2037,70276.807,Medium
19_THA,Thailand,2038,70083.266,Medium
19_THA,Thailand,2039,69874.807,Medium
19_THA,Thailand,2040,69653.059,Medium
19_THA,Thailand,2041,69416.945,Medium
19_THA,Thailand,2042,69159.998,Medium
19_THA,Thailand,2043,68890.703,Medium
19_THA,Thailand,2044,68605.463,Medium
19_THA,Thailand,2045,68307.597,Medium
19_THA,Thailand,2046,67992.708,Medium
19_THA,Thailand,2047,67661.914,Medium
19_THA,Thailand,2048,67316.802,Medium
19_THA,Thailand,2049,66956.674,Medium
19_THA,Thailand,2050,66577.96,Medium
19_THA,Thailand,2051,66187.51,Medium
19_THA,Thailand,2052,65782.807,Medium
19_THA,Thailand,2053,65362.71,Medium
19_THA,Thailand,2054,64936.637,Medium
19_THA,Thailand,2055,64497.408,Medium
19_THA,Thailand,2056,64051.614,Medium
19_THA,Thailand,2057,63596.669,Medium
19_THA,Thailand,2058,63137.082,Medium
19_THA,Thailand,2059,62674.735,Medium
19_THA,Thailand,2060,62210.782,Medium
19_THA,Thailand,2061,61743.256,Medium
19_THA,Thailand,2062,61280.12,Medium
19_THA,Thailand,2063,60815.183,Medium
19_THA,Thailand,2064,60354.555,Medium
19_THA,Thailand,2065,59895.792,Medium
19_THA,Thailand,2066,59436.251,Medium
19_THA,Thailand,2067,58985.179,Medium
19_THA,Thailand,2068,58534.267,Medium
19_THA,Thailand,2069,58083.812,Medium
19_THA,Thailand,2070,57638.413,Medium
19_THA,Thailand,2071,57194.03,Medium
19_THA,Thailand,2072,56756.624,Medium
19_THA,Thailand,2073,56321.545,Medium
19_THA,Thailand,2074,55888.938,Medium
19_THA,Thailand,2075,55458.97,Medium
19_THA,Thailand,2076,55035.994,Medium
19_THA,Thailand,2077,54615.657,Medium
19_THA,Thailand,2078,54197.917,Medium
19_THA,Thailand,2079,53782.724,Medium
19_THA,Thailand,2080,53367.809,Medium
19_THA,Thailand,2081,52958.267,Medium
19_THA,Thailand,2082,52553.137,Medium
19_THA,Thailand,2083,52147.208,Medium
19_THA,Thailand,2084,51743.919,Medium
19_THA,Thailand,2085,51341.273,Medium
19_THA,Thailand,2086,50944.458,Medium
19_THA,Thailand,2087,50551.18,Medium
19_THA,Thailand,2088,50161.145,Medium
19_THA,Thailand,2089,49775.353,Medium
19_THA,Thailand,2090,49386.627,Medium
19_THA,Thailand,2091,49002.938,Medium
19_THA,Thailand,2092,48623.526,Medium
19_THA,Thailand,2093,48244.831,Medium
19_THA,Thailand,2094,47871.569,Medium
19_THA,Thailand,2095,47501.912,Medium
19_THA,Thailand,2096,47136.384,Medium
19_THA,Thailand,2097,46775.514,Medium
19_THA,Thailand,2098,46420.651,Medium
19_THA,Thailand,2099,46070.477,Medium
19_THA,Thailand,2100,45725.632,Medium
20_USA,United States of America,1990,251834.166,Medium
20_USA,United States of America,1991,254912.608,Medium
20_USA,United States of America,1992,258030.237,Medium
20_USA,United States of America,1993,261181.802,Medium
20_USA,United States of America,1994,264084.66,Medium
20_USA,United States of America,1995,266864.96,Medium
20_USA,United States of America,1996,269546.629,Medium
20_USA,United States of America,1997,272174.763,Medium
20_USA,United States of America,1998,274761.262,Medium
20_USA,United States of America,1999,277477.403,Medium
20_USA,United States of America,2000,280093.565,Medium
20_USA,United States of America,2001,282874.696,Medium
20_USA,United States of America,2002,285684.581,Medium
20_USA,United States of America,2003,288484.095,Medium
20_USA,United States of America,2004,291332.104,Medium
20_USA,United States of America,2005,294240.403,Medium
20_USA,United States of America,2006,297192.924,Medium
20_USA,United States of America,2007,300267.495,Medium
20_USA,United States of America,2008,303420.956,Medium
20_USA,United States of America,2009,306519.709,Medium
20_USA,United States of America,2010,309527.2,Medium
20_USA,United States of America,2011,312598.38,Medium
20_USA,United States of America,2012,315611.776,Medium
20_USA,United States of America,2013,318618.933,Medium
20_USA,United States of America,2014,321602.585,Medium
20_USA,United States of America,2015,324628.169,Medium
20_USA,United States of America,2016,327624.824,Medium
20_USA,United States of America,2017,330734.029,Medium
20_USA,United States of America,2018,333675.29,Medium
20_USA,United States of America,2019,336437.705,Medium
20_USA,United States of America,2020,339142.428,Medium
20_USA,United States of America,2021,339729.889,Medium
20_USA,United States of America,2022,340592.993,Medium
20_USA,United States of America,2023,342475.098,Medium
20_USA,United States of America,2024,344479.572,Medium
20_USA,United States of America,2025,346373.57,Medium
20_USA,United States of America,2026,348178.045,Medium
20_USA,United States of America,2027,349892.943,Medium
20_USA,United States of America,2028,351563.767,Medium
20_USA,United States of America,2029,353244.404,Medium
20_USA,United States of America,2030,354856.131,Medium
20_USA,United States of America,2031,356443.631,Medium
20_USA,United States of America,2032,358001.8,Medium
20_USA,United States of America,2033,359538.148,Medium
20_USA,United States of America,2034,361049.869,Medium
20_USA,United States of America,2035,362553.753,Medium
20_USA,United States of America,2036,364015.679,Medium
20_USA,United States of America,2037,365447.64,Medium
20_USA,United States of America,2038,366857.1,Medium
20_USA,United States of America,2039,368245.811,Medium
20_USA,United States of America,2040,369567.825,Medium
20_USA,United States of America,2041,370850.807,Medium
20_USA,United States of America,2042,372088.149,Medium
20_USA,United States of America,2043,373321.395,Medium
20_USA,United States of America,2044,374479.96,Medium
20_USA,United States of America,2045,375578.531,Medium
20_USA,United States of America,2046,376634.414,Medium
20_USA,United States of America,2047,377629.041,Medium
20_USA,United States of America,2048,378606.493,Medium
20_USA,United States of America,2049,379520.996,Medium
20_USA,United States of America,2050,380412.816,Medium
20_USA,United States of America,2051,381281.003,Medium
20_USA,United States of America,2052,382135.79,Medium
20_USA,United States of America,2053,382951.717,Medium
20_USA,United States of America,2054,383766.947,Medium
20_USA,United States of America,2055,384524.893,Medium
20_USA,United States of America,2056,385263.702,Medium
20_USA,United States of America,2057,386020.98,Medium
20_USA,United States of America,2058,386829.472,Medium
20_USA,United States of America,2059,387677.939,Medium
20_USA,United States of America,2060,388508.176,Medium
20_USA,United States of America,2061,389328.613,Medium
20_USA,United States of America,2062,390201.974,Medium
20_USA,United States of America,2063,391093.069,Medium
20_USA,United States of America,2064,391998.168,Medium
20_USA,United States of America,2065,392890.288,Medium
20_USA,United States of America,2066,393814.93,Medium
20_USA,United States of America,2067,394773.769,Medium
20_USA,United States of America,2068,395760.683,Medium
20_USA,United States of America,2069,396735.888,Medium
20_USA,United States of America,2070,397738.922,Medium
20_USA,United States of America,2071,398697.254,Medium
20_USA,United States of America,2072,399688.585,Medium
20_USA,United States of America,2073,400615.022,Medium
20_USA,United States of America,2074,401546.043,Medium
20_USA,United States of America,2075,402440.653,Medium
20_USA,United States of America,2076,403379.673,Medium
20_USA,United States of America,2077,404262.179,Medium
20_USA,United States of America,2078,405104.745,Medium
20_USA,United States of America,2079,405932.659,Medium
20_USA,United States of America,2080,406707.2,Medium
20_USA,United States of America,2081,407452.432,Medium
20_USA,United States of America,2082,408280.137,Medium
20_USA,United States of America,2083,409031.584,Medium
20_USA,United States of America,2084,409771.734,Medium
20_USA,United States of America,2085,410497.599,Medium
20_USA,United States of America,2086,411162.37,Medium
20_USA,United States of America,2087,411877.803,Medium
20_USA,United States of America,2088,412595.75,Medium
20_USA,United States of America,2089,413361.81,Medium
20_USA,United States of America,2090,414099.672,Medium
20_USA,United States of America,2091,414815.608,Medium
20_USA,United States of America,2092,415557.17,Medium
20_USA,United States of America,2093,416300.83,Medium
20_USA,United States of America,2094,417023.423,Medium
20_USA,United States of America,2095,417759.808,Medium
20_USA,United States of America,2096,418471.247,Medium
20_USA,United States of America,2097,419128.948,Medium
20_USA,United States of America,2098,419793.086,Medium
20_USA,United States of America,2099,420398.554,Medium
20_USA,United States of America,2100,421007.222,Medium
21_VN,Viet Nam,1990,64808.586,Medium
21_VN,Viet Nam,1991,66200.519,Medium
21_VN,Viet Nam,1992,67583.031,Medium
21_VN,Viet Nam,1993,68937.644,Medium
21_VN,Viet Nam,1994,70235.124,Medium
21_VN,Viet Nam,1995,71473.658,Medium
21_VN,Viet Nam,1996,72626.222,Medium
21_VN,Viet Nam,1997,73686.671,Medium
21_VN,Viet Nam,1998,74767.106,Medium
21_VN,Viet Nam,1999,75832.215,Medium
21_VN,Viet Nam,2000,76742.689,Medium
21_VN,Viet Nam,2001,77565.332,Medium
21_VN,Viet Nam,2002,78373.39,Medium
21_VN,Viet Nam,2003,79171.058,Medium
21_VN,Viet Nam,2004,79956.496,Medium
21_VN,Viet Nam,2005,80721.447,Medium
21_VN,Viet Nam,2006,81455.179,Medium
21_VN,Viet Nam,2007,82880.614,Medium
21_VN,Viet Nam,2008,84386.137,Medium
21_VN,Viet Nam,2009,85965.438,Medium
21_VN,Viet Nam,2010,86954.597,Medium
21_VN,Viet Nam,2011,87955.706,Medium
21_VN,Viet Nam,2012,88980.922,Medium
21_VN,Viet Nam,2013,90039.789,Medium
21_VN,Viet Nam,2014,91106.419,Medium
21_VN,Viet Nam,2015,92252.737,Medium
21_VN,Viet Nam,2016,93393.771,Medium
21_VN,Viet Nam,2017,94606.462,Medium
21_VN,Viet Nam,2018,95747.492,Medium
21_VN,Viet Nam,2019,96727.147,Medium
21_VN,Viet Nam,2020,97620.404,Medium
21_VN,Viet Nam,2021,98537.978,Medium
21_VN,Viet Nam,2022,99332.219,Medium
21_VN,Viet Nam,2023,100029.091,Medium
21_VN,Viet Nam,2024,100675.292,Medium
21_VN,Viet Nam,2025,101300.081,Medium
21_VN,Viet Nam,2026,101896.973,Medium
21_VN,Viet Nam,2027,102457.889,Medium
21_VN,Viet Nam,2028,102996.902,Medium
21_VN,Viet Nam,2029,103514.586,Medium
21_VN,Viet Nam,2030,104007.727,Medium
21_VN,Viet Nam,2031,104502.078,Medium
21_VN,Viet Nam,2032,104973.744,Medium
21_VN,Viet Nam,2033,105435.056,Medium
21_VN,Viet Nam,2034,105877.564,Medium
21_VN,Viet Nam,2035,106317.477,Medium
21_VN,Viet Nam,2036,106743.875,Medium
21_VN,Viet Nam,2037,107147.808,Medium
21_VN,Viet Nam,2038,107544.275,Medium
21_VN,Viet Nam,2039,107919.767,Medium
21_VN,Viet Nam,2040,108275.546,Medium
21_VN,Viet Nam,2041,108599.723,Medium
21_VN,Viet Nam,2042,108904.675,Medium
21_VN,Viet Nam,2043,109175.946,Medium
21_VN,Viet Nam,2044,109409.176,Medium
21_VN,Viet Nam,2045,109603.352,Medium
21_VN,Viet Nam,2046,109767.445,Medium
21_VN,Viet Nam,2047,109887.872,Medium
21_VN,Viet Nam,2048,109972.606,Medium
21_VN,Viet Nam,2049,110015.443,Medium
21_VN,Viet Nam,2050,110020.595,Medium
21_VN,Viet Nam,2051,109997.22,Medium
21_VN,Viet Nam,2052,109929.158,Medium
21_VN,Viet Nam,2053,109833.058,Medium
21_VN,Viet Nam,2054,109712.51,Medium
21_VN,Viet Nam,2055,109563.855,Medium
21_VN,Viet Nam,2056,109392.908,Medium
21_VN,Viet Nam,2057,109208.055,Medium
21_VN,Viet Nam,2058,108999.173,Medium
21_VN,Viet Nam,2059,108766.889,Medium
21_VN,Viet Nam,2060,108522.322,Medium
21_VN,Viet Nam,2061,108271.632,Medium
21_VN,Viet Nam,2062,108004.514,Medium
21_VN,Viet Nam,2063,107721.098,Medium
21_VN,Viet Nam,2064,107427.762,Medium
21_VN,Viet Nam,2065,107127.062,Medium
21_VN,Viet Nam,2066,106812.28,Medium
21_VN,Viet Nam,2067,106480.916,Medium
21_VN,Viet Nam,2068,106141.669,Medium
21_VN,Viet Nam,2069,105798.496,Medium
21_VN,Viet Nam,2070,105446.483,Medium
21_VN,Viet Nam,2071,105075.209,Medium
21_VN,Viet Nam,2072,104697.219,Medium
21_VN,Viet Nam,2073,104299.667,Medium
21_VN,Viet Nam,2074,103891.733,Medium
21_VN,Viet Nam,2075,103478.314,Medium
21_VN,Viet Nam,2076,103054.737,Medium
21_VN,Viet Nam,2077,102625.901,Medium
21_VN,Viet Nam,2078,102179.184,Medium
21_VN,Viet Nam,2079,101731.008,Medium
21_VN,Viet Nam,2080,101270.169,Medium
21_VN,Viet Nam,2081,100807.475,Medium
21_VN,Viet Nam,2082,100339.039,Medium
21_VN,Viet Nam,2083,99868.449,Medium
21_VN,Viet Nam,2084,99402.546,Medium
21_VN,Viet Nam,2085,98942.428,Medium
21_VN,Viet Nam,2086,98482.862,Medium
21_VN,Viet Nam,2087,98019.973,Medium
21_VN,Viet Nam,2088,97555.587,Medium
21_VN,Viet Nam,2089,97098.367,Medium
21_VN,Viet Nam,2090,96638.16,Medium
21_VN,Viet Nam,2091,96175.816,Medium
21_VN,Viet Nam,2092,95718.019,Medium
21_VN,Viet Nam,2093,95262.635,Medium
21_VN,Viet Nam,2094,94804.57,Medium
21_VN,Viet Nam,2095,94348.099,Medium
21_VN,Viet Nam,2096,93887.344,Medium
21_VN,Viet Nam,2097,93413.483,Medium
21_VN,Viet Nam,2098,92938.93,Medium
21_VN,Viet Nam,2099,92449.1,Medium
21_VN,Viet Nam,2100,91954.468,Medium
01_AUS,Australia,1990,17004.135,High
01_AUS,Australia,1991,17248.461,High
01_AUS,Australia,1992,17457.924,High
01_AUS,Australia,1993,17640.653,High
01_AUS,Australia,1994,17805.169,High
01_AUS,Australia,1995,17989.698,High
01_AUS,Australia,1996,18200.991,High
01_AUS,Australia,1997,18409.624,High
01_AUS,Australia,1998,18600.201,High
01_AUS,Australia,1999,18803.233,High
01_AUS,Australia,2000,19016.729,High
01_AUS,Australia,2001,19248.213,High
01_AUS,Australia,2002,19482.653,High
01_AUS,Australia,2003,19708.057,High
01_AUS,Australia,2004,19930.852,High
01_AUS,Australia,2005,20162.502,High
01_AUS,Australia,2006,20426.478,High
01_AUS,Australia,2007,20754.641,High
01_AUS,Australia,2008,21154.456,High
01_AUS,Australia,2009,21586.721,High
01_AUS,Australia,2010,21979.301,High
01_AUS,Australia,2011,22303.86,High
01_AUS,Australia,2012,22655.69,High
01_AUS,Australia,2013,23049.598,High
01_AUS,Australia,2014,23422.943,High
01_AUS,Australia,2015,23768.258,High
01_AUS,Australia,2016,24127.746,High
01_AUS,Australia,2017,24532.18,High
01_AUS,Australia,2018,24929.897,High
01_AUS,Australia,2019,25309.514,High
01_AUS,Australia,2020,25655.914,High
01_AUS,Australia,2021,25831.668,High
01_AUS,Australia,2022,26081.167,High
01_AUS,Australia,2023,26320.802,High
01_AUS,Australia,2024,26581.446,High
01_AUS,Australia,2025,26891.409,High
01_AUS,Australia,2026,27195.833,High
01_AUS,Australia,2027,27489.98,High
01_AUS,Australia,2028,27782.232,High
01_AUS,Australia,2029,28070.74,High
01_AUS,Australia,2030,28376.272,High
01_AUS,Australia,2031,28680.099,High
01_AUS,Australia,2032,28979.695,High
01_AUS,Australia,2033,29273.025,High
01_AUS,Australia,2034,29563.779,High
01_AUS,Australia,2035,29871.096,High
01_AUS,Australia,2036,30180.418,High
01_AUS,Australia,2037,30489.504,High
01_AUS,Australia,2038,30791.517,High
01_AUS,Australia,2039,31099.05,High
01_AUS,Australia,2040,31400.818,High
01_AUS,Australia,2041,31707.457,High
01_AUS,Australia,2042,32018.661,High
01_AUS,Australia,2043,32333.708,High
01_AUS,Australia,2044,32646.626,High
01_AUS,Australia,2045,32959.911,High
01_AUS,Australia,2046,33277.527,High
01_AUS,Australia,2047,33602.152,High
01_AUS,Australia,2048,33915.487,High
01_AUS,Australia,2049,34242.747,High
01_AUS,Australia,2050,34560.236,High
01_AUS,Australia,2051,34880.54,High
01_AUS,Australia,2052,35202.118,High
01_AUS,Australia,2053,35522.34,High
01_AUS,Australia,2054,35847.251,High
01_AUS,Australia,2055,36180.222,High
01_AUS,Australia,2056,36519.705,High
01_AUS,Australia,2057,36859.268,High
01_AUS,Australia,2058,37205.237,High
01_AUS,Australia,2059,37564.374,High
01_AUS,Australia,2060,37918.153,High
01_AUS,Australia,2061,38277.338,High
01_AUS,Australia,2062,38646.329,High
01_AUS,Australia,2063,39021.506,High
01_AUS,Australia,2064,39404.423,High
01_AUS,Australia,2065,39781.341,High
01_AUS,Australia,2066,40169.046,High
01_AUS,Australia,2067,40569.588,High
01_AUS,Australia,2068,40975.319,High
01_AUS,Australia,2069,41385.911,High
01_AUS,Australia,2070,41798.472,High
01_AUS,Australia,2071,42208.991,High
01_AUS,Australia,2072,42615.673,High
01_AUS,Australia,2073,43026.162,High
01_AUS,Australia,2074,43441.914,High
01_AUS,Australia,2075,43863.696,High
01_AUS,Australia,2076,44286.359,High
01_AUS,Australia,2077,44709.813,High
01_AUS,Australia,2078,45141.559,High
01_AUS,Australia,2079,45574.464,High
01_AUS,Australia,2080,46009.331,High
01_AUS,Australia,2081,46446.674,High
01_AUS,Australia,2082,46897.006,High
01_AUS,Australia,2083,47343.81,High
01_AUS,Australia,2084,47801.764,High
01_AUS,Australia,2085,48252.029,High
01_AUS,Australia,2086,48708.463,High
01_AUS,Australia,2087,49176.361,High
01_AUS,Australia,2088,49656.367,High
01_AUS,Australia,2089,50153.774,High
01_AUS,Australia,2090,50648.844,High
01_AUS,Australia,2091,51157.15,High
01_AUS,Australia,2092,51671.923,High
01_AUS,Australia,2093,52188.062,High
01_AUS,Australia,2094,52707.183,High
01_AUS,Australia,2095,53218.946,High
01_AUS,Australia,2096,53742.202,High
01_AUS,Australia,2097,54278.88,High
01_AUS,Australia,2098,54825.705,High
01_AUS,Australia,2099,55363.527,High
01_AUS,Australia,2100,55899.711,High
02_BD,Brunei Darussalam,1990,251.663,High
02_BD,Brunei Darussalam,1991,258.922,High
02_BD,Brunei Darussalam,1992,266.271,High
02_BD,Brunei Darussalam,1993,273.408,High
02_BD,Brunei Darussalam,1994,280.535,High
02_BD,Brunei Darussalam,1995,287.648,High
02_BD,Brunei Darussalam,1996,294.743,High
02_BD,Brunei Darussalam,1997,301.808,High
02_BD,Brunei Darussalam,1998,308.875,High
02_BD,Brunei Darussalam,1999,315.896,High
02_BD,Brunei Darussalam,2000,322.927,High
02_BD,Brunei Darussalam,2001,329.921,High
02_BD,Brunei Darussalam,2002,336.769,High
02_BD,Brunei Darussalam,2003,343.429,High
02_BD,Brunei Darussalam,2004,349.845,High
02_BD,Brunei Darussalam,2005,355.976,High
02_BD,Brunei Darussalam,2006,361.855,High
02_BD,Brunei Darussalam,2007,367.47,High
02_BD,Brunei Darussalam,2008,374.275,High
02_BD,Brunei Darussalam,2009,381.311,High
02_BD,Brunei Darussalam,2010,388.594,High
02_BD,Brunei Darussalam,2011,396.07,High
02_BD,Brunei Darussalam,2012,402.707,High
02_BD,Brunei Darussalam,2013,408.406,High
02_BD,Brunei Darussalam,2014,413.998,High
02_BD,Brunei Darussalam,2015,419.503,High
02_BD,Brunei Darussalam,2016,424.92,High
02_BD,Brunei Darussalam,2017,430.208,High
02_BD,Brunei Darussalam,2018,435.336,High
02_BD,Brunei Darussalam,2019,440.283,High
02_BD,Brunei Darussalam,2020,445.077,High
02_BD,Brunei Darussalam,2021,449.73,High
02_BD,Brunei Darussalam,2022,453.711,High
02_BD,Brunei Darussalam,2023,457.028,High
02_BD,Brunei Darussalam,2024,460.869,High
02_BD,Brunei Darussalam,2025,465.459,High
02_BD,Brunei Darussalam,2026,469.851,High
02_BD,Brunei Darussalam,2027,474.102,High
02_BD,Brunei Darussalam,2028,478.356,High
02_BD,Brunei Darussalam,2029,482.383,High
02_BD,Brunei Darussalam,2030,486.713,High
02_BD,Brunei Darussalam,2031,491.022,High
02_BD,Brunei Darussalam,2032,495.165,High
02_BD,Brunei Darussalam,2033,498.989,High
02_BD,Brunei Darussalam,2034,502.809,High
02_BD,Brunei Darussalam,2035,506.892,High
02_BD,Brunei Darussalam,2036,510.908,High
02_BD,Brunei Darussalam,2037,514.712,High
02_BD,Brunei Darussalam,2038,518.482,High
02_BD,Brunei Darussalam,2039,522.405,High
02_BD,Brunei Darussalam,2040,526.026,High
02_BD,Brunei Darussalam,2041,529.485,High
02_BD,Brunei Darussalam,2042,532.952,High
02_BD,Brunei Darussalam,2043,536.238,High
02_BD,Brunei Darussalam,2044,539.406,High
02_BD,Brunei Darussalam,2045,542.465,High
02_BD,Brunei Darussalam,2046,545.632,High
02_BD,Brunei Darussalam,2047,548.544,High
02_BD,Brunei Darussalam,2048,551.384,High
02_BD,Brunei Darussalam,2049,554.148,High
02_BD,Brunei Darussalam,2050,556.827,High
02_BD,Brunei Darussalam,2051,559.398,High
02_BD,Brunei Darussalam,2052,561.877,High
02_BD,Brunei Darussalam,2053,564.121,High
02_BD,Brunei Darussalam,2054,566.282,High
02_BD,Brunei Darussalam,2055,568.484,High
02_BD,Brunei Darussalam,2056,570.58,High
02_BD,Brunei Darussalam,2057,572.723,High
02_BD,Brunei Darussalam,2058,574.758,High
02_BD,Brunei Darussalam,2059,576.781,High
02_BD,Brunei Darussalam,2060,578.854,High
02_BD,Brunei Darussalam,2061,580.95,High
02_BD,Brunei Darussalam,2062,583.047,High
02_BD,Brunei Darussalam,2063,585.218,High
02_BD,Brunei Darussalam,2064,587.254,High
02_BD,Brunei Darussalam,2065,589.218,High
02_BD,Brunei Darussalam,2066,591.087,High
02_BD,Brunei Darussalam,2067,592.886,High
02_BD,Brunei Darussalam,2068,594.505,High
02_BD,Brunei Darussalam,2069,596.151,High
02_BD,Brunei Darussalam,2070,597.871,High
02_BD,Brunei Darussalam,2071,599.705,High
02_BD,Brunei Darussalam,2072,601.534,High
02_BD,Brunei Darussalam,2073,603.144,High
02_BD,Brunei Darussalam,2074,604.675,High
02_BD,Brunei Darussalam,2075,606.077,High
02_BD,Brunei Darussalam,2076,607.371,High
02_BD,Brunei Darussalam,2077,608.963,High
02_BD,Brunei Darussalam,2078,610.505,High
02_BD,Brunei Darussalam,2079,612.157,High
02_BD,Brunei Darussalam,2080,613.757,High
02_BD,Brunei Darussalam,2081,615.351,High
02_BD,Brunei Darussalam,2082,616.933,High
02_BD,Brunei Darussalam,2083,618.518,High
02_BD,Brunei Darussalam,2084,620.145,High
02_BD,Brunei Darussalam,2085,621.888,High
02_BD,Brunei Darussalam,2086,623.639,High
02_BD,Brunei Darussalam,2087,625.58,High
02_BD,Brunei Darussalam,2088,627.521,High
02_BD,Brunei Darussalam,2089,629.428,High
02_BD,Brunei Darussalam,2090,631.414,High
02_BD,Brunei Darussalam,2091,633.538,High
02_BD,Brunei Darussalam,2092,635.776,High
02_BD,Brunei Darussalam,2093,638.032,High
02_BD,Brunei Darussalam,2094,640.362,High
02_BD,Brunei Darussalam,2095,642.729,High
02_BD,Brunei Darussalam,2096,645.196,High
02_BD,Brunei Darussalam,2097,647.659,High
02_BD,Brunei Darussalam,2098,650.229,High
02_BD,Brunei Darussalam,2099,652.733,High
02_BD,Brunei Darussalam,2100,655.229,High
03_CDA,Canada,1990,27593.691,High
03_CDA,Canada,1991,27985.194,High
03_CDA,Canada,1992,28329.121,High
03_CDA,Canada,1993,28670.998,High
03_CDA,Canada,1994,28990.276,High
03_CDA,Canada,1995,29304.487,High
03_CDA,Canada,1996,29613.776,High
03_CDA,Canada,1997,29920.635,High
03_CDA,Canada,1998,30197.543,High
03_CDA,Canada,1999,30462.396,High
03_CDA,Canada,2000,30736.515,High
03_CDA,Canada,2001,31047.091,High
03_CDA,Canada,2002,31380.063,High
03_CDA,Canada,2003,31691.092,High
03_CDA,Canada,2004,31981.872,High
03_CDA,Canada,2005,32283.483,High
03_CDA,Canada,2006,32596.863,High
03_CDA,Canada,2007,32921.479,High
03_CDA,Canada,2008,33262.864,High
03_CDA,Canada,2009,33635.306,High
03_CDA,Canada,2010,34017.435,High
03_CDA,Canada,2011,34376.362,High
03_CDA,Canada,2012,34734.543,High
03_CDA,Canada,2013,35110.489,High
03_CDA,Canada,2014,35476.376,High
03_CDA,Canada,2015,35792.151,High
03_CDA,Canada,2016,36132.317,High
03_CDA,Canada,2017,36574.369,High
03_CDA,Canada,2018,37042.624,High
03_CDA,Canada,2019,37547.386,High
03_CDA,Canada,2020,38018.483,High
03_CDA,Canada,2021,38325.321,High
03_CDA,Canada,2022,38582.793,High
03_CDA,Canada,2023,39059.725,High
03_CDA,Canada,2024,39538.484,High
03_CDA,Canada,2025,40013.37,High
03_CDA,Canada,2026,40441.604,High
03_CDA,Canada,2027,40830.908,High
03_CDA,Canada,2028,41206.937,High
03_CDA,Canada,2029,41574.424,High
03_CDA,Canada,2030,41967.277,High
03_CDA,Canada,2031,42353.453,High
03_CDA,Canada,2032,42734.26,High
03_CDA,Canada,2033,43101.189,High
03_CDA,Canada,2034,43448.637,High
03_CDA,Canada,2035,43827.74,High
03_CDA,Canada,2036,44183.725,High
03_CDA,Canada,2037,44543.971,High
03_CDA,Canada,2038,44899.157,High
03_CDA,Canada,2039,45248.8,High
03_CDA,Canada,2040,45585.587,High
03_CDA,Canada,2041,45913.185,High
03_CDA,Canada,2042,46239.451,High
03_CDA,Canada,2043,46562.818,High
03_CDA,Canada,2044,46880.121,High
03_CDA,Canada,2045,47195.318,High
03_CDA,Canada,2046,47512.909,High
03_CDA,Canada,2047,47814.082,High
03_CDA,Canada,2048,48113.167,High
03_CDA,Canada,2049,48413.884,High
03_CDA,Canada,2050,48699.055,High
03_CDA,Canada,2051,48997.075,High
03_CDA,Canada,2052,49295.659,High
03_CDA,Canada,2053,49603.29,High
03_CDA,Canada,2054,49902.613,High
03_CDA,Canada,2055,50207.961,High
03_CDA,Canada,2056,50521.77,High
03_CDA,Canada,2057,50846.246,High
03_CDA,Canada,2058,51183.163,High
03_CDA,Canada,2059,51540.211,High
03_CDA,Canada,2060,51903.915,High
03_CDA,Canada,2061,52271.376,High
03_CDA,Canada,2062,52653.935,High
03_CDA,Canada,2063,53051.8,High
03_CDA,Canada,2064,53455.404,High
03_CDA,Canada,2065,53864.141,High
03_CDA,Canada,2066,54278.82,High
03_CDA,Canada,2067,54699.818,High
03_CDA,Canada,2068,55134.655,High
03_CDA,Canada,2069,55560.379,High
03_CDA,Canada,2070,55989.244,High
03_CDA,Canada,2071,56419.33,High
03_CDA,Canada,2072,56854.005,High
03_CDA,Canada,2073,57288.093,High
03_CDA,Canada,2074,57716.54,High
03_CDA,Canada,2075,58148.216,High
03_CDA,Canada,2076,58588.426,High
03_CDA,Canada,2077,59032.891,High
03_CDA,Canada,2078,59463.244,High
03_CDA,Canada,2079,59906.552,High
03_CDA,Canada,2080,60342.227,High
03_CDA,Canada,2081,60779.585,High
03_CDA,Canada,2082,61229.368,High
03_CDA,Canada,2083,61664.06,High
03_CDA,Canada,2084,62115.022,High
03_CDA,Canada,2085,62561.493,High
03_CDA,Canada,2086,63005.921,High
03_CDA,Canada,2087,63458.315,High
03_CDA,Canada,2088,63909.104,High
03_CDA,Canada,2089,64394.784,High
03_CDA,Canada,2090,64858.156,High
03_CDA,Canada,2091,65323.406,High
03_CDA,Canada,2092,65813.865,High
03_CDA,Canada,2093,66303.773,High
03_CDA,Canada,2094,66808.952,High
03_CDA,Canada,2095,67319.465,High
03_CDA,Canada,2096,67840.523,High
03_CDA,Canada,2097,68371.476,High
03_CDA,Canada,2098,68929.116,High
03_CDA,Canada,2099,69488.017,High
03_CDA,Canada,2100,70046.147,High
04_CHL,Chile,1990,13324.345,High
04_CHL,Chile,1991,13550.007,High
04_CHL,Chile,1992,13774.975,High
04_CHL,Chile,1993,13994.18,High
04_CHL,Chile,1994,14210.372,High
04_CHL,Chile,1995,14422.14,High
04_CHL,Chile,1996,14632.623,High
04_CHL,Chile,1997,14835.468,High
04_CHL,Chile,1998,15029.401,High
04_CHL,Chile,1999,15226.197,High
04_CHL,Chile,2000,15412.428,High
04_CHL,Chile,2001,15594.842,High
04_CHL,Chile,2002,15772.856,High
04_CHL,Chile,2003,15942.995,High
04_CHL,Chile,2004,16106.508,High
04_CHL,Chile,2005,16268.135,High
04_CHL,Chile,2006,16429.42,High
04_CHL,Chile,2007,16588.969,High
04_CHL,Chile,2008,16754.192,High
04_CHL,Chile,2009,16923.784,High
04_CHL,Chile,2010,17095.677,High
04_CHL,Chile,2011,17267.251,High
04_CHL,Chile,2012,17436.38,High
04_CHL,Chile,2013,17601.858,High
04_CHL,Chile,2014,17772.155,High
04_CHL,Chile,2015,17956.235,High
04_CHL,Chile,2016,18139.016,High
04_CHL,Chile,2017,18395.427,High
04_CHL,Chile,2018,18722.308,High
04_CHL,Chile,2019,19064.074,High
04_CHL,Chile,2020,19331.414,High
04_CHL,Chile,2021,19409.834,High
04_CHL,Chile,2022,19502.834,High
04_CHL,Chile,2023,19603.239,High
04_CHL,Chile,2024,19714.431,High
04_CHL,Chile,2025,19852.752,High
04_CHL,Chile,2026,19979.967,High
04_CHL,Chile,2027,20099.716,High
04_CHL,Chile,2028,20215.45,High
04_CHL,Chile,2029,20323.81,High
04_CHL,Chile,2030,20449.126,High
04_CHL,Chile,2031,20568.69,High
04_CHL,Chile,2032,20681.476,High
04_CHL,Chile,2033,20785.958,High
04_CHL,Chile,2034,20882.385,High
04_CHL,Chile,2035,20987.999,High
04_CHL,Chile,2036,21088.725,High
04_CHL,Chile,2037,21184.07,High
04_CHL,Chile,2038,21270.484,High
04_CHL,Chile,2039,21351.453,High
04_CHL,Chile,2040,21425.58,High
04_CHL,Chile,2041,21495.28,High
04_CHL,Chile,2042,21557.429,High
04_CHL,Chile,2043,21616.567,High
04_CHL,Chile,2044,21670.128,High
04_CHL,Chile,2045,21715.605,High
04_CHL,Chile,2046,21753.598,High
04_CHL,Chile,2047,21787.752,High
04_CHL,Chile,2048,21817.926,High
04_CHL,Chile,2049,21840.277,High
04_CHL,Chile,2050,21857.462,High
04_CHL,Chile,2051,21871.509,High
04_CHL,Chile,2052,21879.155,High
04_CHL,Chile,2053,21880.54,High
04_CHL,Chile,2054,21874.813,High
04_CHL,Chile,2055,21865.421,High
04_CHL,Chile,2056,21850.161,High
04_CHL,Chile,2057,21831.841,High
04_CHL,Chile,2058,21809.531,High
04_CHL,Chile,2059,21786.903,High
04_CHL,Chile,2060,21759.126,High
04_CHL,Chile,2061,21730.726,High
04_CHL,Chile,2062,21699.046,High
04_CHL,Chile,2063,21665.515,High
04_CHL,Chile,2064,21627.423,High
04_CHL,Chile,2065,21586.925,High
04_CHL,Chile,2066,21546.899,High
04_CHL,Chile,2067,21503.925,High
04_CHL,Chile,2068,21461.35,High
04_CHL,Chile,2069,21418.204,High
04_CHL,Chile,2070,21375.073,High
04_CHL,Chile,2071,21330.245,High
04_CHL,Chile,2072,21282.648,High
04_CHL,Chile,2073,21235.311,High
04_CHL,Chile,2074,21186.012,High
04_CHL,Chile,2075,21132.788,High
04_CHL,Chile,2076,21075.779,High
04_CHL,Chile,2077,21016.681,High
04_CHL,Chile,2078,20954.646,High
04_CHL,Chile,2079,20889.849,High
04_CHL,Chile,2080,20822.983,High
04_CHL,Chile,2081,20753.42,High
04_CHL,Chile,2082,20682.316,High
04_CHL,Chile,2083,20612.198,High
04_CHL,Chile,2084,20538.362,High
04_CHL,Chile,2085,20463.219,High
04_CHL,Chile,2086,20385.034,High
04_CHL,Chile,2087,20306.878,High
04_CHL,Chile,2088,20227.54,High
04_CHL,Chile,2089,20147.081,High
04_CHL,Chile,2090,20067.756,High
04_CHL,Chile,2091,19990.608,High
04_CHL,Chile,2092,19915.551,High
04_CHL,Chile,2093,19844.408,High
04_CHL,Chile,2094,19774.331,High
04_CHL,Chile,2095,19707.607,High
04_CHL,Chile,2096,19643.166,High
04_CHL,Chile,2097,19582.569,High
04_CHL,Chile,2098,19525.764,High
04_CHL,Chile,2099,19470.894,High
04_CHL,Chile,2100,19418.967,High
05_PRC,China,1990,1143536.292,High
05_PRC,China,1991,1163629.156,High
05_PRC,China,1992,1177947.9,High
05_PRC,China,1993,1191200.574,High
05_PRC,China,1994,1203416.576,High
05_PRC,China,1995,1214589.617,High
05_PRC,China,1996,1225678.238,High
05_PRC,China,1997,1236211.386,High
05_PRC,China,1998,1246067.858,High
05_PRC,China,1999,1255626.395,High
05_PRC,China,2000,1264726.915,High
05_PRC,China,2001,1274435.436,High
05_PRC,China,2002,1283014.689,High
05_PRC,China,2003,1290718.988,High
05_PRC,China,2004,1298315.664,High
05_PRC,China,2005,1305884.967,High
05_PRC,China,2006,1314169.304,High
05_PRC,China,2007,1321938.768,High
05_PRC,China,2008,1329688.395,High
05_PRC,China,2009,1337953.637,High
05_PRC,China,2010,1347091.795,High
05_PRC,China,2011,1356031.233,High
05_PRC,China,2012,1364470.096,High
05_PRC,China,2013,1374571.633,High
05_PRC,China,2014,1383444.448,High
05_PRC,China,2015,1392459.496,High
05_PRC,China,2016,1399808.851,High
05_PRC,China,2017,1408296.413,High
05_PRC,China,2018,1416413.041,High
05_PRC,China,2019,1421604.871,High
05_PRC,China,2020,1425435.844,High
05_PRC,China,2021,1426776.342,High
05_PRC,China,2022,1426098.192,High
05_PRC,China,2023,1424260.946,High
05_PRC,China,2024,1420908.919,High
05_PRC,China,2025,1419898.607,High
05_PRC,China,2026,1418741.996,High
05_PRC,China,2027,1417731.154,High
05_PRC,China,2028,1416392.317,High
05_PRC,China,2029,1414698.11,High
05_PRC,China,2030,1413871.679,High
05_PRC,China,2031,1412759.782,High
05_PRC,China,2032,1411324.471,High
05_PRC,China,2033,1409612.163,High
05_PRC,China,2034,1407615.844,High
05_PRC,China,2035,1406167.158,High
05_PRC,China,2036,1404499.466,High
05_PRC,China,2037,1402604.013,High
05_PRC,China,2038,1400496.185,High
05_PRC,China,2039,1398207.618,High
05_PRC,China,2040,1395628.832,High
05_PRC,China,2041,1392781.36,High
05_PRC,China,2042,1389621.23,High
05_PRC,China,2043,1386161.425,High
05_PRC,China,2044,1382407.706,High
05_PRC,China,2045,1378320.875,High
05_PRC,China,2046,1373816.446,High
05_PRC,China,2047,1368862.179,High
05_PRC,China,2048,1363499.383,High
05_PRC,China,2049,1357653.969,High
05_PRC,China,2050,1351321.167,High
05_PRC,China,2051,1344537.887,High
05_PRC,China,2052,1337245.523,High
05_PRC,China,2053,1329455.992,High
05_PRC,China,2054,1321265.678,High
05_PRC,China,2055,1312669.511,High
05_PRC,China,2056,1303707.942,High
05_PRC,China,2057,1294431.675,High
05_PRC,China,2058,1284934.998,High
05_PRC,China,2059,1275237.801,High
05_PRC,China,2060,1265445.005,High
05_PRC,China,2061,1255625.323,High
05_PRC,China,2062,1245887.131,High
05_PRC,China,2063,1236264.514,High
05_PRC,China,2064,1226836.011,High
05_PRC,China,2065,1217559.924,High
05_PRC,China,2066,1208513.149,High
05_PRC,China,2067,1199665.671,High
05_PRC,China,2068,1191016.276,High
05_PRC,China,2069,1182593.239,High
05_PRC,China,2070,1174347.878,High
05_PRC,China,2071,1166287.765,High
05_PRC,China,2072,1158362.265,High
05_PRC,China,2073,1150525.481,High
05_PRC,China,2074,1142750.756,High
05_PRC,China,2075,1135028.203,High
05_PRC,China,2076,1127304.548,High
05_PRC,China,2077,1119560.133,High
05_PRC,China,2078,1111784.283,High
05_PRC,China,2079,1103952.722,High
05_PRC,China,2080,1096043.949,High
05_PRC,China,2081,1088091.648,High
05_PRC,China,2082,1080120.915,High
05_PRC,China,2083,1072195.815,High
05_PRC,China,2084,1064298.459,High
05_PRC,China,2085,1056423.861,High
05_PRC,China,2086,1048669.695,High
05_PRC,China,2087,1041056.888,High
05_PRC,China,2088,1033583.376,High
05_PRC,China,2089,1026262.032,High
05_PRC,China,2090,1019118.427,High
05_PRC,China,2091,1012184.473,High
05_PRC,China,2092,1005437.638,High
05_PRC,China,2093,998851.782,High
05_PRC,China,2094,992428.976,High
05_PRC,China,2095,986165.318,High
05_PRC,China,2096,980045.543,High
05_PRC,China,2097,974061.209,High
05_PRC,China,2098,968212.011,High
05_PRC,China,2099,962490.599,High
05_PRC,China,2100,956896.597,High
06_HKC,"Hong Kong, China",1990,5552.387,High
06_HKC,"Hong Kong, China",1991,5568.807,High
06_HKC,"Hong Kong, China",1992,5687.381,High
06_HKC,"Hong Kong, China",1993,5831.732,High
06_HKC,"Hong Kong, China",1994,5973.294,High
06_HKC,"Hong Kong, China",1995,6111.229,High
06_HKC,"Hong Kong, China",1996,6242.978,High
06_HKC,"Hong Kong, China",1997,6361.95,High
06_HKC,"Hong Kong, China",1998,6471.397,High
06_HKC,"Hong Kong, China",1999,6571.272,High
06_HKC,"Hong Kong, China",2000,6661.777,High
06_HKC,"Hong Kong, China",2001,6747.551,High
06_HKC,"Hong Kong, China",2002,6800.926,High
06_HKC,"Hong Kong, China",2003,6841.891,High
06_HKC,"Hong Kong, China",2004,6875.922,High
06_HKC,"Hong Kong, China",2005,6900.405,High
06_HKC,"Hong Kong, China",2006,6916.567,High
06_HKC,"Hong Kong, China",2007,6945.613,High
06_HKC,"Hong Kong, China",2008,6997.077,High
06_HKC,"Hong Kong, China",2009,7044.3,High
06_HKC,"Hong Kong, China",2010,7084.633,High
06_HKC,"Hong Kong, China",2011,7118.601,High
06_HKC,"Hong Kong, China",2012,7167.338,High
06_HKC,"Hong Kong, China",2013,7234.784,High
06_HKC,"Hong Kong, China",2014,7293.886,High
06_HKC,"Hong Kong, China",2015,7345.115,High
06_HKC,"Hong Kong, China",2016,7387.704,High
06_HKC,"Hong Kong, China",2017,7428.315,High
06_HKC,"Hong Kong, China",2018,7461.468,High
06_HKC,"Hong Kong, China",2019,7480.919,High
06_HKC,"Hong Kong, China",2020,7490.707,High
06_HKC,"Hong Kong, China",2021,7489.764,High
06_HKC,"Hong Kong, China",2022,7479.439,High
06_HKC,"Hong Kong, China",2023,7452.391,High
06_HKC,"Hong Kong, China",2024,7433.078,High
06_HKC,"Hong Kong, China",2025,7410.564,High
06_HKC,"Hong Kong, China",2026,7422.467,High
06_HKC,"Hong Kong, China",2027,7401.591,High
06_HKC,"Hong Kong, China",2028,7400.22,High
06_HKC,"Hong Kong, China",2029,7365.023,High
06_HKC,"Hong Kong, China",2030,7352.688,High
06_HKC,"Hong Kong, China",2031,7331.03,High
06_HKC,"Hong Kong, China",2032,7302.85,High
06_HKC,"Hong Kong, China",2033,7282.01,High
06_HKC,"Hong Kong, China",2034,7256.929,High
06_HKC,"Hong Kong, China",2035,7241.856,High
06_HKC,"Hong Kong, China",2036,7191.931,High
06_HKC,"Hong Kong, China",2037,7154.798,High
06_HKC,"Hong Kong, China",2038,7140.75,High
06_HKC,"Hong Kong, China",2039,7090.896,High
06_HKC,"Hong Kong, China",2040,7075.691,High
06_HKC,"Hong Kong, China",2041,7027.941,High
06_HKC,"Hong Kong, China",2042,6978.47,High
06_HKC,"Hong Kong, China",2043,6918.388,High
06_HKC,"Hong Kong, China",2044,6875.521,High
06_HKC,"Hong Kong, China",2045,6826.382,High
06_HKC,"Hong Kong, China",2046,6770.07,High
06_HKC,"Hong Kong, China",2047,6710.126,High
06_HKC,"Hong Kong, China",2048,6624.675,High
06_HKC,"Hong Kong, China",2049,6560.907,High
06_HKC,"Hong Kong, China",2050,6485.722,High
06_HKC,"Hong Kong, China",2051,6416.799,High
06_HKC,"Hong Kong, China",2052,6338.139,High
06_HKC,"Hong Kong, China",2053,6262.968,High
06_HKC,"Hong Kong, China",2054,6190.519,High
06_HKC,"Hong Kong, China",2055,6117.601,High
06_HKC,"Hong Kong, China",2056,6040.703,High
06_HKC,"Hong Kong, China",2057,5961.22,High
06_HKC,"Hong Kong, China",2058,5880.727,High
06_HKC,"Hong Kong, China",2059,5799.273,High
06_HKC,"Hong Kong, China",2060,5723.476,High
06_HKC,"Hong Kong, China",2061,5648.062,High
06_HKC,"Hong Kong, China",2062,5570.461,High
06_HKC,"Hong Kong, China",2063,5505.946,High
06_HKC,"Hong Kong, China",2064,5442.569,High
06_HKC,"Hong Kong, China",2065,5369.492,High
06_HKC,"Hong Kong, China",2066,5295.354,High
06_HKC,"Hong Kong, China",2067,5223.656,High
06_HKC,"Hong Kong, China",2068,5147.634,High
06_HKC,"Hong Kong, China",2069,5074.791,High
06_HKC,"Hong Kong, China",2070,5006.463,High
06_HKC,"Hong Kong, China",2071,4932.31,High
06_HKC,"Hong Kong, China",2072,4861.608,High
06_HKC,"Hong Kong, China",2073,4786.884,High
06_HKC,"Hong Kong, China",2074,4711.254,High
06_HKC,"Hong Kong, China",2075,4637.427,High
06_HKC,"Hong Kong, China",2076,4563.215,High
06_HKC,"Hong Kong, China",2077,4490.282,High
06_HKC,"Hong Kong, China",2078,4408.777,High
06_HKC,"Hong Kong, China",2079,4343.011,High
06_HKC,"Hong Kong, China",2080,4272.013,High
06_HKC,"Hong Kong, China",2081,4202.637,High
06_HKC,"Hong Kong, China",2082,4139.92,High
06_HKC,"Hong Kong, China",2083,4077.746,High
06_HKC,"Hong Kong, China",2084,4011.355,High
06_HKC,"Hong Kong, China",2085,3941.68,High
06_HKC,"Hong Kong, China",2086,3873.103,High
06_HKC,"Hong Kong, China",2087,3807.707,High
06_HKC,"Hong Kong, China",2088,3744.318,High
06_HKC,"Hong Kong, China",2089,3686.944,High
06_HKC,"Hong Kong, China",2090,3627.439,High
06_HKC,"Hong Kong, China",2091,3570.139,High
06_HKC,"Hong Kong, China",2092,3517.217,High
06_HKC,"Hong Kong, China",2093,3470.532,High
06_HKC,"Hong Kong, China",2094,3422.624,High
06_HKC,"Hong Kong, China",2095,3371.288,High
06_HKC,"Hong Kong, China",2096,3325.741,High
06_HKC,"Hong Kong, China",2097,3282.226,High
06_HKC,"Hong Kong, China",2098,3239.323,High
06_HKC,"Hong Kong, China",2099,3202.596,High
06_HKC,"Hong Kong, China",2100,3163.869,High
07_INA,Indonesia,1990,181869.93,High
07_INA,Indonesia,1991,185132.265,High
07_INA,Indonesia,1992,188424.211,High
07_INA,Indonesia,1993,191663.277,High
07_INA,Indonesia,1994,194947.058,High
07_INA,Indonesia,1995,198236.597,High
07_INA,Indonesia,1996,201539.517,High
07_INA,Indonesia,1997,204869.178,High
07_INA,Indonesia,1998,208203.012,High
07_INA,Indonesia,1999,211450.565,High
07_INA,Indonesia,2000,214558.771,High
07_INA,Indonesia,2001,217596.809,High
07_INA,Indonesia,2002,220598.994,High
07_INA,Indonesia,2003,223577.996,High
07_INA,Indonesia,2004,226518.019,High
07_INA,Indonesia,2005,229335.279,High
07_INA,Indonesia,2006,232408.021,High
07_INA,Indonesia,2007,235495.283,High
07_INA,Indonesia,2008,238629.392,High
07_INA,Indonesia,2009,241686.415,High
07_INA,Indonesia,2010,244753.641,High
07_INA,Indonesia,2011,247857.003,High
07_INA,Indonesia,2012,251083.061,High
07_INA,Indonesia,2013,254313.989,High
07_INA,Indonesia,2014,257390.944,High
07_INA,Indonesia,2015,260363.854,High
07_INA,Indonesia,2016,263234.644,High
07_INA,Indonesia,2017,266020.192,High
07_INA,Indonesia,2018,268673.124,High
07_INA,Indonesia,2019,271230.569,High
07_INA,Indonesia,2020,273748.193,High
07_INA,Indonesia,2021,275881.538,High
07_INA,Indonesia,2022,277634.568,High
07_INA,Indonesia,2023,280026.489,High
07_INA,Indonesia,2024,282353.644,High
07_INA,Indonesia,2025,285142.703,High
07_INA,Indonesia,2026,287861.639,High
07_INA,Indonesia,2027,290516.949,High
07_INA,Indonesia,2028,293107.266,High
07_INA,Indonesia,2029,295627.199,High
07_INA,Indonesia,2030,298401.416,High
07_INA,Indonesia,2031,301119.696,High
07_INA,Indonesia,2032,303791.112,High
07_INA,Indonesia,2033,306413.105,High
07_INA,Indonesia,2034,308991.627,High
07_INA,Indonesia,2035,311733.837,High
07_INA,Indonesia,2036,314419.013,High
07_INA,Indonesia,2037,317049.944,High
07_INA,Indonesia,2038,319627.347,High
07_INA,Indonesia,2039,322140.366,High
07_INA,Indonesia,2040,324589.833,High
07_INA,Indonesia,2041,326967.749,High
07_INA,Indonesia,2042,329274.783,High
07_INA,Indonesia,2043,331506.062,High
07_INA,Indonesia,2044,333664.941,High
07_INA,Indonesia,2045,335747.074,High
07_INA,Indonesia,2046,337754.242,High
07_INA,Indonesia,2047,339689.779,High
07_INA,Indonesia,2048,341566.191,High
07_INA,Indonesia,2049,343400.684,High
07_INA,Indonesia,2050,345186.684,High
07_INA,Indonesia,2051,346933.72,High
07_INA,Indonesia,2052,348646.807,High
07_INA,Indonesia,2053,350339.12,High
07_INA,Indonesia,2054,352021.956,High
07_INA,Indonesia,2055,353697.051,High
07_INA,Indonesia,2056,355371.139,High
07_INA,Indonesia,2057,357051.371,High
07_INA,Indonesia,2058,358731.795,High
07_INA,Indonesia,2059,360425.531,High
07_INA,Indonesia,2060,362127.066,High
07_INA,Indonesia,2061,363844.491,High
07_INA,Indonesia,2062,365571.713,High
07_INA,Indonesia,2063,367312.638,High
07_INA,Indonesia,2064,369066.822,High
07_INA,Indonesia,2065,370826.092,High
07_INA,Indonesia,2066,372588.688,High
07_INA,Indonesia,2067,374345.111,High
07_INA,Indonesia,2068,376090.764,High
07_INA,Indonesia,2069,377825.369,High
07_INA,Indonesia,2070,379546.241,High
07_INA,Indonesia,2071,381254.242,High
07_INA,Indonesia,2072,382944.948,High
07_INA,Indonesia,2073,384613.923,High
07_INA,Indonesia,2074,386259.11,High
07_INA,Indonesia,2075,387889.224,High
07_INA,Indonesia,2076,389494.311,High
07_INA,Indonesia,2077,391091.84,High
07_INA,Indonesia,2078,392665.914,High
07_INA,Indonesia,2079,394229.68,High
07_INA,Indonesia,2080,395785.329,High
07_INA,Indonesia,2081,397344.828,High
07_INA,Indonesia,2082,398906.102,High
07_INA,Indonesia,2083,400468.934,High
07_INA,Indonesia,2084,402036.757,High
07_INA,Indonesia,2085,403616.447,High
07_INA,Indonesia,2086,405209.405,High
07_INA,Indonesia,2087,406813.954,High
07_INA,Indonesia,2088,408432.152,High
07_INA,Indonesia,2089,410071.096,High
07_INA,Indonesia,2090,411726.553,High
07_INA,Indonesia,2091,413392.733,High
07_INA,Indonesia,2092,415072.329,High
07_INA,Indonesia,2093,416760.856,High
07_INA,Indonesia,2094,418459.33,High
07_INA,Indonesia,2095,420169.471,High
07_INA,Indonesia,2096,421889.49,High
07_INA,Indonesia,2097,423606.421,High
07_INA,Indonesia,2098,425321.559,High
07_INA,Indonesia,2099,427037.528,High
07_INA,Indonesia,2100,428747.751,High
08_JPN,Japan,1990,123164.512,High
08_JPN,Japan,1991,123635.017,High
08_JPN,Japan,1992,124144.724,High
08_JPN,Japan,1993,124622.691,High
08_JPN,Japan,1994,125057.225,High
08_JPN,Japan,1995,125516.496,High
08_JPN,Japan,1996,125828.834,High
08_JPN,Japan,1997,126121.77,High
08_JPN,Japan,1998,126410.088,High
08_JPN,Japan,1999,126688.274,High
08_JPN,Japan,2000,126914.854,High
08_JPN,Japan,2001,127140.724,High
08_JPN,Japan,2002,127379.572,High
08_JPN,Japan,2003,127589.624,High
08_JPN,Japan,2004,127752.879,High
08_JPN,Japan,2005,127878.669,High
08_JPN,Japan,2006,127947.992,High
08_JPN,Japan,2007,128046.503,High
08_JPN,Japan,2008,128128.861,High
08_JPN,Japan,2009,128183.119,High
08_JPN,Japan,2010,128201.82,High
08_JPN,Japan,2011,128168.73,High
08_JPN,Japan,2012,128024.135,High
08_JPN,Japan,2013,127832.435,High
08_JPN,Japan,2014,127614.856,High
08_JPN,Japan,2015,127358.353,High
08_JPN,Japan,2016,127193.392,High
08_JPN,Japan,2017,127126.51,High
08_JPN,Japan,2018,127002.87,High
08_JPN,Japan,2019,126823.995,High
08_JPN,Japan,2020,126574.852,High
08_JPN,Japan,2021,126034.234,High
08_JPN,Japan,2022,125324.442,High
08_JPN,Japan,2023,124670.714,High
08_JPN,Japan,2024,124071.179,High
08_JPN,Japan,2025,123588.896,High
08_JPN,Japan,2026,123078.461,High
08_JPN,Japan,2027,122540.948,High
08_JPN,Japan,2028,121988.95,High
08_JPN,Japan,2029,121424.523,High
08_JPN,Japan,2030,120944.317,High
08_JPN,Japan,2031,120453.133,High
08_JPN,Japan,2032,119956.365,High
08_JPN,Japan,2033,119453.524,High
08_JPN,Japan,2034,118949.895,High
08_JPN,Japan,2035,118499.661,High
08_JPN,Japan,2036,118047.212,High
08_JPN,Japan,2037,117598.145,High
08_JPN,Japan,2038,117151.474,High
08_JPN,Japan,2039,116711.75,High
08_JPN,Japan,2040,116274.57,High
08_JPN,Japan,2041,115840.011,High
08_JPN,Japan,2042,115402.241,High
08_JPN,Japan,2043,114976.987,High
08_JPN,Japan,2044,114556.271,High
08_JPN,Japan,2045,114141.185,High
08_JPN,Japan,2046,113726.195,High
08_JPN,Japan,2047,113317.815,High
08_JPN,Japan,2048,112914.679,High
08_JPN,Japan,2049,112518.74,High
08_JPN,Japan,2050,112123.199,High
08_JPN,Japan,2051,111731.691,High
08_JPN,Japan,2052,111341.172,High
08_JPN,Japan,2053,110944.53,High
08_JPN,Japan,2054,110553.761,High
08_JPN,Japan,2055,110150.611,High
08_JPN,Japan,2056,109755.109,High
08_JPN,Japan,2057,109352.724,High
08_JPN,Japan,2058,108955.226,High
08_JPN,Japan,2059,108562.33,High
08_JPN,Japan,2060,108164.614,High
08_JPN,Japan,2061,107777.779,High
08_JPN,Japan,2062,107401.638,High
08_JPN,Japan,2063,107036.995,High
08_JPN,Japan,2064,106685.703,High
08_JPN,Japan,2065,106347.611,High
08_JPN,Japan,2066,106017.068,High
08_JPN,Japan,2067,105707.545,High
08_JPN,Japan,2068,105419.724,High
08_JPN,Japan,2069,105145.403,High
08_JPN,Japan,2070,104895.893,High
08_JPN,Japan,2071,104664.974,High
08_JPN,Japan,2072,104468.992,High
08_JPN,Japan,2073,104297.518,High
08_JPN,Japan,2074,104149.369,High
08_JPN,Japan,2075,104034.79,High
08_JPN,Japan,2076,103948.753,High
08_JPN,Japan,2077,103888.478,High
08_JPN,Japan,2078,103849.438,High
08_JPN,Japan,2079,103834.805,High
08_JPN,Japan,2080,103841.469,High
08_JPN,Japan,2081,103863.065,High
08_JPN,Japan,2082,103904.159,High
08_JPN,Japan,2083,103956.67,High
08_JPN,Japan,2084,104023.609,High
08_JPN,Japan,2085,104097.432,High
08_JPN,Japan,2086,104180.517,High
08_JPN,Japan,2087,104274.125,High
08_JPN,Japan,2088,104379.628,High
08_JPN,Japan,2089,104494.488,High
08_JPN,Japan,2090,104615.603,High
08_JPN,Japan,2091,104745.556,High
08_JPN,Japan,2092,104884.446,High
08_JPN,Japan,2093,105027.091,High
08_JPN,Japan,2094,105180.583,High
08_JPN,Japan,2095,105346.17,High
08_JPN,Japan,2096,105520.001,High
08_JPN,Japan,2097,105700.755,High
08_JPN,Japan,2098,105896.328,High
08_JPN,Japan,2099,106099.486,High
08_JPN,Japan,2100,106306.267,High
09_ROK,Korea,1990,43825.75,High
09_ROK,Korea,1991,44337.104,High
09_ROK,Korea,1992,44541.196,High
09_ROK,Korea,1993,44766.194,High
09_ROK,Korea,1994,45009.253,High
09_ROK,Korea,1995,45252.428,High
09_ROK,Korea,1996,45484.423,High
09_ROK,Korea,1997,45792.976,High
09_ROK,Korea,1998,46090.097,High
09_ROK,Korea,1999,46371.658,High
09_ROK,Korea,2000,46629.108,High
09_ROK,Korea,2001,46904.214,High
09_ROK,Korea,2002,47182.722,High
09_ROK,Korea,2003,47415.519,High
09_ROK,Korea,2004,47612.802,High
09_ROK,Korea,2005,47781.349,High
09_ROK,Korea,2006,47921.939,High
09_ROK,Korea,2007,48091.096,High
09_ROK,Korea,2008,48265.141,High
09_ROK,Korea,2009,48447.845,High
09_ROK,Korea,2010,48645.528,High
09_ROK,Korea,2011,48893.137,High
09_ROK,Korea,2012,49362.15,High
09_ROK,Korea,2013,49837.009,High
09_ROK,Korea,2014,50305.32,High
09_ROK,Korea,2015,50772.791,High
09_ROK,Korea,2016,51195.032,High
09_ROK,Korea,2017,51400.646,High
09_ROK,Korea,2018,51571.895,High
09_ROK,Korea,2019,51709.893,High
09_ROK,Korea,2020,51825.799,High
09_ROK,Korea,2021,51891.164,High
09_ROK,Korea,2022,51805.631,High
09_ROK,Korea,2023,51759.392,High
09_ROK,Korea,2024,51738.086,High
09_ROK,Korea,2025,51779.054,High
09_ROK,Korea,2026,51800.774,High
09_ROK,Korea,2027,51809.354,High
09_ROK,Korea,2028,51800.924,High
09_ROK,Korea,2029,51781.038,High
09_ROK,Korea,2030,51791.454,High
09_ROK,Korea,2031,51784.926,High
09_ROK,Korea,2032,51760.975,High
09_ROK,Korea,2033,51716.101,High
09_ROK,Korea,2034,51645.841,High
09_ROK,Korea,2035,51582.154,High
09_ROK,Korea,2036,51496.209,High
09_ROK,Korea,2037,51388.781,High
09_ROK,Korea,2038,51258.265,High
09_ROK,Korea,2039,51106.778,High
09_ROK,Korea,2040,50937.5,High
09_ROK,Korea,2041,50754.342,High
09_ROK,Korea,2042,50552.015,High
09_ROK,Korea,2043,50341.656,High
09_ROK,Korea,2044,50117.328,High
09_ROK,Korea,2045,49875.191,High
09_ROK,Korea,2046,49619.303,High
09_ROK,Korea,2047,49350.934,High
09_ROK,Korea,2048,49057.107,High
09_ROK,Korea,2049,48743.857,High
09_ROK,Korea,2050,48406.346,High
09_ROK,Korea,2051,48050.263,High
09_ROK,Korea,2052,47670.251,High
09_ROK,Korea,2053,47268.258,High
09_ROK,Korea,2054,46856.475,High
09_ROK,Korea,2055,46439.306,High
09_ROK,Korea,2056,46011.161,High
09_ROK,Korea,2057,45575.724,High
09_ROK,Korea,2058,45132.688,High
09_ROK,Korea,2059,44688.328,High
09_ROK,Korea,2060,44252.916,High
09_ROK,Korea,2061,43822.288,High
09_ROK,Korea,2062,43407.866,High
09_ROK,Korea,2063,42996.816,High
09_ROK,Korea,2064,42598.592,High
09_ROK,Korea,2065,42209.868,High
09_ROK,Korea,2066,41832.319,High
09_ROK,Korea,2067,41465.304,High
09_ROK,Korea,2068,41105.543,High
09_ROK,Korea,2069,40755.908,High
09_ROK,Korea,2070,40405.543,High
09_ROK,Korea,2071,40062.375,High
09_ROK,Korea,2072,39726.733,High
09_ROK,Korea,2073,39398.052,High
09_ROK,Korea,2074,39077.744,High
09_ROK,Korea,2075,38762.266,High
09_ROK,Korea,2076,38453.672,High
09_ROK,Korea,2077,38149.62,High
09_ROK,Korea,2078,37850.175,High
09_ROK,Korea,2079,37556.201,High
09_ROK,Korea,2080,37266.896,High
09_ROK,Korea,2081,36979.562,High
09_ROK,Korea,2082,36692.431,High
09_ROK,Korea,2083,36410.967,High
09_ROK,Korea,2084,36131.132,High
09_ROK,Korea,2085,35856.041,High
09_ROK,Korea,2086,35581.078,High
09_ROK,Korea,2087,35309.647,High
09_ROK,Korea,2088,35040.08,High
09_ROK,Korea,2089,34776.323,High
09_ROK,Korea,2090,34517.348,High
09_ROK,Korea,2091,34265.535,High
09_ROK,Korea,2092,34022.167,High
09_ROK,Korea,2093,33788.466,High
09_ROK,Korea,2094,33566.643,High
09_ROK,Korea,2095,33357.74,High
09_ROK,Korea,2096,33160.875,High
09_ROK,Korea,2097,32979.915,High
09_ROK,Korea,2098,32811.931,High
09_ROK,Korea,2099,32654.73,High
09_ROK,Korea,2100,32510.442,High
10_MAS,Malaysia,1990,17573.4,High
10_MAS,Malaysia,1991,18092.942,High
10_MAS,Malaysia,1992,18591.985,High
10_MAS,Malaysia,1993,19077.16,High
10_MAS,Malaysia,1994,19568.169,High
10_MAS,Malaysia,1995,20072.723,High
10_MAS,Malaysia,1996,20588.474,High
10_MAS,Malaysia,1997,21111.7,High
10_MAS,Malaysia,1998,21638.737,High
10_MAS,Malaysia,1999,22174.688,High
10_MAS,Malaysia,2000,22696.373,High
10_MAS,Malaysia,2001,23239.259,High
10_MAS,Malaysia,2002,23813.818,High
10_MAS,Malaysia,2003,24391.135,High
10_MAS,Malaysia,2004,24968.069,High
10_MAS,Malaysia,2005,25545.476,High
10_MAS,Malaysia,2006,26126.667,High
10_MAS,Malaysia,2007,26709.151,High
10_MAS,Malaysia,2008,27287.626,High
10_MAS,Malaysia,2009,27852.492,High
10_MAS,Malaysia,2010,28397.063,High
10_MAS,Malaysia,2011,28914.49,High
10_MAS,Malaysia,2012,29409.588,High
10_MAS,Malaysia,2013,29916.074,High
10_MAS,Malaysia,2014,30432.455,High
10_MAS,Malaysia,2015,30959.818,High
10_MAS,Malaysia,2016,31505.777,High
10_MAS,Malaysia,2017,32073.594,High
10_MAS,Malaysia,2018,32637.695,High
10_MAS,Malaysia,2019,33184.239,High
10_MAS,Malaysia,2020,33696.952,High
10_MAS,Malaysia,2021,34082.165,High
10_MAS,Malaysia,2022,34482.632,High
10_MAS,Malaysia,2023,34908.354,High
10_MAS,Malaysia,2024,35344.242,High
10_MAS,Malaysia,2025,35842.013,High
10_MAS,Malaysia,2026,36326.965,High
10_MAS,Malaysia,2027,36800.129,High
10_MAS,Malaysia,2028,37271.624,High
10_MAS,Malaysia,2029,37741.305,High
10_MAS,Malaysia,2030,38245.837,High
10_MAS,Malaysia,2031,38752.822,High
10_MAS,Malaysia,2032,39255.915,High
10_MAS,Malaysia,2033,39753.174,High
10_MAS,Malaysia,2034,40235.129,High
10_MAS,Malaysia,2035,40744.53,High
10_MAS,Malaysia,2036,41251.636,High
10_MAS,Malaysia,2037,41752.152,High
10_MAS,Malaysia,2038,42246.827,High
10_MAS,Malaysia,2039,42739.596,High
10_MAS,Malaysia,2040,43218.341,High
10_MAS,Malaysia,2041,43694.362,High
10_MAS,Malaysia,2042,44164.127,High
10_MAS,Malaysia,2043,44634.202,High
10_MAS,Malaysia,2044,45094.806,High
10_MAS,Malaysia,2045,45537.331,High
10_MAS,Malaysia,2046,45968.409,High
10_MAS,Malaysia,2047,46392.841,High
10_MAS,Malaysia,2048,46806.212,High
10_MAS,Malaysia,2049,47200.874,High
10_MAS,Malaysia,2050,47582.971,High
10_MAS,Malaysia,2051,47962.876,High
10_MAS,Malaysia,2052,48328.68,High
10_MAS,Malaysia,2053,48689.062,High
10_MAS,Malaysia,2054,49043.53,High
10_MAS,Malaysia,2055,49385.987,High
10_MAS,Malaysia,2056,49716.285,High
10_MAS,Malaysia,2057,50046.803,High
10_MAS,Malaysia,2058,50373.988,High
10_MAS,Malaysia,2059,50700.008,High
10_MAS,Malaysia,2060,51029.923,High
10_MAS,Malaysia,2061,51353.109,High
10_MAS,Malaysia,2062,51676.182,High
10_MAS,Malaysia,2063,51991.721,High
10_MAS,Malaysia,2064,52302.801,High
10_MAS,Malaysia,2065,52618.449,High
10_MAS,Malaysia,2066,52924.105,High
10_MAS,Malaysia,2067,53225.39,High
10_MAS,Malaysia,2068,53523.161,High
10_MAS,Malaysia,2069,53817.136,High
10_MAS,Malaysia,2070,54113.332,High
10_MAS,Malaysia,2071,54404.592,High
10_MAS,Malaysia,2072,54693.089,High
10_MAS,Malaysia,2073,54973.485,High
10_MAS,Malaysia,2074,55242.097,High
10_MAS,Malaysia,2075,55508.99,High
10_MAS,Malaysia,2076,55767.979,High
10_MAS,Malaysia,2077,56026.773,High
10_MAS,Malaysia,2078,56266.348,High
10_MAS,Malaysia,2079,56498.878,High
10_MAS,Malaysia,2080,56725.035,High
10_MAS,Malaysia,2081,56937.801,High
10_MAS,Malaysia,2082,57153.317,High
10_MAS,Malaysia,2083,57363.169,High
10_MAS,Malaysia,2084,57567.529,High
10_MAS,Malaysia,2085,57775.082,High
10_MAS,Malaysia,2086,57983.048,High
10_MAS,Malaysia,2087,58185.52,High
10_MAS,Malaysia,2088,58390.821,High
10_MAS,Malaysia,2089,58598.451,High
10_MAS,Malaysia,2090,58810.546,High
10_MAS,Malaysia,2091,59024.842,High
10_MAS,Malaysia,2092,59244.609,High
10_MAS,Malaysia,2093,59467.538,High
10_MAS,Malaysia,2094,59691.807,High
10_MAS,Malaysia,2095,59923.726,High
10_MAS,Malaysia,2096,60158.219,High
10_MAS,Malaysia,2097,60395.628,High
10_MAS,Malaysia,2098,60639.87,High
10_MAS,Malaysia,2099,60891.169,High
10_MAS,Malaysia,2100,61144.352,High
11_MEX,Mexico,1990,82017.824,High
11_MEX,Mexico,1991,83622.516,High
11_MEX,Mexico,1992,85238.629,High
11_MEX,Mexico,1993,86850.989,High
11_MEX,Mexico,1994,88456.626,High
11_MEX,Mexico,1995,90061.783,High
11_MEX,Mexico,1996,91663.126,High
11_MEX,Mexico,1997,93242.279,High
11_MEX,Mexico,1998,94800.135,High
11_MEX,Mexico,1999,96350.355,High
11_MEX,Mexico,2000,97881.058,High
11_MEX,Mexico,2001,99370.046,High
11_MEX,Mexico,2002,100828.153,High
11_MEX,Mexico,2003,102269.095,High
11_MEX,Mexico,2004,103687.936,High
11_MEX,Mexico,2005,105100.326,High
11_MEX,Mexico,2006,106522.682,High
11_MEX,Mexico,2007,107984.649,High
11_MEX,Mexico,2008,109564.071,High
11_MEX,Mexico,2009,111184.505,High
11_MEX,Mexico,2010,112814.937,High
11_MEX,Mexico,2011,114432.853,High
11_MEX,Mexico,2012,116054.154,High
11_MEX,Mexico,2013,117582.263,High
11_MEX,Mexico,2014,119104.883,High
11_MEX,Mexico,2015,120463.639,High
11_MEX,Mexico,2016,121680.973,High
11_MEX,Mexico,2017,122821.728,High
11_MEX,Mexico,2018,123978.387,High
11_MEX,Mexico,2019,125169.035,High
11_MEX,Mexico,2020,126356.93,High
11_MEX,Mexico,2021,127241.179,High
11_MEX,Mexico,2022,128055.116,High
11_MEX,Mexico,2023,129171.119,High
11_MEX,Mexico,2024,130308.399,High
11_MEX,Mexico,2025,131678.656,High
11_MEX,Mexico,2026,133010.473,High
11_MEX,Mexico,2027,134311.073,High
11_MEX,Mexico,2028,135582.274,High
11_MEX,Mexico,2029,136825.534,High
11_MEX,Mexico,2030,138199.836,High
11_MEX,Mexico,2031,139546.934,High
11_MEX,Mexico,2032,140866.522,High
11_MEX,Mexico,2033,142159.036,High
11_MEX,Mexico,2034,143423.154,High
11_MEX,Mexico,2035,144756.982,High
11_MEX,Mexico,2036,146062.841,High
11_MEX,Mexico,2037,147331.638,High
11_MEX,Mexico,2038,148572.804,High
11_MEX,Mexico,2039,149777.019,High
11_MEX,Mexico,2040,150940.669,High
11_MEX,Mexico,2041,152071.584,High
11_MEX,Mexico,2042,153173.639,High
11_MEX,Mexico,2043,154246.154,High
11_MEX,Mexico,2044,155288.474,High
11_MEX,Mexico,2045,156310.47,High
11_MEX,Mexico,2046,157305.472,High
11_MEX,Mexico,2047,158278.045,High
11_MEX,Mexico,2048,159227.738,High
11_MEX,Mexico,2049,160167.043,High
11_MEX,Mexico,2050,161081.744,High
11_MEX,Mexico,2051,161987.2,High
11_MEX,Mexico,2052,162879.658,High
11_MEX,Mexico,2053,163763.384,High
11_MEX,Mexico,2054,164637.284,High
11_MEX,Mexico,2055,165503.764,High
11_MEX,Mexico,2056,166363.65,High
11_MEX,Mexico,2057,167215.106,High
11_MEX,Mexico,2058,168061.659,High
11_MEX,Mexico,2059,168902.993,High
11_MEX,Mexico,2060,169733.981,High
11_MEX,Mexico,2061,170550.605,High
11_MEX,Mexico,2062,171358.947,High
11_MEX,Mexico,2063,172156.562,High
11_MEX,Mexico,2064,172940.912,High
11_MEX,Mexico,2065,173710.94,High
11_MEX,Mexico,2066,174464.26,High
11_MEX,Mexico,2067,175203.222,High
11_MEX,Mexico,2068,175929.336,High
11_MEX,Mexico,2069,176638.839,High
11_MEX,Mexico,2070,177331.966,High
11_MEX,Mexico,2071,178007.493,High
11_MEX,Mexico,2072,178674.084,High
11_MEX,Mexico,2073,179323.603,High
11_MEX,Mexico,2074,179958.298,High
11_MEX,Mexico,2075,180580.335,High
11_MEX,Mexico,2076,181192.935,High
11_MEX,Mexico,2077,181796.729,High
11_MEX,Mexico,2078,182391.442,High
11_MEX,Mexico,2079,182977.286,High
11_MEX,Mexico,2080,183556.276,High
11_MEX,Mexico,2081,184128.503,High
11_MEX,Mexico,2082,184696.117,High
11_MEX,Mexico,2083,185267.616,High
11_MEX,Mexico,2084,185830.967,High
11_MEX,Mexico,2085,186392.167,High
11_MEX,Mexico,2086,186947.181,High
11_MEX,Mexico,2087,187503.981,High
11_MEX,Mexico,2088,188062.651,High
11_MEX,Mexico,2089,188624.163,High
11_MEX,Mexico,2090,189182.219,High
11_MEX,Mexico,2091,189740.952,High
11_MEX,Mexico,2092,190297.661,High
11_MEX,Mexico,2093,190858.421,High
11_MEX,Mexico,2094,191412.783,High
11_MEX,Mexico,2095,191964.826,High
11_MEX,Mexico,2096,192517.356,High
11_MEX,Mexico,2097,193072.914,High
11_MEX,Mexico,2098,193630.595,High
11_MEX,Mexico,2099,194192.869,High
11_MEX,Mexico,2100,194758.507,High
12_NZ,New Zealand,1990,3345.088,High
12_NZ,New Zealand,1991,3448.869,High
12_NZ,New Zealand,1992,3512.982,High
12_NZ,New Zealand,1993,3551.507,High
12_NZ,New Zealand,1994,3595.712,High
12_NZ,New Zealand,1995,3646.349,High
12_NZ,New Zealand,1996,3702.508,High
12_NZ,New Zealand,1997,3756.249,High
12_NZ,New Zealand,1998,3797.651,High
12_NZ,New Zealand,1999,3825.091,High
12_NZ,New Zealand,2000,3846.018,High
12_NZ,New Zealand,2001,3869.13,High
12_NZ,New Zealand,2002,3914.395,High
12_NZ,New Zealand,2003,3987.842,High
12_NZ,New Zealand,2004,4057.331,High
12_NZ,New Zealand,2005,4110.49,High
12_NZ,New Zealand,2006,4159.523,High
12_NZ,New Zealand,2007,4204.357,High
12_NZ,New Zealand,2008,4242.174,High
12_NZ,New Zealand,2009,4281.474,High
12_NZ,New Zealand,2010,4327.134,High
12_NZ,New Zealand,2011,4368.407,High
12_NZ,New Zealand,2012,4396.994,High
12_NZ,New Zealand,2013,4426.359,High
12_NZ,New Zealand,2014,4481.343,High
12_NZ,New Zealand,2015,4564.623,High
12_NZ,New Zealand,2016,4663.435,High
12_NZ,New Zealand,2017,4766.105,High
12_NZ,New Zealand,2018,4859.398,High
12_NZ,New Zealand,2019,4942.296,High
12_NZ,New Zealand,2020,5036.509,High
12_NZ,New Zealand,2021,5103.281,High
12_NZ,New Zealand,2022,5112.112,High
12_NZ,New Zealand,2023,5151.357,High
12_NZ,New Zealand,2024,5194.315,High
12_NZ,New Zealand,2025,5242.452,High
12_NZ,New Zealand,2026,5287.952,High
12_NZ,New Zealand,2027,5331.27,High
12_NZ,New Zealand,2028,5372.309,High
12_NZ,New Zealand,2029,5410.671,High
12_NZ,New Zealand,2030,5452.454,High
12_NZ,New Zealand,2031,5491.893,High
12_NZ,New Zealand,2032,5530.325,High
12_NZ,New Zealand,2033,5566.682,High
12_NZ,New Zealand,2034,5602.826,High
12_NZ,New Zealand,2035,5640.493,High
12_NZ,New Zealand,2036,5678.329,High
12_NZ,New Zealand,2037,5715.404,High
12_NZ,New Zealand,2038,5752.143,High
12_NZ,New Zealand,2039,5789.317,High
12_NZ,New Zealand,2040,5825.396,High
12_NZ,New Zealand,2041,5861.081,High
12_NZ,New Zealand,2042,5897.718,High
12_NZ,New Zealand,2043,5933.233,High
12_NZ,New Zealand,2044,5967.102,High
12_NZ,New Zealand,2045,5999.664,High
12_NZ,New Zealand,2046,6031.513,High
12_NZ,New Zealand,2047,6061.608,High
12_NZ,New Zealand,2048,6090.837,High
12_NZ,New Zealand,2049,6120.09,High
12_NZ,New Zealand,2050,6147.352,High
12_NZ,New Zealand,2051,6177.425,High
12_NZ,New Zealand,2052,6208.625,High
12_NZ,New Zealand,2053,6237.154,High
12_NZ,New Zealand,2054,6267.5,High
12_NZ,New Zealand,2055,6298.232,High
12_NZ,New Zealand,2056,6329.205,High
12_NZ,New Zealand,2057,6358.699,High
12_NZ,New Zealand,2058,6388.586,High
12_NZ,New Zealand,2059,6419.038,High
12_NZ,New Zealand,2060,6449.498,High
12_NZ,New Zealand,2061,6479.764,High
12_NZ,New Zealand,2062,6508.699,High
12_NZ,New Zealand,2063,6541.292,High
12_NZ,New Zealand,2064,6572.657,High
12_NZ,New Zealand,2065,6606.322,High
12_NZ,New Zealand,2066,6641.31,High
12_NZ,New Zealand,2067,6676.655,High
12_NZ,New Zealand,2068,6711.151,High
12_NZ,New Zealand,2069,6745.341,High
12_NZ,New Zealand,2070,6779.568,High
12_NZ,New Zealand,2071,6813.577,High
12_NZ,New Zealand,2072,6847.255,High
12_NZ,New Zealand,2073,6885.04,High
12_NZ,New Zealand,2074,6920.511,High
12_NZ,New Zealand,2075,6956.033,High
12_NZ,New Zealand,2076,6991.026,High
12_NZ,New Zealand,2077,7026.253,High
12_NZ,New Zealand,2078,7062.389,High
12_NZ,New Zealand,2079,7097.071,High
12_NZ,New Zealand,2080,7131.378,High
12_NZ,New Zealand,2081,7164.7,High
12_NZ,New Zealand,2082,7199.356,High
12_NZ,New Zealand,2083,7232.654,High
12_NZ,New Zealand,2084,7265.262,High
12_NZ,New Zealand,2085,7298.991,High
12_NZ,New Zealand,2086,7333.56,High
12_NZ,New Zealand,2087,7369.08,High
12_NZ,New Zealand,2088,7405.431,High
12_NZ,New Zealand,2089,7444.614,High
12_NZ,New Zealand,2090,7482.173,High
12_NZ,New Zealand,2091,7522.441,High
12_NZ,New Zealand,2092,7562.969,High
12_NZ,New Zealand,2093,7605.491,High
12_NZ,New Zealand,2094,7646.453,High
12_NZ,New Zealand,2095,7689.393,High
12_NZ,New Zealand,2096,7732.428,High
12_NZ,New Zealand,2097,7775.443,High
12_NZ,New Zealand,2098,7818.62,High
12_NZ,New Zealand,2099,7861.347,High
12_NZ,New Zealand,2100,7904.374,High
13_PNG,Papua New Guinea,1990,3840.265,High
13_PNG,Papua New Guinea,1991,3952.696,High
13_PNG,Papua New Guinea,1992,4090.978,High
13_PNG,Papua New Guinea,1993,4242.421,High
13_PNG,Papua New Guinea,1994,4399.322,High
13_PNG,Papua New Guinea,1995,4561.095,High
13_PNG,Papua New Guinea,1996,4727.461,High
13_PNG,Papua New Guinea,1997,4899.262,High
13_PNG,Papua New Guinea,1998,5076.505,High
13_PNG,Papua New Guinea,1999,5256.274,High
13_PNG,Papua New Guinea,2000,5442.391,High
13_PNG,Papua New Guinea,2001,5631.736,High
13_PNG,Papua New Guinea,2002,5825.135,High
13_PNG,Papua New Guinea,2003,6022.872,High
13_PNG,Papua New Guinea,2004,6225.122,High
13_PNG,Papua New Guinea,2005,6430.96,High
13_PNG,Papua New Guinea,2006,6640.85,High
13_PNG,Papua New Guinea,2007,6854.59,High
13_PNG,Papua New Guinea,2008,7072.099,High
13_PNG,Papua New Guinea,2009,7293.904,High
13_PNG,Papua New Guinea,2010,7518.972,High
13_PNG,Papua New Guinea,2011,7748.074,High
13_PNG,Papua New Guinea,2012,7970.618,High
13_PNG,Papua New Guinea,2013,8192.162,High
13_PNG,Papua New Guinea,2014,8413.233,High
13_PNG,Papua New Guinea,2015,8633.649,High
13_PNG,Papua New Guinea,2016,8852.843,High
13_PNG,Papua New Guinea,2017,9070.592,High
13_PNG,Papua New Guinea,2018,9286.836,High
13_PNG,Papua New Guinea,2019,9502.191,High
13_PNG,Papua New Guinea,2020,9715.829,High
13_PNG,Papua New Guinea,2021,9915.662,High
13_PNG,Papua New Guinea,2022,10110.13,High
13_PNG,Papua New Guinea,2023,10296.209,High
13_PNG,Papua New Guinea,2024,10483.061,High
13_PNG,Papua New Guinea,2025,10690.289,High
13_PNG,Papua New Guinea,2026,10896.579,High
13_PNG,Papua New Guinea,2027,11101.699,High
13_PNG,Papua New Guinea,2028,11305.326,High
13_PNG,Papua New Guinea,2029,11507.414,High
13_PNG,Papua New Guinea,2030,11721.194,High
13_PNG,Papua New Guinea,2031,11934.467,High
13_PNG,Papua New Guinea,2032,12145.595,High
13_PNG,Papua New Guinea,2033,12356.117,High
13_PNG,Papua New Guinea,2034,12565.51,High
13_PNG,Papua New Guinea,2035,12784.549,High
13_PNG,Papua New Guinea,2036,13001.869,High
13_PNG,Papua New Guinea,2037,13219.69,High
13_PNG,Papua New Guinea,2038,13436.286,High
13_PNG,Papua New Guinea,2039,13652.081,High
13_PNG,Papua New Guinea,2040,13866.365,High
13_PNG,Papua New Guinea,2041,14079.52,High
13_PNG,Papua New Guinea,2042,14290.937,High
13_PNG,Papua New Guinea,2043,14501.247,High
13_PNG,Papua New Guinea,2044,14712.114,High
13_PNG,Papua New Guinea,2045,14923.853,High
13_PNG,Papua New Guinea,2046,15136.396,High
13_PNG,Papua New Guinea,2047,15347.244,High
13_PNG,Papua New Guinea,2048,15558.059,High
13_PNG,Papua New Guinea,2049,15769.168,High
13_PNG,Papua New Guinea,2050,15981.121,High
13_PNG,Papua New Guinea,2051,16190.975,High
13_PNG,Papua New Guinea,2052,16402.099,High
13_PNG,Papua New Guinea,2053,16614.344,High
13_PNG,Papua New Guinea,2054,16824.981,High
13_PNG,Papua New Guinea,2055,17038.182,High
13_PNG,Papua New Guinea,2056,17249.063,High
13_PNG,Papua New Guinea,2057,17460.17,High
13_PNG,Papua New Guinea,2058,17672.238,High
13_PNG,Papua New Guinea,2059,17884.247,High
13_PNG,Papua New Guinea,2060,18097.245,High
13_PNG,Papua New Guinea,2061,18311.595,High
13_PNG,Papua New Guinea,2062,18522.809,High
13_PNG,Papua New Guinea,2063,18733.368,High
13_PNG,Papua New Guinea,2064,18943.921,High
13_PNG,Papua New Guinea,2065,19156.921,High
13_PNG,Papua New Guinea,2066,19370.524,High
13_PNG,Papua New Guinea,2067,19583.637,High
13_PNG,Papua New Guinea,2068,19796.373,High
13_PNG,Papua New Guinea,2069,20007.614,High
13_PNG,Papua New Guinea,2070,20217.331,High
13_PNG,Papua New Guinea,2071,20426.07,High
13_PNG,Papua New Guinea,2072,20635.462,High
13_PNG,Papua New Guinea,2073,20843.426,High
13_PNG,Papua New Guinea,2074,21048.874,High
13_PNG,Papua New Guinea,2075,21253.949,High
13_PNG,Papua New Guinea,2076,21459.104,High
13_PNG,Papua New Guinea,2077,21663.172,High
13_PNG,Papua New Guinea,2078,21868.438,High
13_PNG,Papua New Guinea,2079,22075.26,High
13_PNG,Papua New Guinea,2080,22280.578,High
13_PNG,Papua New Guinea,2081,22490.241,High
13_PNG,Papua New Guinea,2082,22696.025,High
13_PNG,Papua New Guinea,2083,22901.002,High
13_PNG,Papua New Guinea,2084,23108.565,High
13_PNG,Papua New Guinea,2085,23314.242,High
13_PNG,Papua New Guinea,2086,23521.505,High
13_PNG,Papua New Guinea,2087,23729.168,High
13_PNG,Papua New Guinea,2088,23935.336,High
13_PNG,Papua New Guinea,2089,24140.945,High
13_PNG,Papua New Guinea,2090,24346.023,High
13_PNG,Papua New Guinea,2091,24554.552,High
13_PNG,Papua New Guinea,2092,24760.285,High
13_PNG,Papua New Guinea,2093,24964.675,High
13_PNG,Papua New Guinea,2094,25167.419,High
13_PNG,Papua New Guinea,2095,25369.77,High
13_PNG,Papua New Guinea,2096,25570.246,High
13_PNG,Papua New Guinea,2097,25769.995,High
13_PNG,Papua New Guinea,2098,25967.11,High
13_PNG,Papua New Guinea,2099,26161.91,High
13_PNG,Papua New Guinea,2100,26356.127,High
14_PE,Peru,1990,21771.879,High
14_PE,Peru,1991,22257.664,High
14_PE,Peru,1992,22709.886,High
14_PE,Peru,1993,23182.795,High
14_PE,Peru,1994,23644.771,High
14_PE,Peru,1995,24118.215,High
14_PE,Peru,1996,24579.623,High
14_PE,Peru,1997,25042.719,High
14_PE,Peru,1998,25505.576,High
14_PE,Peru,1999,25970.615,High
14_PE,Peru,2000,26402.394,High
14_PE,Peru,2001,26794.268,High
14_PE,Peru,2002,27134.933,High
14_PE,Peru,2003,27441.502,High
14_PE,Peru,2004,27719.479,High
14_PE,Peru,2005,27984.901,High
14_PE,Peru,2006,28217.46,High
14_PE,Peru,2007,28431.522,High
14_PE,Peru,2008,28629.876,High
14_PE,Peru,2009,28808.206,High
14_PE,Peru,2010,28985.416,High
14_PE,Peru,2011,29186.623,High
14_PE,Peru,2012,29421.548,High
14_PE,Peru,2013,29679.184,High
14_PE,Peru,2014,29956.654,High
14_PE,Peru,2015,30274.998,High
14_PE,Peru,2016,30640.202,High
14_PE,Peru,2017,31092.785,High
14_PE,Peru,2018,31556.488,High
14_PE,Peru,2019,32238.679,High
14_PE,Peru,2020,32659.927,High
14_PE,Peru,2021,33017.232,High
14_PE,Peru,2022,33294.532,High
14_PE,Peru,2023,33656.344,High
14_PE,Peru,2024,34034.89,High
14_PE,Peru,2025,34468.776,High
14_PE,Peru,2026,34888.716,High
14_PE,Peru,2027,35296.421,High
14_PE,Peru,2028,35692.886,High
14_PE,Peru,2029,36079.017,High
14_PE,Peru,2030,36496.76,High
14_PE,Peru,2031,36905.887,High
14_PE,Peru,2032,37306.281,High
14_PE,Peru,2033,37699.032,High
14_PE,Peru,2034,38084.914,High
14_PE,Peru,2035,38490.835,High
14_PE,Peru,2036,38888.068,High
14_PE,Peru,2037,39277.416,High
14_PE,Peru,2038,39657.923,High
14_PE,Peru,2039,40030.06,High
14_PE,Peru,2040,40394.494,High
14_PE,Peru,2041,40751.253,High
14_PE,Peru,2042,41100.943,High
14_PE,Peru,2043,41443.395,High
14_PE,Peru,2044,41778.548,High
14_PE,Peru,2045,42108.102,High
14_PE,Peru,2046,42430.455,High
14_PE,Peru,2047,42746.834,High
14_PE,Peru,2048,43056.917,High
14_PE,Peru,2049,43361.195,High
14_PE,Peru,2050,43661.289,High
14_PE,Peru,2051,43957.819,High
14_PE,Peru,2052,44250.419,High
14_PE,Peru,2053,44539.911,High
14_PE,Peru,2054,44827.443,High
14_PE,Peru,2055,45111.767,High
14_PE,Peru,2056,45393.628,High
14_PE,Peru,2057,45672.329,High
14_PE,Peru,2058,45948.935,High
14_PE,Peru,2059,46222.379,High
14_PE,Peru,2060,46493.693,High
14_PE,Peru,2061,46763.162,High
14_PE,Peru,2062,47030.148,High
14_PE,Peru,2063,47294.069,High
14_PE,Peru,2064,47555.211,High
14_PE,Peru,2065,47812.284,High
14_PE,Peru,2066,48065.824,High
14_PE,Peru,2067,48315.271,High
14_PE,Peru,2068,48560.069,High
14_PE,Peru,2069,48799.623,High
14_PE,Peru,2070,49033.446,High
14_PE,Peru,2071,49261.634,High
14_PE,Peru,2072,49484.836,High
14_PE,Peru,2073,49702.578,High
14_PE,Peru,2074,49915.018,High
14_PE,Peru,2075,50121.529,High
14_PE,Peru,2076,50323.115,High
14_PE,Peru,2077,50519.854,High
14_PE,Peru,2078,50712.554,High
14_PE,Peru,2079,50901.252,High
14_PE,Peru,2080,51086.713,High
14_PE,Peru,2081,51268.22,High
14_PE,Peru,2082,51447.474,High
14_PE,Peru,2083,51624.337,High
14_PE,Peru,2084,51800.381,High
14_PE,Peru,2085,51974.653,High
14_PE,Peru,2086,52148.189,High
14_PE,Peru,2087,52321.598,High
14_PE,Peru,2088,52494.525,High
14_PE,Peru,2089,52668.054,High
14_PE,Peru,2090,52843.496,High
14_PE,Peru,2091,53019.527,High
14_PE,Peru,2092,53196.656,High
14_PE,Peru,2093,53375.097,High
14_PE,Peru,2094,53553.447,High
14_PE,Peru,2095,53734.718,High
14_PE,Peru,2096,53916.19,High
14_PE,Peru,2097,54098.74,High
14_PE,Peru,2098,54282.089,High
14_PE,Peru,2099,54466.464,High
14_PE,Peru,2100,54650.887,High
15_PHL,Philippines,1990,62011.501,High
15_PHL,Philippines,1991,63697.832,High
15_PHL,Philippines,1992,65066.665,High
15_PHL,Philippines,1993,66785.586,High
15_PHL,Philippines,1994,68275.657,High
15_PHL,Philippines,1995,69762.925,High
15_PHL,Philippines,1996,71329.566,High
15_PHL,Philippines,1997,73050.919,High
15_PHL,Philippines,1998,74766.701,High
15_PHL,Philippines,1999,76815.347,High
15_PHL,Philippines,2000,78691.166,High
15_PHL,Philippines,2001,80559.628,High
15_PHL,Philippines,2002,82243.348,High
15_PHL,Philippines,2003,83894.429,High
15_PHL,Philippines,2004,85569.241,High
15_PHL,Philippines,2005,87219.768,High
15_PHL,Philippines,2006,88812.155,High
15_PHL,Philippines,2007,90205.817,High
15_PHL,Philippines,2008,91944.551,High
15_PHL,Philippines,2009,93453.638,High
15_PHL,Philippines,2010,95314.862,High
15_PHL,Philippines,2011,97359.388,High
15_PHL,Philippines,2012,99137.841,High
15_PHL,Philippines,2013,101213.184,High
15_PHL,Philippines,2014,102939.488,High
15_PHL,Philippines,2015,104594.772,High
15_PHL,Philippines,2016,106031.211,High
15_PHL,Philippines,2017,107440.227,High
15_PHL,Philippines,2018,108799.16,High
15_PHL,Philippines,2019,110131.413,High
15_PHL,Philippines,2020,111477.954,High
15_PHL,Philippines,2021,112684.574,High
15_PHL,Philippines,2022,113517.326,High
15_PHL,Philippines,2023,114411.351,High
15_PHL,Philippines,2024,115371.047,High
15_PHL,Philippines,2025,116555.088,High
15_PHL,Philippines,2026,117737.303,High
15_PHL,Philippines,2027,118914.177,High
15_PHL,Philippines,2028,120089.995,High
15_PHL,Philippines,2029,121262.964,High
15_PHL,Philippines,2030,122574.764,High
15_PHL,Philippines,2031,123880.724,High
15_PHL,Philippines,2032,125171.036,High
15_PHL,Philippines,2033,126455.284,High
15_PHL,Philippines,2034,127731.104,High
15_PHL,Philippines,2035,129097.281,High
15_PHL,Philippines,2036,130445.33,High
15_PHL,Philippines,2037,131776.036,High
15_PHL,Philippines,2038,133080.52,High
15_PHL,Philippines,2039,134354.292,High
15_PHL,Philippines,2040,135587.721,High
15_PHL,Philippines,2041,136788.893,High
15_PHL,Philippines,2042,137953.607,High
15_PHL,Philippines,2043,139082.9,High
15_PHL,Philippines,2044,140175.685,High
15_PHL,Philippines,2045,141231.51,High
15_PHL,Philippines,2046,142248.454,High
15_PHL,Philippines,2047,143225.288,High
15_PHL,Philippines,2048,144157.165,High
15_PHL,Philippines,2049,145046.908,High
15_PHL,Philippines,2050,145904.096,High
15_PHL,Philippines,2051,146721.94,High
15_PHL,Philippines,2052,147511.66,High
15_PHL,Philippines,2053,148264.112,High
15_PHL,Philippines,2054,148997.325,High
15_PHL,Philippines,2055,149714.233,High
15_PHL,Philippines,2056,150412.148,High
15_PHL,Philippines,2057,151092.63,High
15_PHL,Philippines,2058,151773.652,High
15_PHL,Philippines,2059,152451.632,High
15_PHL,Philippines,2060,153118.581,High
15_PHL,Philippines,2061,153785.173,High
15_PHL,Philippines,2062,154451.691,High
15_PHL,Philippines,2063,155115.705,High
15_PHL,Philippines,2064,155782.987,High
15_PHL,Philippines,2065,156448.42,High
15_PHL,Philippines,2066,157104.482,High
15_PHL,Philippines,2067,157763.841,High
15_PHL,Philippines,2068,158406.856,High
15_PHL,Philippines,2069,159042.269,High
15_PHL,Philippines,2070,159662.075,High
15_PHL,Philippines,2071,160261.725,High
15_PHL,Philippines,2072,160844.975,High
15_PHL,Philippines,2073,161401.605,High
15_PHL,Philippines,2074,161935.98,High
15_PHL,Philippines,2075,162441.111,High
15_PHL,Philippines,2076,162926.737,High
15_PHL,Philippines,2077,163383.826,High
15_PHL,Philippines,2078,163805.219,High
15_PHL,Philippines,2079,164208.774,High
15_PHL,Philippines,2080,164595.564,High
15_PHL,Philippines,2081,164955.306,High
15_PHL,Philippines,2082,165301.746,High
15_PHL,Philippines,2083,165629.308,High
15_PHL,Philippines,2084,165947.273,High
15_PHL,Philippines,2085,166249.439,High
15_PHL,Philippines,2086,166538.513,High
15_PHL,Philippines,2087,166824.122,High
15_PHL,Philippines,2088,167109.914,High
15_PHL,Philippines,2089,167398.475,High
15_PHL,Philippines,2090,167690.993,High
15_PHL,Philippines,2091,167988.596,High
15_PHL,Philippines,2092,168287.605,High
15_PHL,Philippines,2093,168596.883,High
15_PHL,Philippines,2094,168915.288,High
15_PHL,Philippines,2095,169244.57,High
15_PHL,Philippines,2096,169576.938,High
15_PHL,Philippines,2097,169916.757,High
15_PHL,Philippines,2098,170269.001,High
15_PHL,Philippines,2099,170628.862,High
15_PHL,Philippines,2100,170993.888,High
16_RUS,Russia,1990,148642.381,High
16_RUS,Russia,1991,149316.7,High
16_RUS,Russia,1992,149580.166,High
16_RUS,Russia,1993,148251.816,High
16_RUS,Russia,1994,148019.032,High
16_RUS,Russia,1995,148382.441,High
16_RUS,Russia,1996,148200.365,High
16_RUS,Russia,1997,147968.8,High
16_RUS,Russia,1998,147738.741,High
16_RUS,Russia,1999,147532.321,High
16_RUS,Russia,2000,146951.628,High
16_RUS,Russia,2001,146483.937,High
16_RUS,Russia,2002,145750.631,High
16_RUS,Russia,2003,146128.369,High
16_RUS,Russia,2004,145460.09,High
16_RUS,Russia,2005,144900.103,High
16_RUS,Russia,2006,144295.666,High
16_RUS,Russia,2007,143910.23,High
16_RUS,Russia,2008,143809.297,High
16_RUS,Russia,2009,143814.384,High
16_RUS,Russia,2010,143923.88,High
16_RUS,Russia,2011,143945.051,High
16_RUS,Russia,2012,144142.446,High
16_RUS,Russia,2013,144439.612,High
16_RUS,Russia,2014,144768.583,High
16_RUS,Russia,2015,145082.693,High
16_RUS,Russia,2016,145532.538,High
16_RUS,Russia,2017,146024.816,High
16_RUS,Russia,2018,146348.782,High
16_RUS,Russia,2019,146511.509,High
16_RUS,Russia,2020,146554.625,High
16_RUS,Russia,2021,146187.972,High
16_RUS,Russia,2022,145484.378,High
16_RUS,Russia,2023,145675.42,High
16_RUS,Russia,2024,145205.581,High
16_RUS,Russia,2025,144652.348,High
16_RUS,Russia,2026,143987.474,High
16_RUS,Russia,2027,143862.799,High
16_RUS,Russia,2028,143695.491,High
16_RUS,Russia,2029,143519.613,High
16_RUS,Russia,2030,143450.643,High
16_RUS,Russia,2031,143374.523,High
16_RUS,Russia,2032,143273.214,High
16_RUS,Russia,2033,143201.867,High
16_RUS,Russia,2034,143148.625,High
16_RUS,Russia,2035,143194.969,High
16_RUS,Russia,2036,143262.865,High
16_RUS,Russia,2037,143349.782,High
16_RUS,Russia,2038,143453.597,High
16_RUS,Russia,2039,143587.072,High
16_RUS,Russia,2040,143732.916,High
16_RUS,Russia,2041,143914.312,High
16_RUS,Russia,2042,144105.823,High
16_RUS,Russia,2043,144319.091,High
16_RUS,Russia,2044,144524.711,High
16_RUS,Russia,2045,144749.223,High
16_RUS,Russia,2046,144988.797,High
16_RUS,Russia,2047,145242.661,High
16_RUS,Russia,2048,145479.424,High
16_RUS,Russia,2049,145711.796,High
16_RUS,Russia,2050,145943.983,High
16_RUS,Russia,2051,146169.606,High
16_RUS,Russia,2052,146392.374,High
16_RUS,Russia,2053,146629.506,High
16_RUS,Russia,2054,146830.239,High
16_RUS,Russia,2055,147042.542,High
16_RUS,Russia,2056,147246.785,High
16_RUS,Russia,2057,147470.27,High
16_RUS,Russia,2058,147711.359,High
16_RUS,Russia,2059,147943.164,High
16_RUS,Russia,2060,148196.884,High
16_RUS,Russia,2061,148499.094,High
16_RUS,Russia,2062,148796.764,High
16_RUS,Russia,2063,149131.866,High
16_RUS,Russia,2064,149469.953,High
16_RUS,Russia,2065,149835.718,High
16_RUS,Russia,2066,150222.891,High
16_RUS,Russia,2067,150646.012,High
16_RUS,Russia,2068,151108.163,High
16_RUS,Russia,2069,151587.967,High
16_RUS,Russia,2070,152069.077,High
16_RUS,Russia,2071,152575.576,High
16_RUS,Russia,2072,153085.342,High
16_RUS,Russia,2073,153656.192,High
16_RUS,Russia,2074,154245.998,High
16_RUS,Russia,2075,154860.92,High
16_RUS,Russia,2076,155495.869,High
16_RUS,Russia,2077,156167.81,High
16_RUS,Russia,2078,156841.8,High
16_RUS,Russia,2079,157538.391,High
16_RUS,Russia,2080,158261.616,High
16_RUS,Russia,2081,159016.096,High
16_RUS,Russia,2082,159791.816,High
16_RUS,Russia,2083,160575.883,High
16_RUS,Russia,2084,161377.519,High
16_RUS,Russia,2085,162188.304,High
16_RUS,Russia,2086,163007.278,High
16_RUS,Russia,2087,163844.683,High
16_RUS,Russia,2088,164713.029,High
16_RUS,Russia,2089,165590.386,High
16_RUS,Russia,2090,166476.696,High
16_RUS,Russia,2091,167371.612,High
16_RUS,Russia,2092,168284.499,High
16_RUS,Russia,2093,169182.375,High
16_RUS,Russia,2094,170110.195,High
16_RUS,Russia,2095,171052.392,High
16_RUS,Russia,2096,171990.124,High
16_RUS,Russia,2097,172916.97,High
16_RUS,Russia,2098,173866.277,High
16_RUS,Russia,2099,174803.882,High
16_RUS,Russia,2100,175748.02,High
17_SGP,Singapore,1990,2988.681,High
17_SGP,Singapore,1991,3090.501,High
17_SGP,Singapore,1992,3182.081,High
17_SGP,Singapore,1993,3270.848,High
17_SGP,Singapore,1994,3364.936,High
17_SGP,Singapore,1995,3470.698,High
17_SGP,Singapore,1996,3596.551,High
17_SGP,Singapore,1997,3732.569,High
17_SGP,Singapore,1998,3860.676,High
17_SGP,Singapore,1999,3942.159,High
17_SGP,Singapore,2000,3990.955,High
17_SGP,Singapore,2001,4079.535,High
17_SGP,Singapore,2002,4152.797,High
17_SGP,Singapore,2003,4140.988,High
17_SGP,Singapore,2004,4135.502,High
17_SGP,Singapore,2005,4210.033,High
17_SGP,Singapore,2006,4326.694,High
17_SGP,Singapore,2007,4487.422,High
17_SGP,Singapore,2008,4705.608,High
17_SGP,Singapore,2009,4907.874,High
17_SGP,Singapore,2010,5029.261,High
17_SGP,Singapore,2011,5124.767,High
17_SGP,Singapore,2012,5239.711,High
17_SGP,Singapore,2013,5346.968,High
17_SGP,Singapore,2014,5424.209,High
17_SGP,Singapore,2015,5491.591,High
17_SGP,Singapore,2016,5559.088,High
17_SGP,Singapore,2017,5596.771,High
17_SGP,Singapore,2018,5611.386,High
17_SGP,Singapore,2019,5657.353,High
17_SGP,Singapore,2020,5681.772,High
17_SGP,Singapore,2021,5558.529,High
17_SGP,Singapore,2022,5534.051,High
17_SGP,Singapore,2023,5765.718,High
17_SGP,Singapore,2024,5812.461,High
17_SGP,Singapore,2025,5865.11,High
17_SGP,Singapore,2026,5914.901,High
17_SGP,Singapore,2027,5961.003,High
17_SGP,Singapore,2028,6008.468,High
17_SGP,Singapore,2029,6054.549,High
17_SGP,Singapore,2030,6103.495,High
17_SGP,Singapore,2031,6150.066,High
17_SGP,Singapore,2032,6197.907,High
17_SGP,Singapore,2033,6243.33,High
17_SGP,Singapore,2034,6288.504,High
17_SGP,Singapore,2035,6332.936,High
17_SGP,Singapore,2036,6371.036,High
17_SGP,Singapore,2037,6404.077,High
17_SGP,Singapore,2038,6435.794,High
17_SGP,Singapore,2039,6463.848,High
17_SGP,Singapore,2040,6485.692,High
17_SGP,Singapore,2041,6501.866,High
17_SGP,Singapore,2042,6513.323,High
17_SGP,Singapore,2043,6522.934,High
17_SGP,Singapore,2044,6530.749,High
17_SGP,Singapore,2045,6533.31,High
17_SGP,Singapore,2046,6536.591,High
17_SGP,Singapore,2047,6537.454,High
17_SGP,Singapore,2048,6534.727,High
17_SGP,Singapore,2049,6536.523,High
17_SGP,Singapore,2050,6534.961,High
17_SGP,Singapore,2051,6532.269,High
17_SGP,Singapore,2052,6531.27,High
17_SGP,Singapore,2053,6535.64,High
17_SGP,Singapore,2054,6537.271,High
17_SGP,Singapore,2055,6535.074,High
17_SGP,Singapore,2056,6536.543,High
17_SGP,Singapore,2057,6539.808,High
17_SGP,Singapore,2058,6544.916,High
17_SGP,Singapore,2059,6546.827,High
17_SGP,Singapore,2060,6551.522,High
17_SGP,Singapore,2061,6553.059,High
17_SGP,Singapore,2062,6557.961,High
17_SGP,Singapore,2063,6562.384,High
17_SGP,Singapore,2064,6569.631,High
17_SGP,Singapore,2065,6573.502,High
17_SGP,Singapore,2066,6573.071,High
17_SGP,Singapore,2067,6571.392,High
17_SGP,Singapore,2068,6573.993,High
17_SGP,Singapore,2069,6573.907,High
17_SGP,Singapore,2070,6571.843,High
17_SGP,Singapore,2071,6570.986,High
17_SGP,Singapore,2072,6566.938,High
17_SGP,Singapore,2073,6560.317,High
17_SGP,Singapore,2074,6550.172,High
17_SGP,Singapore,2075,6532.86,High
17_SGP,Singapore,2076,6513.346,High
17_SGP,Singapore,2077,6497.069,High
17_SGP,Singapore,2078,6476.192,High
17_SGP,Singapore,2079,6452.68,High
17_SGP,Singapore,2080,6425.541,High
17_SGP,Singapore,2081,6397.648,High
17_SGP,Singapore,2082,6367.983,High
17_SGP,Singapore,2083,6337.261,High
17_SGP,Singapore,2084,6307.286,High
17_SGP,Singapore,2085,6278.148,High
17_SGP,Singapore,2086,6247.886,High
17_SGP,Singapore,2087,6216.945,High
17_SGP,Singapore,2088,6187.894,High
17_SGP,Singapore,2089,6160.739,High
17_SGP,Singapore,2090,6132.114,High
17_SGP,Singapore,2091,6107.035,High
17_SGP,Singapore,2092,6083.536,High
17_SGP,Singapore,2093,6064.812,High
17_SGP,Singapore,2094,6046.302,High
17_SGP,Singapore,2095,6027.354,High
17_SGP,Singapore,2096,6011.896,High
17_SGP,Singapore,2097,5997.554,High
17_SGP,Singapore,2098,5985.591,High
17_SGP,Singapore,2099,5974.496,High
17_SGP,Singapore,2100,5967.414,High
18_CT,Chinese Taipei,1990,20508.591,High
18_CT,Chinese Taipei,1991,20681.221,High
18_CT,Chinese Taipei,1992,20882.279,High
18_CT,Chinese Taipei,1993,21081.897,High
18_CT,Chinese Taipei,1994,21267.467,High
18_CT,Chinese Taipei,1995,21446.813,High
18_CT,Chinese Taipei,1996,21622.177,High
18_CT,Chinese Taipei,1997,21796.376,High
18_CT,Chinese Taipei,1998,21974.281,High
18_CT,Chinese Taipei,1999,22124.171,High
18_CT,Chinese Taipei,2000,22283.391,High
18_CT,Chinese Taipei,2001,22382.348,High
18_CT,Chinese Taipei,2002,22510.167,High
18_CT,Chinese Taipei,2003,22623.636,High
18_CT,Chinese Taipei,2004,22704.613,High
18_CT,Chinese Taipei,2005,22786.249,High
18_CT,Chinese Taipei,2006,22863.614,High
18_CT,Chinese Taipei,2007,22965.654,High
18_CT,Chinese Taipei,2008,23048.194,High
18_CT,Chinese Taipei,2009,23124.284,High
18_CT,Chinese Taipei,2010,23204.438,High
18_CT,Chinese Taipei,2011,23243.66,High
18_CT,Chinese Taipei,2012,23302.493,High
18_CT,Chinese Taipei,2013,23389.429,High
18_CT,Chinese Taipei,2014,23444.32,High
18_CT,Chinese Taipei,2015,23501.311,High
18_CT,Chinese Taipei,2016,23557.197,High
18_CT,Chinese Taipei,2017,23615.088,High
18_CT,Chinese Taipei,2018,23650.808,High
18_CT,Chinese Taipei,2019,23667.802,High
18_CT,Chinese Taipei,2020,23680.473,High
18_CT,Chinese Taipei,2021,23646.445,High
18_CT,Chinese Taipei,2022,23470.22,High
18_CT,Chinese Taipei,2023,23370.002,High
18_CT,Chinese Taipei,2024,23264.288,High
18_CT,Chinese Taipei,2025,23200.806,High
18_CT,Chinese Taipei,2026,23135.416,High
18_CT,Chinese Taipei,2027,23069.569,High
18_CT,Chinese Taipei,2028,22999.659,High
18_CT,Chinese Taipei,2029,22929.064,High
18_CT,Chinese Taipei,2030,22875.795,High
18_CT,Chinese Taipei,2031,22817.409,High
18_CT,Chinese Taipei,2032,22753.047,High
18_CT,Chinese Taipei,2033,22684.621,High
18_CT,Chinese Taipei,2034,22611.464,High
18_CT,Chinese Taipei,2035,22542.16,High
18_CT,Chinese Taipei,2036,22467.882,High
18_CT,Chinese Taipei,2037,22387.738,High
18_CT,Chinese Taipei,2038,22299.453,High
18_CT,Chinese Taipei,2039,22206.572,High
18_CT,Chinese Taipei,2040,22106.883,High
18_CT,Chinese Taipei,2041,22001.335,High
18_CT,Chinese Taipei,2042,21889.255,High
18_CT,Chinese Taipei,2043,21771.046,High
18_CT,Chinese Taipei,2044,21648.001,High
18_CT,Chinese Taipei,2045,21521.588,High
18_CT,Chinese Taipei,2046,21387.649,High
18_CT,Chinese Taipei,2047,21253.159,High
18_CT,Chinese Taipei,2048,21111.781,High
18_CT,Chinese Taipei,2049,20968.801,High
18_CT,Chinese Taipei,2050,20819.745,High
18_CT,Chinese Taipei,2051,20668.971,High
18_CT,Chinese Taipei,2052,20516.784,High
18_CT,Chinese Taipei,2053,20362.078,High
18_CT,Chinese Taipei,2054,20203.973,High
18_CT,Chinese Taipei,2055,20042.29,High
18_CT,Chinese Taipei,2056,19878.704,High
18_CT,Chinese Taipei,2057,19716.379,High
18_CT,Chinese Taipei,2058,19550.097,High
18_CT,Chinese Taipei,2059,19383.447,High
18_CT,Chinese Taipei,2060,19214.336,High
18_CT,Chinese Taipei,2061,19044.222,High
18_CT,Chinese Taipei,2062,18873.567,High
18_CT,Chinese Taipei,2063,18704.518,High
18_CT,Chinese Taipei,2064,18539.119,High
18_CT,Chinese Taipei,2065,18374.964,High
18_CT,Chinese Taipei,2066,18213.72,High
18_CT,Chinese Taipei,2067,18056.11,High
18_CT,Chinese Taipei,2068,17899.959,High
18_CT,Chinese Taipei,2069,17746.297,High
18_CT,Chinese Taipei,2070,17597.386,High
18_CT,Chinese Taipei,2071,17450.371,High
18_CT,Chinese Taipei,2072,17304.309,High
18_CT,Chinese Taipei,2073,17159.976,High
18_CT,Chinese Taipei,2074,17020.025,High
18_CT,Chinese Taipei,2075,16882.324,High
18_CT,Chinese Taipei,2076,16747.687,High
18_CT,Chinese Taipei,2077,16617.823,High
18_CT,Chinese Taipei,2078,16490.703,High
18_CT,Chinese Taipei,2079,16366.426,High
18_CT,Chinese Taipei,2080,16246.889,High
18_CT,Chinese Taipei,2081,16132.585,High
18_CT,Chinese Taipei,2082,16021.728,High
18_CT,Chinese Taipei,2083,15916.326,High
18_CT,Chinese Taipei,2084,15814.635,High
18_CT,Chinese Taipei,2085,15715.936,High
18_CT,Chinese Taipei,2086,15622.569,High
18_CT,Chinese Taipei,2087,15534.106,High
18_CT,Chinese Taipei,2088,15448.658,High
18_CT,Chinese Taipei,2089,15365.565,High
18_CT,Chinese Taipei,2090,15286.531,High
18_CT,Chinese Taipei,2091,15209.642,High
18_CT,Chinese Taipei,2092,15137.545,High
18_CT,Chinese Taipei,2093,15068.883,High
18_CT,Chinese Taipei,2094,15003.177,High
18_CT,Chinese Taipei,2095,14940.107,High
18_CT,Chinese Taipei,2096,14880.124,High
18_CT,Chinese Taipei,2097,14823.368,High
18_CT,Chinese Taipei,2098,14768.736,High
18_CT,Chinese Taipei,2099,14716.963,High
18_CT,Chinese Taipei,2100,14668.094,High
19_THA,Thailand,1990,54281.477,High
19_THA,Thailand,1991,55195.181,High
19_THA,Thailand,1992,56079.687,High
19_THA,Thailand,1993,56977.982,High
19_THA,Thailand,1994,57838.415,High
19_THA,Thailand,1995,58683.293,High
19_THA,Thailand,1996,59513.172,High
19_THA,Thailand,1997,60326.956,High
19_THA,Thailand,1998,61122.213,High
19_THA,Thailand,1999,61923.048,High
19_THA,Thailand,2000,62675.039,High
19_THA,Thailand,2001,63340.591,High
19_THA,Thailand,2002,63961.692,High
19_THA,Thailand,2003,64571.181,High
19_THA,Thailand,2004,65165.152,High
19_THA,Thailand,2005,65738.942,High
19_THA,Thailand,2006,66295.897,High
19_THA,Thailand,2007,66839.477,High
19_THA,Thailand,2008,67365.312,High
19_THA,Thailand,2009,67874.349,High
19_THA,Thailand,2010,68367.811,High
19_THA,Thailand,2011,68791.084,High
19_THA,Thailand,2012,69223.332,High
19_THA,Thailand,2013,69648.864,High
19_THA,Thailand,2014,70041.365,High
19_THA,Thailand,2015,70391.368,High
19_THA,Thailand,2016,70690.223,High
19_THA,Thailand,2017,71029.46,High
19_THA,Thailand,2018,71290.914,High
19_THA,Thailand,2019,71461.243,High
19_THA,Thailand,2020,71583.299,High
19_THA,Thailand,2021,71699.668,High
19_THA,Thailand,2022,71754.996,High
19_THA,Thailand,2023,71715.662,High
19_THA,Thailand,2024,71689.208,High
19_THA,Thailand,2025,71766.808,High
19_THA,Thailand,2026,71831.725,High
19_THA,Thailand,2027,71882.916,High
19_THA,Thailand,2028,71923.402,High
19_THA,Thailand,2029,71953.267,High
19_THA,Thailand,2030,72042.421,High
19_THA,Thailand,2031,72118.609,High
19_THA,Thailand,2032,72184.556,High
19_THA,Thailand,2033,72235.921,High
19_THA,Thailand,2034,72273.366,High
19_THA,Thailand,2035,72341.959,High
19_THA,Thailand,2036,72390.694,High
19_THA,Thailand,2037,72427.031,High
19_THA,Thailand,2038,72446.783,High
19_THA,Thailand,2039,72449.222,High
19_THA,Thailand,2040,72436.105,High
19_THA,Thailand,2041,72406.554,High
19_THA,Thailand,2042,72354.377,High
19_THA,Thailand,2043,72288.391,High
19_THA,Thailand,2044,72205.461,High
19_THA,Thailand,2045,72109.375,High
19_THA,Thailand,2046,71996.353,High
19_THA,Thailand,2047,71868.134,High
19_THA,Thailand,2048,71727.02,High
19_THA,Thailand,2049,71572.899,High
19_THA,Thailand,2050,71402.667,High
19_THA,Thailand,2051,71223.66,High
19_THA,Thailand,2052,71033.891,High
19_THA,Thailand,2053,70832.811,High
19_THA,Thailand,2054,70630.402,High
19_THA,Thailand,2055,70420.102,High
19_THA,Thailand,2056,70209.037,High
19_THA,Thailand,2057,69994.888,High
19_THA,Thailand,2058,69782.787,High
19_THA,Thailand,2059,69575.173,High
19_THA,Thailand,2060,69373.89,High
19_THA,Thailand,2061,69177.063,High
19_THA,Thailand,2062,68992.45,High
19_THA,Thailand,2063,68813.729,High
19_THA,Thailand,2064,68646.674,High
19_THA,Thailand,2065,68487.906,High
19_THA,Thailand,2066,68333.802,High
19_THA,Thailand,2067,68192.767,High
19_THA,Thailand,2068,68055.726,High
19_THA,Thailand,2069,67922.234,High
19_THA,Thailand,2070,67796.132,High
19_THA,Thailand,2071,67672.855,High
19_THA,Thailand,2072,67557.55,High
19_THA,Thailand,2073,67445.37,High
19_THA,Thailand,2074,67335.935,High
19_THA,Thailand,2075,67228.94,High
19_THA,Thailand,2076,67128.618,High
19_THA,Thailand,2077,67030.63,High
19_THA,Thailand,2078,66935.141,High
19_THA,Thailand,2079,66842.196,High
19_THA,Thailand,2080,66749.934,High
19_THA,Thailand,2081,66664.012,High
19_THA,Thailand,2082,66583.807,High
19_THA,Thailand,2083,66504.255,High
19_THA,Thailand,2084,66429.204,High
19_THA,Thailand,2085,66357.467,High
19_THA,Thailand,2086,66294.5,High
19_THA,Thailand,2087,66238.29,High
19_THA,Thailand,2088,66188.821,High
19_THA,Thailand,2089,66147.511,High
19_THA,Thailand,2090,66106.993,High
19_THA,Thailand,2091,66075.531,High
19_THA,Thailand,2092,66052.493,High
19_THA,Thailand,2093,66034.122,High
19_THA,Thailand,2094,66025.209,High
19_THA,Thailand,2095,66023.84,High
19_THA,Thailand,2096,66030.639,High
19_THA,Thailand,2097,66045.1,High
19_THA,Thailand,2098,66068.486,High
19_THA,Thailand,2099,66098.861,High
19_THA,Thailand,2100,66136.593,High
20_USA,United States of America,1990,251834.166,High
20_USA,United States of America,1991,254912.608,High
20_USA,United States of America,1992,258030.237,High
20_USA,United States of America,1993,261181.802,High
20_USA,United States of America,1994,264084.66,High
20_USA,United States of America,1995,266864.96,High
20_USA,United States of America,1996,269546.629,High
20_USA,United States of America,1997,272174.763,High
20_USA,United States of America,1998,274761.262,High
20_USA,United States of America,1999,277477.403,High
20_USA,United States of America,2000,280093.565,High
20_USA,United States of America,2001,282874.696,High
20_USA,United States of America,2002,285684.581,High
20_USA,United States of America,2003,288484.095,High
20_USA,United States of America,2004,291332.104,High
20_USA,United States of America,2005,294240.403,High
20_USA,United States of America,2006,297192.924,High
20_USA,United States of America,2007,300267.495,High
20_USA,United States of America,2008,303420.956,High
20_USA,United States of America,2009,306519.709,High
20_USA,United States of America,2010,309527.2,High
20_USA,United States of America,2011,312598.38,High
20_USA,United States of America,2012,315611.776,High
20_USA,United States of America,2013,318618.933,High
20_USA,United States of America,2014,321602.585,High
20_USA,United States of America,2015,324628.169,High
20_USA,United States of America,2016,327624.824,High
20_USA,United States of America,2017,330734.029,High
20_USA,United States of America,2018,333675.29,High
20_USA,United States of America,2019,336437.705,High
20_USA,United States of America,2020,339142.428,High
20_USA,United States of America,2021,339729.889,High
20_USA,United States of America,2022,340592.993,High
20_USA,United States of America,2023,342475.098,High
20_USA,United States of America,2024,344479.572,High
20_USA,United States of America,2025,346934.402,High
20_USA,United States of America,2026,349300.318,High
20_USA,United States of America,2027,351577.725,High
20_USA,United States of America,2028,353812.396,High
20_USA,United States of America,2029,356058.523,High
20_USA,United States of America,2030,358578.265,High
20_USA,United States of America,2031,361076.349,High
20_USA,United States of America,2032,363548.035,High
20_USA,United States of America,2033,366000.86,High
20_USA,United States of America,2034,368432.106,High
20_USA,United States of America,2035,371090.862,High
20_USA,United States of America,2036,373712.276,High
20_USA,United States of America,2037,376308.439,High
20_USA,United States of America,2038,378886.612,High
20_USA,United States of America,2039,381448.067,High
20_USA,United States of America,2040,383946.363,High
20_USA,United States of America,2041,386408.488,High
20_USA,United States of America,2042,388827.71,High
20_USA,United States of America,2043,391246.223,High
20_USA,United States of America,2044,393594.504,High
20_USA,United States of America,2045,395889.801,High
20_USA,United States of America,2046,398150.686,High
20_USA,United States of America,2047,400359.969,High
20_USA,United States of America,2048,402563.431,High
20_USA,United States of America,2049,404718.214,High
20_USA,United States of America,2050,406868.424,High
20_USA,United States of America,2051,409017.95,High
20_USA,United States of America,2052,411182.678,High
20_USA,United States of America,2053,413343.718,High
20_USA,United States of America,2054,415544.967,High
20_USA,United States of America,2055,417735.927,High
20_USA,United States of America,2056,419959.979,High
20_USA,United States of America,2057,422259.081,High
20_USA,United States of America,2058,424670.867,High
20_USA,United States of America,2059,427187.68,High
20_USA,United States of America,2060,429754.615,High
20_USA,United States of America,2061,432381.011,High
20_USA,United States of America,2062,435127.894,High
20_USA,United States of America,2063,437957.892,High
20_USA,United States of America,2064,440864.44,High
20_USA,United States of America,2065,443816.209,High
20_USA,United States of America,2066,446853.482,High
20_USA,United States of America,2067,449972.802,High
20_USA,United States of America,2068,453163.622,High
20_USA,United States of America,2069,456381.171,High
20_USA,United States of America,2070,459660.336,High
20_USA,United States of America,2071,462925.158,High
20_USA,United States of America,2072,466247.205,High
20_USA,United States of America,2073,469526.986,High
20_USA,United States of America,2074,472829.721,High
20_USA,United States of America,2075,476114.288,High
20_USA,United States of America,2076,479460.07,High
20_USA,United States of America,2077,482765.672,High
20_USA,United States of America,2078,486048.366,High
20_USA,United States of America,2079,489334.234,High
20_USA,United States of America,2080,492584.967,High
20_USA,United States of America,2081,495826.71,High
20_USA,United States of America,2082,499173.831,High
20_USA,United States of America,2083,502471.486,High
20_USA,United States of America,2084,505787.781,High
20_USA,United States of America,2085,509123.274,High
20_USA,United States of America,2086,512435.384,High
20_USA,United States of America,2087,515839.067,High
20_USA,United States of America,2088,519289.072,High
20_USA,United States of America,2089,522834.366,High
20_USA,United States of America,2090,526402.871,High
20_USA,United States of America,2091,530002.32,High
20_USA,United States of America,2092,533679.175,High
20_USA,United States of America,2093,537413.613,High
20_USA,United States of America,2094,541180.882,High
20_USA,United States of America,2095,545015.43,High
20_USA,United States of America,2096,548878.835,High
20_USA,United States of America,2097,552738.651,High
20_USA,United States of America,2098,556655.115,High
20_USA,United States of America,2099,560556.448,High
20_USA,United States of America,2100,564504.207,High
21_VN,Viet Nam,1990,64808.586,High
21_VN,Viet Nam,1991,66200.519,High
21_VN,Viet Nam,1992,67583.031,High
21_VN,Viet Nam,1993,68937.644,High
21_VN,Viet Nam,1994,70235.124,High
21_VN,Viet Nam,1995,71473.658,High
21_VN,Viet Nam,1996,72626.222,High
21_VN,Viet Nam,1997,73686.671,High
21_VN,Viet Nam,1998,74767.106,High
21_VN,Viet Nam,1999,75832.215,High
21_VN,Viet Nam,2000,76742.689,High
21_VN,Viet Nam,2001,77565.332,High
21_VN,Viet Nam,2002,78373.39,High
21_VN,Viet Nam,2003,79171.058,High
21_VN,Viet Nam,2004,79956.496,High
21_VN,Viet Nam,2005,80721.447,High
21_VN,Viet Nam,2006,81455.179,High
21_VN,Viet Nam,2007,82880.614,High
21_VN,Viet Nam,2008,84386.137,High
21_VN,Viet Nam,2009,85965.438,High
21_VN,Viet Nam,2010,86954.597,High
21_VN,Viet Nam,2011,87955.706,High
21_VN,Viet Nam,2012,88980.922,High
21_VN,Viet Nam,2013,90039.789,High
21_VN,Viet Nam,2014,91106.419,High
21_VN,Viet Nam,2015,92252.737,High
21_VN,Viet Nam,2016,93393.771,High
21_VN,Viet Nam,2017,94606.462,High
21_VN,Viet Nam,2018,95747.492,High
21_VN,Viet Nam,2019,96727.147,High
21_VN,Viet Nam,2020,97620.404,High
21_VN,Viet Nam,2021,98537.978,High
21_VN,Viet Nam,2022,99332.219,High
21_VN,Viet Nam,2023,100029.091,High
21_VN,Viet Nam,2024,100675.292,High
21_VN,Viet Nam,2025,101476.526,High
21_VN,Viet Nam,2026,102247.543,High
21_VN,Viet Nam,2027,102980.954,High
21_VN,Viet Nam,2028,103691.424,High
21_VN,Viet Nam,2029,104380.174,High
21_VN,Viet Nam,2030,105146.541,High
21_VN,Viet Nam,2031,105914.837,High
21_VN,Viet Nam,2032,106662.291,High
21_VN,Viet Nam,2033,107402.374,High
21_VN,Viet Nam,2034,108126.996,High
21_VN,Viet Nam,2035,108923.344,High
21_VN,Viet Nam,2036,109709.975,High
21_VN,Viet Nam,2037,110477.326,High
21_VN,Viet Nam,2038,111239.444,High
21_VN,Viet Nam,2039,111981.906,High
21_VN,Viet Nam,2040,112705.18,High
21_VN,Viet Nam,2041,113397.032,High
21_VN,Viet Nam,2042,114069.855,High
21_VN,Viet Nam,2043,114709.76,High
21_VN,Viet Nam,2044,115313.181,High
21_VN,Viet Nam,2045,115880.18,High
21_VN,Viet Nam,2046,116420.895,High
21_VN,Viet Nam,2047,116923.18,High
21_VN,Viet Nam,2048,117396.581,High
21_VN,Viet Nam,2049,117836.534,High
21_VN,Viet Nam,2050,118248.681,High
21_VN,Viet Nam,2051,118643.564,High
21_VN,Viet Nam,2052,119006.145,High
21_VN,Viet Nam,2053,119354.208,High
21_VN,Viet Nam,2054,119692.624,High
21_VN,Viet Nam,2055,120018.637,High
21_VN,Viet Nam,2056,120338.989,High
21_VN,Viet Nam,2057,120662.668,High
21_VN,Viet Nam,2058,120979.489,High
21_VN,Viet Nam,2059,121290.267,High
21_VN,Viet Nam,2060,121606.167,High
21_VN,Viet Nam,2061,121932.422,High
21_VN,Viet Nam,2062,122257.469,High
21_VN,Viet Nam,2063,122579.941,High
21_VN,Viet Nam,2064,122904.954,High
21_VN,Viet Nam,2065,123233.626,High
21_VN,Viet Nam,2066,123557.404,High
21_VN,Viet Nam,2067,123872.783,High
21_VN,Viet Nam,2068,124187.022,High
21_VN,Viet Nam,2069,124503.712,High
21_VN,Viet Nam,2070,124817.187,High
21_VN,Viet Nam,2071,125116.413,High
21_VN,Viet Nam,2072,125413.672,High
21_VN,Viet Nam,2073,125695.816,High
21_VN,Viet Nam,2074,125971.843,High
21_VN,Viet Nam,2075,126247.099,High
21_VN,Viet Nam,2076,126517.038,High
21_VN,Viet Nam,2077,126786.577,High
21_VN,Viet Nam,2078,127044.298,High
21_VN,Viet Nam,2079,127307.704,High
21_VN,Viet Nam,2080,127566.092,High
21_VN,Viet Nam,2081,127831.0,High
21_VN,Viet Nam,2082,128099.202,High
21_VN,Viet Nam,2083,128374.713,High
21_VN,Viet Nam,2084,128665.812,High
21_VN,Viet Nam,2085,128974.261,High
21_VN,Viet Nam,2086,129294.465,High
21_VN,Viet Nam,2087,129622.473,High
21_VN,Viet Nam,2088,129960.331,High
21_VN,Viet Nam,2089,130316.338,High
21_VN,Viet Nam,2090,130680.563,High
21_VN,Viet Nam,2091,131052.737,High
21_VN,Viet Nam,2092,131438.916,High
21_VN,Viet Nam,2093,131836.872,High
21_VN,Viet Nam,2094,132240.338,High
21_VN,Viet Nam,2095,132653.306,High
21_VN,Viet Nam,2096,133068.889,High
21_VN,Viet Nam,2097,133478.093,High
21_VN,Viet Nam,2098,133891.503,High
21_VN,Viet Nam,2099,134293.468,High
21_VN,Viet Nam,2100,134693.978,High
