economy_code,economy,variable,year,value,percent,source
01_AUS,Australia,"Gross domestic product per capita, constant prices",1980,30802.189,,IMF
01_AUS,Australia,"Gross domestic product per capita, constant prices",1981,31567.091,0.02483271562290601,IMF
01_AUS,Australia,"Gross domestic product per capita, constant prices",1982,31070.984,-0.015715955581716456,IMF
01_AUS,Australia,"Gross domestic product per capita, constant prices",1983,30535.176,-0.017244642139431443,IMF
01_AUS,Australia,"Gross domestic product per capita, constant prices",1984,32071.528,0.050314168813043736,IMF
01_AUS,Australia,"Gross domestic product per capita, constant prices",1985,33346.539,0.03975523087019739,IMF
01_AUS,Australia,"Gross domestic product per capita, constant prices",1986,33658.66,0.0093599218797491,IMF
01_AUS,Australia,"Gross domestic product per capita, constant prices",1987,34754.441,0.03255569294796623,IMF
01_AUS,Australia,"Gross domestic product per capita, constant prices",1988,35597.662,0.024262251837110504,IMF
01_AUS,Australia,"Gross domestic product per capita, constant prices",1989,36697.118,0.03088562389294003,IMF
01_AUS,Australia,"Gross domestic product per capita, constant prices",1990,36736.918,0.0010845538333554838,IMF
01_AUS,Australia,"Gross domestic product per capita, constant prices",1991,35936.873,-0.021777684235786965,IMF
01_AUS,Australia,"Gross domestic product per capita, constant prices",1992,36497.835,0.015609649732184483,IMF
01_AUS,Australia,"Gross domestic product per capita, constant prices",1993,37581.184,0.029682555143339284,IMF
01_AUS,Australia,"Gross domestic product per capita, constant prices",1994,39029.571,0.03854021735983637,IMF
01_AUS,Australia,"Gross domestic product per capita, constant prices",1995,39682.821,0.01673730925712702,IMF
01_AUS,Australia,"Gross domestic product per capita, constant prices",1996,40783.883,0.02774656569904632,IMF
01_AUS,Australia,"Gross domestic product per capita, constant prices",1997,42295.124,0.03705485816541798,IMF
01_AUS,Australia,"Gross domestic product per capita, constant prices",1998,43814.647,0.035926670885277234,IMF
01_AUS,Australia,"Gross domestic product per capita, constant prices",1999,45234.949,0.03241614613487598,IMF
01_AUS,Australia,"Gross domestic product per capita, constant prices",2000,46100.477,0.019134054953836577,IMF
01_AUS,Australia,"Gross domestic product per capita, constant prices",2001,46692.792,0.012848348619039385,IMF
01_AUS,Australia,"Gross domestic product per capita, constant prices",2002,48086.175,0.029841501017972893,IMF
01_AUS,Australia,"Gross domestic product per capita, constant prices",2003,48983.439,0.018659500365749482,IMF
01_AUS,Australia,"Gross domestic product per capita, constant prices",2004,50436.483,0.02966398500521783,IMF
01_AUS,Australia,"Gross domestic product per capita, constant prices",2005,51290.522,0.016932961007610325,IMF
01_AUS,Australia,"Gross domestic product per capita, constant prices",2006,51836.183,0.010638632221368294,IMF
01_AUS,Australia,"Gross domestic product per capita, constant prices",2007,53094.676,0.024278272958485392,IMF
01_AUS,Australia,"Gross domestic product per capita, constant prices",2008,53342.822,0.004673651271551282,IMF
01_AUS,Australia,"Gross domestic product per capita, constant prices",2009,53427.136,0.0015806062903833684,IMF
01_AUS,Australia,"Gross domestic product per capita, constant prices",2010,53967.245,0.010109263577220418,IMF
01_AUS,Australia,"Gross domestic product per capita, constant prices",2011,54590.585,0.01155033946980244,IMF
01_AUS,Australia,"Gross domestic product per capita, constant prices",2012,55702.019,0.02035944476506346,IMF
01_AUS,Australia,"Gross domestic product per capita, constant prices",2013,56047.797,0.006207638541791516,IMF
01_AUS,Australia,"Gross domestic product per capita, constant prices",2014,56648.962,0.010725934509076218,IMF
01_AUS,Australia,"Gross domestic product per capita, constant prices",2015,57131.353,0.00851544287784134,IMF
01_AUS,Australia,"Gross domestic product per capita, constant prices",2016,57712.184,0.010166589263166825,IMF
01_AUS,Australia,"Gross domestic product per capita, constant prices",2017,58197.531,0.0084097839721331,IMF
01_AUS,Australia,"Gross domestic product per capita, constant prices",2018,58899.514,0.012062075279447804,IMF
01_AUS,Australia,"Gross domestic product per capita, constant prices",2019,59181.233,0.004783044559586669,IMF
01_AUS,Australia,"Gross domestic product per capita, constant prices",2020,57722.937,-0.02464118988531383,IMF
01_AUS,Australia,"Gross domestic product per capita, constant prices",2021,60478.221,0.047732914213980404,IMF
01_AUS,Australia,"Gross domestic product per capita, constant prices",2022,61714.638,0.020444004131669136,IMF
01_AUS,Australia,"Gross domestic product per capita, constant prices",2023,61544.286,-0.00276031757652051,IMF
01_AUS,Australia,"Gross domestic product per capita, constant prices",2024,61183.106,-0.0058686195498312,IMF
01_AUS,Australia,"Gross domestic product per capita, constant prices",2025,61618.798,0.007121116080638368,IMF
01_AUS,Australia,"Gross domestic product per capita, constant prices",2026,62080.446,0.007491999438223429,IMF
01_AUS,Australia,"Gross domestic product per capita, constant prices",2027,62385.671,0.004916604497332333,IMF
01_AUS,Australia,"Gross domestic product per capita, constant prices",2028,62789.615,0.0064749483899915194,IMF
01_AUS,Australia,"Gross domestic product per capita, constant prices",2029,63321.459,0.008470254197290528,IMF
01_AUS,Australia,"Gross domestic product per capita, constant prices",2030,63984.048,0.010463893448822814,IMF
01_AUS,Australia,"Gross domestic product per capita, constant prices",2031,64695.349,0.011116848999613183,IMF
01_AUS,Australia,Gross national savings,1980,21.709,,IMF
01_AUS,Australia,Gross national savings,1981,20.854,-0.039384587037634144,IMF
01_AUS,Australia,Gross national savings,1982,18.743,-0.10122758223841954,IMF
01_AUS,Australia,Gross national savings,1983,16.927,-0.09688950541535502,IMF
01_AUS,Australia,Gross national savings,1984,20.118,0.18851538961422576,IMF
01_AUS,Australia,Gross national savings,1985,18.318,-0.08947211452430648,IMF
01_AUS,Australia,Gross national savings,1986,17.597,-0.03936019216071629,IMF
01_AUS,Australia,Gross national savings,1987,20.155,0.1453656873330682,IMF
01_AUS,Australia,Gross national savings,1988,25.215,0.2510543289506326,IMF
01_AUS,Australia,Gross national savings,1989,25.326,0.004402141582391383,IMF
01_AUS,Australia,Gross national savings,1990,22.946,-0.09397457158651179,IMF
01_AUS,Australia,Gross national savings,1991,18.315,-0.20182166826462133,IMF
01_AUS,Australia,Gross national savings,1992,19.228,0.04984984984984986,IMF
01_AUS,Australia,Gross national savings,1993,21.066,0.09558976492614923,IMF
01_AUS,Australia,Gross national savings,1994,21.564,0.023639988607234486,IMF
01_AUS,Australia,Gross national savings,1995,20.548,-0.04711556297532937,IMF
01_AUS,Australia,Gross national savings,1996,21.393,0.04112322367140364,IMF
01_AUS,Australia,Gross national savings,1997,21.716,0.015098396671808567,IMF
01_AUS,Australia,Gross national savings,1998,21.508,-0.009578191195432018,IMF
01_AUS,Australia,Gross national savings,1999,20.51,-0.04640133903663746,IMF
01_AUS,Australia,Gross national savings,2000,21.165,0.03193564115065817,IMF
01_AUS,Australia,Gross national savings,2001,21.099,-0.003118355776045356,IMF
01_AUS,Australia,Gross national savings,2002,21.428,0.015593156073747672,IMF
01_AUS,Australia,Gross national savings,2003,21.417,-0.0005133470225872072,IMF
01_AUS,Australia,Gross national savings,2004,20.964,-0.021151421767754752,IMF
01_AUS,Australia,Gross national savings,2005,21.656,0.03300896775424533,IMF
01_AUS,Australia,Gross national savings,2006,21.096,-0.025858884373845537,IMF
01_AUS,Australia,Gross national savings,2007,21.196,0.004740235115661795,IMF
01_AUS,Australia,Gross national savings,2008,23.944,0.12964710322702389,IMF
01_AUS,Australia,Gross national savings,2009,22.053,-0.07897594386902762,IMF
01_AUS,Australia,Gross national savings,2010,22.967,0.04144560830725963,IMF
01_AUS,Australia,Gross national savings,2011,23.743,0.03378760830757166,IMF
01_AUS,Australia,Gross national savings,2012,23.674,-0.0029061196984373483,IMF
01_AUS,Australia,Gross national savings,2013,23.692,0.0007603277857566315,IMF
01_AUS,Australia,Gross national savings,2014,23.105,-0.02477629579604934,IMF
01_AUS,Australia,Gross national savings,2015,21.499,-0.0695087643367237,IMF
01_AUS,Australia,Gross national savings,2016,20.655,-0.03925763989022735,IMF
01_AUS,Australia,Gross national savings,2017,21.698,0.05049624788186868,IMF
01_AUS,Australia,Gross national savings,2018,21.558,-0.006452207576735258,IMF
01_AUS,Australia,Gross national savings,2019,22.614,0.048984135819649444,IMF
01_AUS,Australia,Gross national savings,2020,24.105,0.06593260811886448,IMF
01_AUS,Australia,Gross national savings,2021,25.68,0.06533914125700058,IMF
01_AUS,Australia,Gross national savings,2022,24.35,-0.051791277258566915,IMF
01_AUS,Australia,Gross national savings,2023,23.336,-0.04164271047227941,IMF
01_AUS,Australia,Gross national savings,2024,22.381,-0.04092389441206712,IMF
01_AUS,Australia,Gross national savings,2025,22.032,-0.015593583843438674,IMF
01_AUS,Australia,Gross national savings,2026,22.113,0.003676470588235281,IMF
01_AUS,Australia,Gross national savings,2027,22.334,0.009994121105232123,IMF
01_AUS,Australia,Gross national savings,2028,22.454,0.005372973941076387,IMF
01_AUS,Australia,Gross national savings,2029,22.58,0.005611472343457713,IMF
01_AUS,Australia,Gross national savings,2030,22.604,0.0010628875110718639,IMF
01_AUS,Australia,Gross national savings,2031,22.626,0.000973279065652255,IMF
01_AUS,Australia,Population,1980,14.802,,IMF
01_AUS,Australia,Population,1981,15.039,0.016011349817592224,IMF
01_AUS,Australia,Population,1982,15.289,0.016623445707826257,IMF
01_AUS,Australia,Population,1983,15.483,0.012688861272810659,IMF
01_AUS,Australia,Population,1984,15.677,0.012529871471936849,IMF
01_AUS,Australia,Population,1985,15.901,0.014288448044906588,IMF
01_AUS,Australia,Population,1986,16.139,0.014967612099867855,IMF
01_AUS,Australia,Population,1987,16.395,0.015862197162153757,IMF
01_AUS,Australia,Population,1988,16.687,0.01781030802073813,IMF
01_AUS,Australia,Population,1989,16.937,0.014981722298795574,IMF
01_AUS,Australia,Population,1990,17.17,0.013756863671252395,IMF
01_AUS,Australia,Population,1991,17.379,0.01217239370995915,IMF
01_AUS,Australia,Population,1992,17.557,0.010242246389320364,IMF
01_AUS,Australia,Population,1993,17.719,0.009227088910406245,IMF
01_AUS,Australia,Population,1994,17.893,0.009819967266775809,IMF
01_AUS,Australia,Population,1995,18.12,0.012686525456882647,IMF
01_AUS,Australia,Population,1996,18.33,0.011589403973509826,IMF
01_AUS,Australia,Population,1997,18.51,0.00981996726677603,IMF
01_AUS,Australia,Population,1998,18.706,0.010588870880605006,IMF
01_AUS,Australia,Population,1999,18.919,0.011386720838233666,IMF
01_AUS,Australia,Population,2000,19.141,0.011734235424705197,IMF
01_AUS,Australia,Population,2001,19.386,0.012799749229402968,IMF
01_AUS,Australia,Population,2002,19.605,0.011296812132466805,IMF
01_AUS,Australia,Population,2003,19.827,0.011323641928079553,IMF
01_AUS,Australia,Population,2004,20.046,0.0110455439552124,IMF
01_AUS,Australia,Population,2005,20.312,0.01326948019555041,IMF
01_AUS,Australia,Population,2006,20.628,0.015557306025994366,IMF
01_AUS,Australia,Population,2007,21.016,0.018809385301531867,IMF
01_AUS,Australia,Population,2008,21.476,0.02188808526836694,IMF
01_AUS,Australia,Population,2009,21.866,0.018159806295399594,IMF
01_AUS,Australia,Population,2010,22.172,0.013994329095399216,IMF
01_AUS,Australia,Population,2011,22.522,0.015785675626916795,IMF
01_AUS,Australia,Population,2012,22.928,0.018026818222182772,IMF
01_AUS,Australia,Population,2013,23.298,0.016137473831123295,IMF
01_AUS,Australia,Population,2014,23.64,0.014679371619881643,IMF
01_AUS,Australia,Population,2015,23.985,0.014593908629441543,IMF
01_AUS,Australia,Population,2016,24.385,0.01667708984782168,IMF
01_AUS,Australia,Population,2017,24.759,0.015337297518966508,IMF
01_AUS,Australia,Population,2018,25.146,0.015630679752817178,IMF
01_AUS,Australia,Population,2019,25.52,0.014873140857392775,IMF
01_AUS,Australia,Population,2020,25.631,0.004349529780564243,IMF
01_AUS,Australia,Population,2021,25.774,0.005579181459950844,IMF
01_AUS,Australia,Population,2022,26.32,0.021184139054861495,IMF
01_AUS,Australia,Population,2023,26.957,0.024202127659574524,IMF
01_AUS,Australia,Population,2024,27.388,0.01598842601179662,IMF
01_AUS,Australia,Population,2025,27.73,0.012487220680589939,IMF
01_AUS,Australia,Population,2026,28.077,0.01251352326000732,IMF
01_AUS,Australia,Population,2027,28.414,0.01200270684189908,IMF
01_AUS,Australia,Population,2028,28.755,0.012001126205391621,IMF
01_AUS,Australia,Population,2029,29.1,0.011997913406364136,IMF
01_AUS,Australia,Population,2030,29.449,0.011993127147766236,IMF
01_AUS,Australia,Population,2031,29.803,0.0120207816903799,IMF
01_AUS,Australia,Real GDP PPP 2021 USD,1980,455934.00157799997,,IMF
01_AUS,Australia,Real GDP PPP 2021 USD,1981,474737.481549,0.041241670737257374,IMF
01_AUS,Australia,Real GDP PPP 2021 USD,1982,475044.274376,0.0006462367917505762,IMF
01_AUS,Australia,Real GDP PPP 2021 USD,1983,472776.130008,-0.004774595738427423,IMF
01_AUS,Australia,Real GDP PPP 2021 USD,1984,502785.34445599996,0.06347447035342535,IMF
01_AUS,Australia,Real GDP PPP 2021 USD,1985,530243.316639,0.05461171946590593,IMF
01_AUS,Australia,Real GDP PPP 2021 USD,1986,543217.1137400001,0.024467629659598256,IMF
01_AUS,Australia,Real GDP PPP 2021 USD,1987,569799.0601949999,0.04893429493041124,IMF
01_AUS,Australia,Real GDP PPP 2021 USD,1988,594018.1857939999,0.04250467803634428,IMF
01_AUS,Australia,Real GDP PPP 2021 USD,1989,621539.0875660001,0.0463300660319248,IMF
01_AUS,Australia,Real GDP PPP 2021 USD,1990,630772.88206,0.014856337563837307,IMF
01_AUS,Australia,Real GDP PPP 2021 USD,1991,624546.915867,-0.009870377072436876,IMF
01_AUS,Australia,Real GDP PPP 2021 USD,1992,640792.489095,0.026011774000112897,IMF
01_AUS,Australia,Real GDP PPP 2021 USD,1993,665900.9992960001,0.039183527629141235,IMF
01_AUS,Australia,Real GDP PPP 2021 USD,1994,698356.1139030001,0.04873864829954,IMF
01_AUS,Australia,Real GDP PPP 2021 USD,1995,719052.7165200001,0.029636173013980027,IMF
01_AUS,Australia,Real GDP PPP 2021 USD,1996,747568.57539,0.039657535831320034,IMF
01_AUS,Australia,Real GDP PPP 2021 USD,1997,782882.7452400001,0.04723870292645316,IMF
01_AUS,Australia,Real GDP PPP 2021 USD,1998,819596.786782,0.04689596464505663,IMF
01_AUS,Australia,Real GDP PPP 2021 USD,1999,855800.0001310001,0.044171980579798875,IMF
01_AUS,Australia,Real GDP PPP 2021 USD,2000,882409.2302569998,0.031092813883999426,IMF
01_AUS,Australia,Real GDP PPP 2021 USD,2001,905186.465712,0.025812553488777867,IMF
01_AUS,Australia,Real GDP PPP 2021 USD,2002,942729.4608750001,0.041475426981190555,IMF
01_AUS,Australia,Real GDP PPP 2021 USD,2003,971194.6450530001,0.030194435794527852,IMF
01_AUS,Australia,Real GDP PPP 2021 USD,2004,1011049.7382179999,0.04103718381069221,IMF
01_AUS,Australia,Real GDP PPP 2021 USD,2005,1041813.082864,0.03042713279390319,IMF
01_AUS,Australia,Real GDP PPP 2021 USD,2006,1069276.782924,0.026361446704528557,IMF
01_AUS,Australia,Real GDP PPP 2021 USD,2007,1115837.710816,0.043544317650549225,IMF
01_AUS,Australia,Real GDP PPP 2021 USD,2008,1145590.445272,0.026664033817464627,IMF
01_AUS,Australia,Real GDP PPP 2021 USD,2009,1168237.755776,0.01976911608984544,IMF
01_AUS,Australia,Real GDP PPP 2021 USD,2010,1196561.7561400002,0.024245065034031565,IMF
01_AUS,Australia,Real GDP PPP 2021 USD,2011,1229489.1553699998,0.02751834500896999,IMF
01_AUS,Australia,Real GDP PPP 2021 USD,2012,1277135.891632,0.03875327899713077,IMF
01_AUS,Australia,Real GDP PPP 2021 USD,2013,1305801.574506,0.022445287977436168,IMF
01_AUS,Australia,Real GDP PPP 2021 USD,2014,1339181.46168,0.02556275610758707,IMF
01_AUS,Australia,Real GDP PPP 2021 USD,2015,1370295.501705,0.023233625102581312,IMF
01_AUS,Australia,Real GDP PPP 2021 USD,2016,1407311.60684,0.027013228233576214,IMF
01_AUS,Australia,Real GDP PPP 2021 USD,2017,1440912.6700290001,0.02387606484995075,IMF
01_AUS,Australia,Real GDP PPP 2021 USD,2018,1481087.179044,0.0278812934681123,IMF
01_AUS,Australia,Real GDP PPP 2021 USD,2019,1510305.06616,0.019727324312441397,IMF
01_AUS,Australia,Real GDP PPP 2021 USD,2020,1479496.598247,-0.020398837693984206,IMF
01_AUS,Australia,Real GDP PPP 2021 USD,2021,1558765.668054,0.05357840626394328,IMF
01_AUS,Australia,Real GDP PPP 2021 USD,2022,1624329.27216,0.04206123181289412,IMF
01_AUS,Australia,Real GDP PPP 2021 USD,2023,1659049.317702,0.021375004524686103,IMF
01_AUS,Australia,Real GDP PPP 2021 USD,2024,1675682.9071280002,0.010025976472501696,IMF
01_AUS,Australia,Real GDP PPP 2021 USD,2025,1708689.26854,0.019697259709219317,IMF
01_AUS,Australia,Real GDP PPP 2021 USD,2026,1743032.6823420003,0.020099274007464807,IMF
01_AUS,Australia,Real GDP PPP 2021 USD,2027,1772626.455794,0.01697832390167031,IMF
01_AUS,Australia,Real GDP PPP 2021 USD,2028,1805515.3793249999,0.018553781268184855,IMF
01_AUS,Australia,Real GDP PPP 2021 USD,2029,1842654.4569,0.02056979298004369,IMF
01_AUS,Australia,Real GDP PPP 2021 USD,2030,1884266.229552,0.02258251540118139,IMF
01_AUS,Australia,Real GDP PPP 2021 USD,2031,1928115.486247,0.023271263904902417,IMF
01_AUS,Australia,Total investment,1980,27.106,,IMF
01_AUS,Australia,Total investment,1981,28.862,0.06478270493617644,IMF
01_AUS,Australia,Total investment,1982,26.47,-0.08287713949137276,IMF
01_AUS,Australia,Total investment,1983,23.034,-0.12980732905175674,IMF
01_AUS,Australia,Total investment,1984,26.701,0.15919944429973087,IMF
01_AUS,Australia,Total investment,1985,27.21,0.019062956443578916,IMF
01_AUS,Australia,Total investment,1986,25.525,-0.06192576258728422,IMF
01_AUS,Australia,Total investment,1987,26.362,0.03279138099902057,IMF
01_AUS,Australia,Total investment,1988,28.802,0.09255746908428808,IMF
01_AUS,Australia,Total investment,1989,30.112,0.045482952572738045,IMF
01_AUS,Australia,Total investment,1990,26.358,-0.1246679064824654,IMF
01_AUS,Australia,Total investment,1991,22.727,-0.1377570377115107,IMF
01_AUS,Australia,Total investment,1992,22.691,-0.0015840190082281325,IMF
01_AUS,Australia,Total investment,1993,23.885,0.05261998149045888,IMF
01_AUS,Australia,Total investment,1994,25.843,0.08197613564998951,IMF
01_AUS,Australia,Total investment,1995,25.156,-0.026583600975119026,IMF
01_AUS,Australia,Total investment,1996,24.745,-0.01633805056447757,IMF
01_AUS,Australia,Total investment,1997,24.715,-0.001212366134572651,IMF
01_AUS,Australia,Total investment,1998,26.245,0.06190572526805593,IMF
01_AUS,Australia,Total investment,1999,26.248,0.00011430748714036376,IMF
01_AUS,Australia,Total investment,2000,24.899,-0.05139439195367268,IMF
01_AUS,Australia,Total investment,2001,23.416,-0.059560624924695826,IMF
01_AUS,Australia,Total investment,2002,25.176,0.07516228220020493,IMF
01_AUS,Australia,Total investment,2003,26.707,0.06081188433428664,IMF
01_AUS,Australia,Total investment,2004,27.171,0.01737372224510425,IMF
01_AUS,Australia,Total investment,2005,27.787,0.022671230355894245,IMF
01_AUS,Australia,Total investment,2006,27.036,-0.027027027027026973,IMF
01_AUS,Australia,Total investment,2007,28.14,0.04083444296493566,IMF
01_AUS,Australia,Total investment,2008,28.256,0.004122245913290579,IMF
01_AUS,Australia,Total investment,2009,26.842,-0.05004246885617214,IMF
01_AUS,Australia,Total investment,2010,26.228,-0.02287459950823323,IMF
01_AUS,Australia,Total investment,2011,26.757,0.02016928473387214,IMF
01_AUS,Australia,Total investment,2012,28.343,0.059274208618305346,IMF
01_AUS,Australia,Total investment,2013,26.967,-0.048548142398475824,IMF
01_AUS,Australia,Total investment,2014,26.336,-0.023398969110394185,IMF
01_AUS,Australia,Total investment,2015,25.811,-0.01993469015795868,IMF
01_AUS,Australia,Total investment,2016,24.641,-0.0453295106737438,IMF
01_AUS,Australia,Total investment,2017,24.28,-0.01465037944888592,IMF
01_AUS,Australia,Total investment,2018,24.202,-0.0032125205930807477,IMF
01_AUS,Australia,Total investment,2019,22.606,-0.0659449632261796,IMF
01_AUS,Australia,Total investment,2020,22.414,-0.008493320357427225,IMF
01_AUS,Australia,Total investment,2021,23.43,0.04532881234942443,IMF
01_AUS,Australia,Total investment,2022,23.843,0.017626973965002124,IMF
01_AUS,Australia,Total investment,2023,23.93,0.0036488696892169603,IMF
01_AUS,Australia,Total investment,2024,24.506,0.024070204763894765,IMF
01_AUS,Australia,Total investment,2025,24.586,0.0032645066514322973,IMF
01_AUS,Australia,Total investment,2026,24.426,-0.006507768648824519,IMF
01_AUS,Australia,Total investment,2027,24.577,0.006181937279947647,IMF
01_AUS,Australia,Total investment,2028,24.77,0.007852870570045134,IMF
01_AUS,Australia,Total investment,2029,24.9,0.005248284214775856,IMF
01_AUS,Australia,Total investment,2030,24.975,0.003012048192771122,IMF
01_AUS,Australia,Total investment,2031,25.039,0.002562562562562487,IMF
02_BD,Brunei Darussalam,"Gross domestic product per capita, constant prices",1980,,,IMF
02_BD,Brunei Darussalam,"Gross domestic product per capita, constant prices",1981,,,IMF
02_BD,Brunei Darussalam,"Gross domestic product per capita, constant prices",1982,,,IMF
02_BD,Brunei Darussalam,"Gross domestic product per capita, constant prices",1983,,,IMF
02_BD,Brunei Darussalam,"Gross domestic product per capita, constant prices",1984,,,IMF
02_BD,Brunei Darussalam,"Gross domestic product per capita, constant prices",1985,109257.671,,IMF
02_BD,Brunei Darussalam,"Gross domestic product per capita, constant prices",1986,104224.177,-0.04606993681935623,IMF
02_BD,Brunei Darussalam,"Gross domestic product per capita, constant prices",1987,102907.627,-0.012631905934838983,IMF
02_BD,Brunei Darussalam,"Gross domestic product per capita, constant prices",1988,100761.506,-0.020854829350986814,IMF
02_BD,Brunei Darussalam,"Gross domestic product per capita, constant prices",1989,97696.087,-0.030422520679672993,IMF
02_BD,Brunei Darussalam,"Gross domestic product per capita, constant prices",1990,95993.246,-0.017429981612262502,IMF
02_BD,Brunei Darussalam,"Gross domestic product per capita, constant prices",1991,96321.162,0.00341603199875129,IMF
02_BD,Brunei Darussalam,"Gross domestic product per capita, constant prices",1992,98367.715,0.02124717930624631,IMF
02_BD,Brunei Darussalam,"Gross domestic product per capita, constant prices",1993,96394.541,-0.020059162703942035,IMF
02_BD,Brunei Darussalam,"Gross domestic product per capita, constant prices",1994,96738.373,0.003566923981722203,IMF
02_BD,Brunei Darussalam,"Gross domestic product per capita, constant prices",1995,98889.866,0.022240326493810247,IMF
02_BD,Brunei Darussalam,"Gross domestic product per capita, constant prices",1996,99248.961,0.0036312618726777046,IMF
02_BD,Brunei Darussalam,"Gross domestic product per capita, constant prices",1997,95455.131,-0.03822538756854088,IMF
02_BD,Brunei Darussalam,"Gross domestic product per capita, constant prices",1998,92529.787,-0.03064627295938649,IMF
02_BD,Brunei Darussalam,"Gross domestic product per capita, constant prices",1999,93127.311,0.006457639419401362,IMF
02_BD,Brunei Darussalam,"Gross domestic product per capita, constant prices",2000,100823.918,0.08264607790511636,IMF
02_BD,Brunei Darussalam,"Gross domestic product per capita, constant prices",2001,99829.675,-0.009861181946926534,IMF
02_BD,Brunei Darussalam,"Gross domestic product per capita, constant prices",2002,101570.137,0.01743431499701864,IMF
02_BD,Brunei Darussalam,"Gross domestic product per capita, constant prices",2003,103296.373,0.01699550725229404,IMF
02_BD,Brunei Darussalam,"Gross domestic product per capita, constant prices",2004,101672.635,-0.015719216007710313,IMF
02_BD,Brunei Darussalam,"Gross domestic product per capita, constant prices",2005,99910.358,-0.017332854607338577,IMF
02_BD,Brunei Darussalam,"Gross domestic product per capita, constant prices",2006,102293.079,0.02384858835157022,IMF
02_BD,Brunei Darussalam,"Gross domestic product per capita, constant prices",2007,96979.808,-0.051941647000380065,IMF
02_BD,Brunei Darussalam,"Gross domestic product per capita, constant prices",2008,91954.281,-0.05182034388024359,IMF
02_BD,Brunei Darussalam,"Gross domestic product per capita, constant prices",2009,88996.563,-0.032165092998769795,IMF
02_BD,Brunei Darussalam,"Gross domestic product per capita, constant prices",2010,89853.473,0.009628574083248687,IMF
02_BD,Brunei Darussalam,"Gross domestic product per capita, constant prices",2011,91660.574,0.020111643319563166,IMF
02_BD,Brunei Darussalam,"Gross domestic product per capita, constant prices",2012,91261.477,-0.004354074850109413,IMF
02_BD,Brunei Darussalam,"Gross domestic product per capita, constant prices",2013,88303.567,-0.03241137550294093,IMF
02_BD,Brunei Darussalam,"Gross domestic product per capita, constant prices",2014,85180.808,-0.03536390551471147,IMF
02_BD,Brunei Darussalam,"Gross domestic product per capita, constant prices",2015,83859.03,-0.015517321695281527,IMF
02_BD,Brunei Darussalam,"Gross domestic product per capita, constant prices",2016,80829.311,-0.036128715059069894,IMF
02_BD,Brunei Darussalam,"Gross domestic product per capita, constant prices",2017,80146.923,-0.0084423334995396,IMF
02_BD,Brunei Darussalam,"Gross domestic product per capita, constant prices",2018,78315.494,-0.022850895972637564,IMF
02_BD,Brunei Darussalam,"Gross domestic product per capita, constant prices",2019,78748.117,0.005524104846992284,IMF
02_BD,Brunei Darussalam,"Gross domestic product per capita, constant prices",2020,81299.218,0.032395707950705566,IMF
02_BD,Brunei Darussalam,"Gross domestic product per capita, constant prices",2021,80202.908,-0.01348487755441874,IMF
02_BD,Brunei Darussalam,"Gross domestic product per capita, constant prices",2022,78067.052,-0.026630655337335107,IMF
02_BD,Brunei Darussalam,"Gross domestic product per capita, constant prices",2023,78053.624,-0.000172005982754464,IMF
02_BD,Brunei Darussalam,"Gross domestic product per capita, constant prices",2024,80325.25,0.029103402040628,IMF
02_BD,Brunei Darussalam,"Gross domestic product per capita, constant prices",2025,80068.915,-0.003191213223737277,IMF
02_BD,Brunei Darussalam,"Gross domestic product per capita, constant prices",2026,81266.796,0.014960624856725113,IMF
02_BD,Brunei Darussalam,"Gross domestic product per capita, constant prices",2027,82549.924,0.015789080696622992,IMF
02_BD,Brunei Darussalam,"Gross domestic product per capita, constant prices",2028,83722.251,0.014201430397440484,IMF
02_BD,Brunei Darussalam,"Gross domestic product per capita, constant prices",2029,85003.502,0.015303589962004205,IMF
02_BD,Brunei Darussalam,"Gross domestic product per capita, constant prices",2030,86614.5,0.01895213681902197,IMF
02_BD,Brunei Darussalam,"Gross domestic product per capita, constant prices",2031,88198.49,0.018287815550514175,IMF
02_BD,Brunei Darussalam,Gross national savings,1980,,,IMF
02_BD,Brunei Darussalam,Gross national savings,1981,,,IMF
02_BD,Brunei Darussalam,Gross national savings,1982,,,IMF
02_BD,Brunei Darussalam,Gross national savings,1983,,,IMF
02_BD,Brunei Darussalam,Gross national savings,1984,,,IMF
02_BD,Brunei Darussalam,Gross national savings,1985,,,IMF
02_BD,Brunei Darussalam,Gross national savings,1986,,,IMF
02_BD,Brunei Darussalam,Gross national savings,1987,,,IMF
02_BD,Brunei Darussalam,Gross national savings,1988,,,IMF
02_BD,Brunei Darussalam,Gross national savings,1989,,,IMF
02_BD,Brunei Darussalam,Gross national savings,1990,,,IMF
02_BD,Brunei Darussalam,Gross national savings,1991,,,IMF
02_BD,Brunei Darussalam,Gross national savings,1992,,,IMF
02_BD,Brunei Darussalam,Gross national savings,1993,,,IMF
02_BD,Brunei Darussalam,Gross national savings,1994,,,IMF
02_BD,Brunei Darussalam,Gross national savings,1995,,,IMF
02_BD,Brunei Darussalam,Gross national savings,1996,,,IMF
02_BD,Brunei Darussalam,Gross national savings,1997,,,IMF
02_BD,Brunei Darussalam,Gross national savings,1998,,,IMF
02_BD,Brunei Darussalam,Gross national savings,1999,,,IMF
02_BD,Brunei Darussalam,Gross national savings,2000,,,IMF
02_BD,Brunei Darussalam,Gross national savings,2001,,,IMF
02_BD,Brunei Darussalam,Gross national savings,2002,,,IMF
02_BD,Brunei Darussalam,Gross national savings,2003,,,IMF
02_BD,Brunei Darussalam,Gross national savings,2004,,,IMF
02_BD,Brunei Darussalam,Gross national savings,2005,,,IMF
02_BD,Brunei Darussalam,Gross national savings,2006,,,IMF
02_BD,Brunei Darussalam,Gross national savings,2007,,,IMF
02_BD,Brunei Darussalam,Gross national savings,2008,,,IMF
02_BD,Brunei Darussalam,Gross national savings,2009,,,IMF
02_BD,Brunei Darussalam,Gross national savings,2010,,,IMF
02_BD,Brunei Darussalam,Gross national savings,2011,,,IMF
02_BD,Brunei Darussalam,Gross national savings,2012,,,IMF
02_BD,Brunei Darussalam,Gross national savings,2013,,,IMF
02_BD,Brunei Darussalam,Gross national savings,2014,,,IMF
02_BD,Brunei Darussalam,Gross national savings,2015,,,IMF
02_BD,Brunei Darussalam,Gross national savings,2016,,,IMF
02_BD,Brunei Darussalam,Gross national savings,2017,,,IMF
02_BD,Brunei Darussalam,Gross national savings,2018,,,IMF
02_BD,Brunei Darussalam,Gross national savings,2019,,,IMF
02_BD,Brunei Darussalam,Gross national savings,2020,,,IMF
02_BD,Brunei Darussalam,Gross national savings,2021,,,IMF
02_BD,Brunei Darussalam,Gross national savings,2022,,,IMF
02_BD,Brunei Darussalam,Gross national savings,2023,,,IMF
02_BD,Brunei Darussalam,Gross national savings,2024,,,IMF
02_BD,Brunei Darussalam,Gross national savings,2025,,,IMF
02_BD,Brunei Darussalam,Gross national savings,2026,,,IMF
02_BD,Brunei Darussalam,Gross national savings,2027,,,IMF
02_BD,Brunei Darussalam,Gross national savings,2028,,,IMF
02_BD,Brunei Darussalam,Gross national savings,2029,,,IMF
02_BD,Brunei Darussalam,Gross national savings,2030,,,IMF
02_BD,Brunei Darussalam,Gross national savings,2031,,,IMF
02_BD,Brunei Darussalam,Population,1980,,,IMF
02_BD,Brunei Darussalam,Population,1981,,,IMF
02_BD,Brunei Darussalam,Population,1982,,,IMF
02_BD,Brunei Darussalam,Population,1983,,,IMF
02_BD,Brunei Darussalam,Population,1984,,,IMF
02_BD,Brunei Darussalam,Population,1985,0.222,,IMF
02_BD,Brunei Darussalam,Population,1986,0.226,0.018018018018018056,IMF
02_BD,Brunei Darussalam,Population,1987,0.234,0.03539823008849563,IMF
02_BD,Brunei Darussalam,Population,1988,0.241,0.029914529914529808,IMF
02_BD,Brunei Darussalam,Population,1989,0.246,0.020746887966804906,IMF
02_BD,Brunei Darussalam,Population,1990,0.253,0.028455284552845628,IMF
02_BD,Brunei Darussalam,Population,1991,0.26,0.027667984189723382,IMF
02_BD,Brunei Darussalam,Population,1992,0.267,0.02692307692307705,IMF
02_BD,Brunei Darussalam,Population,1993,0.274,0.02621722846441954,IMF
02_BD,Brunei Darussalam,Population,1994,0.281,0.025547445255474477,IMF
02_BD,Brunei Darussalam,Population,1995,0.287,0.021352313167259496,IMF
02_BD,Brunei Darussalam,Population,1996,0.295,0.027874564459930307,IMF
02_BD,Brunei Darussalam,Population,1997,0.302,0.023728813559322104,IMF
02_BD,Brunei Darussalam,Population,1998,0.31,0.026490066225165698,IMF
02_BD,Brunei Darussalam,Population,1999,0.317,0.022580645161290436,IMF
02_BD,Brunei Darussalam,Population,2000,0.325,0.025236593059936974,IMF
02_BD,Brunei Darussalam,Population,2001,0.333,0.024615384615384706,IMF
02_BD,Brunei Darussalam,Population,2002,0.34,0.021021021021021102,IMF
02_BD,Brunei Darussalam,Population,2003,0.346,0.01764705882352935,IMF
02_BD,Brunei Darussalam,Population,2004,0.352,0.01734104046242768,IMF
02_BD,Brunei Darussalam,Population,2005,0.359,0.019886363636363757,IMF
02_BD,Brunei Darussalam,Population,2006,0.365,0.01671309192200554,IMF
02_BD,Brunei Darussalam,Population,2007,0.37,0.013698630136986356,IMF
02_BD,Brunei Darussalam,Population,2008,0.375,0.013513513513513598,IMF
02_BD,Brunei Darussalam,Population,2009,0.38,0.01333333333333342,IMF
02_BD,Brunei Darussalam,Population,2010,0.387,0.018421052631578894,IMF
02_BD,Brunei Darussalam,Population,2011,0.393,0.015503875968992276,IMF
02_BD,Brunei Darussalam,Population,2012,0.399,0.01526717557251911,IMF
02_BD,Brunei Darussalam,Population,2013,0.403,0.010025062656641603,IMF
02_BD,Brunei Darussalam,Population,2014,0.408,0.012406947890818643,IMF
02_BD,Brunei Darussalam,Population,2015,0.412,0.009803921568627416,IMF
02_BD,Brunei Darussalam,Population,2016,0.417,0.012135922330097193,IMF
02_BD,Brunei Darussalam,Population,2017,0.426,0.021582733812949728,IMF
02_BD,Brunei Darussalam,Population,2018,0.437,0.025821596244131495,IMF
02_BD,Brunei Darussalam,Population,2019,0.451,0.03203661327231133,IMF
02_BD,Brunei Darussalam,Population,2020,0.442,-0.019955654101995624,IMF
02_BD,Brunei Darussalam,Population,2021,0.441,-0.002262443438914019,IMF
02_BD,Brunei Darussalam,Population,2022,0.445,0.009070294784580435,IMF
02_BD,Brunei Darussalam,Population,2023,0.451,0.013483146067415852,IMF
02_BD,Brunei Darussalam,Population,2024,0.456,0.011086474501108556,IMF
02_BD,Brunei Darussalam,Population,2025,0.46,0.00877192982456143,IMF
02_BD,Brunei Darussalam,Population,2026,0.465,0.010869565217391353,IMF
02_BD,Brunei Darussalam,Population,2027,0.47,0.010752688172043001,IMF
02_BD,Brunei Darussalam,Population,2028,0.475,0.010638297872340496,IMF
02_BD,Brunei Darussalam,Population,2029,0.48,0.010526315789473717,IMF
02_BD,Brunei Darussalam,Population,2030,0.485,0.01041666666666674,IMF
02_BD,Brunei Darussalam,Population,2031,0.49,0.010309278350515427,IMF
02_BD,Brunei Darussalam,Real GDP PPP 2021 USD,1980,,,IMF
02_BD,Brunei Darussalam,Real GDP PPP 2021 USD,1981,,,IMF
02_BD,Brunei Darussalam,Real GDP PPP 2021 USD,1982,,,IMF
02_BD,Brunei Darussalam,Real GDP PPP 2021 USD,1983,,,IMF
02_BD,Brunei Darussalam,Real GDP PPP 2021 USD,1984,,,IMF
02_BD,Brunei Darussalam,Real GDP PPP 2021 USD,1985,24255.202962,,IMF
02_BD,Brunei Darussalam,Real GDP PPP 2021 USD,1986,23554.664002,-0.028882007753038175,IMF
02_BD,Brunei Darussalam,Real GDP PPP 2021 USD,1987,24080.384718,0.022319177040919014,IMF
02_BD,Brunei Darussalam,Real GDP PPP 2021 USD,1988,24283.522945999997,0.008435838147060393,IMF
02_BD,Brunei Darussalam,Real GDP PPP 2021 USD,1989,24033.237402,-0.010306805341076974,IMF
02_BD,Brunei Darussalam,Real GDP PPP 2021 USD,1990,24286.291238,0.010529327854055248,IMF
02_BD,Brunei Darussalam,Real GDP PPP 2021 USD,1991,25043.50212,0.031178530907807644,IMF
02_BD,Brunei Darussalam,Real GDP PPP 2021 USD,1992,26264.179905,0.04874229567218369,IMF
02_BD,Brunei Darussalam,Real GDP PPP 2021 USD,1993,26412.104234000002,0.005632170109063361,IMF
02_BD,Brunei Darussalam,Real GDP PPP 2021 USD,1994,27183.482813000006,0.02920549503235015,IMF
02_BD,Brunei Darussalam,Real GDP PPP 2021 USD,1995,28381.391541999998,0.044067522077307686,IMF
02_BD,Brunei Darussalam,Real GDP PPP 2021 USD,1996,29278.443494999996,0.03160704617574872,IMF
02_BD,Brunei Darussalam,Real GDP PPP 2021 USD,1997,28827.449561999998,-0.01540361710406557,IMF
02_BD,Brunei Darussalam,Real GDP PPP 2021 USD,1998,28684.233969999997,-0.004968028534469648,IMF
02_BD,Brunei Darussalam,Real GDP PPP 2021 USD,1999,29521.357587000002,0.029184102245000787,IMF
02_BD,Brunei Darussalam,Real GDP PPP 2021 USD,2000,32767.773350000003,0.10996837640114454,IMF
02_BD,Brunei Darussalam,Real GDP PPP 2021 USD,2001,33243.281775,0.014511465882072194,IMF
02_BD,Brunei Darussalam,Real GDP PPP 2021 USD,2002,34533.846580000005,0.0388218231200792,IMF
02_BD,Brunei Darussalam,Real GDP PPP 2021 USD,2003,35740.545058,0.03494248679204026,IMF
02_BD,Brunei Darussalam,Real GDP PPP 2021 USD,2004,35788.767519999994,0.0013492368938898824,IMF
02_BD,Brunei Darussalam,Real GDP PPP 2021 USD,2005,35867.818521999994,0.002208821579447351,IMF
02_BD,Brunei Darussalam,Real GDP PPP 2021 USD,2006,37336.973835,0.04096026392290564,IMF
02_BD,Brunei Darussalam,Real GDP PPP 2021 USD,2007,35882.52896,-0.03895454627435779,IMF
02_BD,Brunei Darussalam,Real GDP PPP 2021 USD,2008,34482.855375,-0.03900710528403084,IMF
02_BD,Brunei Darussalam,Real GDP PPP 2021 USD,2009,33818.69394,-0.019260627572086686,IMF
02_BD,Brunei Darussalam,Real GDP PPP 2021 USD,2010,34773.294051,0.028226995184782,IMF
02_BD,Brunei Darussalam,Real GDP PPP 2021 USD,2011,36022.605582,0.0359273277121146,IMF
02_BD,Brunei Darussalam,Real GDP PPP 2021 USD,2012,36413.329323,0.01084662629721711,IMF
02_BD,Brunei Darussalam,Real GDP PPP 2021 USD,2013,35586.337501,-0.022711238916504062,IMF
02_BD,Brunei Darussalam,Real GDP PPP 2021 USD,2014,34753.769664,-0.023395715756829638,IMF
02_BD,Brunei Darussalam,Real GDP PPP 2021 USD,2015,34549.92036,-0.005865530731509749,IMF
02_BD,Brunei Darussalam,Real GDP PPP 2021 USD,2016,33705.822687,-0.02443124800881591,IMF
02_BD,Brunei Darussalam,Real GDP PPP 2021 USD,2017,34142.589197999994,0.01295819167672918,IMF
02_BD,Brunei Darussalam,Real GDP PPP 2021 USD,2018,34223.870878,0.002380653661872012,IMF
02_BD,Brunei Darussalam,Real GDP PPP 2021 USD,2019,35515.400767,0.03773769172996233,IMF
02_BD,Brunei Darussalam,Real GDP PPP 2021 USD,2020,35934.254356,0.011793576306456499,IMF
02_BD,Brunei Darussalam,Real GDP PPP 2021 USD,2021,35369.482427999996,-0.015716812220585297,IMF
02_BD,Brunei Darussalam,Real GDP PPP 2021 USD,2022,34739.83814,-0.017801908446970716,IMF
02_BD,Brunei Darussalam,Real GDP PPP 2021 USD,2023,35202.184424,0.013308820902871332,IMF
02_BD,Brunei Darussalam,Real GDP PPP 2021 USD,2024,36628.314,0.040512530666355406,IMF
02_BD,Brunei Darussalam,Real GDP PPP 2021 USD,2025,36831.700899999996,0.005552723502370238,IMF
02_BD,Brunei Darussalam,Real GDP PPP 2021 USD,2026,37789.06014,0.02599280556168959,IMF
02_BD,Brunei Darussalam,Real GDP PPP 2021 USD,2027,38798.46428,0.026711543929919923,IMF
02_BD,Brunei Darussalam,Real GDP PPP 2021 USD,2028,39768.069225,0.024990807316562114,IMF
02_BD,Brunei Darussalam,Real GDP PPP 2021 USD,2029,40801.68096,0.02599099617213052,IMF
02_BD,Brunei Darussalam,Real GDP PPP 2021 USD,2030,42008.0325,0.029566221577553398,IMF
02_BD,Brunei Darussalam,Real GDP PPP 2021 USD,2031,43217.2601,0.028785628081962722,IMF
02_BD,Brunei Darussalam,Total investment,1980,,,IMF
02_BD,Brunei Darussalam,Total investment,1981,,,IMF
02_BD,Brunei Darussalam,Total investment,1982,,,IMF
02_BD,Brunei Darussalam,Total investment,1983,,,IMF
02_BD,Brunei Darussalam,Total investment,1984,,,IMF
02_BD,Brunei Darussalam,Total investment,1985,,,IMF
02_BD,Brunei Darussalam,Total investment,1986,,,IMF
02_BD,Brunei Darussalam,Total investment,1987,,,IMF
02_BD,Brunei Darussalam,Total investment,1988,,,IMF
02_BD,Brunei Darussalam,Total investment,1989,,,IMF
02_BD,Brunei Darussalam,Total investment,1990,,,IMF
02_BD,Brunei Darussalam,Total investment,1991,,,IMF
02_BD,Brunei Darussalam,Total investment,1992,,,IMF
02_BD,Brunei Darussalam,Total investment,1993,,,IMF
02_BD,Brunei Darussalam,Total investment,1994,,,IMF
02_BD,Brunei Darussalam,Total investment,1995,,,IMF
02_BD,Brunei Darussalam,Total investment,1996,,,IMF
02_BD,Brunei Darussalam,Total investment,1997,,,IMF
02_BD,Brunei Darussalam,Total investment,1998,,,IMF
02_BD,Brunei Darussalam,Total investment,1999,,,IMF
02_BD,Brunei Darussalam,Total investment,2000,18.516,,IMF
02_BD,Brunei Darussalam,Total investment,2001,20.5,0.1071505724778572,IMF
02_BD,Brunei Darussalam,Total investment,2002,33.119,0.615560975609756,IMF
02_BD,Brunei Darussalam,Total investment,2003,21.691,-0.3450587276185876,IMF
02_BD,Brunei Darussalam,Total investment,2004,19.355,-0.107694435480153,IMF
02_BD,Brunei Darussalam,Total investment,2005,16.094,-0.1684835959700336,IMF
02_BD,Brunei Darussalam,Total investment,2006,15.094,-0.062134957126879664,IMF
02_BD,Brunei Darussalam,Total investment,2007,19.552,0.2953491453557706,IMF
02_BD,Brunei Darussalam,Total investment,2008,20.613,0.05426554828150576,IMF
02_BD,Brunei Darussalam,Total investment,2009,26.266,0.2742444088681899,IMF
02_BD,Brunei Darussalam,Total investment,2010,23.69,-0.09807355516637473,IMF
02_BD,Brunei Darussalam,Total investment,2011,26.024,0.09852258336850994,IMF
02_BD,Brunei Darussalam,Total investment,2012,32.882,0.26352597602213335,IMF
02_BD,Brunei Darussalam,Total investment,2013,39.593,0.20409342497415017,IMF
02_BD,Brunei Darussalam,Total investment,2014,27.442,-0.30689768393402883,IMF
02_BD,Brunei Darussalam,Total investment,2015,35.247,0.2844180453319729,IMF
02_BD,Brunei Darussalam,Total investment,2016,34.62,-0.017788747978551456,IMF
02_BD,Brunei Darussalam,Total investment,2017,34.805,0.005343731946851671,IMF
02_BD,Brunei Darussalam,Total investment,2018,41.067,0.17991667863812677,IMF
02_BD,Brunei Darussalam,Total investment,2019,38.678,-0.05817322911340017,IMF
02_BD,Brunei Darussalam,Total investment,2020,40.588,0.049382077666890734,IMF
02_BD,Brunei Darussalam,Total investment,2021,31.273,-0.22950133044249532,IMF
02_BD,Brunei Darussalam,Total investment,2022,25.851,-0.1733763949732997,IMF
02_BD,Brunei Darussalam,Total investment,2023,29.628,0.14610653359637937,IMF
02_BD,Brunei Darussalam,Total investment,2024,27.899,-0.05835695963277976,IMF
02_BD,Brunei Darussalam,Total investment,2025,28.178,0.010000358435786172,IMF
02_BD,Brunei Darussalam,Total investment,2026,28.139,-0.0013840584853431759,IMF
02_BD,Brunei Darussalam,Total investment,2027,27.675,-0.016489569636447543,IMF
02_BD,Brunei Darussalam,Total investment,2028,27.504,-0.006178861788617818,IMF
02_BD,Brunei Darussalam,Total investment,2029,27.447,-0.002072425828970381,IMF
02_BD,Brunei Darussalam,Total investment,2030,27.297,-0.005465078150617475,IMF
02_BD,Brunei Darussalam,Total investment,2031,27.109,-0.006887203722020674,IMF
03_CDA,Canada,"Gross domestic product per capita, constant prices",1980,34807.883,,IMF
03_CDA,Canada,"Gross domestic product per capita, constant prices",1981,35571.029,0.021924516351655265,IMF
03_CDA,Canada,"Gross domestic product per capita, constant prices",1982,34035.037,-0.043180983041002374,IMF
03_CDA,Canada,"Gross domestic product per capita, constant prices",1983,34558.516,0.015380591476953809,IMF
03_CDA,Canada,"Gross domestic product per capita, constant prices",1984,36252.443,0.04901619618157205,IMF
03_CDA,Canada,"Gross domestic product per capita, constant prices",1985,37622.14,0.037782198567969605,IMF
03_CDA,Canada,"Gross domestic product per capita, constant prices",1986,38045.499,0.011252921816781392,IMF
03_CDA,Canada,"Gross domestic product per capita, constant prices",1987,39099.168,0.027694971223796827,IMF
03_CDA,Canada,"Gross domestic product per capita, constant prices",1988,40284.157,0.03030726894239799,IMF
03_CDA,Canada,"Gross domestic product per capita, constant prices",1989,40523.72,0.005946829171577406,IMF
03_CDA,Canada,"Gross domestic product per capita, constant prices",1990,39992.504,-0.013108766914784686,IMF
03_CDA,Canada,"Gross domestic product per capita, constant prices",1991,38659.913,-0.03332101935902787,IMF
03_CDA,Canada,"Gross domestic product per capita, constant prices",1992,38540.037,-0.0031007829738262105,IMF
03_CDA,Canada,"Gross domestic product per capita, constant prices",1993,39112.344,0.014849674378880406,IMF
03_CDA,Canada,"Gross domestic product per capita, constant prices",1994,40434.556,0.03380549117690301,IMF
03_CDA,Canada,"Gross domestic product per capita, constant prices",1995,41089.32,0.016193178923493035,IMF
03_CDA,Canada,"Gross domestic product per capita, constant prices",1996,41349.687,0.006336610097222195,IMF
03_CDA,Canada,"Gross domestic product per capita, constant prices",1997,42689.741,0.032407839024271246,IMF
03_CDA,Canada,"Gross domestic product per capita, constant prices",1998,43974.247,0.030089336920549714,IMF
03_CDA,Canada,"Gross domestic product per capita, constant prices",1999,45864.719,0.042990434833369395,IMF
03_CDA,Canada,"Gross domestic product per capita, constant prices",2000,47780.386,0.04176776925200398,IMF
03_CDA,Canada,"Gross domestic product per capita, constant prices",2001,48167.269,0.00809710913595385,IMF
03_CDA,Canada,"Gross domestic product per capita, constant prices",2002,49078.58,0.018919714962457146,IMF
03_CDA,Canada,"Gross domestic product per capita, constant prices",2003,49500.327,0.008593300784170976,IMF
03_CDA,Canada,"Gross domestic product per capita, constant prices",2004,50555.099,0.02130838448804595,IMF
03_CDA,Canada,"Gross domestic product per capita, constant prices",2005,51686.315,0.022375903170519074,IMF
03_CDA,Canada,"Gross domestic product per capita, constant prices",2006,52517.512,0.016081568206206986,IMF
03_CDA,Canada,"Gross domestic product per capita, constant prices",2007,53072.995,0.010577100453654342,IMF
03_CDA,Canada,"Gross domestic product per capita, constant prices",2008,53034.866,-0.0007184256324709315,IMF
03_CDA,Canada,"Gross domestic product per capita, constant prices",2009,50902.099,-0.04021443176645345,IMF
03_CDA,Canada,"Gross domestic product per capita, constant prices",2010,51892.367,0.019454364740440155,IMF
03_CDA,Canada,"Gross domestic product per capita, constant prices",2011,52991.264,0.02117646705150311,IMF
03_CDA,Canada,"Gross domestic product per capita, constant prices",2012,53352.877,0.006824011595571555,IMF
03_CDA,Canada,"Gross domestic product per capita, constant prices",2013,54020.14,0.012506598285224602,IMF
03_CDA,Canada,"Gross domestic product per capita, constant prices",2014,55011.793,0.018357097926810173,IMF
03_CDA,Canada,"Gross domestic product per capita, constant prices",2015,54923.572,-0.0016036743248851737,IMF
03_CDA,Canada,"Gross domestic product per capita, constant prices",2016,54915.126,-0.00015377732533494726,IMF
03_CDA,Canada,"Gross domestic product per capita, constant prices",2017,55896.173,0.017864786470671135,IMF
03_CDA,Canada,"Gross domestic product per capita, constant prices",2018,56630.233,0.013132562760602484,IMF
03_CDA,Canada,"Gross domestic product per capita, constant prices",2019,56872.137,0.004271640556379186,IMF
03_CDA,Canada,"Gross domestic product per capita, constant prices",2020,53377.735,-0.06144312811737673,IMF
03_CDA,Canada,"Gross domestic product per capita, constant prices",2021,56218.093,0.05321241150453471,IMF
03_CDA,Canada,"Gross domestic product per capita, constant prices",2022,57875.999,0.029490612568448427,IMF
03_CDA,Canada,"Gross domestic product per capita, constant prices",2023,57435.617,-0.007609060882042051,IMF
03_CDA,Canada,"Gross domestic product per capita, constant prices",2024,56926.802,-0.00885887584353795,IMF
03_CDA,Canada,"Gross domestic product per capita, constant prices",2025,57245.358,0.005595887856127968,IMF
03_CDA,Canada,"Gross domestic product per capita, constant prices",2026,58137.045,0.015576581772796194,IMF
03_CDA,Canada,"Gross domestic product per capita, constant prices",2027,59205.253,0.018373964483402894,IMF
03_CDA,Canada,"Gross domestic product per capita, constant prices",2028,59997.841,0.013387122929784612,IMF
03_CDA,Canada,"Gross domestic product per capita, constant prices",2029,60627.37,0.010492527556116515,IMF
03_CDA,Canada,"Gross domestic product per capita, constant prices",2030,61143.799,0.008518083499251095,IMF
03_CDA,Canada,"Gross domestic product per capita, constant prices",2031,61718.124,0.009393021195820861,IMF
03_CDA,Canada,Gross national savings,1980,20.202,,IMF
03_CDA,Canada,Gross national savings,1981,21.113,0.045094545094545024,IMF
03_CDA,Canada,Gross national savings,1982,20.407,-0.03343911334249039,IMF
03_CDA,Canada,Gross national savings,1983,19.381,-0.05027686578134949,IMF
03_CDA,Canada,Gross national savings,1984,20.501,0.057788555802074315,IMF
03_CDA,Canada,Gross national savings,1985,19.872,-0.030681430174137936,IMF
03_CDA,Canada,Gross national savings,1986,18.618,-0.06310386473429963,IMF
03_CDA,Canada,Gross national savings,1987,18.953,0.017993339778708872,IMF
03_CDA,Canada,Gross national savings,1988,20.443,0.07861552260855809,IMF
03_CDA,Canada,Gross national savings,1989,19.652,-0.038692951132417,IMF
03_CDA,Canada,Gross national savings,1990,17.87,-0.09067779360879302,IMF
03_CDA,Canada,Gross national savings,1991,15.609,-0.12652490207050926,IMF
03_CDA,Canada,Gross national savings,1992,14.768,-0.053879172272406906,IMF
03_CDA,Canada,Gross national savings,1993,14.636,-0.008938244853737953,IMF
03_CDA,Canada,Gross national savings,1994,17.138,0.17094834654277147,IMF
03_CDA,Canada,Gross national savings,1995,18.555,0.08268175983195225,IMF
03_CDA,Canada,Gross national savings,1996,19.341,0.04236054971705738,IMF
03_CDA,Canada,Gross national savings,1997,19.877,0.027713148234320695,IMF
03_CDA,Canada,Gross national savings,1998,19.704,-0.008703526689138097,IMF
03_CDA,Canada,Gross national savings,1999,20.861,0.05871904181892007,IMF
03_CDA,Canada,Gross national savings,2000,23.161,0.11025358324145529,IMF
03_CDA,Canada,Gross national savings,2001,21.885,-0.05509261258149478,IMF
03_CDA,Canada,Gross national savings,2002,21.471,-0.01891706648389313,IMF
03_CDA,Canada,Gross national savings,2003,21.699,0.010618974430627537,IMF
03_CDA,Canada,Gross national savings,2004,23.729,0.09355269828102664,IMF
03_CDA,Canada,Gross national savings,2005,24.561,0.03506258165114429,IMF
03_CDA,Canada,Gross national savings,2006,25.038,0.01942103334554779,IMF
03_CDA,Canada,Gross national savings,2007,24.732,-0.012221423436376777,IMF
03_CDA,Canada,Gross national savings,2008,24.221,-0.02066149118550864,IMF
03_CDA,Canada,Gross national savings,2009,19.05,-0.21349242392964785,IMF
03_CDA,Canada,Gross national savings,2010,19.918,0.04556430446194226,IMF
03_CDA,Canada,Gross national savings,2011,21.438,0.07631288281956028,IMF
03_CDA,Canada,Gross national savings,2012,21.337,-0.00471126037876668,IMF
03_CDA,Canada,Gross national savings,2013,21.766,0.020105919295121177,IMF
03_CDA,Canada,Gross national savings,2014,22.551,0.03606542313700278,IMF
03_CDA,Canada,Gross national savings,2015,20.326,-0.09866524766085749,IMF
03_CDA,Canada,Gross national savings,2016,19.673,-0.03212634064744668,IMF
03_CDA,Canada,Gross national savings,2017,20.748,0.054643419915620495,IMF
03_CDA,Canada,Gross national savings,2018,21.0,0.012145748987854255,IMF
03_CDA,Canada,Gross national savings,2019,21.089,0.004238095238095152,IMF
03_CDA,Canada,Gross national savings,2020,20.658,-0.02043719474607608,IMF
03_CDA,Canada,Gross national savings,2021,24.286,0.17562203504695506,IMF
03_CDA,Canada,Gross national savings,2022,24.569,0.011652804084657742,IMF
03_CDA,Canada,Gross national savings,2023,22.949,-0.06593674956245665,IMF
03_CDA,Canada,Gross national savings,2024,22.687,-0.011416619460542954,IMF
03_CDA,Canada,Gross national savings,2025,22.217,-0.020716710010138084,IMF
03_CDA,Canada,Gross national savings,2026,22.844,0.028221632083539783,IMF
03_CDA,Canada,Gross national savings,2027,22.711,-0.00582209770618114,IMF
03_CDA,Canada,Gross national savings,2028,22.771,0.0026418915943817733,IMF
03_CDA,Canada,Gross national savings,2029,22.975,0.008958763339335096,IMF
03_CDA,Canada,Gross national savings,2030,23.233,0.01122959738846574,IMF
03_CDA,Canada,Gross national savings,2031,23.472,0.010287091636895784,IMF
03_CDA,Canada,Population,1980,24.471,,IMF
03_CDA,Canada,Population,1981,24.785,0.012831514854317438,IMF
03_CDA,Canada,Population,1982,25.083,0.012023401250756516,IMF
03_CDA,Canada,Population,1983,25.336,0.010086512777578438,IMF
03_CDA,Canada,Population,1984,25.577,0.009512156615093303,IMF
03_CDA,Canada,Population,1985,25.813,0.009227039918676905,IMF
03_CDA,Canada,Population,1986,26.067,0.009840003099213623,IMF
03_CDA,Canada,Population,1987,26.398,0.012698047339548157,IMF
03_CDA,Canada,Population,1988,26.751,0.013372225168573504,IMF
03_CDA,Canada,Population,1989,27.215,0.01734514597585135,IMF
03_CDA,Canada,Population,1990,27.632,0.01532243248208709,IMF
03_CDA,Canada,Population,1991,27.987,0.012847423277359438,IMF
03_CDA,Canada,Population,1992,28.324,0.012041304891556859,IMF
03_CDA,Canada,Population,1993,28.651,0.01154497952266631,IMF
03_CDA,Canada,Population,1994,28.96,0.010784963875606568,IMF
03_CDA,Canada,Population,1995,29.263,0.010462707182320452,IMF
03_CDA,Canada,Population,1996,29.57,0.01049106380070386,IMF
03_CDA,Canada,Population,1997,29.868,0.010077781535339891,IMF
03_CDA,Canada,Population,1998,30.124,0.008571045935449328,IMF
03_CDA,Canada,Population,1999,30.367,0.008066657814367328,IMF
03_CDA,Canada,Population,2000,30.647,0.009220535449665723,IMF
03_CDA,Canada,Population,2001,30.971,0.010571997259111843,IMF
03_CDA,Canada,Population,2002,31.308,0.010881146879338832,IMF
03_CDA,Canada,Population,2003,31.602,0.00939057110003838,IMF
03_CDA,Canada,Population,2004,31.899,0.009398139358268498,IMF
03_CDA,Canada,Population,2005,32.203,0.00953007931283123,IMF
03_CDA,Canada,Population,2006,32.529,0.010123280439710669,IMF
03_CDA,Canada,Population,2007,32.849,0.0098373758799839,IMF
03_CDA,Canada,Population,2008,33.199,0.010654814454016837,IMF
03_CDA,Canada,Population,2009,33.582,0.011536492063014103,IMF
03_CDA,Canada,Population,2010,33.959,0.011226252158894612,IMF
03_CDA,Canada,Population,2011,34.299,0.010012073382608344,IMF
03_CDA,Canada,Population,2012,34.664,0.010641709670835997,IMF
03_CDA,Canada,Population,2013,35.032,0.010616201246249624,IMF
03_CDA,Canada,Population,2014,35.389,0.010190682804293472,IMF
03_CDA,Canada,Population,2015,35.676,0.008109864647206644,IMF
03_CDA,Canada,Population,2016,36.053,0.010567328175804303,IMF
03_CDA,Canada,Population,2017,36.494,0.012231991789865004,IMF
03_CDA,Canada,Population,2018,37.009,0.014111908806927254,IMF
03_CDA,Canada,Population,2019,37.555,0.014753168148288198,IMF
03_CDA,Canada,Population,2020,37.998,0.011796032485687613,IMF
03_CDA,Canada,Population,2021,38.225,0.005973998631507049,IMF
03_CDA,Canada,Population,2022,38.873,0.0169522563767166,IMF
03_CDA,Canada,Population,2023,39.936,0.02734545828724322,IMF
03_CDA,Canada,Population,2024,41.118,0.029597355769230838,IMF
03_CDA,Canada,Population,2025,41.602,0.011771000535045317,IMF
03_CDA,Canada,Population,2026,41.578,-0.0005768953415700162,IMF
03_CDA,Canada,Population,2027,41.602,0.0005772283419114288,IMF
03_CDA,Canada,Population,2028,41.732,0.0031248497668381336,IMF
03_CDA,Canada,Population,2029,42.012,0.006709479536087359,IMF
03_CDA,Canada,Population,2030,42.351,0.008069123107683485,IMF
03_CDA,Canada,Population,2031,42.692,0.00805175792779389,IMF
03_CDA,Canada,Real GDP PPP 2021 USD,1980,851783.7048930001,,IMF
03_CDA,Canada,Real GDP PPP 2021 USD,1981,881627.9537650001,0.035037355963212446,IMF
03_CDA,Canada,Real GDP PPP 2021 USD,1982,853700.8330709998,-0.03167676407575015,IMF
03_CDA,Canada,Real GDP PPP 2021 USD,1983,875574.561376,0.02562224078699127,IMF
03_CDA,Canada,Real GDP PPP 2021 USD,1984,927228.734611,0.058994602531420526,IMF
03_CDA,Canada,Real GDP PPP 2021 USD,1985,971140.29982,0.04735785634104839,IMF
03_CDA,Canada,Real GDP PPP 2021 USD,1986,991732.0224330002,0.02120365370154742,IMF
03_CDA,Canada,Real GDP PPP 2021 USD,1987,1032139.836864,0.04074469061901209,IMF
03_CDA,Canada,Real GDP PPP 2021 USD,1988,1077641.483907,0.04408476973551356,IMF
03_CDA,Canada,Real GDP PPP 2021 USD,1989,1102853.0398,0.02339512376750319,IMF
03_CDA,Canada,Real GDP PPP 2021 USD,1990,1105072.8705280002,0.002012807371327474,IMF
03_CDA,Canada,Real GDP PPP 2021 USD,1991,1081974.985131,-0.020901685321407015,IMF
03_CDA,Canada,Real GDP PPP 2021 USD,1992,1091608.007988,0.008903184444540413,IMF
03_CDA,Canada,Real GDP PPP 2021 USD,1993,1120607.767944,0.02656609308816904,IMF
03_CDA,Canada,Real GDP PPP 2021 USD,1994,1170984.74176,0.04495504605364964,IMF
03_CDA,Canada,Real GDP PPP 2021 USD,1995,1202396.77116,0.02682531059524096,IMF
03_CDA,Canada,Real GDP PPP 2021 USD,1996,1222710.24459,0.016894151678736424,IMF
03_CDA,Canada,Real GDP PPP 2021 USD,1997,1275057.184188,0.04281221968133009,IMF
03_CDA,Canada,Real GDP PPP 2021 USD,1998,1324680.2166280001,0.03891827994491237,IMF
03_CDA,Canada,Real GDP PPP 2021 USD,1999,1392773.921873,0.05140388177482835,IMF
03_CDA,Canada,Real GDP PPP 2021 USD,2000,1464325.489742,0.05137342589871108,IMF
03_CDA,Canada,Real GDP PPP 2021 USD,2001,1491788.488199,0.018754709010657677,IMF
03_CDA,Canada,Real GDP PPP 2021 USD,2002,1536552.18264,0.03000673003921772,IMF
03_CDA,Canada,Real GDP PPP 2021 USD,2003,1564309.3338539999,0.018064567886207028,IMF
03_CDA,Canada,Real GDP PPP 2021 USD,2004,1612657.1030010001,0.030906783013232797,IMF
03_CDA,Canada,Real GDP PPP 2021 USD,2005,1664454.4019450003,0.032119226615261454,IMF
03_CDA,Canada,Real GDP PPP 2021 USD,2006,1708342.1478480003,0.026367646870779415,IMF
03_CDA,Canada,Real GDP PPP 2021 USD,2007,1743394.8127549998,0.020518527246521145,IMF
03_CDA,Canada,Real GDP PPP 2021 USD,2008,1760704.516334,0.009928734129733163,IMF
03_CDA,Canada,Real GDP PPP 2021 USD,2009,1709394.288618,-0.029141873176331767,IMF
03_CDA,Canada,Real GDP PPP 2021 USD,2010,1762212.8909530002,0.030899016503502352,IMF
03_CDA,Canada,Real GDP PPP 2021 USD,2011,1817547.363936,0.031400560776215336,IMF
03_CDA,Canada,Real GDP PPP 2021 USD,2012,1849424.1283280002,0.017538340416598075,IMF
03_CDA,Canada,Real GDP PPP 2021 USD,2013,1892433.5444799997,0.02325557209577611,IMF
03_CDA,Canada,Real GDP PPP 2021 USD,2014,1946812.342477,0.02873485209328308,IMF
03_CDA,Canada,Real GDP PPP 2021 USD,2015,1959453.354672,0.006493184740608449,IMF
03_CDA,Canada,Real GDP PPP 2021 USD,2016,1979855.0376779998,0.010411925835006608,IMF
03_CDA,Canada,Real GDP PPP 2021 USD,2017,2039874.9374620002,0.030315300181973148,IMF
03_CDA,Canada,Real GDP PPP 2021 USD,2018,2095828.293097,0.027429797095608555,IMF
03_CDA,Canada,Real GDP PPP 2021 USD,2019,2135833.105035,0.019087828936064755,IMF
03_CDA,Canada,Real GDP PPP 2021 USD,2020,2028247.17453,-0.050371880766983956,IMF
03_CDA,Canada,Real GDP PPP 2021 USD,2021,2148936.604925,0.05950430100954884,IMF
03_CDA,Canada,Real GDP PPP 2021 USD,2022,2249813.709127,0.04694280137013185,IMF
03_CDA,Canada,Real GDP PPP 2021 USD,2023,2293748.800512,0.019528324148246012,IMF
03_CDA,Canada,Real GDP PPP 2021 USD,2024,2340716.244636,0.020476280625636223,IMF
03_CDA,Canada,Real GDP PPP 2021 USD,2025,2381521.3835159997,0.01743275759012186,IMF
03_CDA,Canada,Real GDP PPP 2021 USD,2026,2417222.05701,0.014990700373764154,IMF
03_CDA,Canada,Real GDP PPP 2021 USD,2027,2463056.9353059996,0.018961798798367457,IMF
03_CDA,Canada,Real GDP PPP 2021 USD,2028,2503829.900612,0.01655380544458862,IMF
03_CDA,Canada,Real GDP PPP 2021 USD,2029,2547077.06844,0.017272406491123604,IMF
03_CDA,Canada,Real GDP PPP 2021 USD,2030,2589501.031449,0.016655940071331754,IMF
03_CDA,Canada,Real GDP PPP 2021 USD,2031,2634870.1498080003,0.017520409456494246,IMF
03_CDA,Canada,Total investment,1980,22.386,,IMF
03_CDA,Canada,Total investment,1981,25.296,0.12999195926025187,IMF
03_CDA,Canada,Total investment,1982,19.924,-0.2123655913978495,IMF
03_CDA,Canada,Total investment,1983,20.221,0.014906645251957507,IMF
03_CDA,Canada,Total investment,1984,20.96,0.03654616487809714,IMF
03_CDA,Canada,Total investment,1985,21.534,0.02738549618320607,IMF
03_CDA,Canada,Total investment,1986,21.68,0.0067799758521407405,IMF
03_CDA,Canada,Total investment,1987,22.178,0.022970479704797153,IMF
03_CDA,Canada,Total investment,1988,23.506,0.0598791595274597,IMF
03_CDA,Canada,Total investment,1989,23.61,0.004424402280268858,IMF
03_CDA,Canada,Total investment,1990,21.304,-0.09767047861075817,IMF
03_CDA,Canada,Total investment,1991,19.341,-0.09214232069094996,IMF
03_CDA,Canada,Total investment,1992,18.377,-0.04984230391396527,IMF
03_CDA,Canada,Total investment,1993,18.475,0.0053327528976439,IMF
03_CDA,Canada,Total investment,1994,19.516,0.056346414073071616,IMF
03_CDA,Canada,Total investment,1995,19.38,-0.006968641114982521,IMF
03_CDA,Canada,Total investment,1996,18.928,-0.0233230134158926,IMF
03_CDA,Canada,Total investment,1997,21.217,0.12093195266272172,IMF
03_CDA,Canada,Total investment,1998,21.045,-0.00810670688598747,IMF
03_CDA,Canada,Total investment,1999,20.684,-0.01715371822285583,IMF
03_CDA,Canada,Total investment,2000,20.614,-0.003384258363952841,IMF
03_CDA,Canada,Total investment,2001,19.671,-0.04574560977976139,IMF
03_CDA,Canada,Total investment,2002,19.739,0.0034568654364293128,IMF
03_CDA,Canada,Total investment,2003,20.467,0.03688130097775977,IMF
03_CDA,Canada,Total investment,2004,21.383,0.04475497141740359,IMF
03_CDA,Canada,Total investment,2005,22.632,0.05841088715334619,IMF
03_CDA,Canada,Total investment,2006,23.595,0.04255037115588545,IMF
03_CDA,Canada,Total investment,2007,23.908,0.013265522356431525,IMF
03_CDA,Canada,Total investment,2008,24.072,0.006859628576208809,IMF
03_CDA,Canada,Total investment,2009,21.959,-0.08777833167165172,IMF
03_CDA,Canada,Total investment,2010,23.482,0.069356528075049,IMF
03_CDA,Canada,Total investment,2011,24.151,0.028489907162933426,IMF
03_CDA,Canada,Total investment,2012,24.868,0.02968821166825375,IMF
03_CDA,Canada,Total investment,2013,24.908,0.0016084928422068767,IMF
03_CDA,Canada,Total investment,2014,24.871,-0.0014854665167818304,IMF
03_CDA,Canada,Total investment,2015,23.822,-0.042177636604881164,IMF
03_CDA,Canada,Total investment,2016,22.761,-0.04453866174124754,IMF
03_CDA,Canada,Total investment,2017,23.55,0.034664557796230566,IMF
03_CDA,Canada,Total investment,2018,23.377,-0.007346072186836583,IMF
03_CDA,Canada,Total investment,2019,23.042,-0.014330324678102246,IMF
03_CDA,Canada,Total investment,2020,22.675,-0.015927436854439758,IMF
03_CDA,Canada,Total investment,2021,24.305,0.07188533627342886,IMF
03_CDA,Canada,Total investment,2022,25.027,0.029705821847356484,IMF
03_CDA,Canada,Total investment,2023,23.638,-0.05550005993526985,IMF
03_CDA,Canada,Total investment,2024,23.168,-0.01988323885269494,IMF
03_CDA,Canada,Total investment,2025,23.154,-0.0006042817679557944,IMF
03_CDA,Canada,Total investment,2026,23.06,-0.004059773689211399,IMF
03_CDA,Canada,Total investment,2027,23.06,0.0,IMF
03_CDA,Canada,Total investment,2028,23.175,0.004986990459670437,IMF
03_CDA,Canada,Total investment,2029,23.278,0.004444444444444251,IMF
03_CDA,Canada,Total investment,2030,23.39,0.004811409914941223,IMF
03_CDA,Canada,Total investment,2031,23.494,0.0044463445917057864,IMF
04_CHL,Chile,"Gross domestic product per capita, constant prices",1980,10145.33,,IMF
04_CHL,Chile,"Gross domestic product per capita, constant prices",1981,10599.523,0.04476867681977814,IMF
04_CHL,Chile,"Gross domestic product per capita, constant prices",1982,9012.024,-0.14977079628960666,IMF
04_CHL,Chile,"Gross domestic product per capita, constant prices",1983,8620.916,-0.04339846409641168,IMF
04_CHL,Chile,"Gross domestic product per capita, constant prices",1984,8986.131,0.04236382769533997,IMF
04_CHL,Chile,"Gross domestic product per capita, constant prices",1985,9022.477,0.004044677292151855,IMF
04_CHL,Chile,"Gross domestic product per capita, constant prices",1986,9360.849,0.03750322666380845,IMF
04_CHL,Chile,"Gross domestic product per capita, constant prices",1987,9805.46,0.04749686700426414,IMF
04_CHL,Chile,"Gross domestic product per capita, constant prices",1988,10342.379,0.05475714550872701,IMF
04_CHL,Chile,"Gross domestic product per capita, constant prices",1989,11249.173,0.08767750630681781,IMF
04_CHL,Chile,"Gross domestic product per capita, constant prices",1990,11471.622,0.019774698104473964,IMF
04_CHL,Chile,"Gross domestic product per capita, constant prices",1991,12142.804,0.05850802964044677,IMF
04_CHL,Chile,"Gross domestic product per capita, constant prices",1992,13156.863,0.08351110666037265,IMF
04_CHL,Chile,"Gross domestic product per capita, constant prices",1993,13802.892,0.04910205419027314,IMF
04_CHL,Chile,"Gross domestic product per capita, constant prices",1994,14277.496,0.034384388431062174,IMF
04_CHL,Chile,"Gross domestic product per capita, constant prices",1995,15328.926,0.07364246503728666,IMF
04_CHL,Chile,"Gross domestic product per capita, constant prices",1996,15873.099,0.035499747340420384,IMF
04_CHL,Chile,"Gross domestic product per capita, constant prices",1997,16820.723,0.059699999351103594,IMF
04_CHL,Chile,"Gross domestic product per capita, constant prices",1998,17299.95,0.028490273575041858,IMF
04_CHL,Chile,"Gross domestic product per capita, constant prices",1999,17043.369,-0.014831314541371654,IMF
04_CHL,Chile,"Gross domestic product per capita, constant prices",2000,17681.326,0.037431390472153936,IMF
04_CHL,Chile,"Gross domestic product per capita, constant prices",2001,18030.202,0.019731325580445658,IMF
04_CHL,Chile,"Gross domestic product per capita, constant prices",2002,18403.6,0.020709584950850735,IMF
04_CHL,Chile,"Gross domestic product per capita, constant prices",2003,19071.203,0.03627567432458889,IMF
04_CHL,Chile,"Gross domestic product per capita, constant prices",2004,20141.76,0.056134738852079646,IMF
04_CHL,Chile,"Gross domestic product per capita, constant prices",2005,21111.175,0.04812960734315186,IMF
04_CHL,Chile,"Gross domestic product per capita, constant prices",2006,22171.602,0.050230600617919174,IMF
04_CHL,Chile,"Gross domestic product per capita, constant prices",2007,23091.427,0.04148662780434176,IMF
04_CHL,Chile,"Gross domestic product per capita, constant prices",2008,23728.88,0.02760561311347276,IMF
04_CHL,Chile,"Gross domestic product per capita, constant prices",2009,23222.403,-0.021344328093024334,IMF
04_CHL,Chile,"Gross domestic product per capita, constant prices",2010,24328.837,0.04764511235120672,IMF
04_CHL,Chile,"Gross domestic product per capita, constant prices",2011,25581.411,0.0514851573052999,IMF
04_CHL,Chile,"Gross domestic product per capita, constant prices",2012,26880.999,0.05080204528202148,IMF
04_CHL,Chile,"Gross domestic product per capita, constant prices",2013,27487.413,0.02255920622592944,IMF
04_CHL,Chile,"Gross domestic product per capita, constant prices",2014,27680.881,0.007038421549528939,IMF
04_CHL,Chile,"Gross domestic product per capita, constant prices",2015,27952.898,0.009826890986598391,IMF
04_CHL,Chile,"Gross domestic product per capita, constant prices",2016,28073.781,0.00432452477735934,IMF
04_CHL,Chile,"Gross domestic product per capita, constant prices",2017,28039.432,-0.001223525965383776,IMF
04_CHL,Chile,"Gross domestic product per capita, constant prices",2018,28701.176,0.02360047806959842,IMF
04_CHL,Chile,"Gross domestic product per capita, constant prices",2019,28450.086,-0.008748422015878332,IMF
04_CHL,Chile,"Gross domestic product per capita, constant prices",2020,26430.87,-0.07097398580798664,IMF
04_CHL,Chile,"Gross domestic product per capita, constant prices",2021,29184.704,0.10419006260482555,IMF
04_CHL,Chile,"Gross domestic product per capita, constant prices",2022,29524.119,0.011629893522305368,IMF
04_CHL,Chile,"Gross domestic product per capita, constant prices",2023,29415.479,-0.0036797033638835686,IMF
04_CHL,Chile,"Gross domestic product per capita, constant prices",2024,29968.867,0.018812816204692773,IMF
04_CHL,Chile,"Gross domestic product per capita, constant prices",2025,30453.158,0.01615980343868184,IMF
04_CHL,Chile,"Gross domestic product per capita, constant prices",2026,31005.953,0.018152304598426205,IMF
04_CHL,Chile,"Gross domestic product per capita, constant prices",2027,31644.523,0.020595077338858125,IMF
04_CHL,Chile,"Gross domestic product per capita, constant prices",2028,32237.958,0.018753166227217122,IMF
04_CHL,Chile,"Gross domestic product per capita, constant prices",2029,32855.419,0.019153229246095638,IMF
04_CHL,Chile,"Gross domestic product per capita, constant prices",2030,33487.45,0.0192367353464582,IMF
04_CHL,Chile,"Gross domestic product per capita, constant prices",2031,34151.043,0.019816169938290384,IMF
04_CHL,Chile,Gross national savings,1980,12.366,,IMF
04_CHL,Chile,Gross national savings,1981,7.87,-0.3635775513504771,IMF
04_CHL,Chile,Gross national savings,1982,1.467,-0.8135959339263024,IMF
04_CHL,Chile,Gross national savings,1983,4.082,1.7825494205862302,IMF
04_CHL,Chile,Gross national savings,1984,2.296,-0.4375306222439981,IMF
04_CHL,Chile,Gross national savings,1985,7.989,2.4795296167247387,IMF
04_CHL,Chile,Gross national savings,1986,10.613,0.32845162097884595,IMF
04_CHL,Chile,Gross national savings,1987,17.485,0.6475077734853483,IMF
04_CHL,Chile,Gross national savings,1988,20.746,0.18650271661424078,IMF
04_CHL,Chile,Gross national savings,1989,29.867,0.4396510170635304,IMF
04_CHL,Chile,Gross national savings,1990,21.431,-0.2824522047745003,IMF
04_CHL,Chile,Gross national savings,1991,22.599,0.054500489944472985,IMF
04_CHL,Chile,Gross national savings,1992,20.204,-0.10597814062569133,IMF
04_CHL,Chile,Gross national savings,1993,21.702,0.07414373391407647,IMF
04_CHL,Chile,Gross national savings,1994,20.071,-0.07515436365311956,IMF
04_CHL,Chile,Gross national savings,1995,24.751,0.2331722385531363,IMF
04_CHL,Chile,Gross national savings,1996,25.32,0.02298897014262047,IMF
04_CHL,Chile,Gross national savings,1997,25.078,-0.009557661927330208,IMF
04_CHL,Chile,Gross national savings,1998,23.4,-0.06691123694074486,IMF
04_CHL,Chile,Gross national savings,1999,22.489,-0.03893162393162386,IMF
04_CHL,Chile,Gross national savings,2000,22.505,0.0007114589354795253,IMF
04_CHL,Chile,Gross national savings,2001,22.953,0.019906687402799328,IMF
04_CHL,Chile,Gross national savings,2002,23.122,0.007362871955735706,IMF
04_CHL,Chile,Gross national savings,2003,23.573,0.019505233111322573,IMF
04_CHL,Chile,Gross national savings,2004,24.473,0.03817927289695833,IMF
04_CHL,Chile,Gross national savings,2005,25.156,0.027908307113962305,IMF
04_CHL,Chile,Gross national savings,2006,27.682,0.10041342025759259,IMF
04_CHL,Chile,Gross national savings,2007,27.466,-0.007802904414420886,IMF
04_CHL,Chile,Gross national savings,2008,24.133,-0.12135003276778566,IMF
04_CHL,Chile,Gross national savings,2009,24.317,0.007624414701860482,IMF
04_CHL,Chile,Gross national savings,2010,25.659,0.05518772874943445,IMF
04_CHL,Chile,Gross national savings,2011,21.706,-0.1540590046377489,IMF
04_CHL,Chile,Gross national savings,2012,23.5,0.08264995853681012,IMF
04_CHL,Chile,Gross national savings,2013,22.702,-0.03395744680851054,IMF
04_CHL,Chile,Gross national savings,2014,21.709,-0.04374063959122554,IMF
04_CHL,Chile,Gross national savings,2015,22.778,0.049242249758164824,IMF
04_CHL,Chile,Gross national savings,2016,21.127,-0.0724822196856616,IMF
04_CHL,Chile,Gross national savings,2017,19.875,-0.05926066171250055,IMF
04_CHL,Chile,Gross national savings,2018,19.634,-0.012125786163522001,IMF
04_CHL,Chile,Gross national savings,2019,19.702,0.0034633798512784253,IMF
04_CHL,Chile,Gross national savings,2020,19.132,-0.02893107298751396,IMF
04_CHL,Chile,Gross national savings,2021,16.679,-0.12821450972193194,IMF
04_CHL,Chile,Gross national savings,2022,16.927,0.014868996942262847,IMF
04_CHL,Chile,Gross national savings,2023,20.208,0.193832338866899,IMF
04_CHL,Chile,Gross national savings,2024,21.776,0.07759303246239124,IMF
04_CHL,Chile,Gross national savings,2025,22.158,0.017542248346803957,IMF
04_CHL,Chile,Gross national savings,2026,23.348,0.053705208051268105,IMF
04_CHL,Chile,Gross national savings,2027,22.888,-0.019701901661812515,IMF
04_CHL,Chile,Gross national savings,2028,23.093,0.00895665851101013,IMF
04_CHL,Chile,Gross national savings,2029,23.33,0.010262850214350694,IMF
04_CHL,Chile,Gross national savings,2030,23.484,0.006600942991856096,IMF
04_CHL,Chile,Gross national savings,2031,23.431,-0.0022568557315619797,IMF
04_CHL,Chile,Population,1980,11.174,,IMF
04_CHL,Chile,Population,1981,11.36,0.016645784857705292,IMF
04_CHL,Chile,Population,1982,11.545,0.016285211267605737,IMF
04_CHL,Chile,Population,1983,11.731,0.016110870506712782,IMF
04_CHL,Chile,Population,1984,11.917,0.0158554257949024,IMF
04_CHL,Chile,Population,1985,12.102,0.015524041285558399,IMF
04_CHL,Chile,Population,1986,12.317,0.0177656585688315,IMF
04_CHL,Chile,Population,1987,12.533,0.017536737842006822,IMF
04_CHL,Chile,Population,1988,12.748,0.01715471156147763,IMF
04_CHL,Chile,Population,1989,12.963,0.016865390649513534,IMF
04_CHL,Chile,Population,1990,13.179,0.016662809534830014,IMF
04_CHL,Chile,Population,1991,13.422,0.018438424766674233,IMF
04_CHL,Chile,Population,1992,13.771,0.026002086127253854,IMF
04_CHL,Chile,Population,1993,13.991,0.01597560090044281,IMF
04_CHL,Chile,Population,1994,14.206,0.01536702165677939,IMF
04_CHL,Chile,Population,1995,14.414,0.01464170068984938,IMF
04_CHL,Chile,Population,1996,14.614,0.01387539891771894,IMF
04_CHL,Chile,Population,1997,14.81,0.01341179690707528,IMF
04_CHL,Chile,Population,1998,15.002,0.012964213369345057,IMF
04_CHL,Chile,Population,1999,15.186,0.012265031329156129,IMF
04_CHL,Chile,Population,2000,15.366,0.011853022520742718,IMF
04_CHL,Chile,Population,2001,15.544,0.011584016660158847,IMF
04_CHL,Chile,Population,2002,15.716,0.011065362840967596,IMF
04_CHL,Chile,Population,2003,15.882,0.010562484092644375,IMF
04_CHL,Chile,Population,2004,16.042,0.01007429794736181,IMF
04_CHL,Chile,Population,2005,16.198,0.00972447325769843,IMF
04_CHL,Chile,Population,2006,16.357,0.009816026669959177,IMF
04_CHL,Chile,Population,2007,16.517,0.009781744818732063,IMF
04_CHL,Chile,Population,2008,16.682,0.009989707574014517,IMF
04_CHL,Chile,Population,2009,16.855,0.010370459177556857,IMF
04_CHL,Chile,Population,2010,17.03,0.01038267576386831,IMF
04_CHL,Chile,Population,2011,17.205,0.010275983558426072,IMF
04_CHL,Chile,Population,2012,17.381,0.01022958442313282,IMF
04_CHL,Chile,Population,2013,17.56,0.01029860192163845,IMF
04_CHL,Chile,Population,2014,17.749,0.010763097949886058,IMF
04_CHL,Chile,Population,2015,17.955,0.011606287678179061,IMF
04_CHL,Chile,Population,2016,18.191,0.013143971038708013,IMF
04_CHL,Chile,Population,2017,18.461,0.014842504535209633,IMF
04_CHL,Chile,Population,2018,18.754,0.015871296246140698,IMF
04_CHL,Chile,Population,2019,19.04,0.015250079982936926,IMF
04_CHL,Chile,Population,2020,19.236,0.010294117647059009,IMF
04_CHL,Chile,Population,2021,19.392,0.008109794135994886,IMF
04_CHL,Chile,Population,2022,19.582,0.009797854785478677,IMF
04_CHL,Chile,Population,2023,19.756,0.008885711367582427,IMF
04_CHL,Chile,Population,2024,19.904,0.00749139501923457,IMF
04_CHL,Chile,Population,2025,20.037,0.006682073954983769,IMF
04_CHL,Chile,Population,2026,20.151,0.005689474472226452,IMF
04_CHL,Chile,Population,2027,20.252,0.005012158205548012,IMF
04_CHL,Chile,Population,2028,20.342,0.004444005530318096,IMF
04_CHL,Chile,Population,2029,20.421,0.0038835906007275156,IMF
04_CHL,Chile,Population,2030,20.49,0.003378874687821387,IMF
04_CHL,Chile,Population,2031,20.547,0.00278184480234267,IMF
04_CHL,Chile,Real GDP PPP 2021 USD,1980,113363.91742,,IMF
04_CHL,Chile,Real GDP PPP 2021 USD,1981,120410.58127999998,0.06215967144018952,IMF
04_CHL,Chile,Real GDP PPP 2021 USD,1982,104043.81708,-0.13592463408129474,IMF
04_CHL,Chile,Real GDP PPP 2021 USD,1983,101131.965596,-0.027986780624946306,IMF
04_CHL,Chile,Real GDP PPP 2021 USD,1984,107087.72312699999,0.0588909500166539,IMF
04_CHL,Chile,Real GDP PPP 2021 USD,1985,109190.016654,0.019631508314980284,IMF
04_CHL,Chile,Real GDP PPP 2021 USD,1986,115297.577133,0.05593515475277888,IMF
04_CHL,Chile,Real GDP PPP 2021 USD,1987,122891.83017999999,0.06586654495124167,IMF
04_CHL,Chile,Real GDP PPP 2021 USD,1988,131844.647492,0.07285120010733648,IMF
04_CHL,Chile,Real GDP PPP 2021 USD,1989,145823.029599,0.10602161235137131,IMF
04_CHL,Chile,Real GDP PPP 2021 USD,1990,151184.506338,0.03676700966742752,IMF
04_CHL,Chile,Real GDP PPP 2021 USD,1991,162980.715288,0.0780252503098926,IMF
04_CHL,Chile,Real GDP PPP 2021 USD,1992,181183.160373,0.11168465577559172,IMF
04_CHL,Chile,Real GDP PPP 2021 USD,1993,193116.26197199998,0.06586208991185183,IMF
04_CHL,Chile,Real GDP PPP 2021 USD,1994,202826.10817599998,0.050279795729516685,IMF
04_CHL,Chile,Real GDP PPP 2021 USD,1995,220951.139364,0.08936241665827471,IMF
04_CHL,Chile,Real GDP PPP 2021 USD,1996,231969.468786,0.04986771941396584,IMF
04_CHL,Chile,Real GDP PPP 2021 USD,1997,249114.90763000003,0.07391248052482835,IMF
04_CHL,Chile,Real GDP PPP 2021 USD,1998,259533.84990000003,0.04182384092996472,IMF
04_CHL,Chile,Real GDP PPP 2021 USD,1999,258820.601634,-0.002748189749718022,IMF
04_CHL,Chile,Real GDP PPP 2021 USD,2000,271691.255316,0.049728088107145796,IMF
04_CHL,Chile,Real GDP PPP 2021 USD,2001,280261.45988800004,0.03154391024485537,IMF
04_CHL,Chile,Real GDP PPP 2021 USD,2002,289230.9776,0.032004106863585235,IMF
04_CHL,Chile,Real GDP PPP 2021 USD,2003,302888.846046,0.04722131965023668,IMF
04_CHL,Chile,Real GDP PPP 2021 USD,2004,323114.11392000003,0.06677455488383477,IMF
04_CHL,Chile,Real GDP PPP 2021 USD,2005,341958.81265,0.05832211568036216,IMF
04_CHL,Chile,Real GDP PPP 2021 USD,2006,362660.89391399996,0.060539692203192,IMF
04_CHL,Chile,Real GDP PPP 2021 USD,2007,381401.099759,0.05167418422964576,IMF
04_CHL,Chile,Real GDP PPP 2021 USD,2008,395845.17616,0.037871092689892416,IMF
04_CHL,Chile,Real GDP PPP 2021 USD,2009,391413.602565,-0.011195219398628553,IMF
04_CHL,Chile,Real GDP PPP 2021 USD,2010,414320.09411,0.05852247186835058,IMF
04_CHL,Chile,Real GDP PPP 2021 USD,2011,440128.17625499994,0.06229020149369835,IMF
04_CHL,Chile,Real GDP PPP 2021 USD,2012,467218.643619,0.06155131351623444,IMF
04_CHL,Chile,Real GDP PPP 2021 USD,2013,482678.97228,0.03309013643215697,IMF
04_CHL,Chile,Real GDP PPP 2021 USD,2014,491307.956869,0.01787727471996514,IMF
04_CHL,Chile,Real GDP PPP 2021 USD,2015,501894.28358999995,0.02154723238854994,IMF
04_CHL,Chile,Real GDP PPP 2021 USD,2016,510690.1501709999,0.017525337244497008,IMF
04_CHL,Chile,Real GDP PPP 2021 USD,2017,517635.95415199996,0.013600818380135715,IMF
04_CHL,Chile,Real GDP PPP 2021 USD,2018,538261.854704,0.039846344494732344,IMF
04_CHL,Chile,Real GDP PPP 2021 USD,2019,541689.63744,0.006368243831591736,IMF
04_CHL,Chile,Real GDP PPP 2021 USD,2020,508424.21532,-0.06141048272071581,IMF
04_CHL,Chile,Real GDP PPP 2021 USD,2021,565949.779968,0.11314481669956189,IMF
04_CHL,Chile,Real GDP PPP 2021 USD,2022,578141.298258,0.021541696315686032,IMF
04_CHL,Chile,Real GDP PPP 2021 USD,2023,581132.203124,0.005173311221688959,IMF
04_CHL,Chile,Real GDP PPP 2021 USD,2024,596500.328768,0.026445145461541086,IMF
04_CHL,Chile,Real GDP PPP 2021 USD,2025,610189.926846,0.02294985839534114,IMF
04_CHL,Chile,Real GDP PPP 2021 USD,2026,624800.958903,0.023945056144277332,IMF
04_CHL,Chile,Real GDP PPP 2021 USD,2027,640864.879796,0.025710461330284096,IMF
04_CHL,Chile,Real GDP PPP 2021 USD,2028,655784.5416359999,0.02328051093195982,IMF
04_CHL,Chile,Real GDP PPP 2021 USD,2029,670940.5113990001,0.023111203147897053,IMF
04_CHL,Chile,Real GDP PPP 2021 USD,2030,686157.8505,0.022680608552418047,IMF
04_CHL,Chile,Real GDP PPP 2021 USD,2031,701701.480521,0.02265314024997811,IMF
04_CHL,Chile,Total investment,1980,,,IMF
04_CHL,Chile,Total investment,1981,25.315,,IMF
04_CHL,Chile,Total investment,1982,14.161,-0.44060833497926133,IMF
04_CHL,Chile,Total investment,1983,12.583,-0.1114328084174846,IMF
04_CHL,Chile,Total investment,1984,16.329,0.29770325041722967,IMF
04_CHL,Chile,Total investment,1985,20.046,0.22763182068712107,IMF
04_CHL,Chile,Total investment,1986,21.676,0.0813129801456649,IMF
04_CHL,Chile,Total investment,1987,25.074,0.15676324045026768,IMF
04_CHL,Chile,Total investment,1988,25.768,0.027678072904203432,IMF
04_CHL,Chile,Total investment,1989,28.311,0.09868829556038494,IMF
04_CHL,Chile,Total investment,1990,28.293,-0.0006357952739217687,IMF
04_CHL,Chile,Total investment,1991,25.821,-0.08737143463047392,IMF
04_CHL,Chile,Total investment,1992,27.249,0.055303822470082364,IMF
04_CHL,Chile,Total investment,1993,30.003,0.10106792909831563,IMF
04_CHL,Chile,Total investment,1994,27.789,-0.07379262073792614,IMF
04_CHL,Chile,Total investment,1995,29.641,0.06664507538954245,IMF
04_CHL,Chile,Total investment,1996,29.881,0.008096892817381462,IMF
04_CHL,Chile,Total investment,1997,29.859,-0.0007362538067667845,IMF
04_CHL,Chile,Total investment,1998,28.619,-0.04152851736494867,IMF
04_CHL,Chile,Total investment,1999,22.55,-0.21206191690834753,IMF
04_CHL,Chile,Total investment,2000,23.751,0.05325942350332591,IMF
04_CHL,Chile,Total investment,2001,24.091,0.014315186728979912,IMF
04_CHL,Chile,Total investment,2002,24.108,0.0007056577144992637,IMF
04_CHL,Chile,Total investment,2003,23.399,-0.029409324705491957,IMF
04_CHL,Chile,Total investment,2004,21.243,-0.09214068977306733,IMF
04_CHL,Chile,Total investment,2005,23.268,0.09532551899449238,IMF
04_CHL,Chile,Total investment,2006,22.186,-0.0465016331442325,IMF
04_CHL,Chile,Total investment,2007,22.348,0.007301902100423696,IMF
04_CHL,Chile,Total investment,2008,28.897,0.2930463576158939,IMF
04_CHL,Chile,Total investment,2009,22.92,-0.20683808007751658,IMF
04_CHL,Chile,Total investment,2010,24.775,0.08093368237347276,IMF
04_CHL,Chile,Total investment,2011,26.646,0.07551967709384466,IMF
04_CHL,Chile,Total investment,2012,28.791,0.08049988741274494,IMF
04_CHL,Chile,Total investment,2013,27.497,-0.04494460074328788,IMF
04_CHL,Chile,Total investment,2014,25.158,-0.08506382514456112,IMF
04_CHL,Chile,Total investment,2015,25.599,0.017529215358931483,IMF
04_CHL,Chile,Total investment,2016,23.709,-0.07383100902379003,IMF
04_CHL,Chile,Total investment,2017,22.637,-0.04521489729638528,IMF
04_CHL,Chile,Total investment,2018,24.203,0.06917877810663953,IMF
04_CHL,Chile,Total investment,2019,24.939,0.030409453373548834,IMF
04_CHL,Chile,Total investment,2020,21.058,-0.1556197120975179,IMF
04_CHL,Chile,Total investment,2021,24.106,0.14474309051191958,IMF
04_CHL,Chile,Total investment,2022,25.798,0.0701899941923172,IMF
04_CHL,Chile,Total investment,2023,23.362,-0.09442592449027054,IMF
04_CHL,Chile,Total investment,2024,23.24,-0.005222155637359838,IMF
04_CHL,Chile,Total investment,2025,24.45,0.05206540447504304,IMF
04_CHL,Chile,Total investment,2026,24.091,-0.014683026584866976,IMF
04_CHL,Chile,Total investment,2027,24.725,0.026316881823087446,IMF
04_CHL,Chile,Total investment,2028,25.036,0.012578361981799846,IMF
04_CHL,Chile,Total investment,2029,25.271,0.00938648346381199,IMF
04_CHL,Chile,Total investment,2030,25.635,0.01440386213446243,IMF
04_CHL,Chile,Total investment,2031,25.842,0.00807489760093616,IMF
05_PRC,China,"Gross domestic product per capita, constant prices",1980,782.361,,IMF
05_PRC,China,"Gross domestic product per capita, constant prices",1981,811.029,0.03664293082093817,IMF
05_PRC,China,"Gross domestic product per capita, constant prices",1982,870.264,0.07303684578479941,IMF
05_PRC,China,"Gross domestic product per capita, constant prices",1983,951.578,0.09343601481849184,IMF
05_PRC,China,"Gross domestic product per capita, constant prices",1984,1082.047,0.1371080457934084,IMF
05_PRC,China,"Gross domestic product per capita, constant prices",1985,1210.802,0.11899205857046868,IMF
05_PRC,China,"Gross domestic product per capita, constant prices",1986,1298.253,0.0722256818208098,IMF
05_PRC,China,"Gross domestic product per capita, constant prices",1987,1426.36,0.09867645212450893,IMF
05_PRC,China,"Gross domestic product per capita, constant prices",1988,1561.454,0.09471241481813841,IMF
05_PRC,China,"Gross domestic product per capita, constant prices",1989,1602.811,0.02648621092904424,IMF
05_PRC,China,"Gross domestic product per capita, constant prices",1990,1641.407,0.024080194108974773,IMF
05_PRC,China,"Gross domestic product per capita, constant prices",1991,1785.613,0.08785511454502148,IMF
05_PRC,China,"Gross domestic product per capita, constant prices",1992,2017.072,0.1296243922955309,IMF
05_PRC,China,"Gross domestic product per capita, constant prices",1993,2272.062,0.1264159137601435,IMF
05_PRC,China,"Gross domestic product per capita, constant prices",1994,2541.171,0.11844263052680781,IMF
05_PRC,China,"Gross domestic product per capita, constant prices",1995,2791.508,0.09851245744579962,IMF
05_PRC,China,"Gross domestic product per capita, constant prices",1996,3037.965,0.0882881224055243,IMF
05_PRC,China,"Gross domestic product per capita, constant prices",1997,3287.837,0.08224979550455647,IMF
05_PRC,China,"Gross domestic product per capita, constant prices",1998,3516.409,0.06952047805289618,IMF
05_PRC,China,"Gross domestic product per capita, constant prices",1999,3758.305,0.06879063271650132,IMF
05_PRC,China,"Gross domestic product per capita, constant prices",2000,4049.675,0.07752697026984245,IMF
05_PRC,China,"Gross domestic product per capita, constant prices",2001,4356.202,0.07569175304191078,IMF
05_PRC,China,"Gross domestic product per capita, constant prices",2002,4727.004,0.08512047880240625,IMF
05_PRC,China,"Gross domestic product per capita, constant prices",2003,5174.261,0.09461743632964992,IMF
05_PRC,China,"Gross domestic product per capita, constant prices",2004,5664.29,0.09470511827679351,IMF
05_PRC,China,"Gross domestic product per capita, constant prices",2005,6275.031,0.1078230457833198,IMF
05_PRC,China,"Gross domestic product per capita, constant prices",2006,7032.515,0.12071398531736333,IMF
05_PRC,China,"Gross domestic product per capita, constant prices",2007,7986.492,0.13565232352863799,IMF
05_PRC,China,"Gross domestic product per capita, constant prices",2008,8711.87,0.09082560904086567,IMF
05_PRC,China,"Gross domestic product per capita, constant prices",2009,9488.409,0.08913574238366717,IMF
05_PRC,China,"Gross domestic product per capita, constant prices",2010,10442.761,0.10058082445645011,IMF
05_PRC,China,"Gross domestic product per capita, constant prices",2011,11359.811,0.08781681396328023,IMF
05_PRC,China,"Gross domestic product per capita, constant prices",2012,12160.614,0.07049439466906615,IMF
05_PRC,China,"Gross domestic product per capita, constant prices",2013,13028.506,0.0713690936987228,IMF
05_PRC,China,"Gross domestic product per capita, constant prices",2014,13910.911,0.06772879407661936,IMF
05_PRC,China,"Gross domestic product per capita, constant prices",2015,14814.049,0.06492299461911588,IMF
05_PRC,China,"Gross domestic product per capita, constant prices",2016,15714.854,0.06080748079070064,IMF
05_PRC,China,"Gross domestic product per capita, constant prices",2017,16704.298,0.0629623412346052,IMF
05_PRC,China,"Gross domestic product per capita, constant prices",2018,17766.025,0.06356010890131403,IMF
05_PRC,China,"Gross domestic product per capita, constant prices",2019,18781.079,0.057134558799731616,IMF
05_PRC,China,"Gross domestic product per capita, constant prices",2020,19192.148,0.021887400612073504,IMF
05_PRC,China,"Gross domestic product per capita, constant prices",2021,20827.093,0.08518822385071223,IMF
05_PRC,China,"Gross domestic product per capita, constant prices",2022,21488.179,0.03174163576260969,IMF
05_PRC,China,"Gross domestic product per capita, constant prices",2023,22676.97,0.055323022020618895,IMF
05_PRC,China,"Gross domestic product per capita, constant prices",2024,23834.953,0.05106427357799559,IMF
05_PRC,China,"Gross domestic product per capita, constant prices",2025,25073.858,0.05197849561524204,IMF
05_PRC,China,"Gross domestic product per capita, constant prices",2026,26239.23,0.04647757038426237,IMF
05_PRC,China,"Gross domestic product per capita, constant prices",2027,27360.067,0.04271607817759904,IMF
05_PRC,China,"Gross domestic product per capita, constant prices",2028,28526.159,0.04262021726774279,IMF
05_PRC,China,"Gross domestic product per capita, constant prices",2029,29653.058,0.03950405660993472,IMF
05_PRC,China,"Gross domestic product per capita, constant prices",2030,30736.344,0.03653201636067349,IMF
05_PRC,China,"Gross domestic product per capita, constant prices",2031,31848.08,0.03617007930416194,IMF
05_PRC,China,Gross national savings,1980,32.572,,IMF
05_PRC,China,Gross national savings,1981,31.987,-0.01796021122436464,IMF
05_PRC,China,Gross national savings,1982,35.026,0.09500734673461109,IMF
05_PRC,China,Gross national savings,1983,35.08,0.0015417118711813504,IMF
05_PRC,China,Gross national savings,1984,35.052,-0.0007981755986317118,IMF
05_PRC,China,Gross national savings,1985,34.187,-0.024677621819011786,IMF
05_PRC,China,Gross national savings,1986,35.47,0.03752888524877873,IMF
05_PRC,China,Gross national savings,1987,36.607,0.03205525796447706,IMF
05_PRC,China,Gross national savings,1988,36.483,-0.0033873302920207626,IMF
05_PRC,China,Gross national savings,1989,35.705,-0.021325000685250672,IMF
05_PRC,China,Gross national savings,1990,38.518,0.07878448396583115,IMF
05_PRC,China,Gross national savings,1991,38.723,0.00532218702944065,IMF
05_PRC,China,Gross national savings,1992,38.203,-0.013428711618417855,IMF
05_PRC,China,Gross national savings,1993,41.948,0.09802895060597328,IMF
05_PRC,China,Gross national savings,1994,43.028,0.025746161914751653,IMF
05_PRC,China,Gross national savings,1995,41.563,-0.03404759691363757,IMF
05_PRC,China,Gross national savings,1996,40.684,-0.02114861776098942,IMF
05_PRC,China,Gross national savings,1997,39.555,-0.027750467014059477,IMF
05_PRC,China,Gross national savings,1998,38.08,-0.037289849576539025,IMF
05_PRC,China,Gross national savings,1999,36.236,-0.04842436974789921,IMF
05_PRC,China,Gross national savings,2000,35.402,-0.023015785406777733,IMF
05_PRC,China,Gross national savings,2001,36.908,0.0425399694932489,IMF
05_PRC,China,Gross national savings,2002,38.529,0.04392001734041395,IMF
05_PRC,China,Gross national savings,2003,42.059,0.09161929974824146,IMF
05_PRC,China,Gross national savings,2004,45.228,0.07534653700753724,IMF
05_PRC,China,Gross national savings,2005,45.731,0.011121429203148514,IMF
05_PRC,China,Gross national savings,2006,47.896,0.04734206555728049,IMF
05_PRC,China,Gross national savings,2007,49.908,0.042007683313846744,IMF
05_PRC,China,Gross national savings,2008,51.124,0.024364831289572786,IMF
05_PRC,China,Gross national savings,2009,49.744,-0.026993193020890427,IMF
05_PRC,China,Gross national savings,2010,50.379,0.012765358636217305,IMF
05_PRC,China,Gross national savings,2011,48.34,-0.04047321304511786,IMF
05_PRC,China,Gross national savings,2012,48.249,-0.0018824989656599511,IMF
05_PRC,China,Gross national savings,2013,47.251,-0.020684366515368313,IMF
05_PRC,China,Gross national savings,2014,47.404,0.003238026708429542,IMF
05_PRC,China,Gross national savings,2015,45.227,-0.045924394565859505,IMF
05_PRC,China,Gross national savings,2016,43.839,-0.030689632299290226,IMF
05_PRC,China,Gross national savings,2017,44.175,0.007664408403476264,IMF
05_PRC,China,Gross national savings,2018,43.598,-0.0130616864742501,IMF
05_PRC,China,Gross national savings,2019,43.339,-0.0059406394788751316,IMF
05_PRC,China,Gross national savings,2020,43.918,0.013359791411892363,IMF
05_PRC,China,Gross national savings,2021,44.649,0.01664465594972442,IMF
05_PRC,China,Gross national savings,2022,44.794,0.0032475531366882304,IMF
05_PRC,China,Gross national savings,2023,42.564,-0.0497834531410456,IMF
05_PRC,China,Gross national savings,2024,42.845,0.006601823136923146,IMF
05_PRC,China,Gross national savings,2025,42.52,-0.007585482553389977,IMF
05_PRC,China,Gross national savings,2026,42.309,-0.004962370649106429,IMF
05_PRC,China,Gross national savings,2027,42.091,-0.0051525680115340755,IMF
05_PRC,China,Gross national savings,2028,42.27,0.004252690598940401,IMF
05_PRC,China,Gross national savings,2029,42.507,0.005606813342796224,IMF
05_PRC,China,Gross national savings,2030,42.502,-0.00011762768485179542,IMF
05_PRC,China,Gross national savings,2031,42.457,-0.0010587737047669243,IMF
05_PRC,China,Population,1980,987.05,,IMF
05_PRC,China,Population,1981,1000.72,0.013849349070462535,IMF
05_PRC,China,Population,1982,1016.54,0.015808617795187496,IMF
05_PRC,China,Population,1983,1030.08,0.013319692289531115,IMF
05_PRC,China,Population,1984,1043.57,0.013096070208139077,IMF
05_PRC,China,Population,1985,1058.51,0.014316241363780069,IMF
05_PRC,China,Population,1986,1075.07,0.015644632549527193,IMF
05_PRC,China,Population,1987,1093.0,0.016677983759197046,IMF
05_PRC,China,Population,1988,1110.26,0.015791399817017382,IMF
05_PRC,China,Population,1989,1127.04,0.015113576999981948,IMF
05_PRC,China,Population,1990,1143.33,0.014453790459965976,IMF
05_PRC,China,Population,1991,1158.23,0.013032107965329498,IMF
05_PRC,China,Population,1992,1171.71,0.011638448322008665,IMF
05_PRC,China,Population,1993,1185.17,0.01148748410442857,IMF
05_PRC,China,Population,1994,1198.5,0.011247331606436095,IMF
05_PRC,China,Population,1995,1211.21,0.010604922820191875,IMF
05_PRC,China,Population,1996,1223.89,0.010468869973002226,IMF
05_PRC,China,Population,1997,1236.26,0.01010711746970716,IMF
05_PRC,China,Population,1998,1247.61,0.00918091663565912,IMF
05_PRC,China,Population,1999,1257.86,0.008215708434526903,IMF
05_PRC,China,Population,2000,1267.43,0.007608159890607924,IMF
05_PRC,China,Population,2001,1276.27,0.006974744167330682,IMF
05_PRC,China,Population,2002,1284.53,0.006471984768113392,IMF
05_PRC,China,Population,2003,1292.27,0.006025550201240959,IMF
05_PRC,China,Population,2004,1299.88,0.005888862234672443,IMF
05_PRC,China,Population,2005,1307.56,0.005908237683478257,IMF
05_PRC,China,Population,2006,1314.48,0.0052923001621341115,IMF
05_PRC,China,Population,2007,1321.29,0.005180755888259947,IMF
05_PRC,China,Population,2008,1328.02,0.005093507102907013,IMF
05_PRC,China,Population,2009,1334.5,0.0048794445866779945,IMF
05_PRC,China,Population,2010,1340.91,0.004803297115024474,IMF
05_PRC,China,Population,2011,1349.16,0.0061525382016689445,IMF
05_PRC,China,Population,2012,1359.22,0.007456491446529601,IMF
05_PRC,China,Population,2013,1367.26,0.00591515722252467,IMF
05_PRC,China,Population,2014,1376.46,0.006728786039231771,IMF
05_PRC,China,Population,2015,1383.26,0.004940208941778046,IMF
05_PRC,China,Population,2016,1392.32,0.0065497448057487695,IMF
05_PRC,China,Population,2017,1400.11,0.005594978165938791,IMF
05_PRC,China,Population,2018,1405.41,0.0037854168601039184,IMF
05_PRC,China,Population,2019,1410.08,0.0033228737521433516,IMF
05_PRC,China,Population,2020,1412.12,0.0014467264268693825,IMF
05_PRC,China,Population,2021,1412.6,0.00033991445486214467,IMF
05_PRC,China,Population,2022,1411.75,-0.0006017273113406718,IMF
05_PRC,China,Population,2023,1409.67,-0.0014733486807153584,IMF
05_PRC,China,Population,2024,1408.28,-0.0009860463796491636,IMF
05_PRC,China,Population,2025,1405.08,-0.0022722753997784784,IMF
05_PRC,China,Population,2026,1401.923,-0.002246847154610321,IMF
05_PRC,China,Population,2027,1398.713,-0.002289712059792226,IMF
05_PRC,China,Population,2028,1395.198,-0.002513024473212111,IMF
05_PRC,China,Population,2029,1391.374,-0.0027408296170149393,IMF
05_PRC,China,Population,2030,1387.277,-0.0029445713373974503,IMF
05_PRC,China,Population,2031,1382.906,-0.0031507766653667835,IMF
05_PRC,China,Real GDP PPP 2021 USD,1980,772229.42505,,IMF
05_PRC,China,Real GDP PPP 2021 USD,1981,811612.94088,0.050999760631304625,IMF
05_PRC,China,Real GDP PPP 2021 USD,1982,884658.1665599999,0.09000007515996455,IMF
05_PRC,China,Real GDP PPP 2021 USD,1983,980201.4662399999,0.10800024607416536,IMF
05_PRC,China,Real GDP PPP 2021 USD,1984,1129191.78779,0.15199969259535906,IMF
05_PRC,China,Real GDP PPP 2021 USD,1985,1281646.0250199998,0.1350118189651166,IMF
05_PRC,China,Real GDP PPP 2021 USD,1986,1395712.8527099998,0.08900025862306249,IMF
05_PRC,China,Real GDP PPP 2021 USD,1987,1559011.48,0.11700016014965375,IMF
05_PRC,China,Real GDP PPP 2021 USD,1988,1733619.91804,0.11199945624518426,IMF
05_PRC,China,Real GDP PPP 2021 USD,1989,1806432.1094399998,0.04200008931734023,IMF
05_PRC,China,Real GDP PPP 2021 USD,1990,1876669.8653099998,0.038882034648827224,IMF
05_PRC,China,Real GDP PPP 2021 USD,1991,2068150.54499,0.10203215984840797,IMF
05_PRC,China,Real GDP PPP 2021 USD,1992,2363423.43312,0.14277146740854296,IMF
05_PRC,China,Real GDP PPP 2021 USD,1993,2692779.72054,0.13935559866443836,IMF
05_PRC,China,Real GDP PPP 2021 USD,1994,3045593.4434999996,0.1310221256751174,IMF
05_PRC,China,Real GDP PPP 2021 USD,1995,3381102.4046799997,0.11016209727403159,IMF
05_PRC,China,Real GDP PPP 2021 USD,1996,3718134.9838500004,0.09968126925215048,IMF
05_PRC,China,Real GDP PPP 2021 USD,1997,4064621.36962,0.09318822131928761,IMF
05_PRC,China,Real GDP PPP 2021 USD,1998,4387107.03249,0.07933965640203011,IMF
05_PRC,China,Real GDP PPP 2021 USD,1999,4727421.527299999,0.07757150493245346,IMF
05_PRC,China,Real GDP PPP 2021 USD,2000,5132679.5852500005,0.08572496774609784,IMF
05_PRC,China,Real GDP PPP 2021 USD,2001,5559689.92654,0.08319442782228559,IMF
05_PRC,China,Real GDP PPP 2021 USD,2002,6071978.44812,0.09214336201278317,IMF
05_PRC,China,Real GDP PPP 2021 USD,2003,6686542.26247,0.10121310864340782,IMF
05_PRC,China,Real GDP PPP 2021 USD,2004,7362897.285200001,0.10115168590591628,IMF
05_PRC,China,Real GDP PPP 2021 USD,2005,8204979.53436,0.11436832764904259,IMF
05_PRC,China,Real GDP PPP 2021 USD,2006,9244100.317200001,0.12664514012356443,IMF
05_PRC,China,Real GDP PPP 2021 USD,2007,10552472.01468,0.1415358609907751,IMF
05_PRC,China,Real GDP PPP 2021 USD,2008,11569537.5974,0.09638173702854802,IMF
05_PRC,China,Real GDP PPP 2021 USD,2009,12662281.8105,0.0944501198859986,IMF
05_PRC,China,Real GDP PPP 2021 USD,2010,14002802.652510002,0.1058672411554129,IMF
05_PRC,China,Real GDP PPP 2021 USD,2011,15326202.608760001,0.09450964846760734,IMF
05_PRC,China,Real GDP PPP 2021 USD,2012,16528949.76108,0.078476526966474,IMF
05_PRC,China,Real GDP PPP 2021 USD,2013,17813355.11356,0.07770641033130432,IMF
05_PRC,China,Real GDP PPP 2021 USD,2014,19147812.55506,0.07491331267988799,IMF
05_PRC,China,Real GDP PPP 2021 USD,2015,20491681.419740003,0.07018393671943857,IMF
05_PRC,China,Real GDP PPP 2021 USD,2016,21880105.521279998,0.06775549907790879,IMF
05_PRC,China,Real GDP PPP 2021 USD,2017,23387854.672779996,0.06890959232502802,IMF
05_PRC,China,Real GDP PPP 2021 USD,2018,24968549.195250005,0.06758612726928326,IMF
05_PRC,China,Real GDP PPP 2021 USD,2019,26482823.87632,0.060647283477650804,IMF
05_PRC,China,Real GDP PPP 2021 USD,2020,27101616.03376,0.023365792119823814,IMF
05_PRC,China,Real GDP PPP 2021 USD,2021,29420351.5718,0.08555709501424547,IMF
05_PRC,China,Real GDP PPP 2021 USD,2022,30335936.70325,0.031120808642123965,IMF
05_PRC,China,Real GDP PPP 2021 USD,2023,31967044.299900003,0.053768163238396394,IMF
05_PRC,China,Real GDP PPP 2021 USD,2024,33566287.61084,0.05002787545625553,IMF
05_PRC,China,Real GDP PPP 2021 USD,2025,35230776.39864,0.04958811075855962,IMF
05_PRC,China,Real GDP PPP 2021 USD,2026,36785380.039289996,0.0441262952328807,IMF
05_PRC,China,Real GDP PPP 2021 USD,2027,38268881.393771,0.04032855859845674,IMF
05_PRC,China,Real GDP PPP 2021 USD,2028,39799639.984482005,0.04000008714548331,IMF
05_PRC,China,Real GDP PPP 2021 USD,2029,41258493.921692,0.03665495310457101,IMF
05_PRC,China,Real GDP PPP 2021 USD,2030,42639823.095288,0.033479873895003065,IMF
05_PRC,China,Real GDP PPP 2021 USD,2031,44042900.92048,0.03290533879693913,IMF
05_PRC,China,Total investment,1980,34.901,,IMF
05_PRC,China,Total investment,1981,32.985,-0.05489814045442831,IMF
05_PRC,China,Total investment,1982,31.843,-0.0346217977868728,IMF
05_PRC,China,Total investment,1983,31.795,-0.0015073956599566118,IMF
05_PRC,China,Total investment,1984,34.258,0.07746501022173291,IMF
05_PRC,China,Total investment,1985,38.953,0.13704828069356068,IMF
05_PRC,China,Total investment,1986,37.607,-0.03455446307088039,IMF
05_PRC,China,Total investment,1987,37.184,-0.011247905974951511,IMF
05_PRC,China,Total investment,1988,38.934,0.04706325301204828,IMF
05_PRC,China,Total investment,1989,36.991,-0.0499049673806955,IMF
05_PRC,China,Total investment,1990,33.919,-0.08304722770403616,IMF
05_PRC,China,Total investment,1991,35.422,0.04431144786108088,IMF
05_PRC,China,Total investment,1992,39.264,0.10846366664784624,IMF
05_PRC,China,Total investment,1993,43.459,0.10684087204563975,IMF
05_PRC,China,Total investment,1994,40.323,-0.07215996686532145,IMF
05_PRC,China,Total investment,1995,39.119,-0.029858889467549554,IMF
05_PRC,China,Total investment,1996,37.766,-0.03458677369053409,IMF
05_PRC,China,Total investment,1997,35.736,-0.053752052110363824,IMF
05_PRC,China,Total investment,1998,35.041,-0.019448175509290344,IMF
05_PRC,China,Total investment,1999,34.318,-0.020632972803287575,IMF
05_PRC,China,Total investment,2000,33.727,-0.017221283291567135,IMF
05_PRC,China,Total investment,2001,35.62,0.056127138494381335,IMF
05_PRC,China,Total investment,2002,36.146,0.014766984839977626,IMF
05_PRC,China,Total investment,2003,39.498,0.09273501908924908,IMF
05_PRC,China,Total investment,2004,41.744,0.05686363866524902,IMF
05_PRC,China,Total investment,2005,40.039,-0.04084419317746257,IMF
05_PRC,China,Total investment,2006,39.608,-0.010764504608007264,IMF
05_PRC,China,Total investment,2007,40.131,0.013204403150878674,IMF
05_PRC,China,Total investment,2008,42.086,0.04871545687872225,IMF
05_PRC,China,Total investment,2009,45.045,0.07030841610036598,IMF
05_PRC,China,Total investment,2010,46.505,0.0324120324120325,IMF
05_PRC,China,Total investment,2011,46.555,0.001075153209332269,IMF
05_PRC,China,Total investment,2012,45.769,-0.016883256363441124,IMF
05_PRC,China,Total investment,2013,45.736,-0.0007210120387162178,IMF
05_PRC,China,Total investment,2014,45.198,-0.011763162497813506,IMF
05_PRC,China,Total investment,2015,42.635,-0.05670604894021869,IMF
05_PRC,China,Total investment,2016,42.167,-0.01097689691567949,IMF
05_PRC,China,Total investment,2017,42.666,0.011833898546256494,IMF
05_PRC,China,Total investment,2018,43.427,0.01783621619087805,IMF
05_PRC,China,Total investment,2019,42.634,-0.01826052916388421,IMF
05_PRC,China,Total investment,2020,42.271,-0.008514331284889987,IMF
05_PRC,China,Total investment,2021,42.708,0.010338056823827158,IMF
05_PRC,China,Total investment,2022,42.377,-0.007750304392619589,IMF
05_PRC,China,Total investment,2023,41.13,-0.029426339759775377,IMF
05_PRC,China,Total investment,2024,40.607,-0.012715779236567082,IMF
05_PRC,China,Total investment,2025,38.805,-0.04437658531780231,IMF
05_PRC,China,Total investment,2026,38.829,0.0006184770003865303,IMF
05_PRC,China,Total investment,2027,38.824,-0.0001287697339618088,IMF
05_PRC,China,Total investment,2028,39.287,0.011925613022872428,IMF
05_PRC,China,Total investment,2029,39.593,0.007788836001730859,IMF
05_PRC,China,Total investment,2030,39.625,0.0008082236759021644,IMF
05_PRC,China,Total investment,2031,39.614,-0.00027760252365938154,IMF
06_HKC,"Hong Kong, China","Gross domestic product per capita, constant prices",1980,18595.941,,IMF
06_HKC,"Hong Kong, China","Gross domestic product per capita, constant prices",1981,19835.011,0.06663120731561789,IMF
06_HKC,"Hong Kong, China","Gross domestic product per capita, constant prices",1982,20097.16,0.013216478680047272,IMF
06_HKC,"Hong Kong, China","Gross domestic product per capita, constant prices",1983,20947.555,0.04231418767626871,IMF
06_HKC,"Hong Kong, China","Gross domestic product per capita, constant prices",1984,22699.544,0.08363692087214969,IMF
06_HKC,"Hong Kong, China","Gross domestic product per capita, constant prices",1985,22572.962,-0.005576411579016782,IMF
06_HKC,"Hong Kong, China","Gross domestic product per capita, constant prices",1986,24785.178,0.09800291162497854,IMF
06_HKC,"Hong Kong, China","Gross domestic product per capita, constant prices",1987,27857.026,0.12393891219986397,IMF
06_HKC,"Hong Kong, China","Gross domestic product per capita, constant prices",1988,29928.022,0.07434375801637971,IMF
06_HKC,"Hong Kong, China","Gross domestic product per capita, constant prices",1989,30316.059,0.01296567477797228,IMF
06_HKC,"Hong Kong, China","Gross domestic product per capita, constant prices",1990,31337.784,0.03370243473929113,IMF
06_HKC,"Hong Kong, China","Gross domestic product per capita, constant prices",1991,32764.08,0.045513620235559715,IMF
06_HKC,"Hong Kong, China","Gross domestic product per capita, constant prices",1992,34379.498,0.0493045432681154,IMF
06_HKC,"Hong Kong, China","Gross domestic product per capita, constant prices",1993,35839.4,0.042464319868777745,IMF
06_HKC,"Hong Kong, China","Gross domestic product per capita, constant prices",1994,37249.368,0.03934128361523914,IMF
06_HKC,"Hong Kong, China","Gross domestic product per capita, constant prices",1995,37217.059,-0.0008673704208888022,IMF
06_HKC,"Hong Kong, China","Gross domestic product per capita, constant prices",1996,37622.268,0.01088772221362233,IMF
06_HKC,"Hong Kong, China","Gross domestic product per capita, constant prices",1997,39236.902,0.04291697672240291,IMF
06_HKC,"Hong Kong, China","Gross domestic product per capita, constant prices",1998,36554.593,-0.06836189564609363,IMF
06_HKC,"Hong Kong, China","Gross domestic product per capita, constant prices",1999,37164.94,0.01669686214260402,IMF
06_HKC,"Hong Kong, China","Gross domestic product per capita, constant prices",2000,39572.472,0.06477965523420726,IMF
06_HKC,"Hong Kong, China","Gross domestic product per capita, constant prices",2001,39683.262,0.0027996734699817782,IMF
06_HKC,"Hong Kong, China","Gross domestic product per capita, constant prices",2002,40367.686,0.017247170860097194,IMF
06_HKC,"Hong Kong, China","Gross domestic product per capita, constant prices",2003,41365.298,0.02471313317290469,IMF
06_HKC,"Hong Kong, China","Gross domestic product per capita, constant prices",2004,44742.517,0.08164377300025727,IMF
06_HKC,"Hong Kong, China","Gross domestic product per capita, constant prices",2005,47766.386,0.06758379283847615,IMF
06_HKC,"Hong Kong, China","Gross domestic product per capita, constant prices",2006,50633.202,0.06001743569212037,IMF
06_HKC,"Hong Kong, China","Gross domestic product per capita, constant prices",2007,53641.618,0.059415874982585715,IMF
06_HKC,"Hong Kong, China","Gross domestic product per capita, constant prices",2008,54582.477,0.017539720744441212,IMF
06_HKC,"Hong Kong, China","Gross domestic product per capita, constant prices",2009,52992.93,-0.02912192863654761,IMF
06_HKC,"Hong Kong, China","Gross domestic product per capita, constant prices",2010,56132.452,0.05924416709927138,IMF
06_HKC,"Hong Kong, China","Gross domestic product per capita, constant prices",2011,58360.026,0.039684245398722284,IMF
06_HKC,"Hong Kong, China","Gross domestic product per capita, constant prices",2012,58843.317,0.008281199189321908,IMF
06_HKC,"Hong Kong, China","Gross domestic product per capita, constant prices",2013,60332.678,0.02531062278491203,IMF
06_HKC,"Hong Kong, China","Gross domestic product per capita, constant prices",2014,61640.291,0.021673379060017872,IMF
06_HKC,"Hong Kong, China","Gross domestic product per capita, constant prices",2015,62621.726,0.015921972204836043,IMF
06_HKC,"Hong Kong, China","Gross domestic product per capita, constant prices",2016,63390.854,0.012282127132682286,IMF
06_HKC,"Hong Kong, China","Gross domestic product per capita, constant prices",2017,65471.572,0.032823630992571795,IMF
06_HKC,"Hong Kong, China","Gross domestic product per capita, constant prices",2018,66679.912,0.018455949094975166,IMF
06_HKC,"Hong Kong, China","Gross domestic product per capita, constant prices",2019,65278.784,-0.021012745187786064,IMF
06_HKC,"Hong Kong, China","Gross domestic product per capita, constant prices",2020,61776.938,-0.05364447352450674,IMF
06_HKC,"Hong Kong, China","Gross domestic product per capita, constant prices",2021,65988.196,0.06816877197765936,IMF
06_HKC,"Hong Kong, China","Gross domestic product per capita, constant prices",2022,62951.62,-0.046016957335824005,IMF
06_HKC,"Hong Kong, China","Gross domestic product per capita, constant prices",2023,64457.802,0.023926024461324413,IMF
06_HKC,"Hong Kong, China","Gross domestic product per capita, constant prices",2024,66393.411,0.030029087867438964,IMF
06_HKC,"Hong Kong, China","Gross domestic product per capita, constant prices",2025,68615.67,0.03347107742363176,IMF
06_HKC,"Hong Kong, China","Gross domestic product per capita, constant prices",2026,69934.143,0.019215333756851694,IMF
06_HKC,"Hong Kong, China","Gross domestic product per capita, constant prices",2027,71187.208,0.0179177858803532,IMF
06_HKC,"Hong Kong, China","Gross domestic product per capita, constant prices",2028,72396.113,0.016982053854394774,IMF
06_HKC,"Hong Kong, China","Gross domestic product per capita, constant prices",2029,73598.673,0.016610836551404384,IMF
06_HKC,"Hong Kong, China","Gross domestic product per capita, constant prices",2030,74765.805,0.015858057658186375,IMF
06_HKC,"Hong Kong, China","Gross domestic product per capita, constant prices",2031,75967.409,0.016071571756633984,IMF
06_HKC,"Hong Kong, China",Gross national savings,1980,33.871,,IMF
06_HKC,"Hong Kong, China",Gross national savings,1981,32.835,-0.030586637536535677,IMF
06_HKC,"Hong Kong, China",Gross national savings,1982,30.824,-0.06124562204964212,IMF
06_HKC,"Hong Kong, China",Gross national savings,1983,27.615,-0.10410718920321838,IMF
06_HKC,"Hong Kong, China",Gross national savings,1984,31.642,0.14582654354517466,IMF
06_HKC,"Hong Kong, China",Gross national savings,1985,30.669,-0.030750268630301503,IMF
06_HKC,"Hong Kong, China",Gross national savings,1986,32.509,0.05999543512993566,IMF
06_HKC,"Hong Kong, China",Gross national savings,1987,36.452,0.1212894890645666,IMF
06_HKC,"Hong Kong, China",Gross national savings,1988,37.226,0.021233402831120296,IMF
06_HKC,"Hong Kong, China",Gross national savings,1989,37.927,0.01883092462257574,IMF
06_HKC,"Hong Kong, China",Gross national savings,1990,35.644,-0.06019458433306091,IMF
06_HKC,"Hong Kong, China",Gross national savings,1991,33.646,-0.05605431489170676,IMF
06_HKC,"Hong Kong, China",Gross national savings,1992,33.266,-0.011294061701242475,IMF
06_HKC,"Hong Kong, China",Gross national savings,1993,35.217,0.05864846990921668,IMF
06_HKC,"Hong Kong, China",Gross national savings,1994,33.532,-0.047846210636908415,IMF
06_HKC,"Hong Kong, China",Gross national savings,1995,31.36,-0.06477394727424546,IMF
06_HKC,"Hong Kong, China",Gross national savings,1996,31.509,0.004751275510204156,IMF
06_HKC,"Hong Kong, China",Gross national savings,1997,29.45,-0.06534640896251864,IMF
06_HKC,"Hong Kong, China",Gross national savings,1998,30.006,0.018879456706281772,IMF
06_HKC,"Hong Kong, China",Gross national savings,1999,30.659,0.021762314203825905,IMF
06_HKC,"Hong Kong, China",Gross national savings,2000,31.978,0.04302162497146034,IMF
06_HKC,"Hong Kong, China",Gross national savings,2001,31.626,-0.011007567702795651,IMF
06_HKC,"Hong Kong, China",Gross national savings,2002,31.073,-0.017485613103143005,IMF
06_HKC,"Hong Kong, China",Gross national savings,2003,33.166,0.06735751295336767,IMF
06_HKC,"Hong Kong, China",Gross national savings,2004,32.306,-0.025930169450642193,IMF
06_HKC,"Hong Kong, China",Gross national savings,2005,32.941,0.019655791493840225,IMF
06_HKC,"Hong Kong, China",Gross national savings,2006,34.978,0.061837831274096144,IMF
06_HKC,"Hong Kong, China",Gross national savings,2007,34.417,-0.01603865286751671,IMF
06_HKC,"Hong Kong, China",Gross national savings,2008,36.023,0.04666298631490262,IMF
06_HKC,"Hong Kong, China",Gross national savings,2009,31.731,-0.11914610110207369,IMF
06_HKC,"Hong Kong, China",Gross national savings,2010,30.892,-0.026441019822886158,IMF
06_HKC,"Hong Kong, China",Gross national savings,2011,29.701,-0.03855367085329531,IMF
06_HKC,"Hong Kong, China",Gross national savings,2012,26.798,-0.09774081680751501,IMF
06_HKC,"Hong Kong, China",Gross national savings,2013,25.549,-0.046607955817598246,IMF
06_HKC,"Hong Kong, China",Gross national savings,2014,25.214,-0.013112059180398483,IMF
06_HKC,"Hong Kong, China",Gross national savings,2015,24.859,-0.014079479654160232,IMF
06_HKC,"Hong Kong, China",Gross national savings,2016,25.462,0.024256808399372387,IMF
06_HKC,"Hong Kong, China",Gross national savings,2017,26.65,0.046657764511821576,IMF
06_HKC,"Hong Kong, China",Gross national savings,2018,25.731,-0.03448405253283293,IMF
06_HKC,"Hong Kong, China",Gross national savings,2019,24.042,-0.06564066689984838,IMF
06_HKC,"Hong Kong, China",Gross national savings,2020,25.971,0.0802345894684302,IMF
06_HKC,"Hong Kong, China",Gross national savings,2021,28.612,0.10169034692541667,IMF
06_HKC,"Hong Kong, China",Gross national savings,2022,25.413,-0.11180623514609245,IMF
06_HKC,"Hong Kong, China",Gross national savings,2023,24.568,-0.03325069846141737,IMF
06_HKC,"Hong Kong, China",Gross national savings,2024,29.2,0.18853793552588716,IMF
06_HKC,"Hong Kong, China",Gross national savings,2025,30.552,0.0463013698630137,IMF
06_HKC,"Hong Kong, China",Gross national savings,2026,31.425,0.02857423409269444,IMF
06_HKC,"Hong Kong, China",Gross national savings,2027,31.535,0.0035003977724741286,IMF
06_HKC,"Hong Kong, China",Gross national savings,2028,31.823,0.009132709687648566,IMF
06_HKC,"Hong Kong, China",Gross national savings,2029,32.307,0.015209125475285301,IMF
06_HKC,"Hong Kong, China",Gross national savings,2030,32.449,0.004395332280929809,IMF
06_HKC,"Hong Kong, China",Gross national savings,2031,32.536,0.0026811303892262384,IMF
06_HKC,"Hong Kong, China",Population,1980,5.06,,IMF
06_HKC,"Hong Kong, China",Population,1981,5.18,0.02371541501976293,IMF
06_HKC,"Hong Kong, China",Population,1982,5.26,0.015444015444015413,IMF
06_HKC,"Hong Kong, China",Population,1983,5.35,0.017110266159695797,IMF
06_HKC,"Hong Kong, China",Population,1984,5.431,0.015140186915888032,IMF
06_HKC,"Hong Kong, China",Population,1985,5.5,0.012704842570429031,IMF
06_HKC,"Hong Kong, China",Population,1986,5.566,0.01200000000000001,IMF
06_HKC,"Hong Kong, China",Population,1987,5.615,0.008803449514912076,IMF
06_HKC,"Hong Kong, China",Population,1988,5.672,0.010151380231522511,IMF
06_HKC,"Hong Kong, China",Population,1989,5.727,0.009696755994358375,IMF
06_HKC,"Hong Kong, China",Population,1990,5.752,0.004365287235900128,IMF
06_HKC,"Hong Kong, China",Population,1991,5.815,0.01095271210013915,IMF
06_HKC,"Hong Kong, China",Population,1992,5.888,0.012553740326741059,IMF
06_HKC,"Hong Kong, China",Population,1993,5.998,0.018682065217391353,IMF
06_HKC,"Hong Kong, China",Population,1994,6.119,0.02017339113037675,IMF
06_HKC,"Hong Kong, China",Population,1995,6.27,0.02467723484229456,IMF
06_HKC,"Hong Kong, China",Population,1996,6.467,0.031419457735247125,IMF
06_HKC,"Hong Kong, China",Population,1997,6.517,0.007731560228854351,IMF
06_HKC,"Hong Kong, China",Population,1998,6.583,0.010127359214362475,IMF
06_HKC,"Hong Kong, China",Population,1999,6.638,0.00835485341029929,IMF
06_HKC,"Hong Kong, China",Population,2000,6.712,0.011147936125339042,IMF
06_HKC,"Hong Kong, China",Population,2001,6.73,0.002681764004767606,IMF
06_HKC,"Hong Kong, China",Population,2002,6.726,-0.0005943536404161565,IMF
06_HKC,"Hong Kong, China",Population,2003,6.764,0.005649717514124353,IMF
06_HKC,"Hong Kong, China",Population,2004,6.798,0.0050266114725014965,IMF
06_HKC,"Hong Kong, China",Population,2005,6.838,0.005884083553986397,IMF
06_HKC,"Hong Kong, China",Population,2006,6.904,0.0096519450131618,IMF
06_HKC,"Hong Kong, China",Population,2007,6.938,0.004924681344148363,IMF
06_HKC,"Hong Kong, China",Population,2008,6.964,0.0037474776592678616,IMF
06_HKC,"Hong Kong, China",Population,2009,6.996,0.004595060310166543,IMF
06_HKC,"Hong Kong, China",Population,2010,7.052,0.008004574042309809,IMF
06_HKC,"Hong Kong, China",Population,2011,7.11,0.008224617129892309,IMF
06_HKC,"Hong Kong, China",Population,2012,7.171,0.008579465541490805,IMF
06_HKC,"Hong Kong, China",Population,2013,7.211,0.005578022590991605,IMF
06_HKC,"Hong Kong, China",Population,2014,7.253,0.005824434891138486,IMF
06_HKC,"Hong Kong, China",Population,2015,7.31,0.007858817041224153,IMF
06_HKC,"Hong Kong, China",Population,2016,7.378,0.009302325581395321,IMF
06_HKC,"Hong Kong, China",Population,2017,7.415,0.0050149091894822195,IMF
06_HKC,"Hong Kong, China",Population,2018,7.488,0.009844908968307475,IMF
06_HKC,"Hong Kong, China",Population,2019,7.521,0.004407051282051322,IMF
06_HKC,"Hong Kong, China",Population,2020,7.427,-0.012498337986969865,IMF
06_HKC,"Hong Kong, China",Population,2021,7.402,-0.003366096674296437,IMF
06_HKC,"Hong Kong, China",Population,2022,7.473,0.00959200216157785,IMF
06_HKC,"Hong Kong, China",Population,2023,7.528,0.007359828716713368,IMF
06_HKC,"Hong Kong, China",Population,2024,7.501,-0.0035866099893728798,IMF
06_HKC,"Hong Kong, China",Population,2025,7.511,0.0013331555792561733,IMF
06_HKC,"Hong Kong, China",Population,2026,7.548,0.004926108374384119,IMF
06_HKC,"Hong Kong, China",Population,2027,7.589,0.005431902490726115,IMF
06_HKC,"Hong Kong, China",Population,2028,7.635,0.006061404664646108,IMF
06_HKC,"Hong Kong, China",Population,2029,7.681,0.006024885396201718,IMF
06_HKC,"Hong Kong, China",Population,2030,7.727,0.005988803541205678,IMF
06_HKC,"Hong Kong, China",Population,2031,7.77,0.005564902290668972,IMF
06_HKC,"Hong Kong, China",Real GDP PPP 2021 USD,1980,94095.46145999999,,IMF
06_HKC,"Hong Kong, China",Real GDP PPP 2021 USD,1981,102745.35697999998,0.0919268090701384,IMF
06_HKC,"Hong Kong, China",Real GDP PPP 2021 USD,1982,105711.0616,0.028864609624912996,IMF
06_HKC,"Hong Kong, China",Real GDP PPP 2021 USD,1983,112069.41924999999,0.0601484608494367,IMF
06_HKC,"Hong Kong, China",Real GDP PPP 2021 USD,1984,123281.22346400001,0.10004338640311117,IMF
06_HKC,"Hong Kong, China",Real GDP PPP 2021 USD,1985,124151.291,0.007057583560192926,IMF
06_HKC,"Hong Kong, China",Real GDP PPP 2021 USD,1986,137954.300748,0.11117894656447835,IMF
06_HKC,"Hong Kong, China",Real GDP PPP 2021 USD,1987,156417.20099,0.13383345167126048,IMF
06_HKC,"Hong Kong, China",Real GDP PPP 2021 USD,1988,169751.740784,0.08524983000336706,IMF
06_HKC,"Hong Kong, China",Real GDP PPP 2021 USD,1989,173620.069893,0.02278815575695492,IMF
06_HKC,"Hong Kong, China",Real GDP PPP 2021 USD,1990,180254.93356799998,0.03821484278337728,IMF
06_HKC,"Hong Kong, China",Real GDP PPP 2021 USD,1991,190523.1252,0.05696482991477425,IMF
06_HKC,"Hong Kong, China",Real GDP PPP 2021 USD,1992,202426.48422399999,0.06247724002797317,IMF
06_HKC,"Hong Kong, China",Real GDP PPP 2021 USD,1993,214964.72120000003,0.061939706279369844,IMF
06_HKC,"Hong Kong, China",Real GDP PPP 2021 USD,1994,227928.88279200002,0.06030832184755708,IMF
06_HKC,"Hong Kong, China",Real GDP PPP 2021 USD,1995,233350.95992999998,0.023788460117833976,IMF
06_HKC,"Hong Kong, China",Real GDP PPP 2021 USD,1996,243303.20715599996,0.04264926627679366,IMF
06_HKC,"Hong Kong, China",Real GDP PPP 2021 USD,1997,255706.89033400003,0.05098035214162677,IMF
06_HKC,"Hong Kong, China",Real GDP PPP 2021 USD,1998,240638.885719,-0.05892686190551388,IMF
06_HKC,"Hong Kong, China",Real GDP PPP 2021 USD,1999,246700.87172000002,0.025191215388516763,IMF
06_HKC,"Hong Kong, China",Real GDP PPP 2021 USD,2000,265610.432064,0.0766497508183186,IMF
06_HKC,"Hong Kong, China",Real GDP PPP 2021 USD,2001,267068.35326000006,0.005488945538286494,IMF
06_HKC,"Hong Kong, China",Real GDP PPP 2021 USD,2002,271513.056036,0.016642566300893336,IMF
06_HKC,"Hong Kong, China",Real GDP PPP 2021 USD,2003,279794.87567200005,0.030502472908344958,IMF
06_HKC,"Hong Kong, China",Real GDP PPP 2021 USD,2004,304159.630566,0.08708077599878017,IMF
06_HKC,"Hong Kong, China",Real GDP PPP 2021 USD,2005,326626.547468,0.0738655450764194,IMF
06_HKC,"Hong Kong, China",Real GDP PPP 2021 USD,2006,349571.62660799996,0.07024866569441346,IMF
06_HKC,"Hong Kong, China",Real GDP PPP 2021 USD,2007,372165.545684,0.06463316057780699,IMF
06_HKC,"Hong Kong, China",Real GDP PPP 2021 USD,2008,380112.369828,0.021352928115348835,IMF
06_HKC,"Hong Kong, China",Real GDP PPP 2021 USD,2009,370738.53828000004,-0.024660685344814248,IMF
06_HKC,"Hong Kong, China",Real GDP PPP 2021 USD,2010,395846.051504,0.06772296546370238,IMF
06_HKC,"Hong Kong, China",Real GDP PPP 2021 USD,2011,414939.78486,0.04823525025310782,IMF
06_HKC,"Hong Kong, China",Real GDP PPP 2021 USD,2012,421965.42620700004,0.016931712993899728,IMF
06_HKC,"Hong Kong, China",Real GDP PPP 2021 USD,2013,435058.941058,0.03102982860158976,IMF
06_HKC,"Hong Kong, China",Real GDP PPP 2021 USD,2014,447077.030623,0.027624049136362405,IMF
06_HKC,"Hong Kong, China",Real GDP PPP 2021 USD,2015,457764.81706,0.02390591711255352,IMF
06_HKC,"Hong Kong, China",Real GDP PPP 2021 USD,2016,467697.720812,0.021698705059498113,IMF
06_HKC,"Hong Kong, China",Real GDP PPP 2021 USD,2017,485471.70638,0.03800314771075097,IMF
06_HKC,"Hong Kong, China",Real GDP PPP 2021 USD,2018,499299.181056,0.028482555202046456,IMF
06_HKC,"Hong Kong, China",Real GDP PPP 2021 USD,2019,490961.734464,-0.016698298151354152,IMF
06_HKC,"Hong Kong, China",Real GDP PPP 2021 USD,2020,458817.318526,-0.06547234475023422,IMF
06_HKC,"Hong Kong, China",Real GDP PPP 2021 USD,2021,488444.62679199997,0.064573212626718,IMF
06_HKC,"Hong Kong, China",Real GDP PPP 2021 USD,2022,470437.45626,-0.03686634992848059,IMF
06_HKC,"Hong Kong, China",Real GDP PPP 2021 USD,2023,485238.333456,0.031461944619945115,IMF
06_HKC,"Hong Kong, China",Real GDP PPP 2021 USD,2024,498016.975911,0.026334775251549036,IMF
06_HKC,"Hong Kong, China",Real GDP PPP 2021 USD,2025,515372.29737,0.034848855156498715,IMF
06_HKC,"Hong Kong, China",Real GDP PPP 2021 USD,2026,527862.9113639999,0.024236098947772122,IMF
06_HKC,"Hong Kong, China",Real GDP PPP 2021 USD,2027,540239.7215120001,0.023447016036831192,IMF
06_HKC,"Hong Kong, China",Real GDP PPP 2021 USD,2028,552744.322755,0.023146393619489114,IMF
06_HKC,"Hong Kong, China",Real GDP PPP 2021 USD,2029,565311.407313,0.022735800334163336,IMF
06_HKC,"Hong Kong, China",Real GDP PPP 2021 USD,2030,577715.3752349999,0.02194183199125188,IMF
06_HKC,"Hong Kong, China",Real GDP PPP 2021 USD,2031,590266.76793,0.02172591077378616,IMF
06_HKC,"Hong Kong, China",Total investment,1980,34.853,,IMF
06_HKC,"Hong Kong, China",Total investment,1981,34.94,0.002496198318652443,IMF
06_HKC,"Hong Kong, China",Total investment,1982,30.983,-0.11325128792215222,IMF
06_HKC,"Hong Kong, China",Total investment,1983,26.669,-0.13923764645127978,IMF
06_HKC,"Hong Kong, China",Total investment,1984,24.418,-0.08440511455247668,IMF
06_HKC,"Hong Kong, China",Total investment,1985,21.5,-0.1195020067163568,IMF
06_HKC,"Hong Kong, China",Total investment,1986,23.432,0.0898604651162791,IMF
06_HKC,"Hong Kong, China",Total investment,1987,26.068,0.11249573233185406,IMF
06_HKC,"Hong Kong, China",Total investment,1988,28.352,0.08761700168789321,IMF
06_HKC,"Hong Kong, China",Total investment,1989,26.523,-0.06451044018058694,IMF
06_HKC,"Hong Kong, China",Total investment,1990,27.17,0.02439392225615511,IMF
06_HKC,"Hong Kong, China",Total investment,1991,26.921,-0.009164519690835538,IMF
06_HKC,"Hong Kong, China",Total investment,1992,28.177,0.04665502767356333,IMF
06_HKC,"Hong Kong, China",Total investment,1993,27.25,-0.03289917308443058,IMF
06_HKC,"Hong Kong, China",Total investment,1994,31.379,0.15152293577981646,IMF
06_HKC,"Hong Kong, China",Total investment,1995,34.291,0.09280091781127497,IMF
06_HKC,"Hong Kong, China",Total investment,1996,31.8,-0.07264296754250377,IMF
06_HKC,"Hong Kong, China",Total investment,1997,34.2,0.07547169811320753,IMF
06_HKC,"Hong Kong, China",Total investment,1998,29.004,-0.15192982456140358,IMF
06_HKC,"Hong Kong, China",Total investment,1999,24.98,-0.13873948420907467,IMF
06_HKC,"Hong Kong, China",Total investment,2000,27.582,0.10416333066453154,IMF
06_HKC,"Hong Kong, China",Total investment,2001,25.491,-0.07581031107243863,IMF
06_HKC,"Hong Kong, China",Total investment,2002,23.181,-0.09062021890078842,IMF
06_HKC,"Hong Kong, China",Total investment,2003,22.38,-0.03455416073508488,IMF
06_HKC,"Hong Kong, China",Total investment,2004,22.357,-0.0010277033065236862,IMF
06_HKC,"Hong Kong, China",Total investment,2005,21.06,-0.058013150243771516,IMF
06_HKC,"Hong Kong, China",Total investment,2006,22.285,0.05816714150047497,IMF
06_HKC,"Hong Kong, China",Total investment,2007,21.396,-0.03989230424052048,IMF
06_HKC,"Hong Kong, China",Total investment,2008,21.041,-0.01659188633389419,IMF
06_HKC,"Hong Kong, China",Total investment,2009,21.847,0.0383061641556961,IMF
06_HKC,"Hong Kong, China",Total investment,2010,23.89,0.09351398361331076,IMF
06_HKC,"Hong Kong, China",Total investment,2011,24.143,0.010590205106739248,IMF
06_HKC,"Hong Kong, China",Total investment,2012,25.22,0.04460920349583719,IMF
06_HKC,"Hong Kong, China",Total investment,2013,24.03,-0.047184773988897644,IMF
06_HKC,"Hong Kong, China",Total investment,2014,23.822,-0.008655846858094174,IMF
06_HKC,"Hong Kong, China",Total investment,2015,21.541,-0.09575182604315335,IMF
06_HKC,"Hong Kong, China",Total investment,2016,21.507,-0.0015783854045772205,IMF
06_HKC,"Hong Kong, China",Total investment,2017,22.069,0.026131027107453297,IMF
06_HKC,"Hong Kong, China",Total investment,2018,21.995,-0.003353119760750256,IMF
06_HKC,"Hong Kong, China",Total investment,2019,18.19,-0.17299386224141844,IMF
06_HKC,"Hong Kong, China",Total investment,2020,18.982,0.043540406816932276,IMF
06_HKC,"Hong Kong, China",Total investment,2021,16.776,-0.11621536192182069,IMF
06_HKC,"Hong Kong, China",Total investment,2022,15.23,-0.09215546018121124,IMF
06_HKC,"Hong Kong, China",Total investment,2023,16.152,0.06053841103086022,IMF
06_HKC,"Hong Kong, China",Total investment,2024,16.065,-0.005386329866270412,IMF
06_HKC,"Hong Kong, China",Total investment,2025,18.349,0.14217242452536571,IMF
06_HKC,"Hong Kong, China",Total investment,2026,18.777,0.023325521826802698,IMF
06_HKC,"Hong Kong, China",Total investment,2027,19.218,0.023486179900942483,IMF
06_HKC,"Hong Kong, China",Total investment,2028,19.71,0.025600999063378094,IMF
06_HKC,"Hong Kong, China",Total investment,2029,20.37,0.03348554033485551,IMF
06_HKC,"Hong Kong, China",Total investment,2030,20.928,0.027393225331369564,IMF
06_HKC,"Hong Kong, China",Total investment,2031,21.115,0.008935397553516689,IMF
07_INA,Indonesia,"Gross domestic product per capita, constant prices",1980,3101.781,,IMF
07_INA,Indonesia,"Gross domestic product per capita, constant prices",1981,3272.957,0.05518635906274483,IMF
07_INA,Indonesia,"Gross domestic product per capita, constant prices",1982,3281.615,0.002645314313631353,IMF
07_INA,Indonesia,"Gross domestic product per capita, constant prices",1983,3352.936,0.02173350621568959,IMF
07_INA,Indonesia,"Gross domestic product per capita, constant prices",1984,3536.981,0.054890698778622626,IMF
07_INA,Indonesia,"Gross domestic product per capita, constant prices",1985,3603.884,0.01891528396675013,IMF
07_INA,Indonesia,"Gross domestic product per capita, constant prices",1986,3788.075,0.05110902570670972,IMF
07_INA,Indonesia,"Gross domestic product per capita, constant prices",1987,3958.778,0.04506325772324993,IMF
07_INA,Indonesia,"Gross domestic product per capita, constant prices",1988,4152.973,0.04905427887090408,IMF
07_INA,Indonesia,"Gross domestic product per capita, constant prices",1989,4442.442,0.069701633022897,IMF
07_INA,Indonesia,"Gross domestic product per capita, constant prices",1990,4748.494,0.06889273962383746,IMF
07_INA,Indonesia,"Gross domestic product per capita, constant prices",1991,5088.074,0.0715131997639673,IMF
07_INA,Indonesia,"Gross domestic product per capita, constant prices",1992,5331.535,0.047849343386122234,IMF
07_INA,Indonesia,"Gross domestic product per capita, constant prices",1993,5661.806,0.06194670015295767,IMF
07_INA,Indonesia,"Gross domestic product per capita, constant prices",1994,5989.375,0.057855920884608336,IMF
07_INA,Indonesia,"Gross domestic product per capita, constant prices",1995,6375.971,0.0645469685902118,IMF
07_INA,Indonesia,"Gross domestic product per capita, constant prices",1996,6795.952,0.06586933974448761,IMF
07_INA,Indonesia,"Gross domestic product per capita, constant prices",1997,7034.111,0.03504424398524297,IMF
07_INA,Indonesia,"Gross domestic product per capita, constant prices",1998,6040.988,-0.14118671144086292,IMF
07_INA,Indonesia,"Gross domestic product per capita, constant prices",1999,6019.26,-0.0035967626487587445,IMF
07_INA,Indonesia,"Gross domestic product per capita, constant prices",2000,6246.789,0.03780016148164389,IMF
07_INA,Indonesia,"Gross domestic product per capita, constant prices",2001,6383.355,0.021861791714111067,IMF
07_INA,Indonesia,"Gross domestic product per capita, constant prices",2002,6576.781,0.030301620386145034,IMF
07_INA,Indonesia,"Gross domestic product per capita, constant prices",2003,6794.283,0.033071193947312505,IMF
07_INA,Indonesia,"Gross domestic product per capita, constant prices",2004,7035.757,0.03554076272654516,IMF
07_INA,Indonesia,"Gross domestic product per capita, constant prices",2005,7331.715,0.04206484106827468,IMF
07_INA,Indonesia,"Gross domestic product per capita, constant prices",2006,7626.271,0.040175593295702194,IMF
07_INA,Indonesia,"Gross domestic product per capita, constant prices",2007,7996.127,0.04849762092115539,IMF
07_INA,Indonesia,"Gross domestic product per capita, constant prices",2008,8470.384,0.05931083885986288,IMF
07_INA,Indonesia,"Gross domestic product per capita, constant prices",2009,8743.945,0.0322961745299859,IMF
07_INA,Indonesia,"Gross domestic product per capita, constant prices",2010,9170.816,0.04881903991848091,IMF
07_INA,Indonesia,"Gross domestic product per capita, constant prices",2011,9561.636,0.04261561893728971,IMF
07_INA,Indonesia,"Gross domestic product per capita, constant prices",2012,9996.332,0.04546251290051195,IMF
07_INA,Indonesia,"Gross domestic product per capita, constant prices",2013,10407.969,0.04117880438544841,IMF
07_INA,Indonesia,"Gross domestic product per capita, constant prices",2014,10784.013,0.036130392010199186,IMF
07_INA,Indonesia,"Gross domestic product per capita, constant prices",2015,11176.145,0.036362344889606435,IMF
07_INA,Indonesia,"Gross domestic product per capita, constant prices",2016,11588.139,0.0368636949502712,IMF
07_INA,Indonesia,"Gross domestic product per capita, constant prices",2017,12042.442,0.03920413795519706,IMF
07_INA,Indonesia,"Gross domestic product per capita, constant prices",2018,12531.011,0.0405705919115078,IMF
07_INA,Indonesia,"Gross domestic product per capita, constant prices",2019,13024.376,0.03937152397360433,IMF
07_INA,Indonesia,"Gross domestic product per capita, constant prices",2020,12599.952,-0.03258689706132567,IMF
07_INA,Indonesia,"Gross domestic product per capita, constant prices",2021,12947.903,0.027615263931164202,IMF
07_INA,Indonesia,"Gross domestic product per capita, constant prices",2022,13484.7,0.04145821914174053,IMF
07_INA,Indonesia,"Gross domestic product per capita, constant prices",2023,14014.242,0.039269839151037766,IMF
07_INA,Indonesia,"Gross domestic product per capita, constant prices",2024,14567.537,0.03948090806480997,IMF
07_INA,Indonesia,"Gross domestic product per capita, constant prices",2025,15159.05,0.04060487369965138,IMF
07_INA,Indonesia,"Gross domestic product per capita, constant prices",2026,15756.594,0.039418301278774104,IMF
07_INA,Indonesia,"Gross domestic product per capita, constant prices",2027,16402.26,0.040977510748833046,IMF
07_INA,Indonesia,"Gross domestic product per capita, constant prices",2028,17096.771,0.04234239671850104,IMF
07_INA,Indonesia,"Gross domestic product per capita, constant prices",2029,17829.727,0.04287101932873738,IMF
07_INA,Indonesia,"Gross domestic product per capita, constant prices",2030,18607.557,0.04362545764161174,IMF
07_INA,Indonesia,"Gross domestic product per capita, constant prices",2031,19427.56,0.0440682782807007,IMF
07_INA,Indonesia,Gross national savings,1980,20.394,,IMF
07_INA,Indonesia,Gross national savings,1981,22.214,0.0892419339021282,IMF
07_INA,Indonesia,Gross national savings,1982,16.901,-0.23917349419285128,IMF
07_INA,Indonesia,Gross national savings,1983,16.122,-0.046091947222057894,IMF
07_INA,Indonesia,Gross national savings,1984,17.822,0.10544597444485793,IMF
07_INA,Indonesia,Gross national savings,1985,19.32,0.08405341712490189,IMF
07_INA,Indonesia,Gross national savings,1986,16.765,-0.13224637681159424,IMF
07_INA,Indonesia,Gross national savings,1987,20.583,0.2277363555025349,IMF
07_INA,Indonesia,Gross national savings,1988,20.915,0.016129815867463426,IMF
07_INA,Indonesia,Gross national savings,1989,25.582,0.2231412861582598,IMF
07_INA,Indonesia,Gross national savings,1990,23.082,-0.09772496286451415,IMF
07_INA,Indonesia,Gross national savings,1991,23.943,0.03730179360540675,IMF
07_INA,Indonesia,Gross national savings,1992,22.783,-0.04844839827924652,IMF
07_INA,Indonesia,Gross national savings,1993,23.307,0.02299960496861675,IMF
07_INA,Indonesia,Gross national savings,1994,24.434,0.04835457158793499,IMF
07_INA,Indonesia,Gross national savings,1995,23.905,-0.02165015961365313,IMF
07_INA,Indonesia,Gross national savings,1996,22.992,-0.038192846684793946,IMF
07_INA,Indonesia,Gross national savings,1997,24.959,0.08555149617258162,IMF
07_INA,Indonesia,Gross national savings,1998,17.022,-0.31800152249689495,IMF
07_INA,Indonesia,Gross national savings,1999,12.485,-0.2665374221595582,IMF
07_INA,Indonesia,Gross national savings,2000,24.905,0.9947937525030037,IMF
07_INA,Indonesia,Gross national savings,2001,24.677,-0.009154788195141594,IMF
07_INA,Indonesia,Gross national savings,2002,23.355,-0.05357215220650802,IMF
07_INA,Indonesia,Gross national savings,2003,26.71,0.1436523228430744,IMF
07_INA,Indonesia,Gross national savings,2004,23.999,-0.10149756645451147,IMF
07_INA,Indonesia,Gross national savings,2005,23.574,-0.017709071211300387,IMF
07_INA,Indonesia,Gross national savings,2006,25.762,0.09281411724781541,IMF
07_INA,Indonesia,Gross national savings,2007,24.358,-0.054498874311000645,IMF
07_INA,Indonesia,Gross national savings,2008,33.02,0.35561211922161107,IMF
07_INA,Indonesia,Gross national savings,2009,33.01,-0.0003028467595398432,IMF
07_INA,Indonesia,Gross national savings,2010,33.582,0.01732808239927297,IMF
07_INA,Indonesia,Gross national savings,2011,33.173,-0.012179143588827324,IMF
07_INA,Indonesia,Gross national savings,2012,32.411,-0.022970488047508564,IMF
07_INA,Indonesia,Gross national savings,2013,30.641,-0.05461108882786714,IMF
07_INA,Indonesia,Gross national savings,2014,31.454,0.026533076596716887,IMF
07_INA,Indonesia,Gross national savings,2015,32.028,0.018248871367711583,IMF
07_INA,Indonesia,Gross national savings,2016,32.039,0.0003434494817036171,IMF
07_INA,Indonesia,Gross national savings,2017,32.116,0.0024033209525888832,IMF
07_INA,Indonesia,Gross national savings,2018,31.631,-0.015101507036990869,IMF
07_INA,Indonesia,Gross national savings,2019,31.074,-0.01760930732509247,IMF
07_INA,Indonesia,Gross national savings,2020,31.925,0.02738623929973616,IMF
07_INA,Indonesia,Gross national savings,2021,31.745,-0.0056382145653876,IMF
07_INA,Indonesia,Gross national savings,2022,30.747,-0.03143802173570642,IMF
07_INA,Indonesia,Gross national savings,2023,30.194,-0.01798549451979059,IMF
07_INA,Indonesia,Gross national savings,2024,30.782,0.019474067695568698,IMF
07_INA,Indonesia,Gross national savings,2025,30.518,-0.008576440777077532,IMF
07_INA,Indonesia,Gross national savings,2026,29.617,-0.02952355986630839,IMF
07_INA,Indonesia,Gross national savings,2027,29.942,0.010973427423439208,IMF
07_INA,Indonesia,Gross national savings,2028,30.119,0.005911428762273685,IMF
07_INA,Indonesia,Gross national savings,2029,30.202,0.002755735582190777,IMF
07_INA,Indonesia,Gross national savings,2030,30.298,0.0031785974438778286,IMF
07_INA,Indonesia,Gross national savings,2031,30.378,0.002640438312760063,IMF
07_INA,Indonesia,Population,1980,147.49,,IMF
07_INA,Indonesia,Population,1981,150.406,0.019770831920808085,IMF
07_INA,Indonesia,Population,1982,153.379,0.01976649867691438,IMF
07_INA,Indonesia,Population,1983,156.41,0.019761505812399438,IMF
07_INA,Indonesia,Population,1984,159.502,0.019768556997634468,IMF
07_INA,Indonesia,Population,1985,162.655,0.019767777206555426,IMF
07_INA,Indonesia,Population,1986,165.87,0.019765761888659972,IMF
07_INA,Indonesia,Population,1987,169.149,0.019768493398444553,IMF
07_INA,Indonesia,Population,1988,172.492,0.01976364034076461,IMF
07_INA,Indonesia,Population,1989,175.902,0.019769032766737027,IMF
07_INA,Indonesia,Population,1990,179.379,0.019766688269604593,IMF
07_INA,Indonesia,Population,1991,182.354,0.0165849960140263,IMF
07_INA,Indonesia,Population,1992,185.378,0.016583129517312223,IMF
07_INA,Indonesia,Population,1993,188.452,0.01658233447334645,IMF
07_INA,Indonesia,Population,1994,191.578,0.016587778320208857,IMF
07_INA,Indonesia,Population,1995,194.755,0.016583323763688984,IMF
07_INA,Indonesia,Population,1996,197.004,0.011547842160663402,IMF
07_INA,Indonesia,Population,1997,199.28,0.011553064912387612,IMF
07_INA,Indonesia,Population,1998,201.581,0.011546567643516692,IMF
07_INA,Indonesia,Population,1999,203.909,0.01154870746746961,IMF
07_INA,Indonesia,Population,2000,206.265,0.011554173675512036,IMF
07_INA,Indonesia,Population,2001,209.206,0.01425835696797817,IMF
07_INA,Indonesia,Population,2002,212.19,0.014263453247038926,IMF
07_INA,Indonesia,Population,2003,215.216,0.01426080399641827,IMF
07_INA,Indonesia,Population,2004,218.285,0.01426009218645441,IMF
07_INA,Indonesia,Population,2005,221.398,0.014261172320590099,IMF
07_INA,Indonesia,Population,2006,224.555,0.014259388070352985,IMF
07_INA,Indonesia,Population,2007,227.758,0.014263766115205634,IMF
07_INA,Indonesia,Population,2008,231.006,0.014260750445648451,IMF
07_INA,Indonesia,Population,2009,234.3,0.014259369886496565,IMF
07_INA,Indonesia,Population,2010,237.641,0.014259496372172276,IMF
07_INA,Indonesia,Population,2011,241.991,0.01830492213044055,IMF
07_INA,Indonesia,Population,2012,245.425,0.014190610394601455,IMF
07_INA,Indonesia,Population,2013,248.818,0.01382499745339727,IMF
07_INA,Indonesia,Population,2014,252.165,0.013451599160832384,IMF
07_INA,Indonesia,Population,2015,255.182,0.011964388396486392,IMF
07_INA,Indonesia,Population,2016,258.497,0.01299072818615743,IMF
07_INA,Indonesia,Population,2017,261.356,0.011060089672220386,IMF
07_INA,Indonesia,Population,2018,264.162,0.01073631368707817,IMF
07_INA,Indonesia,Population,2019,266.912,0.010410278541198137,IMF
07_INA,Indonesia,Population,2020,270.204,0.012333653039203973,IMF
07_INA,Indonesia,Population,2021,272.679,0.009159745969711697,IMF
07_INA,Indonesia,Population,2022,275.72,0.011152307291724117,IMF
07_INA,Indonesia,Population,2023,278.696,0.010793558682721693,IMF
07_INA,Indonesia,Population,2024,281.604,0.010434308350317112,IMF
07_INA,Indonesia,Population,2025,284.439,0.010067328589082658,IMF
07_INA,Indonesia,Population,2026,287.198,0.00969979503513918,IMF
07_INA,Indonesia,Population,2027,289.88,0.00933850514279344,IMF
07_INA,Indonesia,Population,2028,292.481,0.008972678349661978,IMF
07_INA,Indonesia,Population,2029,294.998,0.008605687207032142,IMF
07_INA,Indonesia,Population,2030,297.431,0.008247513542464668,IMF
07_INA,Indonesia,Population,2031,299.78,0.007897630038563586,IMF
07_INA,Indonesia,Real GDP PPP 2021 USD,1980,457481.67969,,IMF
07_INA,Indonesia,Real GDP PPP 2021 USD,1981,492272.370542,0.07604827121290403,IMF
07_INA,Indonesia,Real GDP PPP 2021 USD,1982,503330.82708499994,0.022464101592426067,IMF
07_INA,Indonesia,Real GDP PPP 2021 USD,1983,524432.71976,0.04192449883749427,IMF
07_INA,Indonesia,Real GDP PPP 2021 USD,1984,564155.5434620001,0.07574436568370246,IMF
07_INA,Indonesia,Real GDP PPP 2021 USD,1985,586189.75202,0.03905697429255883,IMF
07_INA,Indonesia,Real GDP PPP 2021 USD,1986,628328.00025,0.07188499642785007,IMF
07_INA,Indonesia,Real GDP PPP 2021 USD,1987,669623.339922,0.0657225838345088,IMF
07_INA,Indonesia,Real GDP PPP 2021 USD,1988,716354.618716,0.06978741033644886,IMF
07_INA,Indonesia,Real GDP PPP 2021 USD,1989,781434.432684,0.09084859965675873,IMF
07_INA,Indonesia,Real GDP PPP 2021 USD,1990,851780.105226,0.09002120920162549,IMF
07_INA,Indonesia,Real GDP PPP 2021 USD,1991,927830.646196,0.08928424191102913,IMF
07_INA,Indonesia,Real GDP PPP 2021 USD,1992,988349.2952299999,0.06522596476212494,IMF
07_INA,Indonesia,Real GDP PPP 2021 USD,1993,1066978.664312,0.07955625552776069,IMF
07_INA,Indonesia,Real GDP PPP 2021 USD,1994,1147432.4837500001,0.07540340039496263,IMF
07_INA,Indonesia,Real GDP PPP 2021 USD,1995,1241752.232105,0.08220069563199672,IMF
07_INA,Indonesia,Real GDP PPP 2021 USD,1996,1338829.727808,0.0781778306437475,IMF
07_INA,Indonesia,Real GDP PPP 2021 USD,1997,1401757.64008,0.04700217732319767,IMF
07_INA,Indonesia,Real GDP PPP 2021 USD,1998,1217748.402028,-0.13127036571136397,IMF
07_INA,Indonesia,Real GDP PPP 2021 USD,1999,1227381.28734,0.007910406859050534,IMF
07_INA,Indonesia,Real GDP PPP 2021 USD,2000,1288493.933085,0.049791084787877304,IMF
07_INA,Indonesia,Real GDP PPP 2021 USD,2001,1335436.1661299998,0.036431861912308516,IMF
07_INA,Indonesia,Real GDP PPP 2021 USD,2002,1395527.1603899999,0.0449972793788711,IMF
07_INA,Indonesia,Real GDP PPP 2021 USD,2003,1462238.4101280002,0.047803619758541194,IMF
07_INA,Indonesia,Real GDP PPP 2021 USD,2004,1535800.2167449999,0.050307669465857074,IMF
07_INA,Indonesia,Real GDP PPP 2021 USD,2005,1623227.03757,0.05692590733597758,IMF
07_INA,Indonesia,Real GDP PPP 2021 USD,2006,1712517.284405,0.055007860741815406,IMF
07_INA,Indonesia,Real GDP PPP 2021 USD,2007,1821181.893266,0.06345314575832428,IMF
07_INA,Indonesia,Real GDP PPP 2021 USD,2008,1956709.526304,0.07441740637721406,IMF
07_INA,Indonesia,Real GDP PPP 2021 USD,2009,2048706.3135,0.047016067515024185,IMF
07_INA,Indonesia,Real GDP PPP 2021 USD,2010,2179361.885056,0.06377467121326386,IMF
07_INA,Indonesia,Real GDP PPP 2021 USD,2011,2313829.857276,0.061700616653917795,IMF
07_INA,Indonesia,Real GDP PPP 2021 USD,2012,2453349.7811000003,0.06029826410324435,IMF
07_INA,Indonesia,Real GDP PPP 2021 USD,2013,2589690.030642,0.05557309870460836,IMF
07_INA,Indonesia,Real GDP PPP 2021 USD,2014,2719350.638145,0.0500680027218765,IMF
07_INA,Indonesia,Real GDP PPP 2021 USD,2015,2851951.03339,0.04876178650335916,IMF
07_INA,Indonesia,Real GDP PPP 2021 USD,2016,2995499.167083,0.05033330937746494,IMF
07_INA,Indonesia,Real GDP PPP 2021 USD,2017,3147364.471352,0.05069782890872432,IMF
07_INA,Indonesia,Real GDP PPP 2021 USD,2018,3310216.927782,0.051742484199818195,IMF
07_INA,Indonesia,Real GDP PPP 2021 USD,2019,3476362.246912,0.05019167104595912,IMF
07_INA,Indonesia,Real GDP PPP 2021 USD,2020,3404557.430208,-0.02065515950410035,IMF
07_INA,Indonesia,Real GDP PPP 2021 USD,2021,3530621.2421369995,0.037027958703371944,IMF
07_INA,Indonesia,Real GDP PPP 2021 USD,2022,3718001.4840000006,0.053072881233101166,IMF
07_INA,Indonesia,Real GDP PPP 2021 USD,2023,3905713.1884320006,0.050487259147097285,IMF
07_INA,Indonesia,Real GDP PPP 2021 USD,2024,4102276.6893479996,0.05032717238382567,IMF
07_INA,Indonesia,Real GDP PPP 2021 USD,2025,4311825.02295,0.05108098489458679,IMF
07_INA,Indonesia,Real GDP PPP 2021 USD,2026,4525262.283612,0.049500445756950784,IMF
07_INA,Indonesia,Real GDP PPP 2021 USD,2027,4754687.128799999,0.0506986845864934,IMF
07_INA,Indonesia,Real GDP PPP 2021 USD,2028,5000480.678851,0.051694999774472006,IMF
07_INA,Indonesia,Real GDP PPP 2021 USD,2029,5259733.805546,0.05184564111835943,IMF
07_INA,Indonesia,Real GDP PPP 2021 USD,2030,5534464.286067,0.05223277273677174,IMF
07_INA,Indonesia,Real GDP PPP 2021 USD,2031,5823993.9368,0.05231394327756189,IMF
07_INA,Indonesia,Total investment,1980,31.932,,IMF
07_INA,Indonesia,Total investment,1981,38.668,0.21094826506325948,IMF
07_INA,Indonesia,Total investment,1982,37.316,-0.03496431157546287,IMF
07_INA,Indonesia,Total investment,1983,39.096,0.04770071819058841,IMF
07_INA,Indonesia,Total investment,1984,34.822,-0.10932064661346419,IMF
07_INA,Indonesia,Total investment,1985,36.81,0.05709034518407896,IMF
07_INA,Indonesia,Total investment,1986,36.384,-0.011572942135289366,IMF
07_INA,Indonesia,Total investment,1987,39.659,0.09001209322779236,IMF
07_INA,Indonesia,Total investment,1988,39.706,0.0011851030031015952,IMF
07_INA,Indonesia,Total investment,1989,44.364,0.11731224500075532,IMF
07_INA,Indonesia,Total investment,1990,42.499,-0.0420385898476241,IMF
07_INA,Indonesia,Total investment,1991,43.875,0.032377232405468304,IMF
07_INA,Indonesia,Total investment,1992,40.517,-0.07653561253561247,IMF
07_INA,Indonesia,Total investment,1993,29.92,-0.2615445368610707,IMF
07_INA,Indonesia,Total investment,1994,31.497,0.05270721925133692,IMF
07_INA,Indonesia,Total investment,1995,32.399,0.02863764802997104,IMF
07_INA,Indonesia,Total investment,1996,31.621,-0.02401308682366743,IMF
07_INA,Indonesia,Total investment,1997,32.227,0.01916447930172982,IMF
07_INA,Indonesia,Total investment,1998,19.227,-0.4033884630899556,IMF
07_INA,Indonesia,Total investment,1999,13.64,-0.2905809538669579,IMF
07_INA,Indonesia,Total investment,2000,25.087,0.8392228739002932,IMF
07_INA,Indonesia,Total investment,2001,25.315,0.009088372463825989,IMF
07_INA,Indonesia,Total investment,2002,24.215,-0.04345249851866484,IMF
07_INA,Indonesia,Total investment,2003,28.089,0.15998348131323548,IMF
07_INA,Indonesia,Total investment,2004,27.358,-0.026024422371746847,IMF
07_INA,Indonesia,Total investment,2005,28.579,0.04463045544264932,IMF
07_INA,Indonesia,Total investment,2006,28.986,0.014241226075090152,IMF
07_INA,Indonesia,Total investment,2007,28.736,-0.008624853377492636,IMF
07_INA,Indonesia,Total investment,2008,32.998,0.14831570155901996,IMF
07_INA,Indonesia,Total investment,2009,31.173,-0.055306382204982074,IMF
07_INA,Indonesia,Total investment,2010,32.88,0.05475892599364851,IMF
07_INA,Indonesia,Total investment,2011,32.984,0.003163017031630133,IMF
07_INA,Indonesia,Total investment,2012,35.072,0.06330341983992249,IMF
07_INA,Indonesia,Total investment,2013,33.831,-0.035384352189780977,IMF
07_INA,Indonesia,Total investment,2014,34.6,0.022730631669179102,IMF
07_INA,Indonesia,Total investment,2015,34.063,-0.015520231213872804,IMF
07_INA,Indonesia,Total investment,2016,33.859,-0.005988902915186611,IMF
07_INA,Indonesia,Total investment,2017,33.711,-0.004371068253640198,IMF
07_INA,Indonesia,Total investment,2018,34.571,0.025510960813977634,IMF
07_INA,Indonesia,Total investment,2019,33.78,-0.022880448931185016,IMF
07_INA,Indonesia,Total investment,2020,32.343,-0.042539964476021264,IMF
07_INA,Indonesia,Total investment,2021,31.449,-0.02764122066598651,IMF
07_INA,Indonesia,Total investment,2022,29.745,-0.054182962892301845,IMF
07_INA,Indonesia,Total investment,2023,30.343,0.020104219196503514,IMF
07_INA,Indonesia,Total investment,2024,31.396,0.03470322644431989,IMF
07_INA,Indonesia,Total investment,2025,30.619,-0.02474837558924703,IMF
07_INA,Indonesia,Total investment,2026,30.677,0.0018942486691269078,IMF
07_INA,Indonesia,Total investment,2027,30.852,0.0057045995371125535,IMF
07_INA,Indonesia,Total investment,2028,30.894,0.0013613380007777565,IMF
07_INA,Indonesia,Total investment,2029,30.987,0.003010293260827357,IMF
07_INA,Indonesia,Total investment,2030,31.073,0.0027753574079454335,IMF
07_INA,Indonesia,Total investment,2031,31.162,0.0028642229588389245,IMF
08_JPN,Japan,"Gross domestic product per capita, constant prices",1980,24685.699,,IMF
08_JPN,Japan,"Gross domestic product per capita, constant prices",1981,25550.658,0.03503887007615214,IMF
08_JPN,Japan,"Gross domestic product per capita, constant prices",1982,26204.181,0.02557754089933817,IMF
08_JPN,Japan,"Gross domestic product per capita, constant prices",1983,26968.83,0.029180419720044037,IMF
08_JPN,Japan,"Gross domestic product per capita, constant prices",1984,27975.592,0.03733057755935265,IMF
08_JPN,Japan,"Gross domestic product per capita, constant prices",1985,29236.363,0.04506682110605564,IMF
08_JPN,Japan,"Gross domestic product per capita, constant prices",1986,30038.991,0.027453072736851825,IMF
08_JPN,Japan,"Gross domestic product per capita, constant prices",1987,31284.75,0.041471399621911376,IMF
08_JPN,Japan,"Gross domestic product per capita, constant prices",1988,33227.925,0.06211253086567736,IMF
08_JPN,Japan,"Gross domestic product per capita, constant prices",1989,34728.602,0.045163127098667655,IMF
08_JPN,Japan,"Gross domestic product per capita, constant prices",1990,36288.805,0.04492559187956946,IMF
08_JPN,Japan,"Gross domestic product per capita, constant prices",1991,37418.844,0.031140154656511765,IMF
08_JPN,Japan,"Gross domestic product per capita, constant prices",1992,37622.698,0.005447896786977102,IMF
08_JPN,Japan,"Gross domestic product per capita, constant prices",1993,37329.033,-0.0078055273973173245,IMF
08_JPN,Japan,"Gross domestic product per capita, constant prices",1994,37568.29,0.006409407926532662,IMF
08_JPN,Japan,"Gross domestic product per capita, constant prices",1995,38350.109,0.020810609160012206,IMF
08_JPN,Japan,"Gross domestic product per capita, constant prices",1996,39443.107,0.028500518733858282,IMF
08_JPN,Japan,"Gross domestic product per capita, constant prices",1997,39885.592,0.011218309957174322,IMF
08_JPN,Japan,"Gross domestic product per capita, constant prices",1998,39073.842,-0.02035196067793099,IMF
08_JPN,Japan,"Gross domestic product per capita, constant prices",1999,38864.71,-0.005352225153595014,IMF
08_JPN,Japan,"Gross domestic product per capita, constant prices",2000,39945.119,0.027799229686777505,IMF
08_JPN,Japan,"Gross domestic product per capita, constant prices",2001,39963.955,0.0004715469742373468,IMF
08_JPN,Japan,"Gross domestic product per capita, constant prices",2002,39913.788,-0.001255306187788463,IMF
08_JPN,Japan,"Gross domestic product per capita, constant prices",2003,40390.429,0.01194176308197048,IMF
08_JPN,Japan,"Gross domestic product per capita, constant prices",2004,41211.569,0.02033006383764846,IMF
08_JPN,Japan,"Gross domestic product per capita, constant prices",2005,41967.505,0.01834281048605546,IMF
08_JPN,Japan,"Gross domestic product per capita, constant prices",2006,42618.371,0.015508808541275121,IMF
08_JPN,Japan,"Gross domestic product per capita, constant prices",2007,43351.172,0.01719448638710297,IMF
08_JPN,Japan,"Gross domestic product per capita, constant prices",2008,42867.274,-0.011162281840961574,IMF
08_JPN,Japan,"Gross domestic product per capita, constant prices",2009,40367.509,-0.05831406494380775,IMF
08_JPN,Japan,"Gross domestic product per capita, constant prices",2010,42022.879,0.04100748450938596,IMF
08_JPN,Japan,"Gross domestic product per capita, constant prices",2011,41861.092,-0.0038499742009585614,IMF
08_JPN,Japan,"Gross domestic product per capita, constant prices",2012,42644.457,0.01871343920029611,IMF
08_JPN,Japan,"Gross domestic product per capita, constant prices",2013,43571.043,0.021728169736104253,IMF
08_JPN,Japan,"Gross domestic product per capita, constant prices",2014,44039.465,0.010750763987908085,IMF
08_JPN,Japan,"Gross domestic product per capita, constant prices",2015,44882.31,0.019138402339810456,IMF
08_JPN,Japan,"Gross domestic product per capita, constant prices",2016,45204.908,0.007187642525529725,IMF
08_JPN,Japan,"Gross domestic product per capita, constant prices",2017,46016.39,0.017951192379376035,IMF
08_JPN,Japan,"Gross domestic product per capita, constant prices",2018,46492.181,0.01033959856477229,IMF
08_JPN,Japan,"Gross domestic product per capita, constant prices",2019,46449.582,-0.0009162615967617249,IMF
08_JPN,Japan,"Gross domestic product per capita, constant prices",2020,44591.437,-0.04000348162444178,IMF
08_JPN,Japan,"Gross domestic product per capita, constant prices",2021,46312.108,0.03858747588690625,IMF
08_JPN,Japan,"Gross domestic product per capita, constant prices",2022,47089.871,0.016793945116901243,IMF
08_JPN,Japan,"Gross domestic product per capita, constant prices",2023,47650.37,0.011902750806006779,IMF
08_JPN,Japan,"Gross domestic product per capita, constant prices",2024,47762.022,0.0023431507457338796,IMF
08_JPN,Japan,"Gross domestic product per capita, constant prices",2025,48566.908,0.016852008484900427,IMF
08_JPN,Japan,"Gross domestic product per capita, constant prices",2026,49169.06,0.01239840098529621,IMF
08_JPN,Japan,"Gross domestic product per capita, constant prices",2027,49742.262,0.011657778285775855,IMF
08_JPN,Japan,"Gross domestic product per capita, constant prices",2028,50333.552,0.011887075018824023,IMF
08_JPN,Japan,"Gross domestic product per capita, constant prices",2029,50936.45,0.011978053923156429,IMF
08_JPN,Japan,"Gross domestic product per capita, constant prices",2030,51557.219,0.01218712729293081,IMF
08_JPN,Japan,"Gross domestic product per capita, constant prices",2031,52193.233,0.0123360804235777,IMF
08_JPN,Japan,Gross national savings,1980,28.993,,IMF
08_JPN,Japan,Gross national savings,1981,29.487,0.0170385955230572,IMF
08_JPN,Japan,Gross national savings,1982,28.436,-0.03564282565198218,IMF
08_JPN,Japan,Gross national savings,1983,27.6,-0.029399352932901857,IMF
08_JPN,Japan,Gross national savings,1984,28.468,0.031449275362318785,IMF
08_JPN,Japan,Gross national savings,1985,30.061,0.05595756639033311,IMF
08_JPN,Japan,Gross national savings,1986,30.336,0.009148065599946742,IMF
08_JPN,Japan,Gross national savings,1987,30.029,-0.01011998945147674,IMF
08_JPN,Japan,Gross national savings,1988,31.235,0.040161177528389214,IMF
08_JPN,Japan,Gross national savings,1989,32.024,0.025260124859932898,IMF
08_JPN,Japan,Gross national savings,1990,32.148,0.0038720959280540423,IMF
08_JPN,Japan,Gross national savings,1991,32.217,0.002146323254945681,IMF
08_JPN,Japan,Gross national savings,1992,31.661,-0.017257969395039763,IMF
08_JPN,Japan,Gross national savings,1993,30.711,-0.03000536938188947,IMF
08_JPN,Japan,Gross national savings,1994,29.211,-0.04884243430692581,IMF
08_JPN,Japan,Gross national savings,1995,28.55,-0.022628461880798256,IMF
08_JPN,Japan,Gross national savings,1996,34.902,0.22248686514886162,IMF
08_JPN,Japan,Gross national savings,1997,34.729,-0.004956736003667417,IMF
08_JPN,Japan,Gross national savings,1998,33.483,-0.035877796654093186,IMF
08_JPN,Japan,Gross national savings,1999,31.688,-0.05360929426873329,IMF
08_JPN,Japan,Gross national savings,2000,32.242,0.017482958848775487,IMF
08_JPN,Japan,Gross national savings,2001,30.949,-0.0401029712796972,IMF
08_JPN,Japan,Gross national savings,2002,29.77,-0.038094930369317326,IMF
08_JPN,Japan,Gross national savings,2003,29.84,0.0023513604299629787,IMF
08_JPN,Japan,Gross national savings,2004,30.347,0.016990616621983978,IMF
08_JPN,Japan,Gross national savings,2005,30.493,0.00481101921112459,IMF
08_JPN,Japan,Gross national savings,2006,30.839,0.011346866493949337,IMF
08_JPN,Japan,Gross national savings,2007,31.392,0.017931839553811724,IMF
08_JPN,Japan,Gross national savings,2008,29.721,-0.053230122324159024,IMF
08_JPN,Japan,Gross national savings,2009,26.381,-0.11237845294572857,IMF
08_JPN,Japan,Gross national savings,2010,27.376,0.03771653841780065,IMF
08_JPN,Japan,Gross national savings,2011,26.52,-0.03126826417299833,IMF
08_JPN,Japan,Gross national savings,2012,25.929,-0.0222850678733032,IMF
08_JPN,Japan,Gross national savings,2013,26.245,0.012187126383585989,IMF
08_JPN,Japan,Gross national savings,2014,27.085,0.032006096399314066,IMF
08_JPN,Japan,Gross national savings,2015,29.561,0.09141591286690054,IMF
08_JPN,Japan,Gross national savings,2016,30.11,0.018571766854977856,IMF
08_JPN,Japan,Gross national savings,2017,30.674,0.01873131849883758,IMF
08_JPN,Japan,Gross national savings,2018,30.586,-0.0028688791810653758,IMF
08_JPN,Japan,Gross national savings,2019,30.686,0.003269469692015914,IMF
08_JPN,Japan,Gross national savings,2020,29.776,-0.029655217362966835,IMF
08_JPN,Japan,Gross national savings,2021,31.08,0.043793659322944656,IMF
08_JPN,Japan,Gross national savings,2022,30.332,-0.02406692406692401,IMF
08_JPN,Japan,Gross national savings,2023,31.347,0.03346300936304902,IMF
08_JPN,Japan,Gross national savings,2024,32.194,0.027020129517976166,IMF
08_JPN,Japan,Gross national savings,2025,32.556,0.011244331241846206,IMF
08_JPN,Japan,Gross national savings,2026,32.041,-0.015818896670352633,IMF
08_JPN,Japan,Gross national savings,2027,31.994,-0.0014668705720793929,IMF
08_JPN,Japan,Gross national savings,2028,31.975,-0.0005938613490028555,IMF
08_JPN,Japan,Gross national savings,2029,31.887,-0.0027521501172791396,IMF
08_JPN,Japan,Gross national savings,2030,31.942,0.0017248408442311902,IMF
08_JPN,Japan,Gross national savings,2031,31.845,-0.003036754116836793,IMF
08_JPN,Japan,Population,1980,116.769,,IMF
08_JPN,Japan,Population,1981,117.623,0.007313584941208706,IMF
08_JPN,Japan,Population,1982,118.451,0.0070394395653909925,IMF
08_JPN,Japan,Population,1983,119.271,0.0069226937721083015,IMF
08_JPN,Japan,Population,1984,120.05,0.006531344585020582,IMF
08_JPN,Japan,Population,1985,120.8,0.006247396917950843,IMF
08_JPN,Japan,Population,1986,121.446,0.0053476821192053325,IMF
08_JPN,Japan,Population,1987,122.031,0.004816955684007862,IMF
08_JPN,Japan,Population,1988,122.548,0.0042366283977022245,IMF
08_JPN,Japan,Population,1989,123.028,0.003916832588047203,IMF
08_JPN,Japan,Population,1990,123.438,0.003332574698442503,IMF
08_JPN,Japan,Population,1991,123.928,0.003969604173755137,IMF
08_JPN,Japan,Population,1992,124.367,0.003542379446130006,IMF
08_JPN,Japan,Population,1993,124.77,0.0032404094333704503,IMF
08_JPN,Japan,Population,1994,125.116,0.0027731025086159544,IMF
08_JPN,Japan,Population,1995,125.436,0.0025576265225870642,IMF
08_JPN,Japan,Population,1996,125.711,0.002192353072483,IMF
08_JPN,Japan,Population,1997,126.011,0.0023864260088615197,IMF
08_JPN,Japan,Population,1998,126.349,0.002682305513010741,IMF
08_JPN,Japan,Population,1999,126.587,0.001883671418056343,IMF
08_JPN,Japan,Population,2000,126.831,0.0019275281032018476,IMF
08_JPN,Japan,Population,2001,127.132,0.002373236826958669,IMF
08_JPN,Japan,Population,2002,127.4,0.0021080451813861867,IMF
08_JPN,Japan,Population,2003,127.634,0.001836734693877462,IMF
08_JPN,Japan,Population,2004,127.734,0.0007834902925552001,IMF
08_JPN,Japan,Population,2005,127.752,0.00014091784489633774,IMF
08_JPN,Japan,Population,2006,127.746,-4.6965996618464345e-05,IMF
08_JPN,Japan,Population,2007,127.757,8.610837129929827e-05,IMF
08_JPN,Japan,Population,2008,127.692,-0.0005087783839633486,IMF
08_JPN,Japan,Population,2009,127.551,-0.0011042195282398026,IMF
08_JPN,Japan,Population,2010,127.594,0.000337120053939044,IMF
08_JPN,Japan,Population,2011,127.831,0.0018574541122624577,IMF
08_JPN,Japan,Population,2012,127.552,-0.0021825691733616814,IMF
08_JPN,Japan,Population,2013,127.333,-0.0017169468138484856,IMF
08_JPN,Japan,Population,2014,127.12,-0.0016727792481131543,IMF
08_JPN,Japan,Population,2015,126.978,-0.0011170547514161022,IMF
08_JPN,Japan,Population,2016,126.96,-0.00014175683976747067,IMF
08_JPN,Japan,Population,2017,126.746,-0.001685570258349034,IMF
08_JPN,Japan,Population,2018,126.495,-0.0019803386300158987,IMF
08_JPN,Japan,Population,2019,126.221,-0.0021660935214831145,IMF
08_JPN,Japan,Population,2020,125.849,-0.002947211636732394,IMF
08_JPN,Japan,Population,2021,125.492,-0.0028367329100748018,IMF
08_JPN,Japan,Population,2022,125.063,-0.003418544608421281,IMF
08_JPN,Japan,Population,2023,124.482,-0.004645658588071644,IMF
08_JPN,Japan,Population,2024,123.89,-0.004755707652511987,IMF
08_JPN,Japan,Population,2025,123.291,-0.004834934215836695,IMF
08_JPN,Japan,Population,2026,122.656,-0.005150416494310139,IMF
08_JPN,Japan,Population,2027,121.999,-0.005356444038612129,IMF
08_JPN,Japan,Population,2028,121.319,-0.005573816178821023,IMF
08_JPN,Japan,Population,2029,120.619,-0.005769912379759212,IMF
08_JPN,Japan,Population,2030,119.898,-0.005977499398933883,IMF
08_JPN,Japan,Population,2031,119.158,-0.006171912792540257,IMF
08_JPN,Japan,Real GDP PPP 2021 USD,1980,2882524.386531,,IMF
08_JPN,Japan,Real GDP PPP 2021 USD,1981,3005345.045934,0.0426087147699068,IMF
08_JPN,Japan,Real GDP PPP 2021 USD,1982,3103911.443631,0.03279703201812145,IMF
08_JPN,Japan,Real GDP PPP 2021 USD,1983,3216599.3229300003,0.03630512060201574,IMF
08_JPN,Japan,Real GDP PPP 2021 USD,1984,3358469.8196,0.044105741009971444,IMF
08_JPN,Japan,Real GDP PPP 2021 USD,1985,3531752.6504,0.051595768343286386,IMF
08_JPN,Japan,Real GDP PPP 2021 USD,1986,3648115.3009860003,0.03294756516224906,IMF
08_JPN,Japan,Real GDP PPP 2021 USD,1987,3817709.32725,0.046488121200051635,IMF
08_JPN,Japan,Real GDP PPP 2021 USD,1988,4072015.7529,0.06661230697549825,IMF
08_JPN,Japan,Real GDP PPP 2021 USD,1989,4272590.446856,0.049256856094713086,IMF
08_JPN,Japan,Real GDP PPP 2021 USD,1990,4479417.51159,0.04840788446882249,IMF
08_JPN,Japan,Real GDP PPP 2021 USD,1991,4637242.499232,0.035233372918162864,IMF
08_JPN,Japan,Real GDP PPP 2021 USD,1992,4679022.082165999,0.009009574750709959,IMF
08_JPN,Japan,Real GDP PPP 2021 USD,1993,4657543.4474100005,-0.004590411068557287,IMF
08_JPN,Japan,Real GDP PPP 2021 USD,1994,4700394.17164,0.009200284380348256,IMF
08_JPN,Japan,Real GDP PPP 2021 USD,1995,4810484.272524,0.023421461448538183,IMF
08_JPN,Japan,Real GDP PPP 2021 USD,1996,4958432.4240770005,0.030755355006154783,IMF
08_JPN,Japan,Real GDP PPP 2021 USD,1997,5026023.333512,0.013631507632693163,IMF
08_JPN,Japan,Real GDP PPP 2021 USD,1998,4936940.862858,-0.01772424534124717,IMF
08_JPN,Japan,Real GDP PPP 2021 USD,1999,4919767.04477,-0.0034786355690836768,IMF
08_JPN,Japan,Real GDP PPP 2021 USD,2000,5066279.387889,0.029780341586447934,IMF
08_JPN,Japan,Real GDP PPP 2021 USD,2001,5080697.52706,0.0028459028938410125,IMF
08_JPN,Japan,Real GDP PPP 2021 USD,2002,5085016.591200001,0.0008500927514374368,IMF
08_JPN,Japan,Real GDP PPP 2021 USD,2003,5155192.014986,0.01380043162640665,IMF
08_JPN,Japan,Real GDP PPP 2021 USD,2004,5264118.554646,0.021129482537867394,IMF
08_JPN,Japan,Real GDP PPP 2021 USD,2005,5361432.698759999,0.018486313160274825,IMF
08_JPN,Japan,Real GDP PPP 2021 USD,2006,5444326.421766,0.015461114158007216,IMF
08_JPN,Japan,Real GDP PPP 2021 USD,2007,5538415.6812040005,0.017282075347620385,IMF
08_JPN,Japan,Real GDP PPP 2021 USD,2008,5473807.951607999,-0.011665381097208605,IMF
08_JPN,Japan,Real GDP PPP 2021 USD,2009,5148916.140459,-0.059353892942765385,IMF
08_JPN,Japan,Real GDP PPP 2021 USD,2010,5361867.223126,0.04135842900871478,IMF
08_JPN,Japan,Real GDP PPP 2021 USD,2011,5351145.251452,-0.0019996712391078253,IMF
08_JPN,Japan,Real GDP PPP 2021 USD,2012,5439385.779264,0.016490026651408307,IMF
08_JPN,Japan,Real GDP PPP 2021 USD,2013,5548031.618319,0.019973916810456682,IMF
08_JPN,Japan,Real GDP PPP 2021 USD,2014,5598296.7908,0.009060001084894465,IMF
08_JPN,Japan,Real GDP PPP 2021 USD,2015,5699065.959179999,0.017999968945126232,IMF
08_JPN,Japan,Real GDP PPP 2021 USD,2016,5739215.1196800005,0.007044866788272541,IMF
08_JPN,Japan,Real GDP PPP 2021 USD,2017,5832393.36694,0.016235364125050333,IMF
08_JPN,Japan,Real GDP PPP 2021 USD,2018,5881028.435595,0.008338784028299573,IMF
08_JPN,Japan,Real GDP PPP 2021 USD,2019,5862912.689622001,-0.0030803704099360285,IMF
08_JPN,Japan,Real GDP PPP 2021 USD,2020,5611787.755013,-0.042832794534620855,IMF
08_JPN,Japan,Real GDP PPP 2021 USD,2021,5811799.057136,0.03564128061406646,IMF
08_JPN,Japan,Real GDP PPP 2021 USD,2022,5889200.536873,0.013317989657946283,IMF
08_JPN,Japan,Real GDP PPP 2021 USD,2023,5931613.358340001,0.007201796101431679,IMF
08_JPN,Japan,Real GDP PPP 2021 USD,2024,5917236.90558,-0.0024237002467106805,IMF
08_JPN,Japan,Real GDP PPP 2021 USD,2025,5987862.654228,0.011935595916634512,IMF
08_JPN,Japan,Real GDP PPP 2021 USD,2026,6030880.22336,0.007184127562048559,IMF
08_JPN,Japan,Real GDP PPP 2021 USD,2027,6068506.221738,0.006238890010161313,IMF
08_JPN,Japan,Real GDP PPP 2021 USD,2028,6106416.195088001,0.006247002468944274,IMF
08_JPN,Japan,Real GDP PPP 2021 USD,2029,6143903.66255,0.006139029221780445,IMF
08_JPN,Japan,Real GDP PPP 2021 USD,2030,6181607.443662,0.006136779347928778,IMF
08_JPN,Japan,Real GDP PPP 2021 USD,2031,6219241.257814,0.006088030418461177,IMF
08_JPN,Japan,Total investment,1980,36.955,,IMF
08_JPN,Japan,Total investment,1981,35.73,-0.03314842375862537,IMF
08_JPN,Japan,Total investment,1982,34.518,-0.033921074727119915,IMF
08_JPN,Japan,Total investment,1983,33.075,-0.041804276029897336,IMF
08_JPN,Japan,Total investment,1984,32.915,-0.004837490551776402,IMF
08_JPN,Japan,Total investment,1985,32.807,-0.0032811787938629156,IMF
08_JPN,Japan,Total investment,1986,32.75,-0.0017374340841894709,IMF
08_JPN,Japan,Total investment,1987,33.725,0.02977099236641223,IMF
08_JPN,Japan,Total investment,1988,35.797,0.0614381022979984,IMF
08_JPN,Japan,Total investment,1989,36.664,0.024219906696091975,IMF
08_JPN,Japan,Total investment,1990,37.308,0.017564913811913607,IMF
08_JPN,Japan,Total investment,1991,37.054,-0.0068081912726492,IMF
08_JPN,Japan,Total investment,1992,35.316,-0.046904517730879225,IMF
08_JPN,Japan,Total investment,1993,33.458,-0.05261071469022549,IMF
08_JPN,Japan,Total investment,1994,32.275,-0.03535776197023133,IMF
08_JPN,Japan,Total investment,1995,32.307,0.000991479473276602,IMF
08_JPN,Japan,Total investment,1996,33.53,0.037855573095613826,IMF
08_JPN,Japan,Total investment,1997,32.652,-0.026185505517447027,IMF
08_JPN,Japan,Total investment,1998,30.709,-0.059506308955041054,IMF
08_JPN,Japan,Total investment,1999,29.251,-0.04747793806375977,IMF
08_JPN,Japan,Total investment,2000,29.652,0.013708933027930748,IMF
08_JPN,Japan,Total investment,2001,29.007,-0.02175232699312013,IMF
08_JPN,Japan,Total investment,2002,27.199,-0.062329782466301276,IMF
08_JPN,Japan,Total investment,2003,26.792,-0.014963785433288024,IMF
08_JPN,Japan,Total investment,2004,26.663,-0.004814870110480762,IMF
08_JPN,Japan,Total investment,2005,27.005,0.012826763680005904,IMF
08_JPN,Japan,Total investment,2006,27.085,0.0029624143677098314,IMF
08_JPN,Japan,Total investment,2007,26.804,-0.010374746169466542,IMF
08_JPN,Japan,Total investment,2008,26.958,0.005745411132666689,IMF
08_JPN,Japan,Total investment,2009,23.66,-0.12233845240744856,IMF
08_JPN,Japan,Total investment,2010,23.572,-0.0037193575655114497,IMF
08_JPN,Japan,Total investment,2011,24.452,0.03733242830476846,IMF
08_JPN,Japan,Total investment,2012,24.987,0.021879600850646108,IMF
08_JPN,Japan,Total investment,2013,25.373,0.015448032977148252,IMF
08_JPN,Japan,Total investment,2014,26.348,0.038426674023568363,IMF
08_JPN,Japan,Total investment,2015,26.552,0.0077425231516623505,IMF
08_JPN,Japan,Total investment,2016,26.24,-0.011750527267249233,IMF
08_JPN,Japan,Total investment,2017,26.635,0.015053353658536661,IMF
08_JPN,Japan,Total investment,2018,27.136,0.018809836681058734,IMF
08_JPN,Japan,Total investment,2019,27.324,0.0069280660377359915,IMF
08_JPN,Japan,Total investment,2020,26.886,-0.016029863855950954,IMF
08_JPN,Japan,Total investment,2021,27.325,0.01632820055047235,IMF
08_JPN,Japan,Total investment,2022,28.311,0.036084172003659765,IMF
08_JPN,Japan,Total investment,2023,27.784,-0.01861467274204376,IMF
08_JPN,Japan,Total investment,2024,27.679,-0.0037791534696227647,IMF
08_JPN,Japan,Total investment,2025,27.728,0.0017702951696232372,IMF
08_JPN,Japan,Total investment,2026,28.24,0.018465089440276916,IMF
08_JPN,Japan,Total investment,2027,28.129,-0.003930594900849793,IMF
08_JPN,Japan,Total investment,2028,28.049,-0.0028440399587614795,IMF
08_JPN,Japan,Total investment,2029,27.965,-0.002994759171449979,IMF
08_JPN,Japan,Total investment,2030,27.853,-0.004005006257822186,IMF
08_JPN,Japan,Total investment,2031,27.793,-0.002154166517071898,IMF
09_ROK,Korea,"Gross domestic product per capita, constant prices",1980,6173.17,,IMF
09_ROK,Korea,"Gross domestic product per capita, constant prices",1981,6527.575,0.057410536239889565,IMF
09_ROK,Korea,"Gross domestic product per capita, constant prices",1982,6971.771,0.06804916067605493,IMF
09_ROK,Korea,"Gross domestic product per capita, constant prices",1983,7794.877,0.11806268450297641,IMF
09_ROK,Korea,"Gross domestic product per capita, constant prices",1984,8518.223,0.09279761566475009,IMF
09_ROK,Korea,"Gross domestic product per capita, constant prices",1985,9104.379,0.06881200456949776,IMF
09_ROK,Korea,"Gross domestic product per capita, constant prices",1986,10051.181,0.10399413293317417,IMF
09_ROK,Korea,"Gross domestic product per capita, constant prices",1987,11235.762,0.11785490680149935,IMF
09_ROK,Korea,"Gross domestic product per capita, constant prices",1988,12476.253,0.11040559598895028,IMF
09_ROK,Korea,"Gross domestic product per capita, constant prices",1989,13238.587,0.06110280065657525,IMF
09_ROK,Korea,"Gross domestic product per capita, constant prices",1990,14422.958,0.08946355075507695,IMF
09_ROK,Korea,"Gross domestic product per capita, constant prices",1991,15833.948,0.09782944663639737,IMF
09_ROK,Korea,"Gross domestic product per capita, constant prices",1992,16665.57,0.0525214557986422,IMF
09_ROK,Korea,"Gross domestic product per capita, constant prices",1993,17651.066,0.05913365099423529,IMF
09_ROK,Korea,"Gross domestic product per capita, constant prices",1994,19112.024,0.08276882540691899,IMF
09_ROK,Korea,"Gross domestic product per capita, constant prices",1995,20762.78,0.08637264164172231,IMF
09_ROK,Korea,"Gross domestic product per capita, constant prices",1996,22209.2,0.06966408159215676,IMF
09_ROK,Korea,"Gross domestic product per capita, constant prices",1997,23384.117,0.05290226572771628,IMF
09_ROK,Korea,"Gross domestic product per capita, constant prices",1998,22069.305,-0.05622671148968328,IMF
09_ROK,Korea,"Gross domestic product per capita, constant prices",1999,24458.684,0.10826707048545492,IMF
09_ROK,Korea,"Gross domestic product per capita, constant prices",2000,26486.93,0.08292539369657015,IMF
09_ROK,Korea,"Gross domestic product per capita, constant prices",2001,27526.679,0.03925517226798281,IMF
09_ROK,Korea,"Gross domestic product per capita, constant prices",2002,29487.427,0.07123082301355721,IMF
09_ROK,Korea,"Gross domestic product per capita, constant prices",2003,30236.953,0.025418494465454744,IMF
09_ROK,Korea,"Gross domestic product per capita, constant prices",2004,31678.525,0.04767583559097366,IMF
09_ROK,Korea,"Gross domestic product per capita, constant prices",2005,32989.137,0.04137225454783655,IMF
09_ROK,Korea,"Gross domestic product per capita, constant prices",2006,34537.551,0.046937087199340644,IMF
09_ROK,Korea,"Gross domestic product per capita, constant prices",2007,36370.999,0.053085640032786374,IMF
09_ROK,Korea,"Gross domestic product per capita, constant prices",2008,37180.339,0.022252344512175615,IMF
09_ROK,Korea,"Gross domestic product per capita, constant prices",2009,37292.735,0.0030229955676306375,IMF
09_ROK,Korea,"Gross domestic product per capita, constant prices",2010,39698.106,0.06449972092419598,IMF
09_ROK,Korea,"Gross domestic product per capita, constant prices",2011,40846.875,0.02893762740217376,IMF
09_ROK,Korea,"Gross domestic product per capita, constant prices",2012,41667.884,0.02009967714788452,IMF
09_ROK,Korea,"Gross domestic product per capita, constant prices",2013,42843.861,0.028222623447833328,IMF
09_ROK,Korea,"Gross domestic product per capita, constant prices",2014,43944.247,0.02568363294802034,IMF
09_ROK,Korea,"Gross domestic product per capita, constant prices",2015,44989.698,0.02379039513408876,IMF
09_ROK,Korea,"Gross domestic product per capita, constant prices",2016,46232.719,0.02762901409118146,IMF
09_ROK,Korea,"Gross domestic product per capita, constant prices",2017,47685.807,0.031429862474668724,IMF
09_ROK,Korea,"Gross domestic product per capita, constant prices",2018,48987.532,0.027297954714282202,IMF
09_ROK,Korea,"Gross domestic product per capita, constant prices",2019,49946.948,0.01958490172560645,IMF
09_ROK,Korea,"Gross domestic product per capita, constant prices",2020,49528.867,-0.00837050143684448,IMF
09_ROK,Korea,"Gross domestic product per capita, constant prices",2021,51880.379,0.047477605332663986,IMF
09_ROK,Korea,"Gross domestic product per capita, constant prices",2022,53395.465,0.029203448957070943,IMF
09_ROK,Korea,"Gross domestic product per capita, constant prices",2023,54198.713,0.015043374938302545,IMF
09_ROK,Korea,"Gross domestic product per capita, constant prices",2024,55243.573,0.019278317549717316,IMF
09_ROK,Korea,"Gross domestic product per capita, constant prices",2025,55871.685,0.011369865595044049,IMF
09_ROK,Korea,"Gross domestic product per capita, constant prices",2026,56989.387,0.02000480207461086,IMF
09_ROK,Korea,"Gross domestic product per capita, constant prices",2027,58289.96,0.022821319344950908,IMF
09_ROK,Korea,"Gross domestic product per capita, constant prices",2028,59629.817,0.02298606826973293,IMF
09_ROK,Korea,"Gross domestic product per capita, constant prices",2029,60898.476,0.021275580973189934,IMF
09_ROK,Korea,"Gross domestic product per capita, constant prices",2030,62130.055,0.020223478170455333,IMF
09_ROK,Korea,"Gross domestic product per capita, constant prices",2031,63413.91,0.020663992652187435,IMF
09_ROK,Korea,Gross national savings,1980,26.685,,IMF
09_ROK,Korea,Gross national savings,1981,26.207,-0.01791268502904242,IMF
09_ROK,Korea,Gross national savings,1982,28.258,0.07826153317815843,IMF
09_ROK,Korea,Gross national savings,1983,32.09,0.13560761554250145,IMF
09_ROK,Korea,Gross national savings,1984,34.269,0.06790277344967266,IMF
09_ROK,Korea,Gross national savings,1985,34.232,-0.0010796930170123842,IMF
09_ROK,Korea,Gross national savings,1986,37.712,0.10165926618368792,IMF
09_ROK,Korea,Gross national savings,1987,41.592,0.10288502333474736,IMF
09_ROK,Korea,Gross national savings,1988,43.793,0.05291883054433555,IMF
09_ROK,Korea,Gross national savings,1989,40.955,-0.06480487749183661,IMF
09_ROK,Korea,Gross national savings,1990,41.351,0.0096691490660481,IMF
09_ROK,Korea,Gross national savings,1991,41.299,-0.0012575270247394688,IMF
09_ROK,Korea,Gross national savings,1992,40.339,-0.023245114893823082,IMF
09_ROK,Korea,Gross national savings,1993,40.318,-0.000520588016559631,IMF
09_ROK,Korea,Gross national savings,1994,39.851,-0.011582915819236983,IMF
09_ROK,Korea,Gross national savings,1995,39.576,-0.0069007051265965735,IMF
09_ROK,Korea,Gross national savings,1996,37.688,-0.04770568021022836,IMF
09_ROK,Korea,Gross national savings,1997,37.7,0.0003184037359371672,IMF
09_ROK,Korea,Gross national savings,1998,39.655,0.051856763925729465,IMF
09_ROK,Korea,Gross national savings,1999,37.252,-0.06059765477241197,IMF
09_ROK,Korea,Gross national savings,2000,34.177,-0.08254590357564706,IMF
09_ROK,Korea,Gross national savings,2001,32.36,-0.053164408812944375,IMF
09_ROK,Korea,Gross national savings,2002,31.81,-0.01699629171817063,IMF
09_ROK,Korea,Gross national savings,2003,33.157,0.042345174473436,IMF
09_ROK,Korea,Gross national savings,2004,35.614,0.07410199957776631,IMF
09_ROK,Korea,Gross national savings,2005,33.934,-0.0471724602684338,IMF
09_ROK,Korea,Gross national savings,2006,32.975,-0.02826074143926438,IMF
09_ROK,Korea,Gross national savings,2007,33.57,0.018043972706595968,IMF
09_ROK,Korea,Gross national savings,2008,33.378,-0.005719392314566529,IMF
09_ROK,Korea,Gross national savings,2009,33.27,-0.0032356642099585775,IMF
09_ROK,Korea,Gross national savings,2010,35.061,0.05383228133453555,IMF
09_ROK,Korea,Gross national savings,2011,34.457,-0.01722711845070024,IMF
09_ROK,Korea,Gross national savings,2012,34.445,-0.0003482601503322913,IMF
09_ROK,Korea,Gross national savings,2013,34.639,0.005632167223109441,IMF
09_ROK,Korea,Gross national savings,2014,34.686,0.0013568521031206426,IMF
09_ROK,Korea,Gross national savings,2015,35.914,0.0354033327567318,IMF
09_ROK,Korea,Gross national savings,2016,36.375,0.01283621985855099,IMF
09_ROK,Korea,Gross national savings,2017,36.525,0.004123711340206171,IMF
09_ROK,Korea,Gross national savings,2018,35.465,-0.029021218343600164,IMF
09_ROK,Korea,Gross national savings,2019,34.356,-0.03127026645989006,IMF
09_ROK,Korea,Gross national savings,2020,35.88,0.04435906391896616,IMF
09_ROK,Korea,Gross national savings,2021,36.716,0.02329988851727971,IMF
09_ROK,Korea,Gross national savings,2022,34.424,-0.06242510077350483,IMF
09_ROK,Korea,Gross national savings,2023,33.504,-0.02672554032070651,IMF
09_ROK,Korea,Gross national savings,2024,35.305,0.05375477554918828,IMF
09_ROK,Korea,Gross national savings,2025,35.703,0.011273190766180496,IMF
09_ROK,Korea,Gross national savings,2026,34.76,-0.02641234630143141,IMF
09_ROK,Korea,Gross national savings,2027,34.93,0.004890678941311899,IMF
09_ROK,Korea,Gross national savings,2028,35.084,0.004408817635270568,IMF
09_ROK,Korea,Gross national savings,2029,35.153,0.0019667084710977,IMF
09_ROK,Korea,Gross national savings,2030,35.099,-0.0015361420077945054,IMF
09_ROK,Korea,Gross national savings,2031,34.966,-0.003789281745918527,IMF
09_ROK,Korea,Population,1980,38.124,,IMF
09_ROK,Korea,Population,1981,38.723,0.0157118875249187,IMF
09_ROK,Korea,Population,1982,39.326,0.015572140588280936,IMF
09_ROK,Korea,Population,1983,39.91,0.014850226313380288,IMF
09_ROK,Korea,Population,1984,40.406,0.01242796291656223,IMF
09_ROK,Korea,Population,1985,40.806,0.009899519873286078,IMF
09_ROK,Korea,Population,1986,41.214,0.009998529627995856,IMF
09_ROK,Korea,Population,1987,41.622,0.009899548697044791,IMF
09_ROK,Korea,Population,1988,42.031,0.009826534044495627,IMF
09_ROK,Korea,Population,1989,42.449,0.009945040565296992,IMF
09_ROK,Korea,Population,1990,42.869,0.009894226012391316,IMF
09_ROK,Korea,Population,1991,43.296,0.009960577573538076,IMF
09_ROK,Korea,Population,1992,43.748,0.01043976348854403,IMF
09_ROK,Korea,Population,1993,44.195,0.010217609947883455,IMF
09_ROK,Korea,Population,1994,44.642,0.010114266319719567,IMF
09_ROK,Korea,Population,1995,45.093,0.010102593969804285,IMF
09_ROK,Korea,Population,1996,45.525,0.009580200918102522,IMF
09_ROK,Korea,Population,1997,45.954,0.009423393739703467,IMF
09_ROK,Korea,Population,1998,46.287,0.007246376811594235,IMF
09_ROK,Korea,Population,1999,46.617,0.007129431589863122,IMF
09_ROK,Korea,Population,2000,47.008,0.008387498123002546,IMF
09_ROK,Korea,Population,2001,47.37,0.007700816882232786,IMF
09_ROK,Korea,Population,2002,47.645,0.005805362043487472,IMF
09_ROK,Korea,Population,2003,47.892,0.005184174624829563,IMF
09_ROK,Korea,Population,2004,48.083,0.003988139981625283,IMF
09_ROK,Korea,Population,2005,48.185,0.002121331863652598,IMF
09_ROK,Korea,Population,2006,48.438,0.005250596658711304,IMF
09_ROK,Korea,Population,2007,48.684,0.0050786572525702844,IMF
09_ROK,Korea,Population,2008,49.055,0.007620573494371952,IMF
09_ROK,Korea,Population,2009,49.308,0.005157476302109831,IMF
09_ROK,Korea,Population,2010,49.554,0.004989048430275034,IMF
09_ROK,Korea,Population,2011,49.937,0.0077289421641038025,IMF
09_ROK,Korea,Population,2012,50.2,0.005266635961311383,IMF
09_ROK,Korea,Population,2013,50.429,0.004561752988047729,IMF
09_ROK,Korea,Population,2014,50.747,0.006305895417319407,IMF
09_ROK,Korea,Population,2015,51.015,0.005281100360612356,IMF
09_ROK,Korea,Population,2016,51.218,0.003979221797510535,IMF
09_ROK,Korea,Population,2017,51.362,0.002811511577960779,IMF
09_ROK,Korea,Population,2018,51.585,0.004341731240995239,IMF
09_ROK,Korea,Population,2019,51.765,0.0034893864495493254,IMF
09_ROK,Korea,Population,2020,51.836,0.0013715831160050485,IMF
09_ROK,Korea,Population,2021,51.77,-0.0012732463924685078,IMF
09_ROK,Korea,Population,2022,51.673,-0.0018736720108171179,IMF
09_ROK,Korea,Population,2023,51.713,0.0007740986588740117,IMF
09_ROK,Korea,Population,2024,51.751,0.0007348248989615946,IMF
09_ROK,Korea,Population,2025,51.685,-0.0012753376746341694,IMF
09_ROK,Korea,Population,2026,51.615,-0.0013543581309858332,IMF
09_ROK,Korea,Population,2027,51.535,-0.0015499370338081242,IMF
09_ROK,Korea,Population,2028,51.465,-0.0013583001843405773,IMF
09_ROK,Korea,Population,2029,51.385,-0.0015544544836297858,IMF
09_ROK,Korea,Population,2030,51.315,-0.0013622652525056012,IMF
09_ROK,Korea,Population,2031,51.225,-0.0017538731365097648,IMF
09_ROK,Korea,Real GDP PPP 2021 USD,1980,235345.93308000002,,IMF
09_ROK,Korea,Real GDP PPP 2021 USD,1981,252767.28672499998,0.07402445165295468,IMF
09_ROK,Korea,Real GDP PPP 2021 USD,1982,274171.866346,0.08468097236129801,IMF
09_ROK,Korea,Real GDP PPP 2021 USD,1983,311093.54107,0.13466616840039114,IMF
09_ROK,Korea,Real GDP PPP 2021 USD,1984,344187.318538,0.10637886390753937,IMF
09_ROK,Korea,Real GDP PPP 2021 USD,1985,371513.289474,0.0793927302495403,IMF
09_ROK,Korea,Real GDP PPP 2021 USD,1986,414249.373734,0.11503245098044035,IMF
09_ROK,Korea,Real GDP PPP 2021 USD,1987,467654.885964,0.12892116588761104,IMF
09_ROK,Korea,Real GDP PPP 2021 USD,1988,524389.389843,0.12131703438113406,IMF
09_ROK,Korea,Real GDP PPP 2021 USD,1989,561964.779563,0.07165551105305523,IMF
09_ROK,Korea,Real GDP PPP 2021 USD,1990,618297.7865020001,0.10024294935851019,IMF
09_ROK,Korea,Real GDP PPP 2021 USD,1991,685546.612608,0.10876446200213352,IMF
09_ROK,Korea,Real GDP PPP 2021 USD,1992,729085.35636,0.06350953086379807,IMF
09_ROK,Korea,Real GDP PPP 2021 USD,1993,780088.8618699999,0.0699554655227721,IMF
09_ROK,Korea,Real GDP PPP 2021 USD,1994,853198.975408,0.09372023766977433,IMF
09_ROK,Korea,Real GDP PPP 2021 USD,1995,936256.03854,0.09734782334013237,IMF
09_ROK,Korea,Real GDP PPP 2021 USD,1996,1011073.83,0.07991167840868729,IMF
09_ROK,Korea,Real GDP PPP 2021 USD,1997,1074593.7126179999,0.06282417834709442,IMF
09_ROK,Korea,Real GDP PPP 2021 USD,1998,1021521.920535,-0.04938777461642008,IMF
09_ROK,Korea,Real GDP PPP 2021 USD,1999,1140190.472028,0.11616838474777902,IMF
09_ROK,Korea,Real GDP PPP 2021 USD,2000,1245097.60544,0.09200842840355161,IMF
09_ROK,Korea,Real GDP PPP 2021 USD,2001,1303938.7842299999,0.04725828604353155,IMF
09_ROK,Korea,Real GDP PPP 2021 USD,2002,1404928.4594150002,0.07744970577329413,IMF
09_ROK,Korea,Real GDP PPP 2021 USD,2003,1448108.153076,0.030734443004293288,IMF
09_ROK,Korea,Real GDP PPP 2021 USD,2004,1523198.517575,0.051854113478676744,IMF
09_ROK,Korea,Real GDP PPP 2021 USD,2005,1589581.5663450002,0.043581350693332466,IMF
09_ROK,Korea,Real GDP PPP 2021 USD,2006,1672929.895338,0.052434131571270415,IMF
09_ROK,Korea,Real GDP PPP 2021 USD,2007,1770685.7153160002,0.058433901056116566,IMF
09_ROK,Korea,Real GDP PPP 2021 USD,2008,1823881.529645,0.030042493633324563,IMF
09_ROK,Korea,Real GDP PPP 2021 USD,2009,1838830.17738,0.008196062897741996,IMF
09_ROK,Korea,Real GDP PPP 2021 USD,2010,1967199.944724,0.06981056158590127,IMF
09_ROK,Korea,Real GDP PPP 2021 USD,2011,2039770.3968749999,0.036890226814835225,IMF
09_ROK,Korea,Real GDP PPP 2021 USD,2012,2091727.7768,0.025472170791673854,IMF
09_ROK,Korea,Real GDP PPP 2021 USD,2013,2160573.066369,0.032913121072724705,IMF
09_ROK,Korea,Real GDP PPP 2021 USD,2014,2230038.702509,0.032151486668646756,IMF
09_ROK,Korea,Real GDP PPP 2021 USD,2015,2295149.44347,0.029197134959022986,IMF
09_ROK,Korea,Real GDP PPP 2021 USD,2016,2367947.401742,0.031718177863807595,IMF
09_ROK,Korea,Real GDP PPP 2021 USD,2017,2449238.4191340003,0.034329739474870946,IMF
09_ROK,Korea,Real GDP PPP 2021 USD,2018,2527021.83822,0.03175820633807547,IMF
09_ROK,Korea,Real GDP PPP 2021 USD,2019,2585503.76322,0.023142627465852827,IMF
09_ROK,Korea,Real GDP PPP 2021 USD,2020,2567378.349812,-0.00701039915928281,IMF
09_ROK,Korea,Real GDP PPP 2021 USD,2021,2685847.22083,0.046143908250482424,IMF
09_ROK,Korea,Real GDP PPP 2021 USD,2022,2759103.8629449997,0.027275059261323564,IMF
09_ROK,Korea,Real GDP PPP 2021 USD,2023,2802778.045369,0.015829118653541308,IMF
09_ROK,Korea,Real GDP PPP 2021 USD,2024,2858910.1463229996,0.020027308636424435,IMF
09_ROK,Korea,Real GDP PPP 2021 USD,2025,2887728.039225,0.010080027502460842,IMF
09_ROK,Korea,Real GDP PPP 2021 USD,2026,2941507.2100050002,0.018623350277276574,IMF
09_ROK,Korea,Real GDP PPP 2021 USD,2027,3003973.0886,0.02123601070312975,IMF
09_ROK,Korea,Real GDP PPP 2021 USD,2028,3068848.5319050006,0.02159654610462436,IMF
09_ROK,Korea,Real GDP PPP 2021 USD,2029,3129268.18926,0.019688054567324587,IMF
09_ROK,Korea,Real GDP PPP 2021 USD,2030,3188203.772325,0.018833663176353266,IMF
09_ROK,Korea,Real GDP PPP 2021 USD,2031,3248377.5397500005,0.01887387749407221,IMF
09_ROK,Korea,Total investment,1980,34.508,,IMF
09_ROK,Korea,Total investment,1981,32.954,-0.0450330358177814,IMF
09_ROK,Korea,Total investment,1982,32.802,-0.004612490137767877,IMF
09_ROK,Korea,Total investment,1983,33.306,0.015364916773367376,IMF
09_ROK,Korea,Total investment,1984,33.198,-0.0032426589803637995,IMF
09_ROK,Korea,Total investment,1985,33.201,9.036688957175798e-05,IMF
09_ROK,Korea,Total investment,1986,33.568,0.011053883919158958,IMF
09_ROK,Korea,Total investment,1987,33.563,-0.00014895138226866944,IMF
09_ROK,Korea,Total investment,1988,35.698,0.06361171528170906,IMF
09_ROK,Korea,Total investment,1989,37.428,0.04846209871701479,IMF
09_ROK,Korea,Total investment,1990,40.153,0.07280645506038264,IMF
09_ROK,Korea,Total investment,1991,41.665,0.037655965930316615,IMF
09_ROK,Korea,Total investment,1992,39.113,-0.06125045001800067,IMF
09_ROK,Korea,Total investment,1993,38.08,-0.02641065630353079,IMF
09_ROK,Korea,Total investment,1994,38.908,0.02174369747899174,IMF
09_ROK,Korea,Total investment,1995,39.344,0.011205921661354923,IMF
09_ROK,Korea,Total investment,1996,39.708,0.009251728344855659,IMF
09_ROK,Korea,Total investment,1997,37.382,-0.05857761660118865,IMF
09_ROK,Korea,Total investment,1998,28.128,-0.24755229789738376,IMF
09_ROK,Korea,Total investment,1999,31.253,0.11109926052332186,IMF
09_ROK,Korea,Total investment,2000,33.018,0.05647457844046966,IMF
09_ROK,Korea,Total investment,2001,31.867,-0.03485977345690228,IMF
09_ROK,Korea,Total investment,2002,31.306,-0.017604418363824648,IMF
09_ROK,Korea,Total investment,2003,32.397,0.03484954960710396,IMF
09_ROK,Korea,Total investment,2004,32.685,0.008889712010371476,IMF
09_ROK,Korea,Total investment,2005,32.714,0.0008872571515985417,IMF
09_ROK,Korea,Total investment,2006,33.004,0.008864706241975995,IMF
09_ROK,Korea,Total investment,2007,33.249,0.007423342625136442,IMF
09_ROK,Korea,Total investment,2008,33.704,0.013684622093897536,IMF
09_ROK,Korea,Total investment,2009,29.558,-0.12301210538808449,IMF
09_ROK,Korea,Total investment,2010,32.779,0.10897219026997784,IMF
09_ROK,Korea,Total investment,2011,33.261,0.014704536441014104,IMF
09_ROK,Korea,Total investment,2012,31.215,-0.06151348426084613,IMF
09_ROK,Korea,Total investment,2013,29.899,-0.042159218324523406,IMF
09_ROK,Korea,Total investment,2014,29.789,-0.0036790528111307896,IMF
09_ROK,Korea,Total investment,2015,29.312,-0.016012622108832142,IMF
09_ROK,Korea,Total investment,2016,29.982,0.02285753275109159,IMF
09_ROK,Korea,Total investment,2017,31.965,0.06613968381028612,IMF
09_ROK,Korea,Total investment,2018,31.249,-0.022399499452526284,IMF
09_ROK,Korea,Total investment,2019,31.196,-0.0016960542737366469,IMF
09_ROK,Korea,Total investment,2020,31.525,0.010546223874855709,IMF
09_ROK,Korea,Total investment,2021,32.493,0.030705789056304722,IMF
09_ROK,Korea,Total investment,2022,33.325,0.02560551503400732,IMF
09_ROK,Korea,Total investment,2023,31.891,-0.04303075768942244,IMF
09_ROK,Korea,Total investment,2024,29.974,-0.060111003104324046,IMF
09_ROK,Korea,Total investment,2025,29.131,-0.028124374457863532,IMF
09_ROK,Korea,Total investment,2026,29.176,0.0015447461467164025,IMF
09_ROK,Korea,Total investment,2027,29.482,0.010488072388264325,IMF
09_ROK,Korea,Total investment,2028,29.75,0.009090292381792375,IMF
09_ROK,Korea,Total investment,2029,29.711,-0.001310924369748001,IMF
09_ROK,Korea,Total investment,2030,29.617,-0.003163811382989379,IMF
09_ROK,Korea,Total investment,2031,29.508,-0.0036803187358611655,IMF
10_MAS,Malaysia,"Gross domestic product per capita, constant prices",1980,8655.11,,IMF
10_MAS,Malaysia,"Gross domestic product per capita, constant prices",1981,9032.751,0.04363214332342391,IMF
10_MAS,Malaysia,"Gross domestic product per capita, constant prices",1982,9331.139,0.0330340114545391,IMF
10_MAS,Malaysia,"Gross domestic product per capita, constant prices",1983,9673.523,0.03669262669862694,IMF
10_MAS,Malaysia,"Gross domestic product per capita, constant prices",1984,10170.458,0.05137063301550038,IMF
10_MAS,Malaysia,"Gross domestic product per capita, constant prices",1985,9766.352,-0.039733313878293375,IMF
10_MAS,Malaysia,"Gross domestic product per capita, constant prices",1986,9615.227,-0.015474048037588672,IMF
10_MAS,Malaysia,"Gross domestic product per capita, constant prices",1987,9875.886,0.0271089803704061,IMF
10_MAS,Malaysia,"Gross domestic product per capita, constant prices",1988,10594.543,0.07276886347209754,IMF
10_MAS,Malaysia,"Gross domestic product per capita, constant prices",1989,11281.324,0.06482403252315838,IMF
10_MAS,Malaysia,"Gross domestic product per capita, constant prices",1990,11786.362,0.044767617701610085,IMF
10_MAS,Malaysia,"Gross domestic product per capita, constant prices",1991,12716.887,0.07894929750163815,IMF
10_MAS,Malaysia,"Gross domestic product per capita, constant prices",1992,13469.072,0.059148516456897005,IMF
10_MAS,Malaysia,"Gross domestic product per capita, constant prices",1993,14398.69,0.06901871190531916,IMF
10_MAS,Malaysia,"Gross domestic product per capita, constant prices",1994,15303.246,0.06282210395529031,IMF
10_MAS,Malaysia,"Gross domestic product per capita, constant prices",1995,16368.592,0.06961568807036111,IMF
10_MAS,Malaysia,"Gross domestic product per capita, constant prices",1996,17546.957,0.07198939285675876,IMF
10_MAS,Malaysia,"Gross domestic product per capita, constant prices",1997,18359.739,0.04632039618037487,IMF
10_MAS,Malaysia,"Gross domestic product per capita, constant prices",1998,16578.993,-0.09699190168226257,IMF
10_MAS,Malaysia,"Gross domestic product per capita, constant prices",1999,17153.067,0.03462659040871796,IMF
10_MAS,Malaysia,"Gross domestic product per capita, constant prices",2000,18175.902,0.059629860945567215,IMF
10_MAS,Malaysia,"Gross domestic product per capita, constant prices",2001,17793.983,-0.021012382219050108,IMF
10_MAS,Malaysia,"Gross domestic product per capita, constant prices",2002,18295.429,0.028180649604981678,IMF
10_MAS,Malaysia,"Gross domestic product per capita, constant prices",2003,18901.287,0.03311526611373794,IMF
10_MAS,Malaysia,"Gross domestic product per capita, constant prices",2004,19727.443,0.04370898129846923,IMF
10_MAS,Malaysia,"Gross domestic product per capita, constant prices",2005,20261.831,0.027088558816264152,IMF
10_MAS,Malaysia,"Gross domestic product per capita, constant prices",2006,21110.601,0.041890093743255585,IMF
10_MAS,Malaysia,"Gross domestic product per capita, constant prices",2007,22218.035,0.05245866756706752,IMF
10_MAS,Malaysia,"Gross domestic product per capita, constant prices",2008,22869.698,0.029330361573379538,IMF
10_MAS,Malaysia,"Gross domestic product per capita, constant prices",2009,22136.901,-0.03204226833253321,IMF
10_MAS,Malaysia,"Gross domestic product per capita, constant prices",2010,23381.561,0.056225575567239394,IMF
10_MAS,Malaysia,"Gross domestic product per capita, constant prices",2011,24218.232,0.03578336792825754,IMF
10_MAS,Malaysia,"Gross domestic product per capita, constant prices",2012,25156.063,0.03872417276372597,IMF
10_MAS,Malaysia,"Gross domestic product per capita, constant prices",2013,25723.407,0.022552972617376543,IMF
10_MAS,Malaysia,"Gross domestic product per capita, constant prices",2014,26829.152,0.04298594661274846,IMF
10_MAS,Malaysia,"Gross domestic product per capita, constant prices",2015,27741.091,0.033990600970168705,IMF
10_MAS,Malaysia,"Gross domestic product per capita, constant prices",2016,28565.716,0.029725759524021678,IMF
10_MAS,Malaysia,"Gross domestic product per capita, constant prices",2017,29858.89,0.04527014131205398,IMF
10_MAS,Malaysia,"Gross domestic product per capita, constant prices",2018,30957.249,0.03678499100267962,IMF
10_MAS,Malaysia,"Gross domestic product per capita, constant prices",2019,32183.614,0.03961479264517331,IMF
10_MAS,Malaysia,"Gross domestic product per capita, constant prices",2020,30498.673,-0.05235400225717357,IMF
10_MAS,Malaysia,"Gross domestic product per capita, constant prices",2021,31385.032,0.029062215264251012,IMF
10_MAS,Malaysia,"Gross domestic product per capita, constant prices",2022,34139.997,0.08777958231809357,IMF
10_MAS,Malaysia,"Gross domestic product per capita, constant prices",2023,34912.211,0.022619041237759818,IMF
10_MAS,Malaysia,"Gross domestic product per capita, constant prices",2024,36254.645,0.03845170390382879,IMF
10_MAS,Malaysia,"Gross domestic product per capita, constant prices",2025,37688.317,0.03954450526270503,IMF
10_MAS,Malaysia,"Gross domestic product per capita, constant prices",2026,39019.776,0.03532816283624429,IMF
10_MAS,Malaysia,"Gross domestic product per capita, constant prices",2027,40259.717,0.031777245466503956,IMF
10_MAS,Malaysia,"Gross domestic product per capita, constant prices",2028,41555.968,0.03219722085974941,IMF
10_MAS,Malaysia,"Gross domestic product per capita, constant prices",2029,42912.035,0.03263230446226162,IMF
10_MAS,Malaysia,"Gross domestic product per capita, constant prices",2030,44331.294,0.03307368201018668,IMF
10_MAS,Malaysia,"Gross domestic product per capita, constant prices",2031,45817.114,0.033516278590920434,IMF
10_MAS,Malaysia,Gross national savings,1980,29.354,,IMF
10_MAS,Malaysia,Gross national savings,1981,29.012,-0.01165088233290179,IMF
10_MAS,Malaysia,Gross national savings,1982,29.254,0.008341375982352073,IMF
10_MAS,Malaysia,Gross national savings,1983,28.898,-0.012169275996445017,IMF
10_MAS,Malaysia,Gross national savings,1984,28.31,-0.02034742888781238,IMF
10_MAS,Malaysia,Gross national savings,1985,23.445,-0.17184740374425989,IMF
10_MAS,Malaysia,Gross national savings,1986,23.379,-0.0028150991682660553,IMF
10_MAS,Malaysia,Gross national savings,1987,28.847,0.23388511056931427,IMF
10_MAS,Malaysia,Gross national savings,1988,28.578,-0.009325059798245938,IMF
10_MAS,Malaysia,Gross national savings,1989,26.545,-0.07113863811323384,IMF
10_MAS,Malaysia,Gross national savings,1990,28.217,0.06298737992088888,IMF
10_MAS,Malaysia,Gross national savings,1991,26.786,-0.050714108516142664,IMF
10_MAS,Malaysia,Gross national savings,1992,29.041,0.08418576868513394,IMF
10_MAS,Malaysia,Gross national savings,1993,31.752,0.0933507799318205,IMF
10_MAS,Malaysia,Gross national savings,1994,30.891,-0.027116402116402094,IMF
10_MAS,Malaysia,Gross national savings,1995,34.589,0.11971124275679013,IMF
10_MAS,Malaysia,Gross national savings,1996,37.901,0.09575298505305163,IMF
10_MAS,Malaysia,Gross national savings,1997,37.936,0.0009234584839448168,IMF
10_MAS,Malaysia,Gross national savings,1998,41.661,0.09819169126950666,IMF
10_MAS,Malaysia,Gross national savings,1999,40.279,-0.03317251146155875,IMF
10_MAS,Malaysia,Gross national savings,2000,37.706,-0.06387944089972442,IMF
10_MAS,Malaysia,Gross national savings,2001,34.048,-0.09701373786665257,IMF
10_MAS,Malaysia,Gross national savings,2002,34.546,0.014626409774435967,IMF
10_MAS,Malaysia,Gross national savings,2003,36.303,0.05085972326752719,IMF
10_MAS,Malaysia,Gross national savings,2004,36.949,0.017794672616588292,IMF
10_MAS,Malaysia,Gross national savings,2005,36.886,-0.001705052910768723,IMF
10_MAS,Malaysia,Gross national savings,2006,38.787,0.05153716857344248,IMF
10_MAS,Malaysia,Gross national savings,2007,38.629,-0.004073529790909358,IMF
10_MAS,Malaysia,Gross national savings,2008,38.559,-0.0018121100727432893,IMF
10_MAS,Malaysia,Gross national savings,2009,33.236,-0.13804818589693713,IMF
10_MAS,Malaysia,Gross national savings,2010,33.597,0.010861716211337136,IMF
10_MAS,Malaysia,Gross national savings,2011,34.197,0.017858737387266732,IMF
10_MAS,Malaysia,Gross national savings,2012,31.045,-0.09217182793812329,IMF
10_MAS,Malaysia,Gross national savings,2013,29.543,-0.04838138186503471,IMF
10_MAS,Malaysia,Gross national savings,2014,29.485,-0.0019632400230172875,IMF
10_MAS,Malaysia,Gross national savings,2015,28.411,-0.03642530100050867,IMF
10_MAS,Malaysia,Gross national savings,2016,28.389,-0.0007743479638169237,IMF
10_MAS,Malaysia,Gross national savings,2017,28.338,-0.0017964704639120699,IMF
10_MAS,Malaysia,Gross national savings,2018,26.128,-0.0779871550568142,IMF
10_MAS,Malaysia,Gross national savings,2019,24.546,-0.060548071034905115,IMF
10_MAS,Malaysia,Gross national savings,2020,23.824,-0.029414161166788744,IMF
10_MAS,Malaysia,Gross national savings,2021,26.011,0.09179818670248485,IMF
10_MAS,Malaysia,Gross national savings,2022,26.774,0.02933374341624706,IMF
10_MAS,Malaysia,Gross national savings,2023,23.901,-0.10730559498020475,IMF
10_MAS,Malaysia,Gross national savings,2024,23.388,-0.021463537090498197,IMF
10_MAS,Malaysia,Gross national savings,2025,22.034,-0.05789293654865757,IMF
10_MAS,Malaysia,Gross national savings,2026,22.495,0.02092221112825632,IMF
10_MAS,Malaysia,Gross national savings,2027,22.666,0.007601689264280953,IMF
10_MAS,Malaysia,Gross national savings,2028,22.835,0.007456101650048508,IMF
10_MAS,Malaysia,Gross national savings,2029,22.835,0.0,IMF
10_MAS,Malaysia,Gross national savings,2030,22.746,-0.0038975257280491338,IMF
10_MAS,Malaysia,Gross national savings,2031,22.677,-0.0030335003956739603,IMF
10_MAS,Malaysia,Population,1980,13.885,,IMF
10_MAS,Malaysia,Population,1981,14.229,0.02477493698235511,IMF
10_MAS,Malaysia,Population,1982,14.592,0.025511279780729534,IMF
10_MAS,Malaysia,Population,1983,14.955,0.024876644736842035,IMF
10_MAS,Malaysia,Population,1984,15.328,0.024941491140086924,IMF
10_MAS,Malaysia,Population,1985,15.823,0.0322938413361169,IMF
10_MAS,Malaysia,Population,1986,16.257,0.027428426973393316,IMF
10_MAS,Malaysia,Population,1987,16.681,0.026081072768653568,IMF
10_MAS,Malaysia,Population,1988,17.094,0.02475870751154008,IMF
10_MAS,Malaysia,Population,1989,17.508,0.02421902421902411,IMF
10_MAS,Malaysia,Population,1990,18.267,0.043351610692254905,IMF
10_MAS,Malaysia,Population,1991,18.547,0.015328187441835173,IMF
10_MAS,Malaysia,Population,1992,19.068,0.028090796355205727,IMF
10_MAS,Malaysia,Population,1993,19.602,0.028005034612964108,IMF
10_MAS,Malaysia,Population,1994,20.142,0.02754820936639124,IMF
10_MAS,Malaysia,Population,1995,20.682,0.02680965147453085,IMF
10_MAS,Malaysia,Population,1996,21.223,0.0261580117976985,IMF
10_MAS,Malaysia,Population,1997,21.769,0.025726805823870214,IMF
10_MAS,Malaysia,Population,1998,22.334,0.025954338738573224,IMF
10_MAS,Malaysia,Population,1999,22.91,0.025790274917166567,IMF
10_MAS,Malaysia,Population,2000,23.495,0.025534701003928406,IMF
10_MAS,Malaysia,Population,2001,24.123,0.026729091296020524,IMF
10_MAS,Malaysia,Population,2002,24.727,0.025038345147784247,IMF
10_MAS,Malaysia,Population,2003,25.32,0.023981882153111922,IMF
10_MAS,Malaysia,Population,2004,25.905,0.023104265402843716,IMF
10_MAS,Malaysia,Population,2005,26.477,0.022080679405520165,IMF
10_MAS,Malaysia,Population,2006,26.832,0.013407863428636091,IMF
10_MAS,Malaysia,Population,2007,27.1,0.009988073941562314,IMF
10_MAS,Malaysia,Population,2008,27.6,0.01845018450184499,IMF
10_MAS,Malaysia,Population,2009,28.082,0.01746376811594197,IMF
10_MAS,Malaysia,Population,2010,28.589,0.018054269638914544,IMF
10_MAS,Malaysia,Population,2011,29.062,0.016544824932666513,IMF
10_MAS,Malaysia,Population,2012,29.51,0.015415318973229564,IMF
10_MAS,Malaysia,Population,2013,30.214,0.023856319891562006,IMF
10_MAS,Malaysia,Population,2014,30.709,0.016383133646654002,IMF
10_MAS,Malaysia,Population,2015,31.186,0.01553290566283505,IMF
10_MAS,Malaysia,Population,2016,31.634,0.014365420380940241,IMF
10_MAS,Malaysia,Population,2017,32.023,0.012296895745084413,IMF
10_MAS,Malaysia,Population,2018,32.382,0.011210692314898463,IMF
10_MAS,Malaysia,Population,2019,32.523,0.004354270891236078,IMF
10_MAS,Malaysia,Population,2020,32.447,-0.0023368077975586266,IMF
10_MAS,Malaysia,Population,2021,32.576,0.003975714241686301,IMF
10_MAS,Malaysia,Population,2022,32.652,0.002333005893909723,IMF
10_MAS,Malaysia,Population,2023,33.059,0.012464780105353235,IMF
10_MAS,Malaysia,Population,2024,33.46,0.012129828488460115,IMF
10_MAS,Malaysia,Population,2025,33.852,0.011715481171548081,IMF
10_MAS,Malaysia,Population,2026,34.234,0.011284414510221108,IMF
10_MAS,Malaysia,Population,2027,34.606,0.010866390138458915,IMF
10_MAS,Malaysia,Population,2028,34.968,0.010460613766398952,IMF
10_MAS,Malaysia,Population,2029,35.319,0.010037748798901847,IMF
10_MAS,Malaysia,Population,2030,35.659,0.009626546617967469,IMF
10_MAS,Malaysia,Population,2031,35.986,0.009170195462576025,IMF
10_MAS,Malaysia,Real GDP PPP 2021 USD,1980,120176.20235,,IMF
10_MAS,Malaysia,Real GDP PPP 2021 USD,1981,128527.013979,0.06948806390702189,IMF
10_MAS,Malaysia,Real GDP PPP 2021 USD,1982,136159.980288,0.05938803114376512,IMF
10_MAS,Malaysia,Real GDP PPP 2021 USD,1983,144667.53646499998,0.062482060874312406,IMF
10_MAS,Malaysia,Real GDP PPP 2021 USD,1984,155892.78022400002,0.07759338434380414,IMF
10_MAS,Malaysia,Real GDP PPP 2021 USD,1985,154532.98769600003,-0.008722613876320118,IMF
10_MAS,Malaysia,Real GDP PPP 2021 USD,1986,156314.74533900002,0.011529950139222755,IMF
10_MAS,Malaysia,Real GDP PPP 2021 USD,1987,164739.654366,0.05389708442878427,IMF
10_MAS,Malaysia,Real GDP PPP 2021 USD,1988,181103.11804200002,0.0993292339902907,IMF
10_MAS,Malaysia,Real GDP PPP 2021 USD,1989,197513.420592,0.09061303155583578,IMF
10_MAS,Malaysia,Real GDP PPP 2021 USD,1990,215301.474654,0.09005997672808497,IMF
10_MAS,Malaysia,Real GDP PPP 2021 USD,1991,235860.10318900002,0.09548763457397924,IMF
10_MAS,Malaysia,Real GDP PPP 2021 USD,1992,256828.264896,0.08890084174260582,IMF
10_MAS,Malaysia,Real GDP PPP 2021 USD,1993,282243.12138,0.0989566179341339,IMF
10_MAS,Malaysia,Real GDP PPP 2021 USD,1994,308237.980932,0.09210094979427885,IMF
10_MAS,Malaysia,Real GDP PPP 2021 USD,1995,338535.219744,0.09829171187921792,IMF
10_MAS,Malaysia,Real GDP PPP 2021 USD,1996,372399.06841099996,0.10003050404211344,IMF
10_MAS,Malaysia,Real GDP PPP 2021 USD,1997,399673.158291,0.07323887784246241,IMF
10_MAS,Malaysia,Real GDP PPP 2021 USD,1998,370275.22966199997,-0.07355492361484917,IMF
10_MAS,Malaysia,Real GDP PPP 2021 USD,1999,392976.76496999996,0.06130989461196945,IMF
10_MAS,Malaysia,Real GDP PPP 2021 USD,2000,427042.81749,0.08668719261964664,IMF
10_MAS,Malaysia,Real GDP PPP 2021 USD,2001,429244.25190900004,0.005155067194290375,IMF
10_MAS,Malaysia,Real GDP PPP 2021 USD,2002,452391.072883,0.05392459158406404,IMF
10_MAS,Malaysia,Real GDP PPP 2021 USD,2003,478580.58684,0.05789131467625852,IMF
10_MAS,Malaysia,Real GDP PPP 2021 USD,2004,511039.410915,0.06782311060572055,IMF
10_MAS,Malaysia,Real GDP PPP 2021 USD,2005,536472.499387,0.04976737200456394,IMF
10_MAS,Malaysia,Real GDP PPP 2021 USD,2006,566439.646032,0.055859613827814014,IMF
10_MAS,Malaysia,Real GDP PPP 2021 USD,2007,602108.7485,0.06297070255916548,IMF
10_MAS,Malaysia,Real GDP PPP 2021 USD,2008,631203.6648,0.04832169665775932,IMF
10_MAS,Malaysia,Real GDP PPP 2021 USD,2009,621648.4538820001,-0.015138078960659329,IMF
10_MAS,Malaysia,Real GDP PPP 2021 USD,2010,668455.447429,0.0752949569080481,IMF
10_MAS,Malaysia,Real GDP PPP 2021 USD,2011,703830.258384,0.052920222418798346,IMF
10_MAS,Malaysia,Real GDP PPP 2021 USD,2012,742355.4191299999,0.05473643721208288,IMF
10_MAS,Malaysia,Real GDP PPP 2021 USD,2013,777207.0190979999,0.046947323438204513,IMF
10_MAS,Malaysia,Real GDP PPP 2021 USD,2014,823896.428768,0.06007332476768701,IMF
10_MAS,Malaysia,Real GDP PPP 2021 USD,2015,865133.663926,0.050051479431296286,IMF
10_MAS,Malaysia,Real GDP PPP 2021 USD,2016,903647.859944,0.044518202936667084,IMF
10_MAS,Malaysia,Real GDP PPP 2021 USD,2017,956171.23447,0.05812371926521798,IMF
10_MAS,Malaysia,Real GDP PPP 2021 USD,2018,1002457.637118,0.048408068533515536,IMF
10_MAS,Malaysia,Real GDP PPP 2021 USD,2019,1046707.6781220002,0.04414155707488665,IMF
10_MAS,Malaysia,Real GDP PPP 2021 USD,2020,989590.4428310001,-0.05456846881402422,IMF
10_MAS,Malaysia,Real GDP PPP 2021 USD,2021,1022398.8024319999,0.03315347256905832,IMF
10_MAS,Malaysia,Real GDP PPP 2021 USD,2022,1114739.1820440001,0.0903173784949165,IMF
10_MAS,Malaysia,Real GDP PPP 2021 USD,2023,1154162.783449,0.035365762718335914,IMF
10_MAS,Malaysia,Real GDP PPP 2021 USD,2024,1213080.4216999998,0.051047944965731284,IMF
10_MAS,Malaysia,Real GDP PPP 2021 USD,2025,1275824.907084,0.05172326934109672,IMF
10_MAS,Malaysia,Real GDP PPP 2021 USD,2026,1335803.011584,0.0470112349797942,IMF
10_MAS,Malaysia,Real GDP PPP 2021 USD,2027,1393227.766502,0.042988939551727334,IMF
10_MAS,Malaysia,Real GDP PPP 2021 USD,2028,1453129.089024,0.04299463731791353,IMF
10_MAS,Malaysia,Real GDP PPP 2021 USD,2029,1515610.1641650002,0.042997608136085,IMF
10_MAS,Malaysia,Real GDP PPP 2021 USD,2030,1580809.612746,0.04301861396985318,IMF
10_MAS,Malaysia,Real GDP PPP 2021 USD,2031,1648774.664404,0.042993824879353326,IMF
10_MAS,Malaysia,Total investment,1980,34.783,,IMF
10_MAS,Malaysia,Total investment,1981,40.036,0.15102205100192623,IMF
10_MAS,Malaysia,Total investment,1982,42.372,0.05834748726146466,IMF
10_MAS,Malaysia,Total investment,1983,41.023,-0.031837062210893885,IMF
10_MAS,Malaysia,Total investment,1984,35.735,-0.1289032981498185,IMF
10_MAS,Malaysia,Total investment,1985,29.813,-0.1657198824681685,IMF
10_MAS,Malaysia,Total investment,1986,27.84,-0.06617918357763386,IMF
10_MAS,Malaysia,Total investment,1987,24.755,-0.11081178160919547,IMF
10_MAS,Malaysia,Total investment,1988,27.547,0.11278529589981834,IMF
10_MAS,Malaysia,Total investment,1989,30.402,0.1036410498420881,IMF
10_MAS,Malaysia,Total investment,1990,35.338,0.1623577396223932,IMF
10_MAS,Malaysia,Total investment,1991,37.843,0.0708868639990945,IMF
10_MAS,Malaysia,Total investment,1992,36.003,-0.048621938007029075,IMF
10_MAS,Malaysia,Total investment,1993,39.613,0.10026942199261168,IMF
10_MAS,Malaysia,Total investment,1994,41.386,0.04475803397874434,IMF
10_MAS,Malaysia,Total investment,1995,43.523,0.05163581887594848,IMF
10_MAS,Malaysia,Total investment,1996,41.964,-0.03582014107483411,IMF
10_MAS,Malaysia,Total investment,1997,43.377,0.033671718615956525,IMF
10_MAS,Malaysia,Total investment,1998,29.539,-0.31901699057103994,IMF
10_MAS,Malaysia,Total investment,1999,25.658,-0.13138562578286328,IMF
10_MAS,Malaysia,Total investment,2000,29.397,0.14572453036090094,IMF
10_MAS,Malaysia,Total investment,2001,26.838,-0.08704969894887227,IMF
10_MAS,Malaysia,Total investment,2002,27.24,0.01497876145763466,IMF
10_MAS,Malaysia,Total investment,2003,25.532,-0.06270190895741556,IMF
10_MAS,Malaysia,Total investment,2004,25.85,0.012454958483471668,IMF
10_MAS,Malaysia,Total investment,2005,23.122,-0.10553191489361713,IMF
10_MAS,Malaysia,Total investment,2006,23.425,0.01310440273332758,IMF
10_MAS,Malaysia,Total investment,2007,23.966,0.023094983991462037,IMF
10_MAS,Malaysia,Total investment,2008,22.265,-0.07097554869398315,IMF
10_MAS,Malaysia,Total investment,2009,18.407,-0.17327644284751853,IMF
10_MAS,Malaysia,Total investment,2010,23.657,0.28521758026837607,IMF
10_MAS,Malaysia,Total investment,2011,23.456,-0.008496428118527355,IMF
10_MAS,Malaysia,Total investment,2012,25.951,0.10636937244201916,IMF
10_MAS,Malaysia,Total investment,2013,26.108,0.0060498632037300215,IMF
10_MAS,Malaysia,Total investment,2014,25.158,-0.0363873142331852,IMF
10_MAS,Malaysia,Total investment,2015,25.424,0.01057317751808573,IMF
10_MAS,Malaysia,Total investment,2016,25.996,0.022498426683448702,IMF
10_MAS,Malaysia,Total investment,2017,25.547,-0.017271887982766465,IMF
10_MAS,Malaysia,Total investment,2018,23.897,-0.0645868399420676,IMF
10_MAS,Malaysia,Total investment,2019,21.048,-0.11921998577227266,IMF
10_MAS,Malaysia,Total investment,2020,19.658,-0.06603952869631302,IMF
10_MAS,Malaysia,Total investment,2021,22.126,0.12554685115474618,IMF
10_MAS,Malaysia,Total investment,2022,23.586,0.06598571815963106,IMF
10_MAS,Malaysia,Total investment,2023,22.802,-0.03324005766132443,IMF
10_MAS,Malaysia,Total investment,2024,21.954,-0.03718972019998246,IMF
10_MAS,Malaysia,Total investment,2025,20.461,-0.06800583037259733,IMF
10_MAS,Malaysia,Total investment,2026,21.102,0.031327892087385845,IMF
10_MAS,Malaysia,Total investment,2027,21.045,-0.002701165766277991,IMF
10_MAS,Malaysia,Total investment,2028,21.064,0.000902827274886997,IMF
10_MAS,Malaysia,Total investment,2029,21.016,-0.0022787694644892387,IMF
10_MAS,Malaysia,Total investment,2030,20.988,-0.0013323182337265926,IMF
10_MAS,Malaysia,Total investment,2031,20.877,-0.005288736420811957,IMF
11_MEX,Mexico,"Gross domestic product per capita, constant prices",1980,17720.097,,IMF
11_MEX,Mexico,"Gross domestic product per capita, constant prices",1981,18960.975,0.07002659184089088,IMF
11_MEX,Mexico,"Gross domestic product per capita, constant prices",1982,18512.356,-0.02366012296308595,IMF
11_MEX,Mexico,"Gross domestic product per capita, constant prices",1983,17253.79,-0.0679851878388682,IMF
11_MEX,Mexico,"Gross domestic product per capita, constant prices",1984,17460.081,0.011956271636550442,IMF
11_MEX,Mexico,"Gross domestic product per capita, constant prices",1985,17406.559,-0.0030653924228642992,IMF
11_MEX,Mexico,"Gross domestic product per capita, constant prices",1986,16368.144,-0.05965653521755798,IMF
11_MEX,Mexico,"Gross domestic product per capita, constant prices",1987,16362.735,-0.00033045896956918064,IMF
11_MEX,Mexico,"Gross domestic product per capita, constant prices",1988,16232.521,-0.007957960573217071,IMF
11_MEX,Mexico,"Gross domestic product per capita, constant prices",1989,16494.788,0.016156886536601522,IMF
11_MEX,Mexico,"Gross domestic product per capita, constant prices",1990,17029.386,0.03241011645617986,IMF
11_MEX,Mexico,"Gross domestic product per capita, constant prices",1991,17372.489,0.02014770233054808,IMF
11_MEX,Mexico,"Gross domestic product per capita, constant prices",1992,17659.13,0.016499708245605982,IMF
11_MEX,Mexico,"Gross domestic product per capita, constant prices",1993,17837.857,0.010120940272821954,IMF
11_MEX,Mexico,"Gross domestic product per capita, constant prices",1994,18296.357,0.025703760266718056,IMF
11_MEX,Mexico,"Gross domestic product per capita, constant prices",1995,16925.939,-0.07490114015593385,IMF
11_MEX,Mexico,"Gross domestic product per capita, constant prices",1996,17691.782,0.04524670684444754,IMF
11_MEX,Mexico,"Gross domestic product per capita, constant prices",1997,18680.75,0.055899852259088556,IMF
11_MEX,Mexico,"Gross domestic product per capita, constant prices",1998,19557.238,0.04691931533798166,IMF
11_MEX,Mexico,"Gross domestic product per capita, constant prices",1999,19832.519,0.014075658331713203,IMF
11_MEX,Mexico,"Gross domestic product per capita, constant prices",2000,20560.914,0.036727306299315865,IMF
11_MEX,Mexico,"Gross domestic product per capita, constant prices",2001,20189.777,-0.018050608061489948,IMF
11_MEX,Mexico,"Gross domestic product per capita, constant prices",2002,19860.482,-0.016309986980044267,IMF
11_MEX,Mexico,"Gross domestic product per capita, constant prices",2003,19820.337,-0.002021350740631589,IMF
11_MEX,Mexico,"Gross domestic product per capita, constant prices",2004,20256.636,0.022012693326051824,IMF
11_MEX,Mexico,"Gross domestic product per capita, constant prices",2005,20412.395,0.007689282662728392,IMF
11_MEX,Mexico,"Gross domestic product per capita, constant prices",2006,21092.856,0.03333567668076176,IMF
11_MEX,Mexico,"Gross domestic product per capita, constant prices",2007,21206.217,0.005374378889231535,IMF
11_MEX,Mexico,"Gross domestic product per capita, constant prices",2008,21072.065,-0.006326069378616794,IMF
11_MEX,Mexico,"Gross domestic product per capita, constant prices",2009,19439.062,-0.07749610681250263,IMF
11_MEX,Mexico,"Gross domestic product per capita, constant prices",2010,20098.561,0.03392648266670473,IMF
11_MEX,Mexico,"Gross domestic product per capita, constant prices",2011,20489.004,0.019426415652344486,IMF
11_MEX,Mexico,"Gross domestic product per capita, constant prices",2012,20926.904,0.021372439577833857,IMF
11_MEX,Mexico,"Gross domestic product per capita, constant prices",2013,20833.966,-0.004441077380581415,IMF
11_MEX,Mexico,"Gross domestic product per capita, constant prices",2014,21099.62,0.012751004777486807,IMF
11_MEX,Mexico,"Gross domestic product per capita, constant prices",2015,21436.066,0.015945595228729292,IMF
11_MEX,Mexico,"Gross domestic product per capita, constant prices",2016,21600.852,0.0076873247171378445,IMF
11_MEX,Mexico,"Gross domestic product per capita, constant prices",2017,21795.34,0.009003718927383053,IMF
11_MEX,Mexico,"Gross domestic product per capita, constant prices",2018,22010.196,0.009857887052920455,IMF
11_MEX,Mexico,"Gross domestic product per capita, constant prices",2019,21713.542,-0.013478026274731936,IMF
11_MEX,Mexico,"Gross domestic product per capita, constant prices",2020,19745.382,-0.09064205185869723,IMF
11_MEX,Mexico,"Gross domestic product per capita, constant prices",2021,20814.061,0.05412298430083551,IMF
11_MEX,Mexico,"Gross domestic product per capita, constant prices",2022,21423.824,0.029295724654597732,IMF
11_MEX,Mexico,"Gross domestic product per capita, constant prices",2023,21891.537,0.0218314433501694,IMF
11_MEX,Mexico,"Gross domestic product per capita, constant prices",2024,21996.135,0.004778010790197129,IMF
11_MEX,Mexico,"Gross domestic product per capita, constant prices",2025,21938.402,-0.0026246883827545364,IMF
11_MEX,Mexico,"Gross domestic product per capita, constant prices",2026,22125.43,0.00852514235084234,IMF
11_MEX,Mexico,"Gross domestic product per capita, constant prices",2027,22444.733,0.014431493534814877,IMF
11_MEX,Mexico,"Gross domestic product per capita, constant prices",2028,22761.044,0.014092883172190263,IMF
11_MEX,Mexico,"Gross domestic product per capita, constant prices",2029,23070.893,0.013613127763383748,IMF
11_MEX,Mexico,"Gross domestic product per capita, constant prices",2030,23393.72,0.013992826372173806,IMF
11_MEX,Mexico,"Gross domestic product per capita, constant prices",2031,23728.99,0.014331624042691837,IMF
11_MEX,Mexico,Gross national savings,1980,21.993,,IMF
11_MEX,Mexico,Gross national savings,1981,21.267,-0.03301050334197242,IMF
11_MEX,Mexico,Gross national savings,1982,20.392,-0.04114355574364037,IMF
11_MEX,Mexico,Gross national savings,1983,24.001,0.1769811690859162,IMF
11_MEX,Mexico,Gross national savings,1984,21.975,-0.0844131494521061,IMF
11_MEX,Mexico,Gross national savings,1985,21.676,-0.013606370875995588,IMF
11_MEX,Mexico,Gross national savings,1986,17.539,-0.19085624653995192,IMF
11_MEX,Mexico,Gross national savings,1987,22.512,0.28353954045270524,IMF
11_MEX,Mexico,Gross national savings,1988,18.207,-0.19123134328358204,IMF
11_MEX,Mexico,Gross national savings,1989,17.392,-0.04476300324051197,IMF
11_MEX,Mexico,Gross national savings,1990,17.337,-0.003162373505059768,IMF
11_MEX,Mexico,Gross national savings,1991,15.922,-0.08161735017592431,IMF
11_MEX,Mexico,Gross national savings,1992,14.093,-0.11487250345433997,IMF
11_MEX,Mexico,Gross national savings,1993,16.181,0.14815866032782243,IMF
11_MEX,Mexico,Gross national savings,1994,16.586,0.02502935541684681,IMF
11_MEX,Mexico,Gross national savings,1995,18.897,0.1393343783914145,IMF
11_MEX,Mexico,Gross national savings,1996,19.157,0.013758797692755564,IMF
11_MEX,Mexico,Gross national savings,1997,19.682,0.02740512606357992,IMF
11_MEX,Mexico,Gross national savings,1998,19.935,0.0128543847170004,IMF
11_MEX,Mexico,Gross national savings,1999,20.026,0.004564835716077242,IMF
11_MEX,Mexico,Gross national savings,2000,19.738,-0.014381304304404319,IMF
11_MEX,Mexico,Gross national savings,2001,18.077,-0.08415239639274485,IMF
11_MEX,Mexico,Gross national savings,2002,18.879,0.044365768656303484,IMF
11_MEX,Mexico,Gross national savings,2003,20.354,0.07812913819587886,IMF
11_MEX,Mexico,Gross national savings,2004,21.581,0.06028299105826873,IMF
11_MEX,Mexico,Gross national savings,2005,20.899,-0.031601872017052,IMF
11_MEX,Mexico,Gross national savings,2006,22.248,0.06454854299248769,IMF
11_MEX,Mexico,Gross national savings,2007,22.227,-0.0009439050701186558,IMF
11_MEX,Mexico,Gross national savings,2008,22.715,0.02195527961488275,IMF
11_MEX,Mexico,Gross national savings,2009,22.508,-0.009112920977327743,IMF
11_MEX,Mexico,Gross national savings,2010,22.992,0.021503465434512314,IMF
11_MEX,Mexico,Gross national savings,2011,23.394,0.017484342379958218,IMF
11_MEX,Mexico,Gross national savings,2012,22.968,-0.01820979738394457,IMF
11_MEX,Mexico,Gross national savings,2013,20.287,-0.11672762103796586,IMF
11_MEX,Mexico,Gross national savings,2014,20.472,0.00911914033617589,IMF
11_MEX,Mexico,Gross national savings,2015,21.137,0.03248339194998051,IMF
11_MEX,Mexico,Gross national savings,2016,22.07,0.04414060651937368,IMF
11_MEX,Mexico,Gross national savings,2017,22.095,0.0011327594019030496,IMF
11_MEX,Mexico,Gross national savings,2018,21.413,-0.030866711925774948,IMF
11_MEX,Mexico,Gross national savings,2019,21.852,0.020501564470181588,IMF
11_MEX,Mexico,Gross national savings,2020,22.634,0.03578619805967409,IMF
11_MEX,Mexico,Gross national savings,2021,21.367,-0.055977732614650555,IMF
11_MEX,Mexico,Gross national savings,2022,21.496,0.006037347311274255,IMF
11_MEX,Mexico,Gross national savings,2023,22.606,0.05163751395608496,IMF
11_MEX,Mexico,Gross national savings,2024,22.991,0.017030876758382663,IMF
11_MEX,Mexico,Gross national savings,2025,21.996,-0.043277804358227145,IMF
11_MEX,Mexico,Gross national savings,2026,21.373,-0.028323331514820804,IMF
11_MEX,Mexico,Gross national savings,2027,21.332,-0.0019183081457914142,IMF
11_MEX,Mexico,Gross national savings,2028,21.389,0.0026720420026251634,IMF
11_MEX,Mexico,Gross national savings,2029,21.513,0.0057973724811819505,IMF
11_MEX,Mexico,Gross national savings,2030,21.643,0.006042857806907387,IMF
11_MEX,Mexico,Gross national savings,2031,21.814,0.00790093794760427,IMF
11_MEX,Mexico,Population,1980,68.072,,IMF
11_MEX,Mexico,Population,1981,69.715,0.02413620872017863,IMF
11_MEX,Mexico,Population,1982,71.37,0.02373951086566728,IMF
11_MEX,Mexico,Population,1983,73.035,0.023329129886506816,IMF
11_MEX,Mexico,Population,1984,74.707,0.02289313342917776,IMF
11_MEX,Mexico,Population,1985,76.375,0.02232722502576734,IMF
11_MEX,Mexico,Population,1986,78.029,0.02165630114566275,IMF
11_MEX,Mexico,Population,1987,79.665,0.02096656371349126,IMF
11_MEX,Mexico,Population,1988,81.282,0.020297495763509588,IMF
11_MEX,Mexico,Population,1989,82.89,0.01978297778105853,IMF
11_MEX,Mexico,Population,1990,84.503,0.019459524671251005,IMF
11_MEX,Mexico,Population,1991,86.127,0.019218252606416186,IMF
11_MEX,Mexico,Population,1992,87.753,0.018879097147236124,IMF
11_MEX,Mexico,Population,1993,89.365,0.01836974234499089,IMF
11_MEX,Mexico,Population,1994,90.954,0.01778101046270919,IMF
11_MEX,Mexico,Population,1995,92.507,0.017074565164808764,IMF
11_MEX,Mexico,Population,1996,94.006,0.016204179143199937,IMF
11_MEX,Mexico,Population,1997,95.438,0.015233070229559775,IMF
11_MEX,Mexico,Population,1998,96.799,0.014260567069720675,IMF
11_MEX,Mexico,Population,1999,98.085,0.013285261211376076,IMF
11_MEX,Mexico,Population,2000,99.369,0.01309068664933477,IMF
11_MEX,Mexico,Population,2001,100.739,0.013786995944409242,IMF
11_MEX,Mexico,Population,2002,102.167,0.014175244939894194,IMF
11_MEX,Mexico,Population,2003,103.588,0.013908600624467748,IMF
11_MEX,Mexico,Population,2004,104.971,0.013350967293509042,IMF
11_MEX,Mexico,Population,2005,106.371,0.01333701689037925,IMF
11_MEX,Mexico,Population,2006,107.886,0.014242603717178559,IMF
11_MEX,Mexico,Population,2007,109.539,0.015321728491185294,IMF
11_MEX,Mexico,Population,2008,111.276,0.01585736586969011,IMF
11_MEX,Mexico,Population,2009,113.03,0.015762608289298763,IMF
11_MEX,Mexico,Population,2010,114.756,0.01527028222595761,IMF
11_MEX,Mexico,Population,2011,116.446,0.01472689881139111,IMF
11_MEX,Mexico,Population,2012,118.061,0.013869089535063495,IMF
11_MEX,Mexico,Population,2013,119.598,0.01301869372612452,IMF
11_MEX,Mexico,Population,2014,121.049,0.012132309904848038,IMF
11_MEX,Mexico,Population,2015,122.368,0.010896413848937136,IMF
11_MEX,Mexico,Population,2016,123.587,0.009961754707113135,IMF
11_MEX,Mexico,Population,2017,124.777,0.009628844457750363,IMF
11_MEX,Mexico,Population,2018,125.996,0.009769428660730606,IMF
11_MEX,Mexico,Population,2019,127.216,0.009682847074510281,IMF
11_MEX,Mexico,Population,2020,128.209,0.007805621934347862,IMF
11_MEX,Mexico,Population,2021,128.983,0.006037017682066104,IMF
11_MEX,Mexico,Population,2022,129.961,0.00758239457913068,IMF
11_MEX,Mexico,Population,2023,131.135,0.009033479274551448,IMF
11_MEX,Mexico,Population,2024,132.274,0.008685705570595337,IMF
11_MEX,Mexico,Population,2025,133.367,0.008263150732570113,IMF
11_MEX,Mexico,Population,2026,134.407,0.007798030997173466,IMF
11_MEX,Mexico,Population,2027,135.392,0.007328487355569235,IMF
11_MEX,Mexico,Population,2028,136.322,0.006868943512172043,IMF
11_MEX,Mexico,Population,2029,137.201,0.006447968779800695,IMF
11_MEX,Mexico,Population,2030,138.034,0.006071384319356277,IMF
11_MEX,Mexico,Population,2031,138.826,0.005737716794413039,IMF
11_MEX,Mexico,Real GDP PPP 2021 USD,1980,1206242.442984,,IMF
11_MEX,Mexico,Real GDP PPP 2021 USD,1981,1321864.372125,0.09585297699770412,IMF
11_MEX,Mexico,Real GDP PPP 2021 USD,1982,1321226.84772,-0.0004822918435839485,IMF
11_MEX,Mexico,Real GDP PPP 2021 USD,1983,1260130.55265,-0.046242093229812875,IMF
11_MEX,Mexico,Real GDP PPP 2021 USD,1984,1304390.2712669997,0.0351231215876191,IMF
11_MEX,Mexico,Real GDP PPP 2021 USD,1985,1329425.943625,0.01919339089648564,IMF
11_MEX,Mexico,Real GDP PPP 2021 USD,1986,1277189.908176,-0.03929217396387341,IMF
11_MEX,Mexico,Real GDP PPP 2021 USD,1987,1303537.2837750001,0.0206291761548818,IMF
11_MEX,Mexico,Real GDP PPP 2021 USD,1988,1319411.771922,0.01217800851927131,IMF
11_MEX,Mexico,Real GDP PPP 2021 USD,1989,1367252.97732,0.03625949564502462,IMF
11_MEX,Mexico,Real GDP PPP 2021 USD,1990,1439034.2051579999,0.052500326588208024,IMF
11_MEX,Mexico,Real GDP PPP 2021 USD,1991,1496240.360103,0.03975315856979167,IMF
11_MEX,Mexico,Real GDP PPP 2021 USD,1992,1549641.63489,0.035690304987711974,IMF
11_MEX,Mexico,Real GDP PPP 2021 USD,1993,1594080.090805,0.02867660168291386,IMF
11_MEX,Mexico,Real GDP PPP 2021 USD,1994,1664126.8545779998,0.04394180955966065,IMF
11_MEX,Mexico,Real GDP PPP 2021 USD,1995,1565767.839073,-0.05910547938963606,IMF
11_MEX,Mexico,Real GDP PPP 2021 USD,1996,1663133.658692,0.06218407173099472,IMF
11_MEX,Mexico,Real GDP PPP 2021 USD,1997,1782853.4185000001,0.07198444886393296,IMF
11_MEX,Mexico,Real GDP PPP 2021 USD,1998,1893121.0811620003,0.06184897845094506,IMF
11_MEX,Mexico,Real GDP PPP 2021 USD,1999,1945272.6261149999,0.0275479183407481,IMF
11_MEX,Mexico,Real GDP PPP 2021 USD,2000,2043117.4632660002,0.05029877860688914,IMF
11_MEX,Mexico,Real GDP PPP 2021 USD,2001,2033897.945203,-0.004512475777218583,IMF
11_MEX,Mexico,Real GDP PPP 2021 USD,2002,2029085.864494,-0.0023659401005587943,IMF
11_MEX,Mexico,Real GDP PPP 2021 USD,2003,2053149.069156,0.011859135723662817,IMF
11_MEX,Mexico,Real GDP PPP 2021 USD,2004,2126359.337556,0.035657551368198925,IMF
11_MEX,Mexico,Real GDP PPP 2021 USD,2005,2171286.868545,0.02112885164585543,IMF
11_MEX,Mexico,Real GDP PPP 2021 USD,2006,2275623.862416,0.048053067230548585,IMF
11_MEX,Mexico,Real GDP PPP 2021 USD,2007,2322907.803963,0.020778452154566196,IMF
11_MEX,Mexico,Real GDP PPP 2021 USD,2008,2344815.10494,0.009430981694419804,IMF
11_MEX,Mexico,Real GDP PPP 2021 USD,2009,2197197.17786,-0.06295503929883506,IMF
11_MEX,Mexico,Real GDP PPP 2021 USD,2010,2306430.466116,0.04971483185791703,IMF
11_MEX,Mexico,Real GDP PPP 2021 USD,2011,2385862.5597840003,0.03443940532131573,IMF
11_MEX,Mexico,Real GDP PPP 2021 USD,2012,2470651.213144,0.035537945390985204,IMF
11_MEX,Mexico,Real GDP PPP 2021 USD,2013,2491700.665668,0.00851979931931135,IMF
11_MEX,Mexico,Real GDP PPP 2021 USD,2014,2554087.90138,0.02503801382389348,IMF
11_MEX,Mexico,Real GDP PPP 2021 USD,2015,2623088.5242879996,0.027015758882346086,IMF
11_MEX,Mexico,Real GDP PPP 2021 USD,2016,2669584.496124,0.017725658667437028,IMF
11_MEX,Mexico,Real GDP PPP 2021 USD,2017,2719557.13918,0.018719258794226645,IMF
11_MEX,Mexico,Real GDP PPP 2021 USD,2018,2773196.655216,0.019723621637960376,IMF
11_MEX,Mexico,Real GDP PPP 2021 USD,2019,2762309.959072,-0.003925684867506218,IMF
11_MEX,Mexico,Real GDP PPP 2021 USD,2020,2531535.680838,-0.08354394751251182,IMF
11_MEX,Mexico,Real GDP PPP 2021 USD,2021,2684660.029963,0.060486743396131804,IMF
11_MEX,Mexico,Real GDP PPP 2021 USD,2022,2784261.5908640004,0.037100250977541105,IMF
11_MEX,Mexico,Real GDP PPP 2021 USD,2023,2870746.7044949997,0.031062136515758176,IMF
11_MEX,Mexico,Real GDP PPP 2021 USD,2024,2909516.76099,0.013505216755729244,IMF
11_MEX,Mexico,Real GDP PPP 2021 USD,2025,2925858.8595339996,0.005616774154082904,IMF
11_MEX,Mexico,Real GDP PPP 2021 USD,2026,2973812.6700100005,0.01638965267232284,IMF
11_MEX,Mexico,Real GDP PPP 2021 USD,2027,3038837.290336,0.02186574190827595,IMF
11_MEX,Mexico,Real GDP PPP 2021 USD,2028,3102831.0401680004,0.021058629902795722,IMF
11_MEX,Mexico,Real GDP PPP 2021 USD,2029,3165349.5904929996,0.020148873565998038,IMF
11_MEX,Mexico,Real GDP PPP 2021 USD,2030,3229128.7464799997,0.020149166518149686,IMF
11_MEX,Mexico,Real GDP PPP 2021 USD,2031,3294200.76574,0.020151571637065935,IMF
11_MEX,Mexico,Total investment,1980,29.559,,IMF
11_MEX,Mexico,Total investment,1981,29.771,0.007172096484996171,IMF
11_MEX,Mexico,Total investment,1982,26.154,-0.1214940714117766,IMF
11_MEX,Mexico,Total investment,1983,23.131,-0.11558461420815169,IMF
11_MEX,Mexico,Total investment,1984,22.711,-0.01815745103973032,IMF
11_MEX,Mexico,Total investment,1985,23.953,0.05468715600369878,IMF
11_MEX,Mexico,Total investment,1986,21.238,-0.113346971151839,IMF
11_MEX,Mexico,Total investment,1987,22.806,0.07382992748846418,IMF
11_MEX,Mexico,Total investment,1988,22.179,-0.027492765061825963,IMF
11_MEX,Mexico,Total investment,1989,22.288,0.00491455881689884,IMF
11_MEX,Mexico,Total investment,1990,22.513,0.010095118449389817,IMF
11_MEX,Mexico,Total investment,1991,22.758,0.010882601163771932,IMF
11_MEX,Mexico,Total investment,1992,22.805,0.0020652078390017703,IMF
11_MEX,Mexico,Total investment,1993,22.624,-0.007936855952642041,IMF
11_MEX,Mexico,Total investment,1994,24.337,0.07571605374823198,IMF
11_MEX,Mexico,Total investment,1995,19.312,-0.20647573653285112,IMF
11_MEX,Mexico,Total investment,1996,19.738,0.022058823529411686,IMF
11_MEX,Mexico,Total investment,1997,21.146,0.07133448171040646,IMF
11_MEX,Mexico,Total investment,1998,22.804,0.07840726378511298,IMF
11_MEX,Mexico,Total investment,1999,22.243,-0.02460094720224526,IMF
11_MEX,Mexico,Total investment,2000,22.265,0.0009890752146743953,IMF
11_MEX,Mexico,Total investment,2001,20.274,-0.08942286099258923,IMF
11_MEX,Mexico,Total investment,2002,20.408,0.0066094505277696225,IMF
11_MEX,Mexico,Total investment,2003,20.881,0.02317718541748337,IMF
11_MEX,Mexico,Total investment,2004,22.046,0.055792347109812734,IMF
11_MEX,Mexico,Total investment,2005,21.522,-0.023768484078744434,IMF
11_MEX,Mexico,Total investment,2006,22.564,0.04841557476071001,IMF
11_MEX,Mexico,Total investment,2007,23.072,0.022513738698812125,IMF
11_MEX,Mexico,Total investment,2008,24.121,0.045466366158113614,IMF
11_MEX,Mexico,Total investment,2009,23.259,-0.035736495170183624,IMF
11_MEX,Mexico,Total investment,2010,23.331,0.003095575906100878,IMF
11_MEX,Mexico,Total investment,2011,24.252,0.039475376109039395,IMF
11_MEX,Mexico,Total investment,2012,24.378,0.005195447798119757,IMF
11_MEX,Mexico,Total investment,2013,22.681,-0.06961194519648861,IMF
11_MEX,Mexico,Total investment,2014,22.293,-0.017106829504871968,IMF
11_MEX,Mexico,Total investment,2015,23.736,0.06472883864890333,IMF
11_MEX,Mexico,Total investment,2016,24.343,0.025572969329288764,IMF
11_MEX,Mexico,Total investment,2017,23.892,-0.018526886579304125,IMF
11_MEX,Mexico,Total investment,2018,23.477,-0.01736983090574251,IMF
11_MEX,Mexico,Total investment,2019,22.149,-0.056566000766707814,IMF
11_MEX,Mexico,Total investment,2020,20.237,-0.0863244390265927,IMF
11_MEX,Mexico,Total investment,2021,21.707,0.07263922518159815,IMF
11_MEX,Mexico,Total investment,2022,22.77,0.048970378219007626,IMF
11_MEX,Mexico,Total investment,2023,23.305,0.023495827843653894,IMF
11_MEX,Mexico,Total investment,2024,23.903,0.025659729671744236,IMF
11_MEX,Mexico,Total investment,2025,22.465,-0.060159812575827254,IMF
11_MEX,Mexico,Total investment,2026,21.755,-0.03160471845092372,IMF
11_MEX,Mexico,Total investment,2027,21.884,0.005929671339921949,IMF
11_MEX,Mexico,Total investment,2028,22.029,0.006625845366477812,IMF
11_MEX,Mexico,Total investment,2029,22.186,0.007126968995415206,IMF
11_MEX,Mexico,Total investment,2030,22.348,0.007301902100423696,IMF
11_MEX,Mexico,Total investment,2031,22.508,0.007159477358152921,IMF
12_NZ,New Zealand,"Gross domestic product per capita, constant prices",1980,27088.295,,IMF
12_NZ,New Zealand,"Gross domestic product per capita, constant prices",1981,27744.291,0.024216954223217124,IMF
12_NZ,New Zealand,"Gross domestic product per capita, constant prices",1982,28321.768,0.02081426409490872,IMF
12_NZ,New Zealand,"Gross domestic product per capita, constant prices",1983,28018.734,-0.010699685132651293,IMF
12_NZ,New Zealand,"Gross domestic product per capita, constant prices",1984,29641.944,0.05793302438290038,IMF
12_NZ,New Zealand,"Gross domestic product per capita, constant prices",1985,29713.111,0.0024008884167652234,IMF
12_NZ,New Zealand,"Gross domestic product per capita, constant prices",1986,29978.25,0.008923299886033353,IMF
12_NZ,New Zealand,"Gross domestic product per capita, constant prices",1987,30437.575,0.01532194174109569,IMF
12_NZ,New Zealand,"Gross domestic product per capita, constant prices",1988,30326.523,-0.003648516677166258,IMF
12_NZ,New Zealand,"Gross domestic product per capita, constant prices",1989,30148.674,-0.005864470516452003,IMF
12_NZ,New Zealand,"Gross domestic product per capita, constant prices",1990,29796.398,-0.011684626660529052,IMF
12_NZ,New Zealand,"Gross domestic product per capita, constant prices",1991,28648.242,-0.03853338245783944,IMF
12_NZ,New Zealand,"Gross domestic product per capita, constant prices",1992,28549.148,-0.003458990607521306,IMF
12_NZ,New Zealand,"Gross domestic product per capita, constant prices",1993,29698.434,0.04025640274799103,IMF
12_NZ,New Zealand,"Gross domestic product per capita, constant prices",1994,30936.36,0.04168320794288349,IMF
12_NZ,New Zealand,"Gross domestic product per capita, constant prices",1995,31977.595,0.03365732102936492,IMF
12_NZ,New Zealand,"Gross domestic product per capita, constant prices",1996,32756.908,0.02437059447403711,IMF
12_NZ,New Zealand,"Gross domestic product per capita, constant prices",1997,33125.275,0.011245475305544872,IMF
12_NZ,New Zealand,"Gross domestic product per capita, constant prices",1998,32968.389,-0.004736141813162287,IMF
12_NZ,New Zealand,"Gross domestic product per capita, constant prices",1999,34256.798,0.03908013218358963,IMF
12_NZ,New Zealand,"Gross domestic product per capita, constant prices",2000,35488.079,0.0359426762536299,IMF
12_NZ,New Zealand,"Gross domestic product per capita, constant prices",2001,36136.104,0.01826035723150876,IMF
12_NZ,New Zealand,"Gross domestic product per capita, constant prices",2002,37219.121,0.029970497096200477,IMF
12_NZ,New Zealand,"Gross domestic product per capita, constant prices",2003,38127.824,0.024414950584136674,IMF
12_NZ,New Zealand,"Gross domestic product per capita, constant prices",2004,39378.436,0.032800508101380244,IMF
12_NZ,New Zealand,"Gross domestic product per capita, constant prices",2005,40179.562,0.020344281829780986,IMF
12_NZ,New Zealand,"Gross domestic product per capita, constant prices",2006,40824.126,0.016042086272617828,IMF
12_NZ,New Zealand,"Gross domestic product per capita, constant prices",2007,41839.119,0.02486257758463717,IMF
12_NZ,New Zealand,"Gross domestic product per capita, constant prices",2008,41421.7,-0.009976763612063677,IMF
12_NZ,New Zealand,"Gross domestic product per capita, constant prices",2009,40575.538,-0.020427988228392313,IMF
12_NZ,New Zealand,"Gross domestic product per capita, constant prices",2010,40825.972,0.006172043855586118,IMF
12_NZ,New Zealand,"Gross domestic product per capita, constant prices",2011,41204.785,0.00927872580718958,IMF
12_NZ,New Zealand,"Gross domestic product per capita, constant prices",2012,42015.703,0.019680190055596736,IMF
12_NZ,New Zealand,"Gross domestic product per capita, constant prices",2013,42561.801,0.012997473825440808,IMF
12_NZ,New Zealand,"Gross domestic product per capita, constant prices",2014,43462.367,0.02115902003301029,IMF
12_NZ,New Zealand,"Gross domestic product per capita, constant prices",2015,44137.342,0.01553010216861872,IMF
12_NZ,New Zealand,"Gross domestic product per capita, constant prices",2016,44873.524,0.016679346028585007,IMF
12_NZ,New Zealand,"Gross domestic product per capita, constant prices",2017,45401.718,0.011770726988145741,IMF
12_NZ,New Zealand,"Gross domestic product per capita, constant prices",2018,46092.579,0.01521662682456193,IMF
12_NZ,New Zealand,"Gross domestic product per capita, constant prices",2019,46742.477,0.014099840236754924,IMF
12_NZ,New Zealand,"Gross domestic product per capita, constant prices",2020,45338.79,-0.030030222831365916,IMF
12_NZ,New Zealand,"Gross domestic product per capita, constant prices",2021,47685.979,0.05176999650850855,IMF
12_NZ,New Zealand,"Gross domestic product per capita, constant prices",2022,48877.729,0.024991622799649393,IMF
12_NZ,New Zealand,"Gross domestic product per capita, constant prices",2023,48896.699,0.0003881113216206433,IMF
12_NZ,New Zealand,"Gross domestic product per capita, constant prices",2024,47920.362,-0.019967339717554378,IMF
12_NZ,New Zealand,"Gross domestic product per capita, constant prices",2025,47701.044,-0.004576718347828801,IMF
12_NZ,New Zealand,"Gross domestic product per capita, constant prices",2026,48421.771,0.015109250019768927,IMF
12_NZ,New Zealand,"Gross domestic product per capita, constant prices",2027,49274.791,0.017616456035860262,IMF
12_NZ,New Zealand,"Gross domestic product per capita, constant prices",2028,50134.972,0.017456816813286924,IMF
12_NZ,New Zealand,"Gross domestic product per capita, constant prices",2029,50976.854,0.016792310166244828,IMF
12_NZ,New Zealand,"Gross domestic product per capita, constant prices",2030,51777.521,0.0157064812198886,IMF
12_NZ,New Zealand,"Gross domestic product per capita, constant prices",2031,52588.403,0.015660888824708286,IMF
12_NZ,New Zealand,Gross national savings,1980,14.662,,IMF
12_NZ,New Zealand,Gross national savings,1981,13.232,-0.09753103260128237,IMF
12_NZ,New Zealand,Gross national savings,1982,12.809,-0.031967956469165615,IMF
12_NZ,New Zealand,Gross national savings,1983,20.385,0.5914591302990087,IMF
12_NZ,New Zealand,Gross national savings,1984,19.598,-0.03860681873926919,IMF
12_NZ,New Zealand,Gross national savings,1985,19.111,-0.02484947443616692,IMF
12_NZ,New Zealand,Gross national savings,1986,19.735,0.032651352624143204,IMF
12_NZ,New Zealand,Gross national savings,1987,19.087,-0.03283506460602992,IMF
12_NZ,New Zealand,Gross national savings,1988,20.077,0.051867763399172206,IMF
12_NZ,New Zealand,Gross national savings,1989,19.515,-0.02799222991482797,IMF
12_NZ,New Zealand,Gross national savings,1990,17.725,-0.09172431462977193,IMF
12_NZ,New Zealand,Gross national savings,1991,15.599,-0.11994358251057835,IMF
12_NZ,New Zealand,Gross national savings,1992,15.498,-0.006474774023976004,IMF
12_NZ,New Zealand,Gross national savings,1993,17.658,0.13937282229965176,IMF
12_NZ,New Zealand,Gross national savings,1994,18.94,0.07260165364140891,IMF
12_NZ,New Zealand,Gross national savings,1995,19.412,0.02492080253431883,IMF
12_NZ,New Zealand,Gross national savings,1996,18.334,-0.05553266021017922,IMF
12_NZ,New Zealand,Gross national savings,1997,18.675,0.018599323660957845,IMF
12_NZ,New Zealand,Gross national savings,1998,18.182,-0.02639892904953156,IMF
12_NZ,New Zealand,Gross national savings,1999,18.131,-0.0028049719502803994,IMF
12_NZ,New Zealand,Gross national savings,2000,19.318,0.06546798301251999,IMF
12_NZ,New Zealand,Gross national savings,2001,21.256,0.10032094419712179,IMF
12_NZ,New Zealand,Gross national savings,2002,20.998,-0.012137749341362358,IMF
12_NZ,New Zealand,Gross national savings,2003,21.296,0.014191827793123002,IMF
12_NZ,New Zealand,Gross national savings,2004,20.292,-0.04714500375657393,IMF
12_NZ,New Zealand,Gross national savings,2005,18.217,-0.10225704711216255,IMF
12_NZ,New Zealand,Gross national savings,2006,17.228,-0.05428994894878392,IMF
12_NZ,New Zealand,Gross national savings,2007,17.85,0.03610401671697239,IMF
12_NZ,New Zealand,Gross national savings,2008,15.686,-0.12123249299719896,IMF
12_NZ,New Zealand,Gross national savings,2009,17.47,0.11373199030983039,IMF
12_NZ,New Zealand,Gross national savings,2010,25.279,0.446994848311391,IMF
12_NZ,New Zealand,Gross national savings,2011,20.122,-0.20400332291625456,IMF
12_NZ,New Zealand,Gross national savings,2012,17.404,-0.1350760361793062,IMF
12_NZ,New Zealand,Gross national savings,2013,19.016,0.09262238565846914,IMF
12_NZ,New Zealand,Gross national savings,2014,19.395,0.019930584770719406,IMF
12_NZ,New Zealand,Gross national savings,2015,20.293,0.046300592936323826,IMF
12_NZ,New Zealand,Gross national savings,2016,19.997,-0.014586310550436132,IMF
12_NZ,New Zealand,Gross national savings,2017,20.657,0.03300495074261134,IMF
12_NZ,New Zealand,Gross national savings,2018,22.321,0.08055380742605411,IMF
12_NZ,New Zealand,Gross national savings,2019,21.288,-0.046279288562340426,IMF
12_NZ,New Zealand,Gross national savings,2020,18.076,-0.15088312664411874,IMF
12_NZ,New Zealand,Gross national savings,2021,22.219,0.2291989378181014,IMF
12_NZ,New Zealand,Gross national savings,2022,25.496,0.1474863855259012,IMF
12_NZ,New Zealand,Gross national savings,2023,18.704,-0.266394728584876,IMF
12_NZ,New Zealand,Gross national savings,2024,14.54,-0.2226261762189906,IMF
12_NZ,New Zealand,Gross national savings,2025,16.148,0.11059147180192586,IMF
12_NZ,New Zealand,Gross national savings,2026,17.982,0.11357443646271981,IMF
12_NZ,New Zealand,Gross national savings,2027,18.947,0.05366477588699814,IMF
12_NZ,New Zealand,Gross national savings,2028,18.457,-0.025861613975827202,IMF
12_NZ,New Zealand,Gross national savings,2029,18.606,0.008072817901067397,IMF
12_NZ,New Zealand,Gross national savings,2030,18.757,0.008115661614533032,IMF
12_NZ,New Zealand,Gross national savings,2031,18.979,0.011835581382950267,IMF
12_NZ,New Zealand,Population,1980,3.108,,IMF
12_NZ,New Zealand,Population,1981,3.125,0.005469755469755366,IMF
12_NZ,New Zealand,Population,1982,3.149,0.007679999999999909,IMF
12_NZ,New Zealand,Population,1983,3.179,0.009526833915528776,IMF
12_NZ,New Zealand,Population,1984,3.211,0.010066058508965137,IMF
12_NZ,New Zealand,Population,1985,3.242,0.009654313298038009,IMF
12_NZ,New Zealand,Population,1986,3.272,0.009253547193090572,IMF
12_NZ,New Zealand,Population,1987,3.301,0.008863080684596625,IMF
12_NZ,New Zealand,Population,1988,3.331,0.009088155104513662,IMF
12_NZ,New Zealand,Population,1989,3.366,0.010507355148604125,IMF
12_NZ,New Zealand,Population,1990,3.406,0.011883541295306,IMF
12_NZ,New Zealand,Population,1991,3.496,0.026423957721667612,IMF
12_NZ,New Zealand,Population,1992,3.533,0.010583524027459879,IMF
12_NZ,New Zealand,Population,1993,3.574,0.011604868383809697,IMF
12_NZ,New Zealand,Population,1994,3.622,0.013430330162283122,IMF
12_NZ,New Zealand,Population,1995,3.676,0.014908890115958195,IMF
12_NZ,New Zealand,Population,1996,3.734,0.01577801958650693,IMF
12_NZ,New Zealand,Population,1997,3.783,0.013122656668452137,IMF
12_NZ,New Zealand,Population,1998,3.816,0.008723235527359208,IMF
12_NZ,New Zealand,Population,1999,3.837,0.005503144654088077,IMF
12_NZ,New Zealand,Population,2000,3.86,0.005994266353922306,IMF
12_NZ,New Zealand,Population,2001,3.887,0.006994818652849677,IMF
12_NZ,New Zealand,Population,2002,3.951,0.016465140210959683,IMF
12_NZ,New Zealand,Population,2003,4.028,0.019488737028600323,IMF
12_NZ,New Zealand,Population,2004,4.089,0.0151439920556109,IMF
12_NZ,New Zealand,Population,2005,4.136,0.011494252873563093,IMF
12_NZ,New Zealand,Population,2006,4.185,0.011847195357833629,IMF
12_NZ,New Zealand,Population,2007,4.226,0.009796893667861406,IMF
12_NZ,New Zealand,Population,2008,4.262,0.008518693800283916,IMF
12_NZ,New Zealand,Population,2009,4.305,0.010089160018770471,IMF
12_NZ,New Zealand,Population,2010,4.353,0.011149825783972167,IMF
12_NZ,New Zealand,Population,2011,4.386,0.007580978635423952,IMF
12_NZ,New Zealand,Population,2012,4.411,0.005699954400364637,IMF
12_NZ,New Zealand,Population,2013,4.447,0.008161414645205367,IMF
12_NZ,New Zealand,Population,2014,4.52,0.016415561052394834,IMF
12_NZ,New Zealand,Population,2015,4.613,0.02057522123893829,IMF
12_NZ,New Zealand,Population,2016,4.717,0.022544981573813017,IMF
12_NZ,New Zealand,Population,2017,4.815,0.020775916896332625,IMF
12_NZ,New Zealand,Population,2018,4.901,0.01786085150571126,IMF
12_NZ,New Zealand,Population,2019,4.977,0.015507039379718535,IMF
12_NZ,New Zealand,Population,2020,5.068,0.01828410689170168,IMF
12_NZ,New Zealand,Population,2021,5.084,0.0031570639305444903,IMF
12_NZ,New Zealand,Population,2022,5.09,0.001180173092053538,IMF
12_NZ,New Zealand,Population,2023,5.199,0.021414538310412512,IMF
12_NZ,New Zealand,Population,2024,5.29,0.017503366031929257,IMF
12_NZ,New Zealand,Population,2025,5.324,0.006427221172022657,IMF
12_NZ,New Zealand,Population,2026,5.356,0.006010518407212562,IMF
12_NZ,New Zealand,Population,2027,5.389,0.00616131441374157,IMF
12_NZ,New Zealand,Population,2028,5.422,0.006123585080719973,IMF
12_NZ,New Zealand,Population,2029,5.455,0.006086315012910459,IMF
12_NZ,New Zealand,Population,2030,5.488,0.006049495875343869,IMF
12_NZ,New Zealand,Population,2031,5.522,0.006195335276967917,IMF
12_NZ,New Zealand,Real GDP PPP 2021 USD,1980,84190.42086,,IMF
12_NZ,New Zealand,Real GDP PPP 2021 USD,1981,86700.909375,0.029819170510795967,IMF
12_NZ,New Zealand,Real GDP PPP 2021 USD,1982,89185.247432,0.028654117643157617,IMF
12_NZ,New Zealand,Real GDP PPP 2021 USD,1983,89071.55538599999,-0.001274785340329876,IMF
12_NZ,New Zealand,Real GDP PPP 2021 USD,1984,95180.282184,0.06858224010490499,IMF
12_NZ,New Zealand,Real GDP PPP 2021 USD,1985,96329.905862,0.012078380643772313,IMF
12_NZ,New Zealand,Real GDP PPP 2021 USD,1986,98088.83399999999,0.018259419255737486,IMF
12_NZ,New Zealand,Real GDP PPP 2021 USD,1987,100474.435075,0.02432082203158825,IMF
12_NZ,New Zealand,Real GDP PPP 2021 USD,1988,101017.648113,0.005406480141884051,IMF
12_NZ,New Zealand,Real GDP PPP 2021 USD,1989,101480.436684,0.004581264557677267,IMF
12_NZ,New Zealand,Real GDP PPP 2021 USD,1990,101486.53158800001,6.00598913365058e-05,IMF
12_NZ,New Zealand,Real GDP PPP 2021 USD,1991,100154.254032,-0.01312762920511068,IMF
12_NZ,New Zealand,Real GDP PPP 2021 USD,1992,100864.139884,0.007087925109733106,IMF
12_NZ,New Zealand,Real GDP PPP 2021 USD,1993,106142.203116,0.052328441387296865,IMF
12_NZ,New Zealand,Real GDP PPP 2021 USD,1994,112051.49592,0.05567335735006251,IMF
12_NZ,New Zealand,Real GDP PPP 2021 USD,1995,117549.63922000001,0.04906800444614734,IMF
12_NZ,New Zealand,Real GDP PPP 2021 USD,1996,122314.294472,0.04053313377749035,IMF
12_NZ,New Zealand,Real GDP PPP 2021 USD,1997,125312.91532500001,0.024515702485505164,IMF
12_NZ,New Zealand,Real GDP PPP 2021 USD,1998,125807.372424,0.003945779233669677,IMF
12_NZ,New Zealand,Real GDP PPP 2021 USD,1999,131443.33392600002,0.04479834045818487,IMF
12_NZ,New Zealand,Real GDP PPP 2021 USD,2000,136983.98494,0.04215239258248915,IMF
12_NZ,New Zealand,Real GDP PPP 2021 USD,2001,140461.036248,0.025382903771729026,IMF
12_NZ,New Zealand,Real GDP PPP 2021 USD,2002,147052.747071,0.0469291057440413,IMF
12_NZ,New Zealand,Real GDP PPP 2021 USD,2003,153578.875072,0.044379504164237416,IMF
12_NZ,New Zealand,Real GDP PPP 2021 USD,2004,161018.424804,0.04844123079109841,IMF
12_NZ,New Zealand,Real GDP PPP 2021 USD,2005,166182.668432,0.03207237702322696,IMF
12_NZ,New Zealand,Real GDP PPP 2021 USD,2006,170848.96730999998,0.028079335360470248,IMF
12_NZ,New Zealand,Real GDP PPP 2021 USD,2007,176812.116894,0.034903047281404254,IMF
12_NZ,New Zealand,Real GDP PPP 2021 USD,2008,176539.28539999996,-0.0015430588061089434,IMF
12_NZ,New Zealand,Real GDP PPP 2021 USD,2009,174677.69108999998,-0.010544929451719587,IMF
12_NZ,New Zealand,Real GDP PPP 2021 USD,2010,177715.456116,0.017390686853279158,IMF
12_NZ,New Zealand,Real GDP PPP 2021 USD,2011,180724.18701000002,0.016930046264721943,IMF
12_NZ,New Zealand,Real GDP PPP 2021 USD,2012,185331.265933,0.025492320641868682,IMF
12_NZ,New Zealand,Real GDP PPP 2021 USD,2013,189272.329047,0.02126496624387575,IMF
12_NZ,New Zealand,Real GDP PPP 2021 USD,2014,196449.89883999998,0.0379219182705659,IMF
12_NZ,New Zealand,Real GDP PPP 2021 USD,2015,203605.558646,0.03642485869553935,IMF
12_NZ,New Zealand,Real GDP PPP 2021 USD,2016,211668.41270799996,0.0396003631512758,IMF
12_NZ,New Zealand,Real GDP PPP 2021 USD,2017,218609.27217,0.0327911915301935,IMF
12_NZ,New Zealand,Real GDP PPP 2021 USD,2018,225899.72967899998,0.03334926024240459,IMF
12_NZ,New Zealand,Real GDP PPP 2021 USD,2019,232637.308029,0.029825526394272384,IMF
12_NZ,New Zealand,Real GDP PPP 2021 USD,2020,229776.98771999998,-0.012295191743894596,IMF
12_NZ,New Zealand,Real GDP PPP 2021 USD,2021,242435.51723599999,0.05509050162771456,IMF
12_NZ,New Zealand,Real GDP PPP 2021 USD,2022,248787.64061,0.02620129033245777,IMF
12_NZ,New Zealand,Real GDP PPP 2021 USD,2023,254213.938101,0.021810960856798678,IMF
12_NZ,New Zealand,Real GDP PPP 2021 USD,2024,253498.71498000002,-0.0028134693413852663,IMF
12_NZ,New Zealand,Real GDP PPP 2021 USD,2025,253960.358256,0.0018210872431303482,IMF
12_NZ,New Zealand,Real GDP PPP 2021 USD,2026,259347.005476,0.02121058285234456,IMF
12_NZ,New Zealand,Real GDP PPP 2021 USD,2027,265541.848699,0.023886310974094993,IMF
12_NZ,New Zealand,Real GDP PPP 2021 USD,2028,271831.818184,0.023687300197001493,IMF
12_NZ,New Zealand,Real GDP PPP 2021 USD,2029,278078.73857,0.022980828468621484,IMF
12_NZ,New Zealand,Real GDP PPP 2021 USD,2030,284155.035248,0.021850993388588202,IMF
12_NZ,New Zealand,Real GDP PPP 2021 USD,2031,290393.161366,0.021953248558680638,IMF
12_NZ,New Zealand,Total investment,1980,23.528,,IMF
12_NZ,New Zealand,Total investment,1981,21.46,-0.08789527371642292,IMF
12_NZ,New Zealand,Total investment,1982,23.098,0.07632805219012107,IMF
12_NZ,New Zealand,Total investment,1983,24.163,0.04610788812884237,IMF
12_NZ,New Zealand,Total investment,1984,29.543,0.2226544717129495,IMF
12_NZ,New Zealand,Total investment,1985,27.811,-0.058626408963206145,IMF
12_NZ,New Zealand,Total investment,1986,25.238,-0.09251734925029664,IMF
12_NZ,New Zealand,Total investment,1987,23.497,-0.06898327918218561,IMF
12_NZ,New Zealand,Total investment,1988,20.931,-0.10920543048048681,IMF
12_NZ,New Zealand,Total investment,1989,23.133,0.1052028092303281,IMF
12_NZ,New Zealand,Total investment,1990,21.319,-0.07841611550598715,IMF
12_NZ,New Zealand,Total investment,1991,17.143,-0.19588160795534493,IMF
12_NZ,New Zealand,Total investment,1992,18.514,0.07997433354722028,IMF
12_NZ,New Zealand,Total investment,1993,20.917,0.12979366965539607,IMF
12_NZ,New Zealand,Total investment,1994,22.412,0.07147296457426955,IMF
12_NZ,New Zealand,Total investment,1995,23.298,0.03953239336069969,IMF
12_NZ,New Zealand,Total investment,1996,23.442,0.0061807880504765045,IMF
12_NZ,New Zealand,Total investment,1997,23.146,-0.012626908966811734,IMF
12_NZ,New Zealand,Total investment,1998,21.074,-0.08951870733604073,IMF
12_NZ,New Zealand,Total investment,1999,22.589,0.07188953212489313,IMF
12_NZ,New Zealand,Total investment,2000,22.638,0.002169197396963307,IMF
12_NZ,New Zealand,Total investment,2001,21.803,-0.0368848838236594,IMF
12_NZ,New Zealand,Total investment,2002,23.376,0.07214603494931882,IMF
12_NZ,New Zealand,Total investment,2003,23.622,0.010523613963038914,IMF
12_NZ,New Zealand,Total investment,2004,25.313,0.07158580983828622,IMF
12_NZ,New Zealand,Total investment,2005,25.455,0.00560976573302252,IMF
12_NZ,New Zealand,Total investment,2006,23.856,-0.06281673541543886,IMF
12_NZ,New Zealand,Total investment,2007,24.78,0.03873239436619724,IMF
12_NZ,New Zealand,Total investment,2008,23.84,-0.03793381759483461,IMF
12_NZ,New Zealand,Total investment,2009,19.778,-0.1703859060402685,IMF
12_NZ,New Zealand,Total investment,2010,20.54,0.038527656992618065,IMF
12_NZ,New Zealand,Total investment,2011,20.175,-0.017770204479065188,IMF
12_NZ,New Zealand,Total investment,2012,21.482,0.06478314745972735,IMF
12_NZ,New Zealand,Total investment,2013,22.152,0.03118890233684013,IMF
12_NZ,New Zealand,Total investment,2014,22.955,0.03624954857349216,IMF
12_NZ,New Zealand,Total investment,2015,23.178,0.009714659115661162,IMF
12_NZ,New Zealand,Total investment,2016,23.126,-0.002243506773664694,IMF
12_NZ,New Zealand,Total investment,2017,23.475,0.015091239297760017,IMF
12_NZ,New Zealand,Total investment,2018,24.396,0.039233226837060764,IMF
12_NZ,New Zealand,Total investment,2019,24.223,-0.007091326446958646,IMF
12_NZ,New Zealand,Total investment,2020,22.384,-0.07591958056392678,IMF
12_NZ,New Zealand,Total investment,2021,25.12,0.12223016440314516,IMF
12_NZ,New Zealand,Total investment,2022,26.487,0.05441878980891701,IMF
12_NZ,New Zealand,Total investment,2023,24.485,-0.07558424887680748,IMF
12_NZ,New Zealand,Total investment,2024,23.555,-0.03798243822748626,IMF
12_NZ,New Zealand,Total investment,2025,22.398,-0.04911908299724055,IMF
12_NZ,New Zealand,Total investment,2026,22.656,0.011518885614786978,IMF
12_NZ,New Zealand,Total investment,2027,22.619,-0.0016331214689264684,IMF
12_NZ,New Zealand,Total investment,2028,22.444,-0.007736858393386115,IMF
12_NZ,New Zealand,Total investment,2029,22.39,-0.0024059882373907993,IMF
12_NZ,New Zealand,Total investment,2030,22.341,-0.002188476998660094,IMF
12_NZ,New Zealand,Total investment,2031,22.298,-0.0019247124121571924,IMF
13_PNG,Papua New Guinea,"Gross domestic product per capita, constant prices",1980,3005.706,,IMF
13_PNG,Papua New Guinea,"Gross domestic product per capita, constant prices",1981,2960.239,-0.015126895311783684,IMF
13_PNG,Papua New Guinea,"Gross domestic product per capita, constant prices",1982,2917.696,-0.01437147473565481,IMF
13_PNG,Papua New Guinea,"Gross domestic product per capita, constant prices",1983,2951.572,0.01161053104915677,IMF
13_PNG,Papua New Guinea,"Gross domestic product per capita, constant prices",1984,2859.596,-0.031161699596011894,IMF
13_PNG,Papua New Guinea,"Gross domestic product per capita, constant prices",1985,2890.746,0.010893147143862247,IMF
13_PNG,Papua New Guinea,"Gross domestic product per capita, constant prices",1986,2991.302,0.03478548443896501,IMF
13_PNG,Papua New Guinea,"Gross domestic product per capita, constant prices",1987,3119.79,0.04295387092309633,IMF
13_PNG,Papua New Guinea,"Gross domestic product per capita, constant prices",1988,3117.494,-0.0007359469707896027,IMF
13_PNG,Papua New Guinea,"Gross domestic product per capita, constant prices",1989,2945.065,-0.055310130508671396,IMF
13_PNG,Papua New Guinea,"Gross domestic product per capita, constant prices",1990,2732.711,-0.07210502993991652,IMF
13_PNG,Papua New Guinea,"Gross domestic product per capita, constant prices",1991,2904.153,0.0627369670631106,IMF
13_PNG,Papua New Guinea,"Gross domestic product per capita, constant prices",1992,3063.76,0.05495819262965851,IMF
13_PNG,Papua New Guinea,"Gross domestic product per capita, constant prices",1993,3385.054,0.10486918035355242,IMF
13_PNG,Papua New Guinea,"Gross domestic product per capita, constant prices",1994,3644.204,0.07655712434720385,IMF
13_PNG,Papua New Guinea,"Gross domestic product per capita, constant prices",1995,3426.357,-0.059779035421727245,IMF
13_PNG,Papua New Guinea,"Gross domestic product per capita, constant prices",1996,3558.163,0.03846826235561562,IMF
13_PNG,Papua New Guinea,"Gross domestic product per capita, constant prices",1997,3247.785,-0.08722984303979331,IMF
13_PNG,Papua New Guinea,"Gross domestic product per capita, constant prices",1998,3314.834,0.02064453158075419,IMF
13_PNG,Papua New Guinea,"Gross domestic product per capita, constant prices",1999,3293.308,-0.006493839510515409,IMF
13_PNG,Papua New Guinea,"Gross domestic product per capita, constant prices",2000,3133.517,-0.04851990764301428,IMF
13_PNG,Papua New Guinea,"Gross domestic product per capita, constant prices",2001,3054.574,-0.025193097723739788,IMF
13_PNG,Papua New Guinea,"Gross domestic product per capita, constant prices",2002,2977.119,-0.025357054698953108,IMF
13_PNG,Papua New Guinea,"Gross domestic product per capita, constant prices",2003,3169.759,0.06470685249733044,IMF
13_PNG,Papua New Guinea,"Gross domestic product per capita, constant prices",2004,3113.396,-0.017781478024038955,IMF
13_PNG,Papua New Guinea,"Gross domestic product per capita, constant prices",2005,3170.362,0.018297062114809748,IMF
13_PNG,Papua New Guinea,"Gross domestic product per capita, constant prices",2006,3175.893,0.0017445957275541435,IMF
13_PNG,Papua New Guinea,"Gross domestic product per capita, constant prices",2007,3345.847,0.05351376762378335,IMF
13_PNG,Papua New Guinea,"Gross domestic product per capita, constant prices",2008,3260.332,-0.02555855064502366,IMF
13_PNG,Papua New Guinea,"Gross domestic product per capita, constant prices",2009,3403.806,0.044005947860524586,IMF
13_PNG,Papua New Guinea,"Gross domestic product per capita, constant prices",2010,3526.228,0.03596620959008834,IMF
13_PNG,Papua New Guinea,"Gross domestic product per capita, constant prices",2011,3311.662,-0.06084858948428751,IMF
13_PNG,Papua New Guinea,"Gross domestic product per capita, constant prices",2012,3301.831,-0.002968600056406645,IMF
13_PNG,Papua New Guinea,"Gross domestic product per capita, constant prices",2013,3265.854,-0.01089607554111649,IMF
13_PNG,Papua New Guinea,"Gross domestic product per capita, constant prices",2014,3532.646,0.08169134321375071,IMF
13_PNG,Papua New Guinea,"Gross domestic product per capita, constant prices",2015,3586.723,0.015307789118977677,IMF
13_PNG,Papua New Guinea,"Gross domestic product per capita, constant prices",2016,3604.616,0.0049886762930952955,IMF
13_PNG,Papua New Guinea,"Gross domestic product per capita, constant prices",2017,3555.369,-0.013662204240340703,IMF
13_PNG,Papua New Guinea,"Gross domestic product per capita, constant prices",2018,3377.616,-0.04999565445949494,IMF
13_PNG,Papua New Guinea,"Gross domestic product per capita, constant prices",2019,3361.906,-0.004651209610565532,IMF
13_PNG,Papua New Guinea,"Gross domestic product per capita, constant prices",2020,3101.325,-0.07750990063374763,IMF
13_PNG,Papua New Guinea,"Gross domestic product per capita, constant prices",2021,2939.427,-0.05220284878237513,IMF
13_PNG,Papua New Guinea,"Gross domestic product per capita, constant prices",2022,3043.276,0.03532967479716276,IMF
13_PNG,Papua New Guinea,"Gross domestic product per capita, constant prices",2023,3094.272,0.016756942189929624,IMF
13_PNG,Papua New Guinea,"Gross domestic product per capita, constant prices",2024,3148.469,0.017515266919003958,IMF
13_PNG,Papua New Guinea,"Gross domestic product per capita, constant prices",2025,3257.554,0.034646998271223195,IMF
13_PNG,Papua New Guinea,"Gross domestic product per capita, constant prices",2026,3310.283,0.016186684856183353,IMF
13_PNG,Papua New Guinea,"Gross domestic product per capita, constant prices",2027,3365.338,0.016631508544737716,IMF
13_PNG,Papua New Guinea,"Gross domestic product per capita, constant prices",2028,3402.651,0.011087445005523833,IMF
13_PNG,Papua New Guinea,"Gross domestic product per capita, constant prices",2029,3435.977,0.009794128166538352,IMF
13_PNG,Papua New Guinea,"Gross domestic product per capita, constant prices",2030,3469.63,0.00979430304684814,IMF
13_PNG,Papua New Guinea,"Gross domestic product per capita, constant prices",2031,3503.613,0.009794416119297988,IMF
13_PNG,Papua New Guinea,Gross national savings,1980,,,IMF
13_PNG,Papua New Guinea,Gross national savings,1981,,,IMF
13_PNG,Papua New Guinea,Gross national savings,1982,,,IMF
13_PNG,Papua New Guinea,Gross national savings,1983,,,IMF
13_PNG,Papua New Guinea,Gross national savings,1984,,,IMF
13_PNG,Papua New Guinea,Gross national savings,1985,,,IMF
13_PNG,Papua New Guinea,Gross national savings,1986,,,IMF
13_PNG,Papua New Guinea,Gross national savings,1987,,,IMF
13_PNG,Papua New Guinea,Gross national savings,1988,,,IMF
13_PNG,Papua New Guinea,Gross national savings,1989,,,IMF
13_PNG,Papua New Guinea,Gross national savings,1990,,,IMF
13_PNG,Papua New Guinea,Gross national savings,1991,,,IMF
13_PNG,Papua New Guinea,Gross national savings,1992,,,IMF
13_PNG,Papua New Guinea,Gross national savings,1993,,,IMF
13_PNG,Papua New Guinea,Gross national savings,1994,,,IMF
13_PNG,Papua New Guinea,Gross national savings,1995,,,IMF
13_PNG,Papua New Guinea,Gross national savings,1996,,,IMF
13_PNG,Papua New Guinea,Gross national savings,1997,,,IMF
13_PNG,Papua New Guinea,Gross national savings,1998,,,IMF
13_PNG,Papua New Guinea,Gross national savings,1999,,,IMF
13_PNG,Papua New Guinea,Gross national savings,2000,,,IMF
13_PNG,Papua New Guinea,Gross national savings,2001,,,IMF
13_PNG,Papua New Guinea,Gross national savings,2002,,,IMF
13_PNG,Papua New Guinea,Gross national savings,2003,,,IMF
13_PNG,Papua New Guinea,Gross national savings,2004,,,IMF
13_PNG,Papua New Guinea,Gross national savings,2005,,,IMF
13_PNG,Papua New Guinea,Gross national savings,2006,,,IMF
13_PNG,Papua New Guinea,Gross national savings,2007,,,IMF
13_PNG,Papua New Guinea,Gross national savings,2008,,,IMF
13_PNG,Papua New Guinea,Gross national savings,2009,,,IMF
13_PNG,Papua New Guinea,Gross national savings,2010,,,IMF
13_PNG,Papua New Guinea,Gross national savings,2011,,,IMF
13_PNG,Papua New Guinea,Gross national savings,2012,,,IMF
13_PNG,Papua New Guinea,Gross national savings,2013,,,IMF
13_PNG,Papua New Guinea,Gross national savings,2014,,,IMF
13_PNG,Papua New Guinea,Gross national savings,2015,,,IMF
13_PNG,Papua New Guinea,Gross national savings,2016,,,IMF
13_PNG,Papua New Guinea,Gross national savings,2017,,,IMF
13_PNG,Papua New Guinea,Gross national savings,2018,,,IMF
13_PNG,Papua New Guinea,Gross national savings,2019,,,IMF
13_PNG,Papua New Guinea,Gross national savings,2020,,,IMF
13_PNG,Papua New Guinea,Gross national savings,2021,,,IMF
13_PNG,Papua New Guinea,Gross national savings,2022,,,IMF
13_PNG,Papua New Guinea,Gross national savings,2023,,,IMF
13_PNG,Papua New Guinea,Gross national savings,2024,,,IMF
13_PNG,Papua New Guinea,Gross national savings,2025,,,IMF
13_PNG,Papua New Guinea,Gross national savings,2026,,,IMF
13_PNG,Papua New Guinea,Gross national savings,2027,,,IMF
13_PNG,Papua New Guinea,Gross national savings,2028,,,IMF
13_PNG,Papua New Guinea,Gross national savings,2029,,,IMF
13_PNG,Papua New Guinea,Gross national savings,2030,,,IMF
13_PNG,Papua New Guinea,Gross national savings,2031,,,IMF
13_PNG,Papua New Guinea,Population,1980,2.96,,IMF
13_PNG,Papua New Guinea,Population,1981,3.04,0.027027027027026973,IMF
13_PNG,Papua New Guinea,Population,1982,3.11,0.023026315789473673,IMF
13_PNG,Papua New Guinea,Population,1983,3.18,0.022508038585209,IMF
13_PNG,Papua New Guinea,Population,1984,3.25,0.022012578616352085,IMF
13_PNG,Papua New Guinea,Population,1985,3.33,0.024615384615384706,IMF
13_PNG,Papua New Guinea,Population,1986,3.4,0.02102102102102088,IMF
13_PNG,Papua New Guinea,Population,1987,3.35,-0.014705882352941124,IMF
13_PNG,Papua New Guinea,Population,1988,3.45,0.029850746268656803,IMF
13_PNG,Papua New Guinea,Population,1989,3.6,0.04347826086956519,IMF
13_PNG,Papua New Guinea,Population,1990,3.758,0.043888888888888866,IMF
13_PNG,Papua New Guinea,Population,1991,3.875,0.031133581692389667,IMF
13_PNG,Papua New Guinea,Population,1992,4.181,0.07896774193548395,IMF
13_PNG,Papua New Guinea,Population,1993,4.288,0.025591963645061,IMF
13_PNG,Papua New Guinea,Population,1994,4.401,0.026352611940298365,IMF
13_PNG,Papua New Guinea,Population,1995,4.52,0.027039309247898213,IMF
13_PNG,Papua New Guinea,Population,1996,4.64,0.026548672566371723,IMF
13_PNG,Papua New Guinea,Population,1997,4.761,0.026077586206896708,IMF
13_PNG,Papua New Guinea,Population,1998,4.883,0.02562486872505776,IMF
13_PNG,Papua New Guinea,Population,1999,5.006,0.025189432725783334,IMF
13_PNG,Papua New Guinea,Population,2000,5.13,0.024770275669196984,IMF
13_PNG,Papua New Guinea,Population,2001,5.256,0.024561403508772006,IMF
13_PNG,Papua New Guinea,Population,2002,5.384,0.0243531202435312,IMF
13_PNG,Papua New Guinea,Population,2003,5.515,0.02433135215453186,IMF
13_PNG,Papua New Guinea,Population,2004,5.647,0.023934723481414455,IMF
13_PNG,Papua New Guinea,Population,2005,5.781,0.02372941384806082,IMF
13_PNG,Papua New Guinea,Population,2006,5.917,0.02352534163639519,IMF
13_PNG,Papua New Guinea,Population,2007,6.056,0.023491634274125373,IMF
13_PNG,Papua New Guinea,Population,2008,6.196,0.023117569352707923,IMF
13_PNG,Papua New Guinea,Population,2009,6.339,0.023079406068431396,IMF
13_PNG,Papua New Guinea,Population,2010,6.738,0.06294368196876476,IMF
13_PNG,Papua New Guinea,Population,2011,7.254,0.0765805877114869,IMF
13_PNG,Papua New Guinea,Population,2012,7.615,0.04976564653984017,IMF
13_PNG,Papua New Guinea,Population,2013,7.993,0.04963887065003281,IMF
13_PNG,Papua New Guinea,Population,2014,8.39,0.04966845990241464,IMF
13_PNG,Papua New Guinea,Population,2015,8.807,0.04970202622169251,IMF
13_PNG,Papua New Guinea,Population,2016,9.245,0.049733166799136974,IMF
13_PNG,Papua New Guinea,Population,2017,9.704,0.04964845862628464,IMF
13_PNG,Papua New Guinea,Population,2018,10.186,0.04967023907666923,IMF
13_PNG,Papua New Guinea,Population,2019,10.693,0.04977419988219123,IMF
13_PNG,Papua New Guinea,Population,2020,11.224,0.049658655194987356,IMF
13_PNG,Papua New Guinea,Population,2021,11.782,0.04971489665003559,IMF
13_PNG,Papua New Guinea,Population,2022,12.029,0.02096418265150235,IMF
13_PNG,Papua New Guinea,Population,2023,12.282,0.021032504780114758,IMF
13_PNG,Papua New Guinea,Population,2024,12.539,0.020924930793030372,IMF
13_PNG,Papua New Guinea,Population,2025,12.803,0.021054310551080757,IMF
13_PNG,Papua New Guinea,Population,2026,13.072,0.0210107006170428,IMF
13_PNG,Papua New Guinea,Population,2027,13.346,0.02096083231334167,IMF
13_PNG,Papua New Guinea,Population,2028,13.626,0.020980068934512097,IMF
13_PNG,Papua New Guinea,Population,2029,13.913,0.021062674299134,IMF
13_PNG,Papua New Guinea,Population,2030,14.205,0.020987565586142454,IMF
13_PNG,Papua New Guinea,Population,2031,14.503,0.020978528687082054,IMF
13_PNG,Papua New Guinea,Real GDP PPP 2021 USD,1980,8896.88976,,IMF
13_PNG,Papua New Guinea,Real GDP PPP 2021 USD,1981,8999.12656,0.011491296706816811,IMF
13_PNG,Papua New Guinea,Real GDP PPP 2021 USD,1982,9074.03456,0.008323918938195174,IMF
13_PNG,Papua New Guinea,Real GDP PPP 2021 USD,1983,9385.99896,0.03437989991521495,IMF
13_PNG,Papua New Guinea,Real GDP PPP 2021 USD,1984,9293.687,-0.009835070341836172,IMF
13_PNG,Papua New Guinea,Real GDP PPP 2021 USD,1985,9626.18418,0.035776670765865104,IMF
13_PNG,Papua New Guinea,Real GDP PPP 2021 USD,1986,10170.426800000001,0.05653773185960387,IMF
13_PNG,Papua New Guinea,Real GDP PPP 2021 USD,1987,10451.2965,0.027616313997756547,IMF
13_PNG,Papua New Guinea,Real GDP PPP 2021 USD,1988,10755.3543,0.02909283073157476,IMF
13_PNG,Papua New Guinea,Real GDP PPP 2021 USD,1989,10602.234,-0.014236657922091944,IMF
13_PNG,Papua New Guinea,Real GDP PPP 2021 USD,1990,10269.527938,-0.031380750698390636,IMF
13_PNG,Papua New Guinea,Real GDP PPP 2021 USD,1991,11253.592874999998,0.09582377524469221,IMF
13_PNG,Papua New Guinea,Real GDP PPP 2021 USD,1992,12809.58056,0.13826585893796173,IMF
13_PNG,Papua New Guinea,Real GDP PPP 2021 USD,1993,14515.111552000002,0.13314495224970901,IMF
13_PNG,Papua New Guinea,Real GDP PPP 2021 USD,1994,16038.141804,0.10492721647668946,IMF
13_PNG,Papua New Guinea,Real GDP PPP 2021 USD,1995,15487.133639999998,-0.034356109999138296,IMF
13_PNG,Papua New Guinea,Real GDP PPP 2021 USD,1996,16509.87632,0.06603821622346384,IMF
13_PNG,Papua New Guinea,Real GDP PPP 2021 USD,1997,15462.704385,-0.06342700058458106,IMF
13_PNG,Papua New Guinea,Real GDP PPP 2021 USD,1998,16186.334422,0.0467984137174593,IMF
13_PNG,Papua New Guinea,Real GDP PPP 2021 USD,1999,16486.299848000002,0.018532017081785757,IMF
13_PNG,Papua New Guinea,Real GDP PPP 2021 USD,2000,16074.94221,-0.024951483461578938,IMF
13_PNG,Papua New Guinea,Real GDP PPP 2021 USD,2001,16054.840944000001,-0.0012504720537964698,IMF
13_PNG,Papua New Guinea,Real GDP PPP 2021 USD,2002,16028.808696000002,-0.0016214578575273197,IMF
13_PNG,Papua New Guinea,Real GDP PPP 2021 USD,2003,17481.220885,0.0906126098667861,IMF
13_PNG,Papua New Guinea,Real GDP PPP 2021 USD,2004,17581.347212,0.005727650697779252,IMF
13_PNG,Papua New Guinea,Real GDP PPP 2021 USD,2005,18327.862721999998,0.042460654521996544,IMF
13_PNG,Papua New Guinea,Real GDP PPP 2021 USD,2006,18791.758880999998,0.02531097957445727,IMF
13_PNG,Papua New Guinea,Real GDP PPP 2021 USD,2007,20262.449432,0.07826252775555731,IMF
13_PNG,Papua New Guinea,Real GDP PPP 2021 USD,2008,20201.017072,-0.003031832859406669,IMF
13_PNG,Papua New Guinea,Real GDP PPP 2021 USD,2009,21576.726234,0.06810098506905526,IMF
13_PNG,Papua New Guinea,Real GDP PPP 2021 USD,2010,23759.724264,0.10117373721691347,IMF
13_PNG,Papua New Guinea,Real GDP PPP 2021 USD,2011,24022.796147999998,0.01107217748307776,IMF
13_PNG,Papua New Guinea,Real GDP PPP 2021 USD,2012,25143.443065000003,0.04664931218230839,IMF
13_PNG,Papua New Guinea,Real GDP PPP 2021 USD,2013,26103.971021999998,0.03820192622453766,IMF
13_PNG,Papua New Guinea,Real GDP PPP 2021 USD,2014,29638.899940000003,0.13541728632095196,IMF
13_PNG,Papua New Guinea,Real GDP PPP 2021 USD,2015,31588.269461,0.06577064347685768,IMF
13_PNG,Papua New Guinea,Real GDP PPP 2021 USD,2016,33324.67492,0.054969945762423755,IMF
13_PNG,Papua New Guinea,Real GDP PPP 2021 USD,2017,34501.300776000004,0.03530794700397344,IMF
13_PNG,Papua New Guinea,Real GDP PPP 2021 USD,2018,34404.396576,-0.0028087114926232948,IMF
13_PNG,Papua New Guinea,Real GDP PPP 2021 USD,2019,35948.860858,0.0448914800347755,IMF
13_PNG,Papua New Guinea,Real GDP PPP 2021 USD,2020,34809.271799999995,-0.03170028286852944,IMF
13_PNG,Papua New Guinea,Real GDP PPP 2021 USD,2021,34632.328914000005,-0.005083211364392604,IMF
13_PNG,Papua New Guinea,Real GDP PPP 2021 USD,2022,36607.567004,0.05703451520413072,IMF
13_PNG,Papua New Guinea,Real GDP PPP 2021 USD,2023,38003.848703999996,0.03814188743675406,IMF
13_PNG,Papua New Guinea,Real GDP PPP 2021 USD,2024,39478.652791,0.03880670346013604,IMF
13_PNG,Papua New Guinea,Real GDP PPP 2021 USD,2025,41706.463862000004,0.05643077748356906,IMF
13_PNG,Papua New Guinea,Real GDP PPP 2021 USD,2026,43272.019376,0.03753747906272187,IMF
13_PNG,Papua New Guinea,Real GDP PPP 2021 USD,2027,44913.800948000004,0.037940951119803445,IMF
13_PNG,Papua New Guinea,Real GDP PPP 2021 USD,2028,46364.52252599999,0.032300129300559366,IMF
13_PNG,Papua New Guinea,Real GDP PPP 2021 USD,2029,47804.748001,0.031063092997288377,IMF
13_PNG,Papua New Guinea,Real GDP PPP 2021 USD,2030,49286.094150000004,0.030987427210557028,IMF
13_PNG,Papua New Guinea,Real GDP PPP 2021 USD,2031,50812.899338999996,0.03097841724591177,IMF
13_PNG,Papua New Guinea,Total investment,1980,,,IMF
13_PNG,Papua New Guinea,Total investment,1981,,,IMF
13_PNG,Papua New Guinea,Total investment,1982,,,IMF
13_PNG,Papua New Guinea,Total investment,1983,,,IMF
13_PNG,Papua New Guinea,Total investment,1984,,,IMF
13_PNG,Papua New Guinea,Total investment,1985,,,IMF
13_PNG,Papua New Guinea,Total investment,1986,,,IMF
13_PNG,Papua New Guinea,Total investment,1987,,,IMF
13_PNG,Papua New Guinea,Total investment,1988,,,IMF
13_PNG,Papua New Guinea,Total investment,1989,,,IMF
13_PNG,Papua New Guinea,Total investment,1990,,,IMF
13_PNG,Papua New Guinea,Total investment,1991,,,IMF
13_PNG,Papua New Guinea,Total investment,1992,,,IMF
13_PNG,Papua New Guinea,Total investment,1993,,,IMF
13_PNG,Papua New Guinea,Total investment,1994,,,IMF
13_PNG,Papua New Guinea,Total investment,1995,,,IMF
13_PNG,Papua New Guinea,Total investment,1996,,,IMF
13_PNG,Papua New Guinea,Total investment,1997,,,IMF
13_PNG,Papua New Guinea,Total investment,1998,,,IMF
13_PNG,Papua New Guinea,Total investment,1999,,,IMF
13_PNG,Papua New Guinea,Total investment,2000,,,IMF
13_PNG,Papua New Guinea,Total investment,2001,,,IMF
13_PNG,Papua New Guinea,Total investment,2002,,,IMF
13_PNG,Papua New Guinea,Total investment,2003,,,IMF
13_PNG,Papua New Guinea,Total investment,2004,,,IMF
13_PNG,Papua New Guinea,Total investment,2005,,,IMF
13_PNG,Papua New Guinea,Total investment,2006,,,IMF
13_PNG,Papua New Guinea,Total investment,2007,,,IMF
13_PNG,Papua New Guinea,Total investment,2008,,,IMF
13_PNG,Papua New Guinea,Total investment,2009,,,IMF
13_PNG,Papua New Guinea,Total investment,2010,,,IMF
13_PNG,Papua New Guinea,Total investment,2011,,,IMF
13_PNG,Papua New Guinea,Total investment,2012,,,IMF
13_PNG,Papua New Guinea,Total investment,2013,,,IMF
13_PNG,Papua New Guinea,Total investment,2014,,,IMF
13_PNG,Papua New Guinea,Total investment,2015,,,IMF
13_PNG,Papua New Guinea,Total investment,2016,,,IMF
13_PNG,Papua New Guinea,Total investment,2017,,,IMF
13_PNG,Papua New Guinea,Total investment,2018,,,IMF
13_PNG,Papua New Guinea,Total investment,2019,,,IMF
13_PNG,Papua New Guinea,Total investment,2020,,,IMF
13_PNG,Papua New Guinea,Total investment,2021,,,IMF
13_PNG,Papua New Guinea,Total investment,2022,,,IMF
13_PNG,Papua New Guinea,Total investment,2023,,,IMF
13_PNG,Papua New Guinea,Total investment,2024,,,IMF
13_PNG,Papua New Guinea,Total investment,2025,,,IMF
13_PNG,Papua New Guinea,Total investment,2026,,,IMF
13_PNG,Papua New Guinea,Total investment,2027,,,IMF
13_PNG,Papua New Guinea,Total investment,2028,,,IMF
13_PNG,Papua New Guinea,Total investment,2029,,,IMF
13_PNG,Papua New Guinea,Total investment,2030,,,IMF
13_PNG,Papua New Guinea,Total investment,2031,,,IMF
14_PE,Peru,"Gross domestic product per capita, constant prices",1980,8863.783,,IMF
14_PE,Peru,"Gross domestic product per capita, constant prices",1981,9118.525,0.02873964761998349,IMF
14_PE,Peru,"Gross domestic product per capita, constant prices",1982,8870.827,-0.027164261763827025,IMF
14_PE,Peru,"Gross domestic product per capita, constant prices",1983,7854.241,-0.11459878543454849,IMF
14_PE,Peru,"Gross domestic product per capita, constant prices",1984,7964.877,0.01408614785311535,IMF
14_PE,Peru,"Gross domestic product per capita, constant prices",1985,7947.209,-0.002218238900613345,IMF
14_PE,Peru,"Gross domestic product per capita, constant prices",1986,8709.817,0.09595922291712711,IMF
14_PE,Peru,"Gross domestic product per capita, constant prices",1987,9175.989,0.05352259410272353,IMF
14_PE,Peru,"Gross domestic product per capita, constant prices",1988,8131.305,-0.11384974415291904,IMF
14_PE,Peru,"Gross domestic product per capita, constant prices",1989,6892.069,-0.15240308904905175,IMF
14_PE,Peru,"Gross domestic product per capita, constant prices",1990,6409.453,-0.07002483579314134,IMF
14_PE,Peru,"Gross domestic product per capita, constant prices",1991,6421.085,0.001814819454951877,IMF
14_PE,Peru,"Gross domestic product per capita, constant prices",1992,6262.685,-0.02466872810436238,IMF
14_PE,Peru,"Gross domestic product per capita, constant prices",1993,6466.434,0.03253380938048145,IMF
14_PE,Peru,"Gross domestic product per capita, constant prices",1994,7128.075,0.10231929994182254,IMF
14_PE,Peru,"Gross domestic product per capita, constant prices",1995,7518.352,0.054752089449114916,IMF
14_PE,Peru,"Gross domestic product per capita, constant prices",1996,7589.208,0.009424405774031364,IMF
14_PE,Peru,"Gross domestic product per capita, constant prices",1997,7934.166,0.04545375485821457,IMF
14_PE,Peru,"Gross domestic product per capita, constant prices",1998,7764.758,-0.021351708547565074,IMF
14_PE,Peru,"Gross domestic product per capita, constant prices",1999,7753.294,-0.0014764143325523005,IMF
14_PE,Peru,"Gross domestic product per capita, constant prices",2000,7848.788,0.012316571511411745,IMF
14_PE,Peru,"Gross domestic product per capita, constant prices",2001,7801.141,-0.006070618801272243,IMF
14_PE,Peru,"Gross domestic product per capita, constant prices",2002,8140.08,0.04344736237942626,IMF
14_PE,Peru,"Gross domestic product per capita, constant prices",2003,8399.44,0.03186209472142787,IMF
14_PE,Peru,"Gross domestic product per capita, constant prices",2004,8739.972,0.04054222662463203,IMF
14_PE,Peru,"Gross domestic product per capita, constant prices",2005,9212.178,0.0540283195415272,IMF
14_PE,Peru,"Gross domestic product per capita, constant prices",2006,9830.224,0.06709010616164823,IMF
14_PE,Peru,"Gross domestic product per capita, constant prices",2007,10596.666,0.07796790795408115,IMF
14_PE,Peru,"Gross domestic product per capita, constant prices",2008,11491.044,0.08440182978306576,IMF
14_PE,Peru,"Gross domestic product per capita, constant prices",2009,11541.485,0.00438959245130377,IMF
14_PE,Peru,"Gross domestic product per capita, constant prices",2010,12412.215,0.07544349795541905,IMF
14_PE,Peru,"Gross domestic product per capita, constant prices",2011,13100.398,0.055444012208940796,IMF
14_PE,Peru,"Gross domestic product per capita, constant prices",2012,13805.878,0.053851799006412016,IMF
14_PE,Peru,"Gross domestic product per capita, constant prices",2013,14500.231,0.050294012448900416,IMF
14_PE,Peru,"Gross domestic product per capita, constant prices",2014,14707.997,0.014328461387959956,IMF
14_PE,Peru,"Gross domestic product per capita, constant prices",2015,15009.815,0.02052067320927531,IMF
14_PE,Peru,"Gross domestic product per capita, constant prices",2016,15367.866,0.023854457899714188,IMF
14_PE,Peru,"Gross domestic product per capita, constant prices",2017,15474.697,0.006951583258208993,IMF
14_PE,Peru,"Gross domestic product per capita, constant prices",2018,15789.216,0.02032472752132075,IMF
14_PE,Peru,"Gross domestic product per capita, constant prices",2019,15857.069,0.004297426800671911,IMF
14_PE,Peru,"Gross domestic product per capita, constant prices",2020,13908.368,-0.1228916264411789,IMF
14_PE,Peru,"Gross domestic product per capita, constant prices",2021,15579.745,0.12017060520687983,IMF
14_PE,Peru,"Gross domestic product per capita, constant prices",2022,15845.306,0.017045272563832148,IMF
14_PE,Peru,"Gross domestic product per capita, constant prices",2023,15633.457,-0.013369827001132095,IMF
14_PE,Peru,"Gross domestic product per capita, constant prices",2024,16022.552,0.02488860909010726,IMF
14_PE,Peru,"Gross domestic product per capita, constant prices",2025,16409.508,0.024150709574854323,IMF
14_PE,Peru,"Gross domestic product per capita, constant prices",2026,16705.204,0.01801979681535859,IMF
14_PE,Peru,"Gross domestic product per capita, constant prices",2027,17002.92,0.01782175183254253,IMF
14_PE,Peru,"Gross domestic product per capita, constant prices",2028,17306.341,0.01784522893714735,IMF
14_PE,Peru,"Gross domestic product per capita, constant prices",2029,17614.086,0.01778221057819196,IMF
14_PE,Peru,"Gross domestic product per capita, constant prices",2030,17928.545,0.01785270038990383,IMF
14_PE,Peru,"Gross domestic product per capita, constant prices",2031,18248.212,0.017830058155862583,IMF
14_PE,Peru,Gross national savings,1980,30.54,,IMF
14_PE,Peru,Gross national savings,1981,29.012,-0.05003274394237067,IMF
14_PE,Peru,Gross national savings,1982,31.011,0.06890252309389222,IMF
14_PE,Peru,Gross national savings,1983,23.558,-0.2403340750056432,IMF
14_PE,Peru,Gross national savings,1984,25.141,0.0671958570337039,IMF
14_PE,Peru,Gross national savings,1985,24.057,-0.043116821128833416,IMF
14_PE,Peru,Gross national savings,1986,19.941,-0.1710936525751341,IMF
14_PE,Peru,Gross national savings,1987,20.654,0.035755478662053086,IMF
14_PE,Peru,Gross national savings,1988,23.135,0.12012201026435565,IMF
14_PE,Peru,Gross national savings,1989,21.818,-0.05692673438513074,IMF
14_PE,Peru,Gross national savings,1990,15.859,-0.27312310935924466,IMF
14_PE,Peru,Gross national savings,1991,13.662,-0.13853332492590953,IMF
14_PE,Peru,Gross national savings,1992,10.478,-0.23305518957692872,IMF
14_PE,Peru,Gross national savings,1993,10.4,-0.007444168734491274,IMF
14_PE,Peru,Gross national savings,1994,12.84,0.23461538461538467,IMF
14_PE,Peru,Gross national savings,1995,12.669,-0.013317757009345788,IMF
14_PE,Peru,Gross national savings,1996,12.884,0.016970558055095175,IMF
14_PE,Peru,Gross national savings,1997,15.129,0.17424712822104937,IMF
14_PE,Peru,Gross national savings,1998,14.606,-0.03456937008394467,IMF
14_PE,Peru,Gross national savings,1999,15.336,0.04997946049568669,IMF
14_PE,Peru,Gross national savings,2000,14.375,-0.06266301512780392,IMF
14_PE,Peru,Gross national savings,2001,14.155,-0.015304347826087028,IMF
14_PE,Peru,Gross national savings,2002,14.65,0.034969975273754894,IMF
14_PE,Peru,Gross national savings,2003,15.635,0.06723549488054603,IMF
14_PE,Peru,Gross national savings,2004,16.215,0.03709625839462749,IMF
14_PE,Peru,Gross national savings,2005,16.952,0.0454517422139995,IMF
14_PE,Peru,Gross national savings,2006,22.121,0.30491977347805554,IMF
14_PE,Peru,Gross national savings,2007,23.753,0.07377604990732789,IMF
14_PE,Peru,Gross national savings,2008,22.389,-0.05742432534837705,IMF
14_PE,Peru,Gross national savings,2009,20.372,-0.09008888293358341,IMF
14_PE,Peru,Gross national savings,2010,22.301,0.094688788533281,IMF
14_PE,Peru,Gross national savings,2011,22.009,-0.013093583247387963,IMF
14_PE,Peru,Gross national savings,2012,21.179,-0.037711845154255186,IMF
14_PE,Peru,Gross national savings,2013,20.787,-0.018508900325794442,IMF
14_PE,Peru,Gross national savings,2014,20.384,-0.019387116948092475,IMF
14_PE,Peru,Gross national savings,2015,19.659,-0.035567111459968714,IMF
14_PE,Peru,Gross national savings,2016,20.543,0.044966681926852825,IMF
14_PE,Peru,Gross national savings,2017,20.411,-0.006425546414837058,IMF
14_PE,Peru,Gross national savings,2018,20.52,0.005340257704179008,IMF
14_PE,Peru,Gross national savings,2019,20.636,0.005653021442495021,IMF
14_PE,Peru,Gross national savings,2020,20.365,-0.013132389998061655,IMF
14_PE,Peru,Gross national savings,2021,19.748,-0.030297078320648096,IMF
14_PE,Peru,Gross national savings,2022,17.938,-0.0916548511241646,IMF
14_PE,Peru,Gross national savings,2023,19.625,0.09404615899208402,IMF
14_PE,Peru,Gross national savings,2024,21.866,0.11419108280254786,IMF
14_PE,Peru,Gross national savings,2025,23.365,0.06855391932680877,IMF
14_PE,Peru,Gross national savings,2026,23.774,0.017504814894072407,IMF
14_PE,Peru,Gross national savings,2027,23.324,-0.018928240935475737,IMF
14_PE,Peru,Gross national savings,2028,22.914,-0.01757845995541074,IMF
14_PE,Peru,Gross national savings,2029,22.392,-0.022780832678711782,IMF
14_PE,Peru,Gross national savings,2030,21.952,-0.019649874955341096,IMF
14_PE,Peru,Gross national savings,2031,21.583,-0.01680940233236161,IMF
14_PE,Peru,Population,1980,17.546,,IMF
14_PE,Peru,Population,1981,17.987,0.02513393366009331,IMF
14_PE,Peru,Population,1982,18.43,0.0246288986490244,IMF
14_PE,Peru,Population,1983,18.873,0.024036896364622917,IMF
14_PE,Peru,Population,1984,19.318,0.023578657341175147,IMF
14_PE,Peru,Population,1985,19.766,0.023190806501708128,IMF
14_PE,Peru,Population,1986,20.219,0.022918142264494845,IMF
14_PE,Peru,Population,1987,20.676,0.022602502596567486,IMF
14_PE,Peru,Population,1988,21.135,0.02219965177016836,IMF
14_PE,Peru,Population,1989,21.588,0.021433640880056837,IMF
14_PE,Peru,Population,1990,22.032,0.020566981656475747,IMF
14_PE,Peru,Population,1991,22.48,0.020334059549745875,IMF
14_PE,Peru,Population,1992,22.924,0.019750889679715167,IMF
14_PE,Peru,Population,1993,23.366,0.019281102774384884,IMF
14_PE,Peru,Population,1994,23.806,0.018830779765471206,IMF
14_PE,Peru,Population,1995,24.243,0.01835671679408546,IMF
14_PE,Peru,Population,1996,24.689,0.018397063069752084,IMF
14_PE,Peru,Population,1997,25.145,0.018469763862448918,IMF
14_PE,Peru,Population,1998,25.593,0.017816663352555162,IMF
14_PE,Peru,Population,1999,26.014,0.016449810495057227,IMF
14_PE,Peru,Population,2000,26.39,0.014453755670023938,IMF
14_PE,Peru,Population,2001,26.715,0.012315270935960632,IMF
14_PE,Peru,Population,2002,26.999,0.010630731798614956,IMF
14_PE,Peru,Population,2003,27.255,0.00948183266046887,IMF
14_PE,Peru,Population,2004,27.492,0.008695652173913215,IMF
14_PE,Peru,Population,2005,27.722,0.008366070129492309,IMF
14_PE,Peru,Population,2006,27.935,0.007683428324074759,IMF
14_PE,Peru,Population,2007,28.122,0.006694111329872854,IMF
14_PE,Peru,Population,2008,28.3,0.006329564042386826,IMF
14_PE,Peru,Population,2009,28.485,0.0065371024734981464,IMF
14_PE,Peru,Population,2010,28.693,0.007302088818676555,IMF
14_PE,Peru,Population,2011,28.906,0.007423413376084653,IMF
14_PE,Peru,Population,2012,29.113,0.007161143015290916,IMF
14_PE,Peru,Population,2013,29.341,0.007831552914505657,IMF
14_PE,Peru,Population,2014,29.616,0.009372550356156806,IMF
14_PE,Peru,Population,2015,29.964,0.011750405186385704,IMF
14_PE,Peru,Population,2016,30.423,0.015318382058470137,IMF
14_PE,Peru,Population,2017,30.974,0.018111297373697655,IMF
14_PE,Peru,Population,2018,31.562,0.01898366371795701,IMF
14_PE,Peru,Population,2019,32.131,0.018028008364488812,IMF
14_PE,Peru,Population,2020,32.626,0.01540568298527889,IMF
14_PE,Peru,Population,2021,33.035,0.012536014221786296,IMF
14_PE,Peru,Population,2022,33.397,0.0109580747691842,IMF
14_PE,Peru,Population,2023,33.731,0.010000898284277193,IMF
14_PE,Peru,Population,2024,34.068,0.009990809640982867,IMF
14_PE,Peru,Population,2025,34.409,0.010009392978748366,IMF
14_PE,Peru,Population,2026,34.753,0.009997384405242782,IMF
14_PE,Peru,Population,2027,35.101,0.010013524012315367,IMF
14_PE,Peru,Population,2028,35.452,0.009999715107831708,IMF
14_PE,Peru,Population,2029,35.806,0.009985332280266324,IMF
14_PE,Peru,Population,2030,36.164,0.009998324303189587,IMF
14_PE,Peru,Population,2031,36.526,0.010009954651034159,IMF
14_PE,Peru,Real GDP PPP 2021 USD,1980,155523.93651799997,,IMF
14_PE,Peru,Real GDP PPP 2021 USD,1981,164014.90917499998,0.054595921676772186,IMF
14_PE,Peru,Real GDP PPP 2021 USD,1982,163489.34160999997,-0.003204388964659577,IMF
14_PE,Peru,Real GDP PPP 2021 USD,1983,148233.09039300002,-0.09331648819892724,IMF
14_PE,Peru,Real GDP PPP 2021 USD,1984,153865.493886,0.03799693764777623,IMF
14_PE,Peru,Real GDP PPP 2021 USD,1985,157084.53309399998,0.02092112485197606,IMF
14_PE,Peru,Real GDP PPP 2021 USD,1986,176103.789923,0.12107657230402702,IMF
14_PE,Peru,Real GDP PPP 2021 USD,1987,189722.74856399998,0.07733484127147272,IMF
14_PE,Peru,Real GDP PPP 2021 USD,1988,171855.13117500002,-0.09417751705706812,IMF
14_PE,Peru,Real GDP PPP 2021 USD,1989,148785.985572,-0.13423600124868373,IMF
14_PE,Peru,Real GDP PPP 2021 USD,1990,141213.06849600002,-0.05089805364992073,IMF
14_PE,Peru,Real GDP PPP 2021 USD,1991,144345.9908,0.022185781651566705,IMF
14_PE,Peru,Real GDP PPP 2021 USD,1992,143565.79094,-0.0054050677519752455,IMF
14_PE,Peru,Real GDP PPP 2021 USD,1993,151094.696844,0.05244219987717358,IMF
14_PE,Peru,Real GDP PPP 2021 USD,1994,169690.95345,0.12307683191025554,IMF
14_PE,Peru,Real GDP PPP 2021 USD,1995,182267.40753599998,0.07411387484310228,IMF
14_PE,Peru,Real GDP PPP 2021 USD,1996,187369.956312,0.027994850231203294,IMF
14_PE,Peru,Real GDP PPP 2021 USD,1997,199504.60407,0.06476303883955614,IMF
14_PE,Peru,Real GDP PPP 2021 USD,1998,198723.451494,-0.003915461398203646,IMF
14_PE,Peru,Real GDP PPP 2021 USD,1999,201694.19011599998,0.014949109426522167,IMF
14_PE,Peru,Real GDP PPP 2021 USD,2000,207129.51532,0.026948347896754044,IMF
14_PE,Peru,Real GDP PPP 2021 USD,2001,208407.48181499998,0.006169890819401669,IMF
14_PE,Peru,Real GDP PPP 2021 USD,2002,219774.01992,0.05453997143485423,IMF
14_PE,Peru,Real GDP PPP 2021 USD,2003,228926.7372,0.04164603843225745,IMF
14_PE,Peru,Real GDP PPP 2021 USD,2004,240279.31022400002,0.04959041989962887,IMF
14_PE,Peru,Real GDP PPP 2021 USD,2005,255379.99851600002,0.06284639438128248,IMF
14_PE,Peru,Real GDP PPP 2021 USD,2006,274607.30744,0.0752890165076705,IMF
14_PE,Peru,Real GDP PPP 2021 USD,2007,297999.441252,0.08518394513995609,IMF
14_PE,Peru,Real GDP PPP 2021 USD,2008,325196.5452,0.09126562061235899,IMF
14_PE,Peru,Real GDP PPP 2021 USD,2009,328759.20022500004,0.010955390140473309,IMF
14_PE,Peru,Real GDP PPP 2021 USD,2010,356143.684995,0.08329648189695771,IMF
14_PE,Peru,Real GDP PPP 2021 USD,2011,378680.104588,0.06327900940688136,IMF
14_PE,Peru,Real GDP PPP 2021 USD,2012,401930.526214,0.06139858245601859,IMF
14_PE,Peru,Real GDP PPP 2021 USD,2013,425451.277771,0.05851944558318234,IMF
14_PE,Peru,Real GDP PPP 2021 USD,2014,435592.039152,0.02383530597000183,IMF
14_PE,Peru,Real GDP PPP 2021 USD,2015,449754.09666,0.03251220462056725,IMF
14_PE,Peru,Real GDP PPP 2021 USD,2016,467536.587318,0.039538251658089996,IMF
14_PE,Peru,Real GDP PPP 2021 USD,2017,479313.264878,0.025188782823514,IMF
14_PE,Peru,Real GDP PPP 2021 USD,2018,498339.235392,0.0396942290317015,IMF
14_PE,Peru,Real GDP PPP 2021 USD,2019,509503.484039,0.022402909211469257,IMF
14_PE,Peru,Real GDP PPP 2021 USD,2020,453774.414368,-0.10937917289439814,IMF
14_PE,Peru,Real GDP PPP 2021 USD,2021,514676.876075,0.1342130798445802,IMF
14_PE,Peru,Real GDP PPP 2021 USD,2022,529185.684482,0.02819013070423182,IMF
14_PE,Peru,Real GDP PPP 2021 USD,2023,527332.1380670001,-0.003502638996771501,IMF
14_PE,Peru,Real GDP PPP 2021 USD,2024,545856.301536,0.03512807608673829,IMF
14_PE,Peru,Real GDP PPP 2021 USD,2025,564634.7607720001,0.03440183649645312,IMF
14_PE,Peru,Real GDP PPP 2021 USD,2026,580555.954612,0.02819733205626873,IMF
14_PE,Peru,Real GDP PPP 2021 USD,2027,596819.49492,0.028013734384774835,IMF
14_PE,Peru,Real GDP PPP 2021 USD,2028,613544.401132,0.028023391250384666,IMF
14_PE,Peru,Real GDP PPP 2021 USD,2029,630689.963316,0.027945104139759147,IMF
14_PE,Peru,Real GDP PPP 2021 USD,2030,648367.9013799999,0.028029521781279154,IMF
14_PE,Peru,Real GDP PPP 2021 USD,2031,666534.191512,0.028018490880462377,IMF
14_PE,Peru,Total investment,1980,27.026,,IMF
14_PE,Peru,Total investment,1981,32.171,0.19037223414489746,IMF
14_PE,Peru,Total investment,1982,31.315,-0.026607814491312,IMF
14_PE,Peru,Total investment,1983,22.24,-0.2897972217787004,IMF
14_PE,Peru,Total investment,1984,18.962,-0.14739208633093526,IMF
14_PE,Peru,Total investment,1985,17.04,-0.10136061596877965,IMF
14_PE,Peru,Total investment,1986,19.839,0.1642605633802816,IMF
14_PE,Peru,Total investment,1987,20.638,0.04027420736932319,IMF
14_PE,Peru,Total investment,1988,24.039,0.16479310010659942,IMF
14_PE,Peru,Total investment,1989,17.911,-0.2549190898123882,IMF
14_PE,Peru,Total investment,1990,15.205,-0.1510803416894646,IMF
14_PE,Peru,Total investment,1991,15.9,0.04570864847089773,IMF
14_PE,Peru,Total investment,1992,16.014,0.00716981132075456,IMF
14_PE,Peru,Total investment,1993,17.795,0.11121518671162756,IMF
14_PE,Peru,Total investment,1994,20.969,0.1783647091879741,IMF
14_PE,Peru,Total investment,1995,21.672,0.033525680766846255,IMF
14_PE,Peru,Total investment,1996,19.726,-0.08979328165374689,IMF
14_PE,Peru,Total investment,1997,21.134,0.07137787691371811,IMF
14_PE,Peru,Total investment,1998,20.841,-0.01386391596479608,IMF
14_PE,Peru,Total investment,1999,18.184,-0.1274890840170817,IMF
14_PE,Peru,Total investment,2000,17.443,-0.04075010998680151,IMF
14_PE,Peru,Total investment,2001,16.506,-0.05371782376884715,IMF
14_PE,Peru,Total investment,2002,16.682,0.010662789288743424,IMF
14_PE,Peru,Total investment,2003,17.227,0.032669943651840505,IMF
14_PE,Peru,Total investment,2004,16.121,-0.06420154408776935,IMF
14_PE,Peru,Total investment,2005,15.387,-0.045530674275789274,IMF
14_PE,Peru,Total investment,2006,18.799,0.2217456294274387,IMF
14_PE,Peru,Total investment,2007,22.267,0.18447789776051926,IMF
14_PE,Peru,Total investment,2008,26.785,0.20290115417433885,IMF
14_PE,Peru,Total investment,2009,20.889,-0.220123203285421,IMF
14_PE,Peru,Total investment,2010,24.687,0.18181818181818188,IMF
14_PE,Peru,Total investment,2011,23.986,-0.028395511807834062,IMF
14_PE,Peru,Total investment,2012,24.042,0.002334695238889406,IMF
14_PE,Peru,Total investment,2013,25.628,0.06596788952666155,IMF
14_PE,Peru,Total investment,2014,24.687,-0.036717652567504255,IMF
14_PE,Peru,Total investment,2015,24.281,-0.016445902701826998,IMF
14_PE,Peru,Total investment,2016,22.757,-0.06276512499485187,IMF
14_PE,Peru,Total investment,2017,21.324,-0.06296963571648284,IMF
14_PE,Peru,Total investment,2018,21.759,0.020399549803038708,IMF
14_PE,Peru,Total investment,2019,21.337,-0.019394273633898673,IMF
14_PE,Peru,Total investment,2020,19.612,-0.08084547968317957,IMF
14_PE,Peru,Total investment,2021,21.974,0.12043646746889669,IMF
14_PE,Peru,Total investment,2022,21.956,-0.0008191499044325479,IMF
14_PE,Peru,Total investment,2023,19.303,-0.12083257423938776,IMF
14_PE,Peru,Total investment,2024,19.626,0.016733150287520093,IMF
14_PE,Peru,Total investment,2025,20.222,0.030367879343727644,IMF
14_PE,Peru,Total investment,2026,20.362,0.006923153001681115,IMF
14_PE,Peru,Total investment,2027,20.793,0.021166879481386847,IMF
14_PE,Peru,Total investment,2028,21.705,0.04386091473091902,IMF
14_PE,Peru,Total investment,2029,22.164,0.02114720110573609,IMF
14_PE,Peru,Total investment,2030,22.358,0.008752932683631087,IMF
14_PE,Peru,Total investment,2031,22.413,0.0024599695858305015,IMF
15_PHL,Philippines,"Gross domestic product per capita, constant prices",1980,5003.136,,IMF
15_PHL,Philippines,"Gross domestic product per capita, constant prices",1981,5046.979,0.00876310378130829,IMF
15_PHL,Philippines,"Gross domestic product per capita, constant prices",1982,5101.943,0.010890475272435252,IMF
15_PHL,Philippines,"Gross domestic product per capita, constant prices",1983,5069.791,-0.006301912820272593,IMF
15_PHL,Philippines,"Gross domestic product per capita, constant prices",1984,4584.887,-0.09564575738921,IMF
15_PHL,Philippines,"Gross domestic product per capita, constant prices",1985,4147.274,-0.0954468452548557,IMF
15_PHL,Philippines,"Gross domestic product per capita, constant prices",1986,4187.114,0.00960631007259205,IMF
15_PHL,Philippines,"Gross domestic product per capita, constant prices",1987,4261.119,0.017674465037254894,IMF
15_PHL,Philippines,"Gross domestic product per capita, constant prices",1988,4448.112,0.04388354326645194,IMF
15_PHL,Philippines,"Gross domestic product per capita, constant prices",1989,4614.085,0.03731313420165683,IMF
15_PHL,Philippines,"Gross domestic product per capita, constant prices",1990,4645.987,0.006914046880367453,IMF
15_PHL,Philippines,"Gross domestic product per capita, constant prices",1991,4520.382,-0.02703515959041647,IMF
15_PHL,Philippines,"Gross domestic product per capita, constant prices",1992,4435.416,-0.0187961990822898,IMF
15_PHL,Philippines,"Gross domestic product per capita, constant prices",1993,4428.116,-0.0016458433662142058,IMF
15_PHL,Philippines,"Gross domestic product per capita, constant prices",1994,4516.682,0.02000083105320627,IMF
15_PHL,Philippines,"Gross domestic product per capita, constant prices",1995,4617.137,0.022240883905486397,IMF
15_PHL,Philippines,"Gross domestic product per capita, constant prices",1996,4650.471,0.0072196254951932826,IMF
15_PHL,Philippines,"Gross domestic product per capita, constant prices",1997,4783.225,0.028546355842236304,IMF
15_PHL,Philippines,"Gross domestic product per capita, constant prices",1998,4643.079,-0.029299478908059062,IMF
15_PHL,Philippines,"Gross domestic product per capita, constant prices",1999,4696.865,0.011584123380196543,IMF
15_PHL,Philippines,"Gross domestic product per capita, constant prices",2000,4905.256,0.044368105108407496,IMF
15_PHL,Philippines,"Gross domestic product per capita, constant prices",2001,4948.084,0.008731042783495901,IMF
15_PHL,Philippines,"Gross domestic product per capita, constant prices",2002,5025.839,0.015714163300380557,IMF
15_PHL,Philippines,"Gross domestic product per capita, constant prices",2003,5175.753,0.02982865149480518,IMF
15_PHL,Philippines,"Gross domestic product per capita, constant prices",2004,5407.491,0.04477377494637014,IMF
15_PHL,Philippines,"Gross domestic product per capita, constant prices",2005,5566.818,0.02946412670867149,IMF
15_PHL,Philippines,"Gross domestic product per capita, constant prices",2006,5753.341,0.03350621486098526,IMF
15_PHL,Philippines,"Gross domestic product per capita, constant prices",2007,6017.484,0.04591123661886187,IMF
15_PHL,Philippines,"Gross domestic product per capita, constant prices",2008,6167.961,0.025006630678203745,IMF
15_PHL,Philippines,"Gross domestic product per capita, constant prices",2009,6149.313,-0.0030233654201121674,IMF
15_PHL,Philippines,"Gross domestic product per capita, constant prices",2010,6488.368,0.05513705352126341,IMF
15_PHL,Philippines,"Gross domestic product per capita, constant prices",2011,6627.698,0.021473812829358563,IMF
15_PHL,Philippines,"Gross domestic product per capita, constant prices",2012,6970.715,0.05175507393366452,IMF
15_PHL,Philippines,"Gross domestic product per capita, constant prices",2013,7324.089,0.050694082314368005,IMF
15_PHL,Philippines,"Gross domestic product per capita, constant prices",2014,7669.806,0.04720273060581315,IMF
15_PHL,Philippines,"Gross domestic product per capita, constant prices",2015,8033.747,0.047451135009151546,IMF
15_PHL,Philippines,"Gross domestic product per capita, constant prices",2016,8465.39,0.05372872708089993,IMF
15_PHL,Philippines,"Gross domestic product per capita, constant prices",2017,8909.613,0.052475196063028307,IMF
15_PHL,Philippines,"Gross domestic product per capita, constant prices",2018,9332.174,0.04742753697607305,IMF
15_PHL,Philippines,"Gross domestic product per capita, constant prices",2019,9761.941,0.0460521846249331,IMF
15_PHL,Philippines,"Gross domestic product per capita, constant prices",2020,8678.277,-0.11100907083949807,IMF
15_PHL,Philippines,"Gross domestic product per capita, constant prices",2021,9100.877,0.04869630227290522,IMF
15_PHL,Philippines,"Gross domestic product per capita, constant prices",2022,9714.916,0.06747031082828592,IMF
15_PHL,Philippines,"Gross domestic product per capita, constant prices",2023,10162.225,0.046043527293494035,IMF
15_PHL,Philippines,"Gross domestic product per capita, constant prices",2024,10647.891,0.04779130554578348,IMF
15_PHL,Philippines,"Gross domestic product per capita, constant prices",2025,10999.764,0.03304626240069508,IMF
15_PHL,Philippines,"Gross domestic product per capita, constant prices",2026,11326.545,0.029708001008021734,IMF
15_PHL,Philippines,"Gross domestic product per capita, constant prices",2027,11854.503,0.0466124488977,IMF
15_PHL,Philippines,"Gross domestic product per capita, constant prices",2028,12442.637,0.04961270835226084,IMF
15_PHL,Philippines,"Gross domestic product per capita, constant prices",2029,13057.261,0.04939660298697124,IMF
15_PHL,Philippines,"Gross domestic product per capita, constant prices",2030,13695.891,0.048909951328996115,IMF
15_PHL,Philippines,"Gross domestic product per capita, constant prices",2031,14365.681,0.04890444878686617,IMF
15_PHL,Philippines,Gross national savings,1980,17.114,,IMF
15_PHL,Philippines,Gross national savings,1981,18.959,0.10780647423162315,IMF
15_PHL,Philippines,Gross national savings,1982,16.842,-0.11166200748984656,IMF
15_PHL,Philippines,Gross national savings,1983,18.62,0.10556940980881135,IMF
15_PHL,Philippines,Gross national savings,1984,15.527,-0.16611170784103124,IMF
15_PHL,Philippines,Gross national savings,1985,13.358,-0.13969214915952843,IMF
15_PHL,Philippines,Gross national savings,1986,16.786,0.2566252432998952,IMF
15_PHL,Philippines,Gross national savings,1987,14.624,-0.1287978076968903,IMF
15_PHL,Philippines,Gross national savings,1988,15.56,0.0640043763676148,IMF
15_PHL,Philippines,Gross national savings,1989,16.406,0.05437017994858606,IMF
15_PHL,Philippines,Gross national savings,1990,17.996,0.09691576252590517,IMF
15_PHL,Philippines,Gross national savings,1991,17.72,-0.015336741498110706,IMF
15_PHL,Philippines,Gross national savings,1992,19.093,0.07748306997742671,IMF
15_PHL,Philippines,Gross national savings,1993,18.324,-0.04027654114073209,IMF
15_PHL,Philippines,Gross national savings,1994,19.279,0.05211744160663612,IMF
15_PHL,Philippines,Gross national savings,1995,19.455,0.009129104206649696,IMF
15_PHL,Philippines,Gross national savings,1996,19.106,-0.017938833204831472,IMF
15_PHL,Philippines,Gross national savings,1997,19.441,0.017533759028577345,IMF
15_PHL,Philippines,Gross national savings,1998,22.064,0.13492104315621622,IMF
15_PHL,Philippines,Gross national savings,1999,12.844,-0.4178752719361857,IMF
15_PHL,Philippines,Gross national savings,2000,13.021,0.013780753659296208,IMF
15_PHL,Philippines,Gross national savings,2001,16.728,0.28469395591736424,IMF
15_PHL,Philippines,Gross national savings,2002,20.125,0.20307269249163062,IMF
15_PHL,Philippines,Gross national savings,2003,19.856,-0.013366459627329075,IMF
15_PHL,Philippines,Gross national savings,2004,22.441,0.13018734891216743,IMF
15_PHL,Philippines,Gross national savings,2005,20.419,-0.09010293658927848,IMF
15_PHL,Philippines,Gross national savings,2006,21.47,0.05147166854400309,IMF
15_PHL,Philippines,Gross national savings,2007,21.304,-0.007731718677223998,IMF
15_PHL,Philippines,Gross national savings,2008,19.047,-0.10594254600075093,IMF
15_PHL,Philippines,Gross national savings,2009,22.228,0.16700792775765216,IMF
15_PHL,Philippines,Gross national savings,2010,23.887,0.07463559474536607,IMF
15_PHL,Philippines,Gross national savings,2011,23.149,-0.030895466153137652,IMF
15_PHL,Philippines,Gross national savings,2012,22.214,-0.04039051362909851,IMF
15_PHL,Philippines,Gross national savings,2013,24.652,0.10975060772485823,IMF
15_PHL,Philippines,Gross national savings,2014,24.54,-0.0045432419276326685,IMF
15_PHL,Philippines,Gross national savings,2015,23.712,-0.03374083129584349,IMF
15_PHL,Philippines,Gross national savings,2016,24.242,0.022351551956815152,IMF
15_PHL,Philippines,Gross national savings,2017,24.906,0.02739047933338834,IMF
15_PHL,Philippines,Gross national savings,2018,24.591,-0.012647554806070715,IMF
15_PHL,Philippines,Gross national savings,2019,25.593,0.04074661461510298,IMF
15_PHL,Philippines,Gross national savings,2020,20.634,-0.19376391982182628,IMF
15_PHL,Philippines,Gross national savings,2021,19.633,-0.04851216438887285,IMF
15_PHL,Philippines,Gross national savings,2022,20.17,0.027351907502674244,IMF
15_PHL,Philippines,Gross national savings,2023,20.572,0.019930589985126312,IMF
15_PHL,Philippines,Gross national savings,2024,19.663,-0.04418627260353869,IMF
15_PHL,Philippines,Gross national savings,2025,18.966,-0.03544728678228137,IMF
15_PHL,Philippines,Gross national savings,2026,16.643,-0.12248233681324472,IMF
15_PHL,Philippines,Gross national savings,2027,18.114,0.08838550742053708,IMF
15_PHL,Philippines,Gross national savings,2028,20.269,0.11896875345036984,IMF
15_PHL,Philippines,Gross national savings,2029,20.662,0.01938921505747704,IMF
15_PHL,Philippines,Gross national savings,2030,20.921,0.012535088568386366,IMF
15_PHL,Philippines,Gross national savings,2031,21.36,0.02098370058792609,IMF
15_PHL,Philippines,Population,1980,47.88,,IMF
15_PHL,Philippines,Population,1981,49.089,0.025250626566415857,IMF
15_PHL,Philippines,Population,1982,50.318,0.025036158813583453,IMF
15_PHL,Philippines,Population,1983,51.586,0.025199729718987207,IMF
15_PHL,Philippines,Population,1984,52.864,0.024774163532741422,IMF
15_PHL,Philippines,Population,1985,54.172,0.024742736077481897,IMF
15_PHL,Philippines,Population,1986,55.49,0.024329912131728637,IMF
15_PHL,Philippines,Population,1987,56.877,0.02499549468372675,IMF
15_PHL,Philippines,Population,1988,58.165,0.022645357525889143,IMF
15_PHL,Philippines,Population,1989,59.553,0.0238631479412017,IMF
15_PHL,Philippines,Population,1990,60.94,0.02329017849646542,IMF
15_PHL,Philippines,Population,1991,62.36,0.023301608139153274,IMF
15_PHL,Philippines,Population,1992,63.82,0.023412443874278432,IMF
15_PHL,Philippines,Population,1993,65.32,0.023503603885929092,IMF
15_PHL,Philippines,Population,1994,66.84,0.0232700551132885,IMF
15_PHL,Philippines,Population,1995,68.41,0.023488928785158514,IMF
15_PHL,Philippines,Population,1996,71.9,0.051015933343078634,IMF
15_PHL,Philippines,Population,1997,73.53,0.022670375521557595,IMF
15_PHL,Philippines,Population,1998,75.36,0.024887800897592793,IMF
15_PHL,Philippines,Population,1999,76.99,0.02162951167728222,IMF
15_PHL,Philippines,Population,2000,76.95,-0.000519547993245828,IMF
15_PHL,Philippines,Population,2001,78.61,0.021572449642625058,IMF
15_PHL,Philippines,Population,2002,80.27,0.02111690624602458,IMF
15_PHL,Philippines,Population,2003,81.91,0.0204310452223746,IMF
15_PHL,Philippines,Population,2004,83.55,0.02002197533878647,IMF
15_PHL,Philippines,Population,2005,85.17,0.019389587073608716,IMF
15_PHL,Philippines,Population,2006,86.79,0.01902078196548085,IMF
15_PHL,Philippines,Population,2007,88.39,0.018435303606406217,IMF
15_PHL,Philippines,Population,2008,89.98,0.017988460233058,IMF
15_PHL,Philippines,Population,2009,91.56,0.017559457657257083,IMF
15_PHL,Philippines,Population,2010,93.14,0.017256443861948467,IMF
15_PHL,Philippines,Population,2011,94.7,0.0167489800300622,IMF
15_PHL,Philippines,Population,2012,96.25,0.01636747624076018,IMF
15_PHL,Philippines,Population,2013,97.79,0.016000000000000014,IMF
15_PHL,Philippines,Population,2014,99.31,0.01554351160650369,IMF
15_PHL,Philippines,Population,2015,100.83,0.01530560870003006,IMF
15_PHL,Philippines,Population,2016,102.53,0.016860061489636147,IMF
15_PHL,Philippines,Population,2017,104.17,0.015995318443382534,IMF
15_PHL,Philippines,Population,2018,105.76,0.01526351156762984,IMF
15_PHL,Philippines,Population,2019,107.29,0.014466717095310111,IMF
15_PHL,Philippines,Population,2020,109.2,0.017802218286885996,IMF
15_PHL,Philippines,Population,2021,110.08,0.00805860805860803,IMF
15_PHL,Philippines,Population,2022,110.94,0.0078125,IMF
15_PHL,Philippines,Population,2023,111.91,0.008743464936001422,IMF
15_PHL,Philippines,Population,2024,112.885,0.008712358144937982,IMF
15_PHL,Philippines,Population,2025,114.086,0.010639146033573965,IMF
15_PHL,Philippines,Population,2026,115.299,0.010632329996669299,IMF
15_PHL,Philippines,Population,2027,116.525,0.010633223184936647,IMF
15_PHL,Philippines,Population,2028,117.765,0.010641493241793532,IMF
15_PHL,Philippines,Population,2029,119.017,0.010631342079565176,IMF
15_PHL,Philippines,Population,2030,120.283,0.010637135871346182,IMF
15_PHL,Philippines,Population,2031,121.563,0.010641570296716862,IMF
15_PHL,Philippines,Real GDP PPP 2021 USD,1980,239550.15168000004,,IMF
15_PHL,Philippines,Real GDP PPP 2021 USD,1981,247751.152131,0.034235004208868824,IMF
15_PHL,Philippines,Real GDP PPP 2021 USD,1982,256719.567874,0.03619928975449471,IMF
15_PHL,Philippines,Real GDP PPP 2021 USD,1983,261530.238526,0.01873901039893111,IMF
15_PHL,Philippines,Real GDP PPP 2021 USD,1984,242375.46636799996,-0.07324113749124184,IMF
15_PHL,Philippines,Real GDP PPP 2021 USD,1985,224666.127128,-0.07306572527894295,IMF
15_PHL,Philippines,Real GDP PPP 2021 USD,1986,232342.95586,0.0341699428842972,IMF
15_PHL,Philippines,Real GDP PPP 2021 USD,1987,242359.66536299998,0.04311174171785792,IMF
15_PHL,Philippines,Real GDP PPP 2021 USD,1988,258724.43448,0.06752265931911272,IMF
15_PHL,Philippines,Real GDP PPP 2021 USD,1989,274782.604005,0.06206669098446249,IMF
15_PHL,Philippines,Real GDP PPP 2021 USD,1990,283126.44778,0.03036525476280949,IMF
15_PHL,Philippines,Real GDP PPP 2021 USD,1991,281891.02151999995,-0.004363514146018654,IMF
15_PHL,Philippines,Real GDP PPP 2021 USD,1992,283068.24912,0.004176179835924776,IMF
15_PHL,Philippines,Real GDP PPP 2021 USD,1993,289244.53712,0.02181907726917731,IMF
15_PHL,Philippines,Real GDP PPP 2021 USD,1994,301895.02488,0.043736306607414344,IMF
15_PHL,Philippines,Real GDP PPP 2021 USD,1995,315858.34216999996,0.04625222722881994,IMF
15_PHL,Philippines,Real GDP PPP 2021 USD,1996,334368.8649,0.05860387477129669,IMF
15_PHL,Philippines,Real GDP PPP 2021 USD,1997,351710.53425,0.05186388797050956,IMF
15_PHL,Philippines,Real GDP PPP 2021 USD,1998,349902.43344,-0.005140877607933136,IMF
15_PHL,Philippines,Real GDP PPP 2021 USD,1999,361611.63635,0.033464193989402036,IMF
15_PHL,Philippines,Real GDP PPP 2021 USD,2000,377459.44920000003,0.0438255057551884,IMF
15_PHL,Philippines,Real GDP PPP 2021 USD,2001,388968.88324,0.030491842406895397,IMF
15_PHL,Philippines,Real GDP PPP 2021 USD,2002,403424.09653,0.037162904059554025,IMF
15_PHL,Philippines,Real GDP PPP 2021 USD,2003,423945.92822999996,0.05086912724479231,IMF
15_PHL,Philippines,Real GDP PPP 2021 USD,2004,451795.87305,0.0656922097029573,IMF
15_PHL,Philippines,Real GDP PPP 2021 USD,2005,474125.88906,0.04942501103264574,IMF
15_PHL,Philippines,Real GDP PPP 2021 USD,2006,499332.4653900001,0.05316431123382559,IMF
15_PHL,Philippines,Real GDP PPP 2021 USD,2007,531885.41076,0.06519292781128239,IMF
15_PHL,Philippines,Real GDP PPP 2021 USD,2008,554993.13078,0.04344492169277947,IMF
15_PHL,Philippines,Real GDP PPP 2021 USD,2009,563031.09828,0.014483003580068265,IMF
15_PHL,Philippines,Real GDP PPP 2021 USD,2010,604326.5955200001,0.07334496685201475,IMF
15_PHL,Philippines,Real GDP PPP 2021 USD,2011,627643.0006,0.038582457321669095,IMF
15_PHL,Philippines,Real GDP PPP 2021 USD,2012,670931.31875,0.06896965011737266,IMF
15_PHL,Philippines,Real GDP PPP 2021 USD,2013,716222.6633100001,0.06750518763139812,IMF
15_PHL,Philippines,Real GDP PPP 2021 USD,2014,761688.43386,0.06347993840334687,IMF
15_PHL,Philippines,Real GDP PPP 2021 USD,2015,810042.71001,0.06348301221400421,IMF
15_PHL,Philippines,Real GDP PPP 2021 USD,2016,867956.4367,0.07149465821287992,IMF
15_PHL,Philippines,Real GDP PPP 2021 USD,2017,928114.3862099999,0.0693098719778178,IMF
15_PHL,Philippines,Real GDP PPP 2021 USD,2018,986970.7222400001,0.0634149593029616,IMF
15_PHL,Philippines,Real GDP PPP 2021 USD,2019,1047358.6498900001,0.06118512564683298,IMF
15_PHL,Philippines,Real GDP PPP 2021 USD,2020,947667.8484,-0.09518306026352119,IMF
15_PHL,Philippines,Real GDP PPP 2021 USD,2021,1001824.54016,0.057147334745433875,IMF
15_PHL,Philippines,Real GDP PPP 2021 USD,2022,1077772.7810399998,0.075809922631632,IMF
15_PHL,Philippines,Real GDP PPP 2021 USD,2023,1137254.59975,0.055189572195915915,IMF
15_PHL,Philippines,Real GDP PPP 2021 USD,2024,1201987.175535,0.05692003866085038,IMF
15_PHL,Philippines,Real GDP PPP 2021 USD,2025,1254919.075704,0.04403699244581394,IMF
15_PHL,Philippines,Real GDP PPP 2021 USD,2026,1305939.311955,0.04065619627494943,IMF
15_PHL,Philippines,Real GDP PPP 2021 USD,2027,1381345.9620750002,0.05774131265496241,IMF
15_PHL,Philippines,Real GDP PPP 2021 USD,2028,1465307.1463050002,0.060782154894692075,IMF
15_PHL,Philippines,Real GDP PPP 2021 USD,2029,1554036.032437,0.06055309725045932,IMF
15_PHL,Philippines,Real GDP PPP 2021 USD,2030,1647382.857153,0.06006734899808985,IMF
15_PHL,Philippines,Real GDP PPP 2021 USD,2031,1746335.2794030001,0.060066439213170675,IMF
15_PHL,Philippines,Total investment,1980,23.435,,IMF
15_PHL,Philippines,Total investment,1981,21.975,-0.06229997866439074,IMF
15_PHL,Philippines,Total investment,1982,22.352,0.017155858930602896,IMF
15_PHL,Philippines,Total investment,1983,23.685,0.05963672154617039,IMF
15_PHL,Philippines,Total investment,1984,17.254,-0.2715220603757652,IMF
15_PHL,Philippines,Total investment,1985,12.125,-0.29726440245740127,IMF
15_PHL,Philippines,Total investment,1986,12.758,0.05220618556701018,IMF
15_PHL,Philippines,Total investment,1987,14.525,0.13850133249725682,IMF
15_PHL,Philippines,Total investment,1988,15.113,0.040481927710843246,IMF
15_PHL,Philippines,Total investment,1989,17.812,0.1785879706213196,IMF
15_PHL,Philippines,Total investment,1990,23.332,0.3099034358859196,IMF
15_PHL,Philippines,Total investment,1991,19.717,-0.15493742499571417,IMF
15_PHL,Philippines,Total investment,1992,20.748,0.052289902114926345,IMF
15_PHL,Philippines,Total investment,1993,23.186,0.11750530171582807,IMF
15_PHL,Philippines,Total investment,1994,23.311,0.005391184335374888,IMF
15_PHL,Philippines,Total investment,1995,21.794,-0.06507657329157901,IMF
15_PHL,Philippines,Total investment,1996,23.282,0.06827567220335862,IMF
15_PHL,Philippines,Total investment,1997,24.065,0.033631131346104404,IMF
15_PHL,Philippines,Total investment,1998,19.989,-0.16937461043008517,IMF
15_PHL,Philippines,Total investment,1999,16.201,-0.1895042273250288,IMF
15_PHL,Philippines,Total investment,2000,15.684,-0.03191161039442014,IMF
15_PHL,Philippines,Total investment,2001,18.945,0.2079188982402449,IMF
15_PHL,Philippines,Total investment,2002,20.459,0.07991554499868037,IMF
15_PHL,Philippines,Total investment,2003,19.529,-0.045456767192922465,IMF
15_PHL,Philippines,Total investment,2004,20.731,0.06154949050130587,IMF
15_PHL,Philippines,Total investment,2005,18.567,-0.10438473783223201,IMF
15_PHL,Philippines,Total investment,2006,16.015,-0.13744816071524746,IMF
15_PHL,Philippines,Total investment,2007,16.129,0.007118326568841704,IMF
15_PHL,Philippines,Total investment,2008,18.967,0.17595635191270365,IMF
15_PHL,Philippines,Total investment,2009,17.432,-0.080930036378974,IMF
15_PHL,Philippines,Total investment,2010,20.442,0.1726709499770538,IMF
15_PHL,Philippines,Total investment,2011,20.74,0.014577829957929778,IMF
15_PHL,Philippines,Total investment,2012,19.561,-0.05684667309546765,IMF
15_PHL,Philippines,Total investment,2013,20.642,0.055263023362813746,IMF
15_PHL,Philippines,Total investment,2014,20.924,0.01366146691212089,IMF
15_PHL,Philippines,Total investment,2015,21.341,0.019929267826419572,IMF
15_PHL,Philippines,Total investment,2016,24.619,0.15360104962279175,IMF
15_PHL,Philippines,Total investment,2017,25.559,0.038181892034607534,IMF
15_PHL,Philippines,Total investment,2018,27.151,0.062287256934934865,IMF
15_PHL,Philippines,Total investment,2019,26.402,-0.027586460903834098,IMF
15_PHL,Philippines,Total investment,2020,17.433,-0.33970911294598893,IMF
15_PHL,Philippines,Total investment,2021,21.141,0.21270005162622607,IMF
15_PHL,Philippines,Total investment,2022,24.686,0.16768364788799017,IMF
15_PHL,Philippines,Total investment,2023,23.406,-0.05185125172162364,IMF
15_PHL,Philippines,Total investment,2024,23.685,0.011920020507562246,IMF
15_PHL,Philippines,Total investment,2025,22.31,-0.05805362043487439,IMF
15_PHL,Philippines,Total investment,2026,20.993,-0.059031824294038526,IMF
15_PHL,Philippines,Total investment,2027,21.583,0.02810460629733713,IMF
15_PHL,Philippines,Total investment,2028,23.252,0.07732937960431818,IMF
15_PHL,Philippines,Total investment,2029,23.507,0.010966798554963075,IMF
15_PHL,Philippines,Total investment,2030,23.771,0.01123069723912029,IMF
15_PHL,Philippines,Total investment,2031,24.043,0.011442513987631964,IMF
16_RUS,Russia,"Gross domestic product per capita, constant prices",1980,,,IMF
16_RUS,Russia,"Gross domestic product per capita, constant prices",1981,,,IMF
16_RUS,Russia,"Gross domestic product per capita, constant prices",1982,,,IMF
16_RUS,Russia,"Gross domestic product per capita, constant prices",1983,,,IMF
16_RUS,Russia,"Gross domestic product per capita, constant prices",1984,,,IMF
16_RUS,Russia,"Gross domestic product per capita, constant prices",1985,,,IMF
16_RUS,Russia,"Gross domestic product per capita, constant prices",1986,,,IMF
16_RUS,Russia,"Gross domestic product per capita, constant prices",1987,,,IMF
16_RUS,Russia,"Gross domestic product per capita, constant prices",1988,,,IMF
16_RUS,Russia,"Gross domestic product per capita, constant prices",1989,,,IMF
16_RUS,Russia,"Gross domestic product per capita, constant prices",1990,29482.713,,IMF
16_RUS,Russia,"Gross domestic product per capita, constant prices",1991,27920.7,-0.05298063987530588,IMF
16_RUS,Russia,"Gross domestic product per capita, constant prices",1992,23957.553,-0.14194296704595522,IMF
16_RUS,Russia,"Gross domestic product per capita, constant prices",1993,21988.502,-0.08218915345820166,IMF
16_RUS,Russia,"Gross domestic product per capita, constant prices",1994,19187.502,-0.12738475772474178,IMF
16_RUS,Russia,"Gross domestic product per capita, constant prices",1995,18389.564,-0.04158634094214042,IMF
16_RUS,Russia,"Gross domestic product per capita, constant prices",1996,17755.746,-0.03446617875225311,IMF
16_RUS,Russia,"Gross domestic product per capita, constant prices",1997,18028.142,0.01534128726554207,IMF
16_RUS,Russia,"Gross domestic product per capita, constant prices",1998,17094.469,-0.051789751822456154,IMF
16_RUS,Russia,"Gross domestic product per capita, constant prices",1999,18228.131,0.06631747379810404,IMF
16_RUS,Russia,"Gross domestic product per capita, constant prices",2000,20132.542,0.10447648198271131,IMF
16_RUS,Russia,"Gross domestic product per capita, constant prices",2001,21242.554,0.05513521342709726,IMF
16_RUS,Russia,"Gross domestic product per capita, constant prices",2002,22277.867,0.04873768945108936,IMF
16_RUS,Russia,"Gross domestic product per capita, constant prices",2003,23940.396,0.07462693802777443,IMF
16_RUS,Russia,"Gross domestic product per capita, constant prices",2004,25759.551,0.07598683831295006,IMF
16_RUS,Russia,"Gross domestic product per capita, constant prices",2005,27517.637,0.06824986972793123,IMF
16_RUS,Russia,"Gross domestic product per capita, constant prices",2006,29866.744,0.08536732278283932,IMF
16_RUS,Russia,"Gross domestic product per capita, constant prices",2007,32475.247,0.0873380439461362,IMF
16_RUS,Russia,"Gross domestic product per capita, constant prices",2008,34190.641,0.05282158439010498,IMF
16_RUS,Russia,"Gross domestic product per capita, constant prices",2009,31504.063,-0.07857641510728053,IMF
16_RUS,Russia,"Gross domestic product per capita, constant prices",2010,32910.689,0.044649034634040685,IMF
16_RUS,Russia,"Gross domestic product per capita, constant prices",2011,34199.409,0.03915809845245111,IMF
16_RUS,Russia,"Gross domestic product per capita, constant prices",2012,35514.655,0.03845814996393648,IMF
16_RUS,Russia,"Gross domestic product per capita, constant prices",2013,36059.848,0.01535121205598089,IMF
16_RUS,Russia,"Gross domestic product per capita, constant prices",2014,36244.751,0.0051276699779765345,IMF
16_RUS,Russia,"Gross domestic product per capita, constant prices",2015,35436.345,-0.02230408480389323,IMF
16_RUS,Russia,"Gross domestic product per capita, constant prices",2016,35390.246,-0.0013008960150941995,IMF
16_RUS,Russia,"Gross domestic product per capita, constant prices",2017,35936.115,0.01542427820366088,IMF
16_RUS,Russia,"Gross domestic product per capita, constant prices",2018,36883.208,0.02635490786914496,IMF
16_RUS,Russia,"Gross domestic product per capita, constant prices",2019,37667.453,0.021262928105386214,IMF
16_RUS,Russia,"Gross domestic product per capita, constant prices",2020,36708.415,-0.025460654321384557,IMF
16_RUS,Russia,"Gross domestic product per capita, constant prices",2021,39004.508,0.06254949988987546,IMF
16_RUS,Russia,"Gross domestic product per capita, constant prices",2022,38512.326,-0.012618592702156373,IMF
16_RUS,Russia,"Gross domestic product per capita, constant prices",2023,40116.887,0.04166357025540357,IMF
16_RUS,Russia,"Gross domestic product per capita, constant prices",2024,42271.535,0.0537092521660516,IMF
16_RUS,Russia,"Gross domestic product per capita, constant prices",2025,42930.207,0.01558192764942179,IMF
16_RUS,Russia,"Gross domestic product per capita, constant prices",2026,43581.211,0.015164240880553015,IMF
16_RUS,Russia,"Gross domestic product per capita, constant prices",2027,44163.219,0.013354562359453315,IMF
16_RUS,Russia,"Gross domestic product per capita, constant prices",2028,44721.884,0.012650006332192376,IMF
16_RUS,Russia,"Gross domestic product per capita, constant prices",2029,45291.239,0.012731015535928814,IMF
16_RUS,Russia,"Gross domestic product per capita, constant prices",2030,45871.705,0.012816297650854791,IMF
16_RUS,Russia,"Gross domestic product per capita, constant prices",2031,46465.986,0.012955284744702533,IMF
16_RUS,Russia,Gross national savings,1980,,,IMF
16_RUS,Russia,Gross national savings,1981,,,IMF
16_RUS,Russia,Gross national savings,1982,,,IMF
16_RUS,Russia,Gross national savings,1983,,,IMF
16_RUS,Russia,Gross national savings,1984,,,IMF
16_RUS,Russia,Gross national savings,1985,,,IMF
16_RUS,Russia,Gross national savings,1986,,,IMF
16_RUS,Russia,Gross national savings,1987,,,IMF
16_RUS,Russia,Gross national savings,1988,,,IMF
16_RUS,Russia,Gross national savings,1989,,,IMF
16_RUS,Russia,Gross national savings,1990,,,IMF
16_RUS,Russia,Gross national savings,1991,,,IMF
16_RUS,Russia,Gross national savings,1992,37.356,,IMF
16_RUS,Russia,Gross national savings,1993,29.386,-0.2133526073455403,IMF
16_RUS,Russia,Gross national savings,1994,17.324,-0.41046756959096165,IMF
16_RUS,Russia,Gross national savings,1995,21.667,0.25069268067420913,IMF
16_RUS,Russia,Gross national savings,1996,21.409,-0.011907509115244519,IMF
16_RUS,Russia,Gross national savings,1997,17.615,-0.17721518987341778,IMF
16_RUS,Russia,Gross national savings,1998,11.626,-0.3399943230201532,IMF
16_RUS,Russia,Gross national savings,1999,23.357,1.0090314811629106,IMF
16_RUS,Russia,Gross national savings,2000,32.721,0.40090765081131985,IMF
16_RUS,Russia,Gross national savings,2001,29.311,-0.10421441887472871,IMF
16_RUS,Russia,Gross national savings,2002,25.315,-0.13633107024666502,IMF
16_RUS,Russia,Gross national savings,2003,25.928,0.024214892356310358,IMF
16_RUS,Russia,Gross national savings,2004,28.131,0.08496605985806838,IMF
16_RUS,Russia,Gross national savings,2005,28.516,0.013685969215456284,IMF
16_RUS,Russia,Gross national savings,2006,27.957,-0.01960302987796314,IMF
16_RUS,Russia,Gross national savings,2007,27.228,-0.026075759201631077,IMF
16_RUS,Russia,Gross national savings,2008,29.15,0.07058909945644176,IMF
16_RUS,Russia,Gross national savings,2009,21.072,-0.2771183533447684,IMF
16_RUS,Russia,Gross national savings,2010,24.788,0.17634776006074415,IMF
16_RUS,Russia,Gross national savings,2011,29.014,0.1704857188962401,IMF
16_RUS,Russia,Gross national savings,2012,27.806,-0.041635072723512745,IMF
16_RUS,Russia,Gross national savings,2013,24.732,-0.11055167949363454,IMF
16_RUS,Russia,Gross national savings,2014,25.198,0.01884198609089438,IMF
16_RUS,Russia,Gross national savings,2015,27.144,0.07722835145646467,IMF
16_RUS,Russia,Gross national savings,2016,25.006,-0.07876510462717357,IMF
16_RUS,Russia,Gross national savings,2017,25.65,0.025753819083419893,IMF
16_RUS,Russia,Gross national savings,2018,28.916,0.12732943469785574,IMF
16_RUS,Russia,Gross national savings,2019,26.533,-0.0824111218702448,IMF
16_RUS,Russia,Gross national savings,2020,25.833,-0.026382240982927074,IMF
16_RUS,Russia,Gross national savings,2021,29.841,0.15515038903727807,IMF
16_RUS,Russia,Gross national savings,2022,33.526,0.12348781877282944,IMF
16_RUS,Russia,Gross national savings,2023,29.731,-0.1131957286881824,IMF
16_RUS,Russia,Gross national savings,2024,29.359,-0.012512192660859012,IMF
16_RUS,Russia,Gross national savings,2025,28.002,-0.046220920331074056,IMF
16_RUS,Russia,Gross national savings,2026,28.893,0.03181915577458749,IMF
16_RUS,Russia,Gross national savings,2027,28.501,-0.013567300038071495,IMF
16_RUS,Russia,Gross national savings,2028,28.142,-0.012596049261429432,IMF
16_RUS,Russia,Gross national savings,2029,28.057,-0.003020396560301397,IMF
16_RUS,Russia,Gross national savings,2030,28.172,0.004098798873721332,IMF
16_RUS,Russia,Gross national savings,2031,28.354,0.006460315206588074,IMF
16_RUS,Russia,Population,1980,,,IMF
16_RUS,Russia,Population,1981,,,IMF
16_RUS,Russia,Population,1982,,,IMF
16_RUS,Russia,Population,1983,,,IMF
16_RUS,Russia,Population,1984,,,IMF
16_RUS,Russia,Population,1985,,,IMF
16_RUS,Russia,Population,1986,,,IMF
16_RUS,Russia,Population,1987,,,IMF
16_RUS,Russia,Population,1988,,,IMF
16_RUS,Russia,Population,1989,148.406,,IMF
16_RUS,Russia,Population,1990,148.98,0.0038677681495355998,IMF
16_RUS,Russia,Population,1991,149.448,0.003141361256544517,IMF
16_RUS,Russia,Population,1992,148.916,-0.0035597666077833434,IMF
16_RUS,Russia,Population,1993,148.135,-0.005244567407128864,IMF
16_RUS,Russia,Population,1994,148.201,0.00044553954163428777,IMF
16_RUS,Russia,Population,1995,148.291,0.0006072833516643783,IMF
16_RUS,Russia,Population,1996,148.085,-0.0013891605019858977,IMF
16_RUS,Russia,Population,1997,147.854,-0.0015599149137319746,IMF
16_RUS,Russia,Population,1998,147.636,-0.001474427475753215,IMF
16_RUS,Russia,Population,1999,147.242,-0.002668725785038961,IMF
16_RUS,Russia,Population,2000,146.718,-0.0035587671995762626,IMF
16_RUS,Russia,Population,2001,146.117,-0.00409629356997776,IMF
16_RUS,Russia,Population,2002,145.94,-0.0012113580213116704,IMF
16_RUS,Russia,Population,2003,145.794,-0.0010004111278606453,IMF
16_RUS,Russia,Population,2004,145.18,-0.004211421594852993,IMF
16_RUS,Russia,Population,2005,144.598,-0.0040088166414106174,IMF
16_RUS,Russia,Population,2006,144.103,-0.003423283862847404,IMF
16_RUS,Russia,Population,2007,143.86,-0.0016862938314955445,IMF
16_RUS,Russia,Population,2008,143.812,-0.00033365772278604044,IMF
16_RUS,Russia,Population,2009,143.869,0.0003963507913107289,IMF
16_RUS,Russia,Population,2010,143.934,0.0004517999012991769,IMF
16_RUS,Russia,Population,2011,144.044,0.0007642391651729863,IMF
16_RUS,Russia,Population,2012,144.291,0.0017147538252200167,IMF
16_RUS,Russia,Population,2013,144.604,0.0021692274639444342,IMF
16_RUS,Russia,Population,2014,144.926,0.0022267710436776333,IMF
16_RUS,Russia,Population,2015,145.308,0.0026358279397762363,IMF
16_RUS,Russia,Population,2016,145.779,0.003241390701131497,IMF
16_RUS,Russia,Population,2017,146.187,0.0027987570226164493,IMF
16_RUS,Russia,Population,2018,146.43,0.001662254509634975,IMF
16_RUS,Russia,Population,2019,146.533,0.0007034077716314702,IMF
16_RUS,Russia,Population,2020,146.371,-0.0011055530153615267,IMF
16_RUS,Russia,Population,2021,145.836,-0.0036550956132020973,IMF
16_RUS,Russia,Population,2022,145.58,-0.001755396472750248,IMF
16_RUS,Russia,Population,2023,145.441,-0.0009548014837204022,IMF
16_RUS,Russia,Population,2024,144.82,-0.004269772622575552,IMF
16_RUS,Russia,Population,2025,143.997,-0.005682916724209175,IMF
16_RUS,Russia,Population,2026,143.394,-0.004187587241400892,IMF
16_RUS,Russia,Population,2027,143.044,-0.0024408273707406947,IMF
16_RUS,Russia,Population,2028,142.67,-0.0026145801291911352,IMF
16_RUS,Russia,Population,2029,142.285,-0.002698535080955966,IMF
16_RUS,Russia,Population,2030,141.889,-0.0027831465017393864,IMF
16_RUS,Russia,Population,2031,141.475,-0.002917773752722286,IMF
16_RUS,Russia,Real GDP PPP 2021 USD,1980,,,IMF
16_RUS,Russia,Real GDP PPP 2021 USD,1981,,,IMF
16_RUS,Russia,Real GDP PPP 2021 USD,1982,,,IMF
16_RUS,Russia,Real GDP PPP 2021 USD,1983,,,IMF
16_RUS,Russia,Real GDP PPP 2021 USD,1984,,,IMF
16_RUS,Russia,Real GDP PPP 2021 USD,1985,,,IMF
16_RUS,Russia,Real GDP PPP 2021 USD,1986,,,IMF
16_RUS,Russia,Real GDP PPP 2021 USD,1987,,,IMF
16_RUS,Russia,Real GDP PPP 2021 USD,1988,,,IMF
16_RUS,Russia,Real GDP PPP 2021 USD,1989,,,IMF
16_RUS,Russia,Real GDP PPP 2021 USD,1990,4392334.5827399995,,IMF
16_RUS,Russia,Real GDP PPP 2021 USD,1991,4172692.7736000004,-0.05000570994821241,IMF
16_RUS,Russia,Real GDP PPP 2021 USD,1992,3567662.962548,-0.14499744981943874,IMF
16_RUS,Russia,Real GDP PPP 2021 USD,1993,3257266.74377,-0.08700267430988406,IMF
16_RUS,Russia,Real GDP PPP 2021 USD,1994,2843606.983902,-0.12699597312967537,IMF
16_RUS,Russia,Real GDP PPP 2021 USD,1995,2727006.8351239995,-0.041004312282986954,IMF
16_RUS,Russia,Real GDP PPP 2021 USD,1996,2629359.64641,-0.03580746020006198,IMF
16_RUS,Russia,Real GDP PPP 2021 USD,1997,2665532.9072680003,0.013757441249008906,IMF
16_RUS,Russia,Real GDP PPP 2021 USD,1998,2523759.025284,-0.0531878190651599,IMF
16_RUS,Russia,Real GDP PPP 2021 USD,1999,2683946.464702,0.06347176486074124,IMF
16_RUS,Russia,Real GDP PPP 2021 USD,2000,2953806.297156,0.10054590730592783,IMF
16_RUS,Russia,Real GDP PPP 2021 USD,2001,3103898.262818,0.05081306983687872,IMF
16_RUS,Russia,Real GDP PPP 2021 USD,2002,3251231.9099799995,0.04746729263872096,IMF
16_RUS,Russia,Real GDP PPP 2021 USD,2003,3490366.0944240005,0.0735518692806727,IMF
16_RUS,Russia,Real GDP PPP 2021 USD,2004,3739771.61418,0.07145540410630136,IMF
16_RUS,Russia,Real GDP PPP 2021 USD,2005,3978995.2749260003,0.06396745187298114,IMF
16_RUS,Russia,Real GDP PPP 2021 USD,2006,4303887.410632,0.08165180234149494,IMF
16_RUS,Russia,Real GDP PPP 2021 USD,2007,4671889.03342,0.08550447250987947,IMF
16_RUS,Russia,Real GDP PPP 2021 USD,2008,4917024.4634920005,0.05247030233775729,IMF
16_RUS,Russia,Real GDP PPP 2021 USD,2009,4532458.039747,-0.07821120814027582,IMF
16_RUS,Russia,Real GDP PPP 2021 USD,2010,4736967.110526,0.04512100696478072,IMF
16_RUS,Russia,Real GDP PPP 2021 USD,2011,4926219.669996,0.03995226377009509,IMF
16_RUS,Russia,Real GDP PPP 2021 USD,2012,5124445.084605,0.04023885004891814,IMF
16_RUS,Russia,Real GDP PPP 2021 USD,2013,5214398.260192,0.017553739790721945,IMF
16_RUS,Russia,Real GDP PPP 2021 USD,2014,5252806.783425999,0.007365859168682709,IMF
16_RUS,Russia,Real GDP PPP 2021 USD,2015,5149184.41926,-0.019727046594014253,IMF
16_RUS,Russia,Real GDP PPP 2021 USD,2016,5159154.671634,0.001936277973790812,IMF
16_RUS,Russia,Real GDP PPP 2021 USD,2017,5253392.843505,0.018266204033218658,IMF
16_RUS,Russia,Real GDP PPP 2021 USD,2018,5400808.14744,0.028060970943236452,IMF
16_RUS,Russia,Real GDP PPP 2021 USD,2019,5519524.890449,0.021981292385894413,IMF
16_RUS,Russia,Real GDP PPP 2021 USD,2020,5373047.411965,-0.026538059233588096,IMF
16_RUS,Russia,Real GDP PPP 2021 USD,2021,5688261.428688001,0.058665779874018,IMF
16_RUS,Russia,Real GDP PPP 2021 USD,2022,5606624.41908,-0.014351838541786233,IMF
16_RUS,Russia,Real GDP PPP 2021 USD,2023,5834640.162167001,0.04066898833298627,IMF
16_RUS,Russia,Real GDP PPP 2021 USD,2024,6121763.6987000005,0.04921015324899858,IMF
16_RUS,Russia,Real GDP PPP 2021 USD,2025,6181821.017379001,0.009810460127978038,IMF
16_RUS,Russia,Real GDP PPP 2021 USD,2026,6249284.1701340005,0.010913152057515196,IMF
16_RUS,Russia,Real GDP PPP 2021 USD,2027,6317283.498636,0.010881138807381507,IMF
16_RUS,Russia,Real GDP PPP 2021 USD,2028,6380471.190279999,0.010002351747810945,IMF
16_RUS,Russia,Real GDP PPP 2021 USD,2029,6444263.941115,0.009998125362932875,IMF
16_RUS,Russia,Real GDP PPP 2021 USD,2030,6508690.350745001,0.009997481515143125,IMF
16_RUS,Russia,Real GDP PPP 2021 USD,2031,6573775.369349999,0.009999710402193163,IMF
16_RUS,Russia,Total investment,1980,,,IMF
16_RUS,Russia,Total investment,1981,,,IMF
16_RUS,Russia,Total investment,1982,,,IMF
16_RUS,Russia,Total investment,1983,,,IMF
16_RUS,Russia,Total investment,1984,,,IMF
16_RUS,Russia,Total investment,1985,,,IMF
16_RUS,Russia,Total investment,1986,,,IMF
16_RUS,Russia,Total investment,1987,,,IMF
16_RUS,Russia,Total investment,1988,,,IMF
16_RUS,Russia,Total investment,1989,,,IMF
16_RUS,Russia,Total investment,1990,,,IMF
16_RUS,Russia,Total investment,1991,,,IMF
16_RUS,Russia,Total investment,1992,-10.18,,IMF
16_RUS,Russia,Total investment,1993,-7.957,-0.2183693516699411,IMF
16_RUS,Russia,Total investment,1994,14.281,-2.7947718989568937,IMF
16_RUS,Russia,Total investment,1995,19.452,0.3620894895315454,IMF
16_RUS,Russia,Total investment,1996,18.961,-0.025241620398930853,IMF
16_RUS,Russia,Total investment,1997,17.808,-0.06080902905964869,IMF
16_RUS,Russia,Total investment,1998,11.602,-0.3484950584007187,IMF
16_RUS,Russia,Total investment,1999,12.456,0.07360799862092726,IMF
16_RUS,Russia,Total investment,2000,16.412,0.3175979447655748,IMF
16_RUS,Russia,Total investment,2001,19.553,0.19138435291250322,IMF
16_RUS,Russia,Total investment,2002,17.891,-0.08499974428476464,IMF
16_RUS,Russia,Total investment,2003,18.75,0.04801296741378347,IMF
16_RUS,Russia,Total investment,2004,18.884,0.0071466666666666345,IMF
16_RUS,Russia,Total investment,2005,18.196,-0.03643295911883071,IMF
16_RUS,Russia,Total investment,2006,19.255,0.05819960430863902,IMF
16_RUS,Russia,Total investment,2007,22.047,0.1450012983640614,IMF
16_RUS,Russia,Total investment,2008,23.308,0.05719599038417922,IMF
16_RUS,Russia,Total investment,2009,17.22,-0.26119787197528754,IMF
16_RUS,Russia,Total investment,2010,20.658,0.19965156794425098,IMF
16_RUS,Russia,Total investment,2011,24.261,0.17441185013069993,IMF
16_RUS,Russia,Total investment,2012,24.554,0.012076996001813667,IMF
16_RUS,Russia,Total investment,2013,23.272,-0.052211452309196105,IMF
16_RUS,Russia,Total investment,2014,22.391,-0.03785665177036779,IMF
16_RUS,Russia,Total investment,2015,22.149,-0.010807913893975174,IMF
16_RUS,Russia,Total investment,2016,23.095,0.04271073186148344,IMF
16_RUS,Russia,Total investment,2017,23.607,0.022169300714440343,IMF
16_RUS,Russia,Total investment,2018,21.918,-0.07154657516838225,IMF
16_RUS,Russia,Total investment,2019,22.662,0.033944702983848885,IMF
16_RUS,Russia,Total investment,2020,23.456,0.035036625187538695,IMF
16_RUS,Russia,Total investment,2021,23.009,-0.01905695770804905,IMF
16_RUS,Russia,Total investment,2022,23.173,0.007127645703854935,IMF
16_RUS,Russia,Total investment,2023,27.303,0.17822465800716358,IMF
16_RUS,Russia,Total investment,2024,26.496,-0.02955719151741576,IMF
16_RUS,Russia,Total investment,2025,26.402,-0.003547705314009608,IMF
16_RUS,Russia,Total investment,2026,25.944,-0.0173471706688888,IMF
16_RUS,Russia,Total investment,2027,26.216,0.010484119642306666,IMF
16_RUS,Russia,Total investment,2028,26.379,0.006217577052181955,IMF
16_RUS,Russia,Total investment,2029,26.654,0.010424959247886445,IMF
16_RUS,Russia,Total investment,2030,26.941,0.010767614616943089,IMF
16_RUS,Russia,Total investment,2031,27.228,0.01065290820682252,IMF
17_SGP,Singapore,"Gross domestic product per capita, constant prices",1980,27557.42,,IMF
17_SGP,Singapore,"Gross domestic product per capita, constant prices",1981,29104.571,0.05614281017598888,IMF
17_SGP,Singapore,"Gross domestic product per capita, constant prices",1982,29833.208,0.025035139669298045,IMF
17_SGP,Singapore,"Gross domestic product per capita, constant prices",1983,31967.401,0.07153749606814008,IMF
17_SGP,Singapore,"Gross domestic product per capita, constant prices",1984,34126.858,0.06755184758373067,IMF
17_SGP,Singapore,"Gross domestic product per capita, constant prices",1985,33868.039,-0.007584026633802754,IMF
17_SGP,Singapore,"Gross domestic product per capita, constant prices",1986,34355.27,0.01438615917502628,IMF
17_SGP,Singapore,"Gross domestic product per capita, constant prices",1987,37496.778,0.09144180790894674,IMF
17_SGP,Singapore,"Gross domestic product per capita, constant prices",1988,40674.818,0.08475501548426378,IMF
17_SGP,Singapore,"Gross domestic product per capita, constant prices",1989,43510.608,0.06971856641128671,IMF
17_SGP,Singapore,"Gross domestic product per capita, constant prices",1990,45961.06,0.0563184959401164,IMF
17_SGP,Singapore,"Gross domestic product per capita, constant prices",1991,47659.497,0.0369538256950559,IMF
17_SGP,Singapore,"Gross domestic product per capita, constant prices",1992,49319.819,0.034837170018810815,IMF
17_SGP,Singapore,"Gross domestic product per capita, constant prices",1993,53598.464,0.08675305560225177,IMF
17_SGP,Singapore,"Gross domestic product per capita, constant prices",1994,57706.871,0.07665158091097535,IMF
17_SGP,Singapore,"Gross domestic product per capita, constant prices",1995,59997.007,0.03968567278582813,IMF
17_SGP,Singapore,"Gross domestic product per capita, constant prices",1996,61911.503,0.03190985843677163,IMF
17_SGP,Singapore,"Gross domestic product per capita, constant prices",1997,64846.063,0.047399269244037034,IMF
17_SGP,Singapore,"Gross domestic product per capita, constant prices",1998,61306.773,-0.054579874802885064,IMF
17_SGP,Singapore,"Gross domestic product per capita, constant prices",1999,64296.638,0.048768918240077674,IMF
17_SGP,Singapore,"Gross domestic product per capita, constant prices",2000,68904.128,0.07165988989968652,IMF
17_SGP,Singapore,"Gross domestic product per capita, constant prices",2001,66352.149,-0.03703666346376222,IMF
17_SGP,Singapore,"Gross domestic product per capita, constant prices",2002,68328.932,0.029792298061061873,IMF
17_SGP,Singapore,"Gross domestic product per capita, constant prices",2003,72497.869,0.061012763963587346,IMF
17_SGP,Singapore,"Gross domestic product per capita, constant prices",2004,78712.535,0.08572205067158589,IMF
17_SGP,Singapore,"Gross domestic product per capita, constant prices",2005,82547.483,0.0487209311706196,IMF
17_SGP,Singapore,"Gross domestic product per capita, constant prices",2006,87210.048,0.056483430270066526,IMF
17_SGP,Singapore,"Gross domestic product per capita, constant prices",2007,91198.152,0.04572986819133518,IMF
17_SGP,Singapore,"Gross domestic product per capita, constant prices",2008,88083.285,-0.034154935507903716,IMF
17_SGP,Singapore,"Gross domestic product per capita, constant prices",2009,85575.755,-0.028467716661566334,IMF
17_SGP,Singapore,"Gross domestic product per capita, constant prices",2010,96280.017,0.12508521835419395,IMF
17_SGP,Singapore,"Gross domestic product per capita, constant prices",2011,100153.729,0.0402338109267264,IMF
17_SGP,Singapore,"Gross domestic product per capita, constant prices",2012,102061.119,0.019044622891674745,IMF
17_SGP,Singapore,"Gross domestic product per capita, constant prices",2013,105259.694,0.03133979943919685,IMF
17_SGP,Singapore,"Gross domestic product per capita, constant prices",2014,107990.891,0.02594722534534455,IMF
17_SGP,Singapore,"Gross domestic product per capita, constant prices",2015,109894.041,0.01762324564948714,IMF
17_SGP,Singapore,"Gross domestic product per capita, constant prices",2016,112719.948,0.02571483380067896,IMF
17_SGP,Singapore,"Gross domestic product per capita, constant prices",2017,117492.968,0.042344057859217576,IMF
17_SGP,Singapore,"Gross domestic product per capita, constant prices",2018,120668.889,0.02703073259669475,IMF
17_SGP,Singapore,"Gross domestic product per capita, constant prices",2019,120678.342,7.833833623860365e-05,IMF
17_SGP,Singapore,"Gross domestic product per capita, constant prices",2020,116684.214,-0.033097305894374984,IMF
17_SGP,Singapore,"Gross domestic product per capita, constant prices",2021,133990.187,0.14831460406460817,IMF
17_SGP,Singapore,"Gross domestic product per capita, constant prices",2022,134828.001,0.006252801184611911,IMF
17_SGP,Singapore,"Gross domestic product per capita, constant prices",2023,130296.844,-0.033606943412295975,IMF
17_SGP,Singapore,"Gross domestic product per capita, constant prices",2024,134548.764,0.03263256322616681,IMF
17_SGP,Singapore,"Gross domestic product per capita, constant prices",2025,140367.911,0.04324935307469646,IMF
17_SGP,Singapore,"Gross domestic product per capita, constant prices",2026,144256.481,0.027702699087685412,IMF
17_SGP,Singapore,"Gross domestic product per capita, constant prices",2027,146939.884,0.018601611389647,IMF
17_SGP,Singapore,"Gross domestic product per capita, constant prices",2028,149394.184,0.01670274899631763,IMF
17_SGP,Singapore,"Gross domestic product per capita, constant prices",2029,152029.872,0.017642507421841813,IMF
17_SGP,Singapore,"Gross domestic product per capita, constant prices",2030,154634.608,0.017133053956659205,IMF
17_SGP,Singapore,"Gross domestic product per capita, constant prices",2031,157220.097,0.016719989357104392,IMF
17_SGP,Singapore,Gross national savings,1980,31.678,,IMF
17_SGP,Singapore,Gross national savings,1981,34.05,0.07487846454952951,IMF
17_SGP,Singapore,Gross national savings,1982,37.781,0.10957415565345086,IMF
17_SGP,Singapore,Gross national savings,1983,42.826,0.13353272809083938,IMF
17_SGP,Singapore,Gross national savings,1984,44.869,0.04770466539018359,IMF
17_SGP,Singapore,Gross national savings,1985,41.209,-0.08157079498094444,IMF
17_SGP,Singapore,Gross national savings,1986,38.35,-0.06937804848455442,IMF
17_SGP,Singapore,Gross national savings,1987,36.043,-0.060156453715775826,IMF
17_SGP,Singapore,Gross national savings,1988,40.741,0.13034431096190668,IMF
17_SGP,Singapore,Gross national savings,1989,43.535,0.06857956358459538,IMF
17_SGP,Singapore,Gross national savings,1990,43.733,0.004548064775468097,IMF
17_SGP,Singapore,Gross national savings,1991,44.7,0.0221114490201908,IMF
17_SGP,Singapore,Gross national savings,1992,46.744,0.04572706935123039,IMF
17_SGP,Singapore,Gross national savings,1993,43.979,-0.059151976724285515,IMF
17_SGP,Singapore,Gross national savings,1994,48.198,0.09593214943495765,IMF
17_SGP,Singapore,Gross national savings,1995,50.378,0.04523009253496002,IMF
17_SGP,Singapore,Gross national savings,1996,49.667,-0.014113303426098622,IMF
17_SGP,Singapore,Gross national savings,1997,53.74,0.08200616103247627,IMF
17_SGP,Singapore,Gross national savings,1998,53.282,-0.008522515816896226,IMF
17_SGP,Singapore,Gross national savings,1999,49.895,-0.0635674336548927,IMF
17_SGP,Singapore,Gross national savings,2000,46.246,-0.07313358051909014,IMF
17_SGP,Singapore,Gross national savings,2001,42.042,-0.09090515936513432,IMF
17_SGP,Singapore,Gross national savings,2002,39.951,-0.04973597830740695,IMF
17_SGP,Singapore,Gross national savings,2003,41.527,0.039448324197141504,IMF
17_SGP,Singapore,Gross national savings,2004,42.204,0.016302646470970794,IMF
17_SGP,Singapore,Gross national savings,2005,44.767,0.0607288408681641,IMF
17_SGP,Singapore,Gross national savings,2006,49.273,0.10065449996649312,IMF
17_SGP,Singapore,Gross national savings,2007,50.209,0.01899620481805453,IMF
17_SGP,Singapore,Gross national savings,2008,45.243,-0.09890657053516305,IMF
17_SGP,Singapore,Gross national savings,2009,43.763,-0.03271224277788842,IMF
17_SGP,Singapore,Gross national savings,2010,50.592,0.15604506089619097,IMF
17_SGP,Singapore,Gross national savings,2011,48.91,-0.033246363061353645,IMF
17_SGP,Singapore,Gross national savings,2012,46.906,-0.04097321611122462,IMF
17_SGP,Singapore,Gross national savings,2013,45.687,-0.02598814650577752,IMF
17_SGP,Singapore,Gross national savings,2014,47.38,0.0370564930943158,IMF
17_SGP,Singapore,Gross national savings,2015,44.046,-0.07036724356268476,IMF
17_SGP,Singapore,Gross national savings,2016,44.37,0.007355946056395446,IMF
17_SGP,Singapore,Gross national savings,2017,45.669,0.029276538201487456,IMF
17_SGP,Singapore,Gross national savings,2018,40.341,-0.11666557183209614,IMF
17_SGP,Singapore,Gross national savings,2019,39.795,-0.013534617386777748,IMF
17_SGP,Singapore,Gross national savings,2020,40.628,0.020932277924362364,IMF
17_SGP,Singapore,Gross national savings,2021,43.371,0.06751501427586892,IMF
17_SGP,Singapore,Gross national savings,2022,40.802,-0.059233128127089585,IMF
17_SGP,Singapore,Gross national savings,2023,37.522,-0.08038821626390869,IMF
17_SGP,Singapore,Gross national savings,2024,39.05,0.04072277597143015,IMF
17_SGP,Singapore,Gross national savings,2025,39.2,0.003841229193342066,IMF
17_SGP,Singapore,Gross national savings,2026,40.63,0.03647959183673466,IMF
17_SGP,Singapore,Gross national savings,2027,40.697,0.0016490278119616342,IMF
17_SGP,Singapore,Gross national savings,2028,42.06,0.03349141214340112,IMF
17_SGP,Singapore,Gross national savings,2029,41.711,-0.00829766999524495,IMF
17_SGP,Singapore,Gross national savings,2030,42.314,0.0144566181582797,IMF
17_SGP,Singapore,Gross national savings,2031,43.046,0.01729923902254571,IMF
17_SGP,Singapore,Population,1980,2.414,,IMF
17_SGP,Singapore,Population,1981,2.533,0.04929577464788726,IMF
17_SGP,Singapore,Population,1982,2.646,0.04461113304382147,IMF
17_SGP,Singapore,Population,1983,2.681,0.013227513227513255,IMF
17_SGP,Singapore,Population,1984,2.732,0.01902275270421483,IMF
17_SGP,Singapore,Population,1985,2.736,0.0014641288433381305,IMF
17_SGP,Singapore,Population,1986,2.733,-0.0010964912280702066,IMF
17_SGP,Singapore,Population,1987,2.775,0.015367727771679496,IMF
17_SGP,Singapore,Population,1988,2.846,0.025585585585585546,IMF
17_SGP,Singapore,Population,1989,2.931,0.02986647926914965,IMF
17_SGP,Singapore,Population,1990,3.047,0.03957693619924951,IMF
17_SGP,Singapore,Population,1991,3.135,0.028880866425992746,IMF
17_SGP,Singapore,Population,1992,3.231,0.030622009569378106,IMF
17_SGP,Singapore,Population,1993,3.313,0.02537913958526783,IMF
17_SGP,Singapore,Population,1994,3.419,0.03199517054029566,IMF
17_SGP,Singapore,Population,1995,3.525,0.031003217315004328,IMF
17_SGP,Singapore,Population,1996,3.671,0.04141843971631198,IMF
17_SGP,Singapore,Population,1997,3.796,0.034050667393080936,IMF
17_SGP,Singapore,Population,1998,3.927,0.034510010537407876,IMF
17_SGP,Singapore,Population,1999,3.959,0.008148714031066984,IMF
17_SGP,Singapore,Population,2000,4.028,0.0174286435968678,IMF
17_SGP,Singapore,Population,2001,4.138,0.027308838133068614,IMF
17_SGP,Singapore,Population,2002,4.176,0.009183180280328829,IMF
17_SGP,Singapore,Population,2003,4.115,-0.01460727969348663,IMF
17_SGP,Singapore,Population,2004,4.167,0.012636695018225952,IMF
17_SGP,Singapore,Population,2005,4.266,0.023758099352051865,IMF
17_SGP,Singapore,Population,2006,4.401,0.03164556962025311,IMF
17_SGP,Singapore,Population,2007,4.589,0.04271756418995687,IMF
17_SGP,Singapore,Population,2008,4.839,0.05447809980387874,IMF
17_SGP,Singapore,Population,2009,4.988,0.030791485844182676,IMF
17_SGP,Singapore,Population,2010,5.077,0.017842822774658984,IMF
17_SGP,Singapore,Population,2011,5.184,0.02107543825093572,IMF
17_SGP,Singapore,Population,2012,5.312,0.024691358024691468,IMF
17_SGP,Singapore,Population,2013,5.399,0.01637801204819267,IMF
17_SGP,Singapore,Population,2014,5.47,0.013150583441377872,IMF
17_SGP,Singapore,Population,2015,5.535,0.01188299817184646,IMF
17_SGP,Singapore,Population,2016,5.607,0.01300813008130075,IMF
17_SGP,Singapore,Population,2017,5.612,0.0008917424647760797,IMF
17_SGP,Singapore,Population,2018,5.639,0.00481111903064857,IMF
17_SGP,Singapore,Population,2019,5.704,0.011526866465685348,IMF
17_SGP,Singapore,Population,2020,5.686,-0.003155680224403934,IMF
17_SGP,Singapore,Population,2021,5.454,-0.040801969750263845,IMF
17_SGP,Singapore,Population,2022,5.637,0.03355335533553361,IMF
17_SGP,Singapore,Population,2023,5.918,0.04984921057299996,IMF
17_SGP,Singapore,Population,2024,6.037,0.020108144643460557,IMF
17_SGP,Singapore,Population,2025,6.077,0.006625807520291627,IMF
17_SGP,Singapore,Population,2026,6.121,0.007240414678295393,IMF
17_SGP,Singapore,Population,2027,6.169,0.007841855905897699,IMF
17_SGP,Singapore,Population,2028,6.221,0.008429242989139274,IMF
17_SGP,Singapore,Population,2029,6.265,0.007072817874939741,IMF
17_SGP,Singapore,Population,2030,6.314,0.007821229050279488,IMF
17_SGP,Singapore,Population,2031,6.365,0.008077288565093488,IMF
17_SGP,Singapore,Real GDP PPP 2021 USD,1980,66523.61188,,IMF
17_SGP,Singapore,Real GDP PPP 2021 USD,1981,73721.878343,0.10820618814241101,IMF
17_SGP,Singapore,Real GDP PPP 2021 USD,1982,78938.668368,0.0707631186596771,IMF
17_SGP,Singapore,Real GDP PPP 2021 USD,1983,85704.602081,0.08571127247115773,IMF
17_SGP,Singapore,Real GDP PPP 2021 USD,1984,93234.576056,0.08785962237924361,IMF
17_SGP,Singapore,Real GDP PPP 2021 USD,1985,92662.954704,-0.006131001782607615,IMF
17_SGP,Singapore,Real GDP PPP 2021 USD,1986,93892.95290999999,0.013273893649615065,IMF
17_SGP,Singapore,Real GDP PPP 2021 USD,1987,104053.55894999999,0.108214788491521,IMF
17_SGP,Singapore,Real GDP PPP 2021 USD,1988,115760.532028,0.1125091077723297,IMF
17_SGP,Singapore,Real GDP PPP 2021 USD,1989,127529.592048,0.10166729379883388,IMF
17_SGP,Singapore,Real GDP PPP 2021 USD,1990,140043.34982,0.09812434566002559,IMF
17_SGP,Singapore,Real GDP PPP 2021 USD,1991,149412.523095,0.06690195062487692,IMF
17_SGP,Singapore,Real GDP PPP 2021 USD,1992,159352.335189,0.0665259637418747,IMF
17_SGP,Singapore,Real GDP PPP 2021 USD,1993,177571.711232,0.11433391309509755,IMF
17_SGP,Singapore,Real GDP PPP 2021 USD,1994,197299.791949,0.11109923185470105,IMF
17_SGP,Singapore,Real GDP PPP 2021 USD,1995,211489.44967499998,0.0719192736385037,IMF
17_SGP,Singapore,Real GDP PPP 2021 USD,1996,227277.12751299998,0.07464995470110325,IMF
17_SGP,Singapore,Real GDP PPP 2021 USD,1997,246155.655148,0.08306391338882158,IMF
17_SGP,Singapore,Real GDP PPP 2021 USD,1998,240751.697571,-0.021953416320055208,IMF
17_SGP,Singapore,Real GDP PPP 2021 USD,1999,254550.389842,0.05731503623948764,IMF
17_SGP,Singapore,Real GDP PPP 2021 USD,2000,277545.82758399996,0.09033746817780663,IMF
17_SGP,Singapore,Real GDP PPP 2021 USD,2001,274565.192562,-0.01073925357821437,IMF
17_SGP,Singapore,Real GDP PPP 2021 USD,2002,285341.620032,0.03924906638545078,IMF
17_SGP,Singapore,Real GDP PPP 2021 USD,2003,298328.73093500006,0.0455142537620119,IMF
17_SGP,Singapore,Real GDP PPP 2021 USD,2004,327995.133345,0.0994419891004854,IMF
17_SGP,Singapore,Real GDP PPP 2021 USD,2005,352147.56247799995,0.07363654724594748,IMF
17_SGP,Singapore,Real GDP PPP 2021 USD,2006,383811.42124799994,0.0899164502153218,IMF
17_SGP,Singapore,Real GDP PPP 2021 USD,2007,418508.319528,0.09040090096115372,IMF
17_SGP,Singapore,Real GDP PPP 2021 USD,2008,426235.01611500006,0.018462468310580515,IMF
17_SGP,Singapore,Real GDP PPP 2021 USD,2009,426851.86594000005,0.0014472058880155014,IMF
17_SGP,Singapore,Real GDP PPP 2021 USD,2010,488813.64630900003,0.14515991451167642,IMF
17_SGP,Singapore,Real GDP PPP 2021 USD,2011,519196.931136,0.06215719437544798,IMF
17_SGP,Singapore,Real GDP PPP 2021 USD,2012,542148.664128,0.044206218518629825,IMF
17_SGP,Singapore,Real GDP PPP 2021 USD,2013,568297.087906,0.04823109510019252,IMF
17_SGP,Singapore,Real GDP PPP 2021 USD,2014,590710.17377,0.03943902993869863,IMF
17_SGP,Singapore,Real GDP PPP 2021 USD,2015,608263.516935,0.029715660817168477,IMF
17_SGP,Singapore,Real GDP PPP 2021 USD,2016,632020.7484360001,0.03905746578507818,IMF
17_SGP,Singapore,Real GDP PPP 2021 USD,2017,659370.536416,0.0432735603185177,IMF
17_SGP,Singapore,Real GDP PPP 2021 USD,2018,680451.865071,0.031971899699351436,IMF
17_SGP,Singapore,Real GDP PPP 2021 USD,2019,688349.262768,0.01160610779746496,IMF
17_SGP,Singapore,Real GDP PPP 2021 USD,2020,663466.440804,-0.03614854160508696,IMF
17_SGP,Singapore,Real GDP PPP 2021 USD,2021,730782.479898,0.10146110632577776,IMF
17_SGP,Singapore,Real GDP PPP 2021 USD,2022,760025.4416369998,0.04001595898013521,IMF
17_SGP,Singapore,Real GDP PPP 2021 USD,2023,771096.722792,0.014566987561829503,IMF
17_SGP,Singapore,Real GDP PPP 2021 USD,2024,812270.888268,0.053396888171066026,IMF
17_SGP,Singapore,Real GDP PPP 2021 USD,2025,853015.795147,0.05016172248383799,IMF
17_SGP,Singapore,Real GDP PPP 2021 USD,2026,882993.9202010001,0.03514369279508345,IMF
17_SGP,Singapore,Real GDP PPP 2021 USD,2027,906472.1443959998,0.026589338451679545,IMF
17_SGP,Singapore,Real GDP PPP 2021 USD,2028,929381.218664,0.025272783515333463,IMF
17_SGP,Singapore,Real GDP PPP 2021 USD,2029,952467.14808,0.024840107538633305,IMF
17_SGP,Singapore,Real GDP PPP 2021 USD,2030,976362.9149120001,0.02508828454626455,IMF
17_SGP,Singapore,Real GDP PPP 2021 USD,2031,1000705.9174050001,0.024932330101040456,IMF
17_SGP,Singapore,Total investment,1980,45.028,,IMF
17_SGP,Singapore,Total investment,1981,44.783,-0.005441058896686446,IMF
17_SGP,Singapore,Total investment,1982,46.27,0.03320456423196316,IMF
17_SGP,Singapore,Total investment,1983,46.451,0.003911821914847513,IMF
17_SGP,Singapore,Total investment,1984,46.928,0.010268885492239033,IMF
17_SGP,Singapore,Total investment,1985,41.099,-0.12421155813160589,IMF
17_SGP,Singapore,Total investment,1986,36.558,-0.11048930630915588,IMF
17_SGP,Singapore,Total investment,1987,36.519,-0.0010667979648777415,IMF
17_SGP,Singapore,Total investment,1988,33.408,-0.08518853199704257,IMF
17_SGP,Singapore,Total investment,1989,34.061,0.01954621647509569,IMF
17_SGP,Singapore,Total investment,1990,35.653,0.04673967293972581,IMF
17_SGP,Singapore,Total investment,1991,33.98,-0.04692452248057677,IMF
17_SGP,Singapore,Total investment,1992,35.516,0.04520306062389645,IMF
17_SGP,Singapore,Total investment,1993,37.202,0.04747156211285053,IMF
17_SGP,Singapore,Total investment,1994,32.912,-0.11531638083973983,IMF
17_SGP,Singapore,Total investment,1995,33.881,0.02944214876033069,IMF
17_SGP,Singapore,Total investment,1996,35.04,0.0342079631651957,IMF
17_SGP,Singapore,Total investment,1997,38.17,0.08932648401826482,IMF
17_SGP,Singapore,Total investment,1998,31.49,-0.17500654964631923,IMF
17_SGP,Singapore,Total investment,1999,32.691,0.038139091775166944,IMF
17_SGP,Singapore,Total investment,2000,35.174,0.0759536263803493,IMF
17_SGP,Singapore,Total investment,2001,27.609,-0.2150736339341558,IMF
17_SGP,Singapore,Total investment,2002,25.074,-0.09181788547212866,IMF
17_SGP,Singapore,Total investment,2003,17.225,-0.3130334210736221,IMF
17_SGP,Singapore,Total investment,2004,22.892,0.32899854862118993,IMF
17_SGP,Singapore,Total investment,2005,21.507,-0.06050148523501653,IMF
17_SGP,Singapore,Total investment,2006,22.379,0.040544938857116186,IMF
17_SGP,Singapore,Total investment,2007,23.066,0.03069842262835687,IMF
17_SGP,Singapore,Total investment,2008,30.16,0.30755224139425996,IMF
17_SGP,Singapore,Total investment,2009,27.37,-0.09250663129973469,IMF
17_SGP,Singapore,Total investment,2010,27.658,0.010522469857508154,IMF
17_SGP,Singapore,Total investment,2011,26.692,-0.03492660351435395,IMF
17_SGP,Singapore,Total investment,2012,29.263,0.09632099505469816,IMF
17_SGP,Singapore,Total investment,2013,29.98,0.024501930765813418,IMF
17_SGP,Singapore,Total investment,2014,29.43,-0.018345563709139423,IMF
17_SGP,Singapore,Total investment,2015,25.353,-0.13853211009174304,IMF
17_SGP,Singapore,Total investment,2016,26.343,0.03904863329783459,IMF
17_SGP,Singapore,Total investment,2017,27.18,0.03177314656645036,IMF
17_SGP,Singapore,Total investment,2018,24.665,-0.0925312729948492,IMF
17_SGP,Singapore,Total investment,2019,24.341,-0.01313602270423675,IMF
17_SGP,Singapore,Total investment,2020,22.931,-0.05792695452117824,IMF
17_SGP,Singapore,Total investment,2021,24.118,0.05176398761501888,IMF
17_SGP,Singapore,Total investment,2022,21.879,-0.09283522680155887,IMF
17_SGP,Singapore,Total investment,2023,21.131,-0.03418803418803429,IMF
17_SGP,Singapore,Total investment,2024,21.849,0.03397851497799431,IMF
17_SGP,Singapore,Total investment,2025,22.486,0.0291546523868369,IMF
17_SGP,Singapore,Total investment,2026,24.06,0.06999911055768027,IMF
17_SGP,Singapore,Total investment,2027,24.155,0.00394846217788869,IMF
17_SGP,Singapore,Total investment,2028,25.521,0.05655143862554346,IMF
17_SGP,Singapore,Total investment,2029,25.354,-0.006543630735472816,IMF
17_SGP,Singapore,Total investment,2030,26.031,0.026701901080697255,IMF
17_SGP,Singapore,Total investment,2031,26.722,0.026545272943797826,IMF
18_CT,Chinese Taipei,"Gross domestic product per capita, constant prices",1980,9121.294,,IMF
18_CT,Chinese Taipei,"Gross domestic product per capita, constant prices",1981,9805.325,0.07499275870287714,IMF
18_CT,Chinese Taipei,"Gross domestic product per capita, constant prices",1982,10098.436,0.029893042810921422,IMF
18_CT,Chinese Taipei,"Gross domestic product per capita, constant prices",1983,10848.718,0.07429685151245224,IMF
18_CT,Chinese Taipei,"Gross domestic product per capita, constant prices",1984,11764.528,0.08441642597770538,IMF
18_CT,Chinese Taipei,"Gross domestic product per capita, constant prices",1985,12174.01,0.03480649627422361,IMF
18_CT,Chinese Taipei,"Gross domestic product per capita, constant prices",1986,13439.703,0.10396681126432461,IMF
18_CT,Chinese Taipei,"Gross domestic product per capita, constant prices",1987,14987.568,0.11517107186073972,IMF
18_CT,Chinese Taipei,"Gross domestic product per capita, constant prices",1988,16004.097,0.06782481320518441,IMF
18_CT,Chinese Taipei,"Gross domestic product per capita, constant prices",1989,17225.487,0.07631733299292054,IMF
18_CT,Chinese Taipei,"Gross domestic product per capita, constant prices",1990,17961.938,0.04275356627072413,IMF
18_CT,Chinese Taipei,"Gross domestic product per capita, constant prices",1991,19272.501,0.07296334059275789,IMF
18_CT,Chinese Taipei,"Gross domestic product per capita, constant prices",1992,20676.717,0.07286111958172947,IMF
18_CT,Chinese Taipei,"Gross domestic product per capita, constant prices",1993,21882.962,0.058338323245416435,IMF
18_CT,Chinese Taipei,"Gross domestic product per capita, constant prices",1994,23322.398,0.06577884657479194,IMF
18_CT,Chinese Taipei,"Gross domestic product per capita, constant prices",1995,24629.294,0.05603609028539869,IMF
18_CT,Chinese Taipei,"Gross domestic product per capita, constant prices",1996,25946.445,0.053479040040692816,IMF
18_CT,Chinese Taipei,"Gross domestic product per capita, constant prices",1997,27241.467,0.04991134623644977,IMF
18_CT,Chinese Taipei,"Gross domestic product per capita, constant prices",1998,28146.428,0.03321998040707563,IMF
18_CT,Chinese Taipei,"Gross domestic product per capita, constant prices",1999,29818.511,0.05940657905152302,IMF
18_CT,Chinese Taipei,"Gross domestic product per capita, constant prices",2000,31439.081,0.05434778416668751,IMF
18_CT,Chinese Taipei,"Gross domestic product per capita, constant prices",2001,30820.019,-0.019690842744417347,IMF
18_CT,Chinese Taipei,"Gross domestic product per capita, constant prices",2002,32343.78,0.049440624939264266,IMF
18_CT,Chinese Taipei,"Gross domestic product per capita, constant prices",2003,33585.224,0.03838277406042212,IMF
18_CT,Chinese Taipei,"Gross domestic product per capita, constant prices",2004,35786.154,0.0655326878272422,IMF
18_CT,Chinese Taipei,"Gross domestic product per capita, constant prices",2005,37578.016,0.050071376767673925,IMF
18_CT,Chinese Taipei,"Gross domestic product per capita, constant prices",2006,39562.011,0.05279669368388151,IMF
18_CT,Chinese Taipei,"Gross domestic product per capita, constant prices",2007,42121.369,0.0646923130373731,IMF
18_CT,Chinese Taipei,"Gross domestic product per capita, constant prices",2008,42312.813,0.0045450564534121884,IMF
18_CT,Chinese Taipei,"Gross domestic product per capita, constant prices",2009,41481.049,-0.01965749712740683,IMF
18_CT,Chinese Taipei,"Gross domestic product per capita, constant prices",2010,45647.287,0.10043714178973628,IMF
18_CT,Chinese Taipei,"Gross domestic product per capita, constant prices",2011,47196.008,0.03392799664085189,IMF
18_CT,Chinese Taipei,"Gross domestic product per capita, constant prices",2012,48056.08,0.018223405674479887,IMF
18_CT,Chinese Taipei,"Gross domestic product per capita, constant prices",2013,49127.797,0.0223013820519693,IMF
18_CT,Chinese Taipei,"Gross domestic product per capita, constant prices",2014,51313.769,0.04449562434073728,IMF
18_CT,Chinese Taipei,"Gross domestic product per capita, constant prices",2015,51936.357,0.012132961817714172,IMF
18_CT,Chinese Taipei,"Gross domestic product per capita, constant prices",2016,52953.169,0.01957803855977036,IMF
18_CT,Chinese Taipei,"Gross domestic product per capita, constant prices",2017,54819.009,0.03523566266638345,IMF
18_CT,Chinese Taipei,"Gross domestic product per capita, constant prices",2018,56369.427,0.0282824886527957,IMF
18_CT,Chinese Taipei,"Gross domestic product per capita, constant prices",2019,58056.763,0.029933531167524396,IMF
18_CT,Chinese Taipei,"Gross domestic product per capita, constant prices",2020,60149.198,0.03604119299589614,IMF
18_CT,Chinese Taipei,"Gross domestic product per capita, constant prices",2021,64701.984,0.07569154953653756,IMF
18_CT,Chinese Taipei,"Gross domestic product per capita, constant prices",2022,66754.34,0.0317201401428433,IMF
18_CT,Chinese Taipei,"Gross domestic product per capita, constant prices",2023,67029.707,0.004125080107151069,IMF
18_CT,Chinese Taipei,"Gross domestic product per capita, constant prices",2024,70621.197,0.0535805713726305,IMF
18_CT,Chinese Taipei,"Gross domestic product per capita, constant prices",2025,77081.408,0.09147693999012785,IMF
18_CT,Chinese Taipei,"Gross domestic product per capita, constant prices",2026,81426.636,0.056371933423945864,IMF
18_CT,Chinese Taipei,"Gross domestic product per capita, constant prices",2027,84208.317,0.03416180670904789,IMF
18_CT,Chinese Taipei,"Gross domestic product per capita, constant prices",2028,86645.695,0.028944623130278346,IMF
18_CT,Chinese Taipei,"Gross domestic product per capita, constant prices",2029,89084.249,0.028143971838415993,IMF
18_CT,Chinese Taipei,"Gross domestic product per capita, constant prices",2030,91637.457,0.028660599698157707,IMF
18_CT,Chinese Taipei,"Gross domestic product per capita, constant prices",2031,93990.617,0.02567901900638736,IMF
18_CT,Chinese Taipei,Gross national savings,1980,32.111,,IMF
18_CT,Chinese Taipei,Gross national savings,1981,31.643,-0.014574444894272842,IMF
18_CT,Chinese Taipei,Gross national savings,1982,30.87,-0.024428783617229666,IMF
18_CT,Chinese Taipei,Gross national savings,1983,33.747,0.09319727891156449,IMF
18_CT,Chinese Taipei,Gross national savings,1984,35.683,0.05736806234628267,IMF
18_CT,Chinese Taipei,Gross national savings,1985,35.207,-0.01333968556455456,IMF
18_CT,Chinese Taipei,Gross national savings,1986,41.325,0.17377226119805722,IMF
18_CT,Chinese Taipei,Gross national savings,1987,40.775,-0.013309134906231201,IMF
18_CT,Chinese Taipei,Gross national savings,1988,36.767,-0.09829552421827092,IMF
18_CT,Chinese Taipei,Gross national savings,1989,32.761,-0.10895640112057003,IMF
18_CT,Chinese Taipei,Gross national savings,1990,31.907,-0.026067580354690145,IMF
18_CT,Chinese Taipei,Gross national savings,1991,32.419,0.016046635534522125,IMF
18_CT,Chinese Taipei,Gross national savings,1992,31.867,-0.017027052037385415,IMF
18_CT,Chinese Taipei,Gross national savings,1993,31.508,-0.011265572535852142,IMF
18_CT,Chinese Taipei,Gross national savings,1994,30.335,-0.03722864034530904,IMF
18_CT,Chinese Taipei,Gross national savings,1995,29.839,-0.016350749958793598,IMF
18_CT,Chinese Taipei,Gross national savings,1996,28.987,-0.028553235698247303,IMF
18_CT,Chinese Taipei,Gross national savings,1997,28.642,-0.011901887052816695,IMF
18_CT,Chinese Taipei,Gross national savings,1998,28.425,-0.0075762865721666905,IMF
18_CT,Chinese Taipei,Gross national savings,1999,28.871,0.015690413368513623,IMF
18_CT,Chinese Taipei,Gross national savings,2000,29.561,0.02389941463752554,IMF
18_CT,Chinese Taipei,Gross national savings,2001,27.187,-0.08030851459693511,IMF
18_CT,Chinese Taipei,Gross national savings,2002,28.907,0.06326553132011625,IMF
18_CT,Chinese Taipei,Gross national savings,2003,30.049,0.03950600200643439,IMF
18_CT,Chinese Taipei,Gross national savings,2004,30.459,0.013644380844620496,IMF
18_CT,Chinese Taipei,Gross national savings,2005,29.474,-0.032338553465314,IMF
18_CT,Chinese Taipei,Gross national savings,2006,31.275,0.06110470244961652,IMF
18_CT,Chinese Taipei,Gross national savings,2007,33.123,0.05908872901678652,IMF
18_CT,Chinese Taipei,Gross national savings,2008,31.049,-0.06261510128913439,IMF
18_CT,Chinese Taipei,Gross national savings,2009,31.062,0.0004186930335920991,IMF
18_CT,Chinese Taipei,Gross national savings,2010,34.056,0.09638786942244537,IMF
18_CT,Chinese Taipei,Gross national savings,2011,31.969,-0.06128141883955829,IMF
18_CT,Chinese Taipei,Gross national savings,2012,32.247,0.008695924176546077,IMF
18_CT,Chinese Taipei,Gross national savings,2013,33.288,0.032282072750953406,IMF
18_CT,Chinese Taipei,Gross national savings,2014,34.75,0.0439197308339343,IMF
18_CT,Chinese Taipei,Gross national savings,2015,36.564,0.05220143884892092,IMF
18_CT,Chinese Taipei,Gross national savings,2016,36.112,-0.01236188600809529,IMF
18_CT,Chinese Taipei,Gross national savings,2017,36.022,-0.002492246344705462,IMF
18_CT,Chinese Taipei,Gross national savings,2018,35.02,-0.02781633446227294,IMF
18_CT,Chinese Taipei,Gross national savings,2019,35.618,0.017075956596230624,IMF
18_CT,Chinese Taipei,Gross national savings,2020,40.213,0.12900780504239417,IMF
18_CT,Chinese Taipei,Gross national savings,2021,43.746,0.08785716061970006,IMF
18_CT,Chinese Taipei,Gross national savings,2022,42.851,-0.020459013395510484,IMF
18_CT,Chinese Taipei,Gross national savings,2023,40.196,-0.061958880772910785,IMF
18_CT,Chinese Taipei,Gross national savings,2024,43.002,0.06980794108866561,IMF
18_CT,Chinese Taipei,Gross national savings,2025,46.788,0.08804241663178436,IMF
18_CT,Chinese Taipei,Gross national savings,2026,43.185,-0.07700692485252614,IMF
18_CT,Chinese Taipei,Gross national savings,2027,42.925,-0.006020609007757471,IMF
18_CT,Chinese Taipei,Gross national savings,2028,41.837,-0.025346534653465258,IMF
18_CT,Chinese Taipei,Gross national savings,2029,41.456,-0.009106771518034296,IMF
18_CT,Chinese Taipei,Gross national savings,2030,40.379,-0.025979351601698286,IMF
18_CT,Chinese Taipei,Gross national savings,2031,39.814,-0.013992421803412647,IMF
18_CT,Chinese Taipei,Population,1980,17.866,,IMF
18_CT,Chinese Taipei,Population,1981,18.194,0.018358893988581704,IMF
18_CT,Chinese Taipei,Population,1982,18.516,0.017698142244696013,IMF
18_CT,Chinese Taipei,Population,1983,18.791,0.014852019874703082,IMF
18_CT,Chinese Taipei,Population,1984,19.069,0.01479431642807727,IMF
18_CT,Chinese Taipei,Population,1985,19.314,0.012848078032408727,IMF
18_CT,Chinese Taipei,Population,1986,19.509,0.01009630319975141,IMF
18_CT,Chinese Taipei,Population,1987,19.725,0.011071813009380316,IMF
18_CT,Chinese Taipei,Population,1988,19.954,0.011609632446134333,IMF
18_CT,Chinese Taipei,Population,1989,20.157,0.010173398817279633,IMF
18_CT,Chinese Taipei,Population,1990,20.401,0.012104975938879825,IMF
18_CT,Chinese Taipei,Population,1991,20.606,0.010048527032988641,IMF
18_CT,Chinese Taipei,Population,1992,20.803,0.009560322236241925,IMF
18_CT,Chinese Taipei,Population,1993,20.995,0.009229438061818085,IMF
18_CT,Chinese Taipei,Population,1994,21.178,0.008716361038342502,IMF
18_CT,Chinese Taipei,Population,1995,21.357,0.008452167343469652,IMF
18_CT,Chinese Taipei,Population,1996,21.525,0.007866273352999054,IMF
18_CT,Chinese Taipei,Population,1997,21.743,0.010127758420441335,IMF
18_CT,Chinese Taipei,Population,1998,21.929,0.008554477303040153,IMF
18_CT,Chinese Taipei,Population,1999,22.092,0.007433079483788685,IMF
18_CT,Chinese Taipei,Population,2000,22.277,0.008374072062285132,IMF
18_CT,Chinese Taipei,Population,2001,22.406,0.005790725860753243,IMF
18_CT,Chinese Taipei,Population,2002,22.521,0.005132553780237581,IMF
18_CT,Chinese Taipei,Population,2003,22.605,0.0037298521380044747,IMF
18_CT,Chinese Taipei,Population,2004,22.689,0.0037159920371598876,IMF
18_CT,Chinese Taipei,Population,2005,22.77,0.0035700119000396935,IMF
18_CT,Chinese Taipei,Population,2006,22.877,0.004699165568730734,IMF
18_CT,Chinese Taipei,Population,2007,22.958,0.003540674039428149,IMF
18_CT,Chinese Taipei,Population,2008,23.037,0.0034410662949735382,IMF
18_CT,Chinese Taipei,Population,2009,23.12,0.0036028996831185545,IMF
18_CT,Chinese Taipei,Population,2010,23.162,0.0018166089965396814,IMF
18_CT,Chinese Taipei,Population,2011,23.225,0.0027199723685347177,IMF
18_CT,Chinese Taipei,Population,2012,23.316,0.003918191603875076,IMF
18_CT,Chinese Taipei,Population,2013,23.374,0.0024875621890547706,IMF
18_CT,Chinese Taipei,Population,2014,23.434,0.0025669547360316347,IMF
18_CT,Chinese Taipei,Population,2015,23.492,0.002475036272083342,IMF
18_CT,Chinese Taipei,Population,2016,23.54,0.0020432487655370757,IMF
18_CT,Chinese Taipei,Population,2017,23.571,0.0013169073916738938,IMF
18_CT,Chinese Taipei,Population,2018,23.589,0.0007636502481862539,IMF
18_CT,Chinese Taipei,Population,2019,23.603,0.0005934969689262992,IMF
18_CT,Chinese Taipei,Population,2020,23.561,-0.0017794348176080055,IMF
18_CT,Chinese Taipei,Population,2021,23.375,-0.00789440176562961,IMF
18_CT,Chinese Taipei,Population,2022,23.265,-0.004705882352941115,IMF
18_CT,Chinese Taipei,Population,2023,23.42,0.006662368364495963,IMF
18_CT,Chinese Taipei,Population,2024,23.4,-0.000853970964987294,IMF
18_CT,Chinese Taipei,Population,2025,23.299,-0.0043162393162392565,IMF
18_CT,Chinese Taipei,Population,2026,23.198,-0.0043349499978539985,IMF
18_CT,Chinese Taipei,Population,2027,23.098,-0.004310716441072615,IMF
18_CT,Chinese Taipei,Population,2028,22.998,-0.0043293791670273585,IMF
18_CT,Chinese Taipei,Population,2029,22.899,-0.004304722149752194,IMF
18_CT,Chinese Taipei,Population,2030,22.8,-0.004323332896633003,IMF
18_CT,Chinese Taipei,Population,2031,22.702,-0.004298245614035023,IMF
18_CT,Chinese Taipei,Real GDP PPP 2021 USD,1980,162961.038604,,IMF
18_CT,Chinese Taipei,Real GDP PPP 2021 USD,1981,178398.08305000002,0.09472843679839626,IMF
18_CT,Chinese Taipei,Real GDP PPP 2021 USD,1982,186982.64097599997,0.04812023637941176,IMF
18_CT,Chinese Taipei,Real GDP PPP 2021 USD,1983,203858.25993800003,0.09025232970244623,IMF
18_CT,Chinese Taipei,Real GDP PPP 2021 USD,1984,224337.784432,0.10045962572342404,IMF
18_CT,Chinese Taipei,Real GDP PPP 2021 USD,1985,235128.82914000002,0.048101770886798345,IMF
18_CT,Chinese Taipei,Real GDP PPP 2021 USD,1986,262195.165827,0.11511279491331194,IMF
18_CT,Chinese Taipei,Real GDP PPP 2021 USD,1987,295629.77880000003,0.1275180374418523,IMF
18_CT,Chinese Taipei,Real GDP PPP 2021 USD,1988,319345.751538,0.08022186680335874,IMF
18_CT,Chinese Taipei,Real GDP PPP 2021 USD,1989,347214.141459,0.08726713847540823,IMF
18_CT,Chinese Taipei,Real GDP PPP 2021 USD,1990,366441.497138,0.055376073100612544,IMF
18_CT,Chinese Taipei,Real GDP PPP 2021 USD,1991,397129.15560600004,0.08374504172611008,IMF
18_CT,Chinese Taipei,Real GDP PPP 2021 USD,1992,430137.74375100003,0.08311801759966597,IMF
18_CT,Chinese Taipei,Real GDP PPP 2021 USD,1993,459432.78719,0.06810619124825834,IMF
18_CT,Chinese Taipei,Real GDP PPP 2021 USD,1994,493921.74484400003,0.07506855978856608,IMF
18_CT,Chinese Taipei,Real GDP PPP 2021 USD,1995,526007.831958,0.06496188404123404,IMF
18_CT,Chinese Taipei,Real GDP PPP 2021 USD,1996,558497.228625,0.061765994141308234,IMF
18_CT,Chinese Taipei,Real GDP PPP 2021 USD,1997,592311.2169809999,0.060544594714012634,IMF
18_CT,Chinese Taipei,Real GDP PPP 2021 USD,1998,617223.019612,0.042058637278515665,IMF
18_CT,Chinese Taipei,Real GDP PPP 2021 USD,1999,658750.5450119999,0.06728123235926131,IMF
18_CT,Chinese Taipei,Real GDP PPP 2021 USD,2000,700368.407437,0.06317696849001009,IMF
18_CT,Chinese Taipei,Real GDP PPP 2021 USD,2001,690553.3457139999,-0.014014141155964333,IMF
18_CT,Chinese Taipei,Real GDP PPP 2021 USD,2002,728414.26938,0.0548269353859312,IMF
18_CT,Chinese Taipei,Real GDP PPP 2021 USD,2003,759193.98852,0.042255788270318506,IMF
18_CT,Chinese Taipei,Real GDP PPP 2021 USD,2004,811952.0481060001,0.06949219881054192,IMF
18_CT,Chinese Taipei,Real GDP PPP 2021 USD,2005,855651.4243200001,0.053820144078625676,IMF
18_CT,Chinese Taipei,Real GDP PPP 2021 USD,2006,905060.1256469999,0.05774395965771428,IMF
18_CT,Chinese Taipei,Real GDP PPP 2021 USD,2007,967022.389502,0.06846204147012336,IMF
18_CT,Chinese Taipei,Real GDP PPP 2021 USD,2008,974760.273081,0.00800176258895613,IMF
18_CT,Chinese Taipei,Real GDP PPP 2021 USD,2009,959041.85288,-0.016125421434459497,IMF
18_CT,Chinese Taipei,Real GDP PPP 2021 USD,2010,1057282.461494,0.10243620580163793,IMF
18_CT,Chinese Taipei,Real GDP PPP 2021 USD,2011,1096127.2858000002,0.036740252222769554,IMF
18_CT,Chinese Taipei,Real GDP PPP 2021 USD,2012,1120475.56128,0.022213000073462608,IMF
18_CT,Chinese Taipei,Real GDP PPP 2021 USD,2013,1148313.127078,0.024844420315780047,IMF
18_CT,Chinese Taipei,Real GDP PPP 2021 USD,2014,1202486.862746,0.04717679733040292,IMF
18_CT,Chinese Taipei,Real GDP PPP 2021 USD,2015,1220088.898644,0.014638027610383908,IMF
18_CT,Chinese Taipei,Real GDP PPP 2021 USD,2016,1246517.5982599999,0.021661290128426325,IMF
18_CT,Chinese Taipei,Real GDP PPP 2021 USD,2017,1292138.861139,0.03659897216267316,IMF
18_CT,Chinese Taipei,Real GDP PPP 2021 USD,2018,1329698.413503,0.029067736830461044,IMF
18_CT,Chinese Taipei,Real GDP PPP 2021 USD,2019,1370313.777089,0.03054479359646778,IMF
18_CT,Chinese Taipei,Real GDP PPP 2021 USD,2020,1417175.2540779999,0.03419762522460301,IMF
18_CT,Chinese Taipei,Real GDP PPP 2021 USD,2021,1512408.876,0.0671996082686035,IMF
18_CT,Chinese Taipei,Real GDP PPP 2021 USD,2022,1553039.7201,0.026864986542171065,IMF
18_CT,Chinese Taipei,Real GDP PPP 2021 USD,2023,1569835.73794,0.010814931274854,IMF
18_CT,Chinese Taipei,Real GDP PPP 2021 USD,2024,1652536.0097999999,0.05268084415540342,IMF
18_CT,Chinese Taipei,Real GDP PPP 2021 USD,2025,1795919.7249919998,0.08676586430897393,IMF
18_CT,Chinese Taipei,Real GDP PPP 2021 USD,2026,1888935.101928,0.05179261391341683,IMF
18_CT,Chinese Taipei,Real GDP PPP 2021 USD,2027,1945043.7060659998,0.029703828406137722,IMF
18_CT,Chinese Taipei,Real GDP PPP 2021 USD,2028,1992677.6936100002,0.024489931714873237,IMF
18_CT,Chinese Taipei,Real GDP PPP 2021 USD,2029,2039940.217851,0.02371809770970912,IMF
18_CT,Chinese Taipei,Real GDP PPP 2021 USD,2030,2089334.0196,0.024213357488012344,IMF
18_CT,Chinese Taipei,Real GDP PPP 2021 USD,2031,2133774.9871340003,0.02127039866153546,IMF
18_CT,Chinese Taipei,Total investment,1980,34.124,,IMF
18_CT,Chinese Taipei,Total investment,1981,30.388,-0.10948306177470402,IMF
18_CT,Chinese Taipei,Total investment,1982,26.2,-0.13781755956298547,IMF
18_CT,Chinese Taipei,Total investment,1983,25.427,-0.029503816793893134,IMF
18_CT,Chinese Taipei,Total investment,1984,24.379,-0.041216030204113685,IMF
18_CT,Chinese Taipei,Total investment,1985,20.836,-0.14532999712867645,IMF
18_CT,Chinese Taipei,Total investment,1986,20.679,-0.0075350355154539805,IMF
18_CT,Chinese Taipei,Total investment,1987,23.653,0.14381739929396975,IMF
18_CT,Chinese Taipei,Total investment,1988,28.826,0.2187037585084346,IMF
18_CT,Chinese Taipei,Total investment,1989,25.482,-0.11600638312634426,IMF
18_CT,Chinese Taipei,Total investment,1990,25.475,-0.000274703712424329,IMF
18_CT,Chinese Taipei,Total investment,1991,25.928,0.017782139352306103,IMF
18_CT,Chinese Taipei,Total investment,1992,28.184,0.08701018204257949,IMF
18_CT,Chinese Taipei,Total investment,1993,28.649,0.01649872267953456,IMF
18_CT,Chinese Taipei,Total investment,1994,27.959,-0.02408461028308151,IMF
18_CT,Chinese Taipei,Total investment,1995,28.003,0.001573732966128949,IMF
18_CT,Chinese Taipei,Total investment,1996,25.418,-0.09231153804949477,IMF
18_CT,Chinese Taipei,Total investment,1997,26.593,0.0462270831694076,IMF
18_CT,Chinese Taipei,Total investment,1998,27.417,0.030985597713684143,IMF
18_CT,Chinese Taipei,Total investment,1999,26.515,-0.032899296057190774,IMF
18_CT,Chinese Taipei,Total investment,2000,27.221,0.02662643786535912,IMF
18_CT,Chinese Taipei,Total investment,2001,21.464,-0.21149112817310167,IMF
18_CT,Chinese Taipei,Total investment,2002,21.053,-0.01914834140887056,IMF
18_CT,Chinese Taipei,Total investment,2003,21.741,0.03267942811000801,IMF
18_CT,Chinese Taipei,Total investment,2004,25.455,0.17082930867945345,IMF
18_CT,Chinese Taipei,Total investment,2005,24.561,-0.03512080141426044,IMF
18_CT,Chinese Taipei,Total investment,2006,24.706,0.0059036684174096354,IMF
18_CT,Chinese Taipei,Total investment,2007,24.208,-0.020157046871205453,IMF
18_CT,Chinese Taipei,Total investment,2008,24.61,0.016606080634500975,IMF
18_CT,Chinese Taipei,Total investment,2009,19.972,-0.18845997561966676,IMF
18_CT,Chinese Taipei,Total investment,2010,25.088,0.2561586220708991,IMF
18_CT,Chinese Taipei,Total investment,2011,23.606,-0.059072066326530615,IMF
18_CT,Chinese Taipei,Total investment,2012,22.69,-0.038803693976107834,IMF
18_CT,Chinese Taipei,Total investment,2013,22.536,-0.006787130894667204,IMF
18_CT,Chinese Taipei,Total investment,2014,22.564,0.0012424565140218835,IMF
18_CT,Chinese Taipei,Total investment,2015,21.731,-0.036917213260060255,IMF
18_CT,Chinese Taipei,Total investment,2016,21.632,-0.004555703833233671,IMF
18_CT,Chinese Taipei,Total investment,2017,20.917,-0.03305288461538458,IMF
18_CT,Chinese Taipei,Total investment,2018,22.131,0.05803891571449049,IMF
18_CT,Chinese Taipei,Total investment,2019,23.529,0.06316931001762227,IMF
18_CT,Chinese Taipei,Total investment,2020,23.921,0.01666029155510218,IMF
18_CT,Chinese Taipei,Total investment,2021,27.314,0.141841896241796,IMF
18_CT,Chinese Taipei,Total investment,2022,28.024,0.02599399575309369,IMF
18_CT,Chinese Taipei,Total investment,2023,24.491,-0.12607051099057953,IMF
18_CT,Chinese Taipei,Total investment,2024,26.855,0.09652525417500302,IMF
18_CT,Chinese Taipei,Total investment,2025,25.256,-0.05954198473282446,IMF
18_CT,Chinese Taipei,Total investment,2026,25.063,-0.007641748495407108,IMF
18_CT,Chinese Taipei,Total investment,2027,24.967,-0.0038303475242389418,IMF
18_CT,Chinese Taipei,Total investment,2028,24.719,-0.009933111707453701,IMF
18_CT,Chinese Taipei,Total investment,2029,24.576,-0.005785023666005973,IMF
18_CT,Chinese Taipei,Total investment,2030,24.486,-0.003662109375,IMF
18_CT,Chinese Taipei,Total investment,2031,24.432,-0.002205341827983376,IMF
19_THA,Thailand,"Gross domestic product per capita, constant prices",1980,4642.926,,IMF
19_THA,Thailand,"Gross domestic product per capita, constant prices",1981,4820.476,0.03824097131851745,IMF
19_THA,Thailand,"Gross domestic product per capita, constant prices",1982,4982.662,0.033645225077357566,IMF
19_THA,Thailand,"Gross domestic product per capita, constant prices",1983,5164.498,0.036493745712633086,IMF
19_THA,Thailand,"Gross domestic product per capita, constant prices",1984,5363.523,0.03853714339709313,IMF
19_THA,Thailand,"Gross domestic product per capita, constant prices",1985,5512.001,0.02768292407807338,IMF
19_THA,Thailand,"Gross domestic product per capita, constant prices",1986,5712.368,0.03635104565474512,IMF
19_THA,Thailand,"Gross domestic product per capita, constant prices",1987,6144.123,0.07558249048380627,IMF
19_THA,Thailand,"Gross domestic product per capita, constant prices",1988,6840.648,0.1133644297160068,IMF
19_THA,Thailand,"Gross domestic product per capita, constant prices",1989,7553.583,0.10422038964729641,IMF
19_THA,Thailand,"Gross domestic product per capita, constant prices",1990,8314.347,0.10071564713063985,IMF
19_THA,Thailand,"Gross domestic product per capita, constant prices",1991,8906.786,0.07125502459784272,IMF
19_THA,Thailand,"Gross domestic product per capita, constant prices",1992,9631.51,0.0813676223948796,IMF
19_THA,Thailand,"Gross domestic product per capita, constant prices",1993,10372.616,0.07694598250949225,IMF
19_THA,Thailand,"Gross domestic product per capita, constant prices",1994,11099.847,0.07011066446497205,IMF
19_THA,Thailand,"Gross domestic product per capita, constant prices",1995,11881.718,0.07043979975579862,IMF
19_THA,Thailand,"Gross domestic product per capita, constant prices",1996,12414.87,0.04487162546695678,IMF
19_THA,Thailand,"Gross domestic product per capita, constant prices",1997,11930.871,-0.03898542634759783,IMF
19_THA,Thailand,"Gross domestic product per capita, constant prices",1998,10887.914,-0.08741666890874933,IMF
19_THA,Thailand,"Gross domestic product per capita, constant prices",1999,11255.349,0.03374705200647243,IMF
19_THA,Thailand,"Gross domestic product per capita, constant prices",2000,11624.463,0.0327945406224186,IMF
19_THA,Thailand,"Gross domestic product per capita, constant prices",2001,11903.302,0.023987258594224903,IMF
19_THA,Thailand,"Gross domestic product per capita, constant prices",2002,12514.267,0.0513273543761219,IMF
19_THA,Thailand,"Gross domestic product per capita, constant prices",2003,13289.52,0.061949533280694746,IMF
19_THA,Thailand,"Gross domestic product per capita, constant prices",2004,13999.335,0.05341163563469542,IMF
19_THA,Thailand,"Gross domestic product per capita, constant prices",2005,14460.666,0.032953779590244814,IMF
19_THA,Thailand,"Gross domestic product per capita, constant prices",2006,15053.57,0.04100115444198771,IMF
19_THA,Thailand,"Gross domestic product per capita, constant prices",2007,15745.28,0.045949897599041334,IMF
19_THA,Thailand,"Gross domestic product per capita, constant prices",2008,15894.432,0.009472807088854562,IMF
19_THA,Thailand,"Gross domestic product per capita, constant prices",2009,15668.515,-0.014213593791838619,IMF
19_THA,Thailand,"Gross domestic product per capita, constant prices",2010,16733.159,0.06794798358363896,IMF
19_THA,Thailand,"Gross domestic product per capita, constant prices",2011,16769.143,0.0021504606512134927,IMF
19_THA,Thailand,"Gross domestic product per capita, constant prices",2012,17872.617,0.06580383982651927,IMF
19_THA,Thailand,"Gross domestic product per capita, constant prices",2013,18245.467,0.020861522406036226,IMF
19_THA,Thailand,"Gross domestic product per capita, constant prices",2014,18327.67,0.00450539303817199,IMF
19_THA,Thailand,"Gross domestic product per capita, constant prices",2015,18815.134,0.026597161559543503,IMF
19_THA,Thailand,"Gross domestic product per capita, constant prices",2016,19373.838,0.02969439388526296,IMF
19_THA,Thailand,"Gross domestic product per capita, constant prices",2017,20098.028,0.03737979020986959,IMF
19_THA,Thailand,"Gross domestic product per capita, constant prices",2018,20883.384,0.039076271562563214,IMF
19_THA,Thailand,"Gross domestic product per capita, constant prices",2019,21281.387,0.019058357591853925,IMF
19_THA,Thailand,"Gross domestic product per capita, constant prices",2020,19951.444,-0.06249324820792923,IMF
19_THA,Thailand,"Gross domestic product per capita, constant prices",2021,20236.976,0.014311345083593885,IMF
19_THA,Thailand,"Gross domestic product per capita, constant prices",2022,20777.972,0.02673304549059119,IMF
19_THA,Thailand,"Gross domestic product per capita, constant prices",2023,21253.173,0.022870422580220984,IMF
19_THA,Thailand,"Gross domestic product per capita, constant prices",2024,21889.531,0.02994178798619851,IMF
19_THA,Thailand,"Gross domestic product per capita, constant prices",2025,22432.707,0.02481441927650252,IMF
19_THA,Thailand,"Gross domestic product per capita, constant prices",2026,22788.368,0.015854573413721207,IMF
19_THA,Thailand,"Gross domestic product per capita, constant prices",2027,23290.305,0.02202601783506397,IMF
19_THA,Thailand,"Gross domestic product per capita, constant prices",2028,23851.185,0.024082123441492076,IMF
19_THA,Thailand,"Gross domestic product per capita, constant prices",2029,24468.166,0.02586793905627749,IMF
19_THA,Thailand,"Gross domestic product per capita, constant prices",2030,25114.748,0.02642543785259588,IMF
19_THA,Thailand,"Gross domestic product per capita, constant prices",2031,25782.807,0.02660026690293682,IMF
19_THA,Thailand,Gross national savings,1980,17.722,,IMF
19_THA,Thailand,Gross national savings,1981,18.292,0.03216341270736933,IMF
19_THA,Thailand,Gross national savings,1982,19.733,0.07877760769735387,IMF
19_THA,Thailand,Gross national savings,1983,18.171,-0.07915674251254246,IMF
19_THA,Thailand,Gross national savings,1984,19.238,0.05871993836332612,IMF
19_THA,Thailand,Gross national savings,1985,23.516,0.22237238798211867,IMF
19_THA,Thailand,Gross national savings,1986,25.6,0.0886205136928051,IMF
19_THA,Thailand,Gross national savings,1987,26.281,0.026601562499999787,IMF
19_THA,Thailand,Gross national savings,1988,28.952,0.10163235797724601,IMF
19_THA,Thailand,Gross national savings,1989,30.599,0.05688726167449576,IMF
19_THA,Thailand,Gross national savings,1990,41.539,0.3575280237916272,IMF
19_THA,Thailand,Gross national savings,1991,34.783,-0.16264233611786516,IMF
19_THA,Thailand,Gross national savings,1992,34.451,-0.009544892619958056,IMF
19_THA,Thailand,Gross national savings,1993,34.903,0.013120083596992682,IMF
19_THA,Thailand,Gross national savings,1994,35.59,0.01968312179468823,IMF
19_THA,Thailand,Gross national savings,1995,35.045,-0.015313290250070333,IMF
19_THA,Thailand,Gross national savings,1996,34.692,-0.010072763589670464,IMF
19_THA,Thailand,Gross national savings,1997,32.204,-0.07171682232214915,IMF
19_THA,Thailand,Gross national savings,1998,32.644,0.013662899018755281,IMF
19_THA,Thailand,Gross national savings,1999,30.015,-0.08053547359392221,IMF
19_THA,Thailand,Gross national savings,2000,30.051,0.0011994002998501063,IMF
19_THA,Thailand,Gross national savings,2001,27.959,-0.06961498785398157,IMF
19_THA,Thailand,Gross national savings,2002,26.578,-0.04939375514145716,IMF
19_THA,Thailand,Gross national savings,2003,27.116,0.020242305666340554,IMF
19_THA,Thailand,Gross national savings,2004,27.792,0.02492993066824023,IMF
19_THA,Thailand,Gross national savings,2005,26.384,-0.050662061024755345,IMF
19_THA,Thailand,Gross national savings,2006,28.055,0.06333383869011522,IMF
19_THA,Thailand,Gross national savings,2007,31.423,0.12004990197825705,IMF
19_THA,Thailand,Gross national savings,2008,28.546,-0.09155713967476053,IMF
19_THA,Thailand,Gross national savings,2009,28.513,-0.0011560288656904394,IMF
19_THA,Thailand,Gross national savings,2010,28.724,0.0074001332725421864,IMF
19_THA,Thailand,Gross national savings,2011,29.334,0.02123659657429333,IMF
19_THA,Thailand,Gross national savings,2012,26.792,-0.08665712142905835,IMF
19_THA,Thailand,Gross national savings,2013,25.356,-0.05359808898178564,IMF
19_THA,Thailand,Gross national savings,2014,26.777,0.056041962454645766,IMF
19_THA,Thailand,Gross national savings,2015,29.271,0.0931396347611757,IMF
19_THA,Thailand,Gross national savings,2016,31.614,0.08004509582863584,IMF
19_THA,Thailand,Gross national savings,2017,32.565,0.03008160941355076,IMF
19_THA,Thailand,Gross national savings,2018,30.839,-0.05300168892983259,IMF
19_THA,Thailand,Gross national savings,2019,30.863,0.0007782353513408058,IMF
19_THA,Thailand,Gross national savings,2020,27.908,-0.0957457149337394,IMF
19_THA,Thailand,Gross national savings,2021,26.535,-0.04919736276336539,IMF
19_THA,Thailand,Gross national savings,2022,24.395,-0.08064820048991894,IMF
19_THA,Thailand,Gross national savings,2023,24.034,-0.01479811436769829,IMF
19_THA,Thailand,Gross national savings,2024,23.648,-0.016060580843804573,IMF
19_THA,Thailand,Gross national savings,2025,25.141,0.06313430311231394,IMF
19_THA,Thailand,Gross national savings,2026,22.829,-0.0919613380533788,IMF
19_THA,Thailand,Gross national savings,2027,23.311,0.021113495991940123,IMF
19_THA,Thailand,Gross national savings,2028,23.691,0.016301316974818736,IMF
19_THA,Thailand,Gross national savings,2029,23.908,0.009159596471233877,IMF
19_THA,Thailand,Gross national savings,2030,23.856,-0.0021750041827003352,IMF
19_THA,Thailand,Gross national savings,2031,23.805,-0.0021378269617706724,IMF
19_THA,Thailand,Population,1980,47.374,,IMF
19_THA,Thailand,Population,1981,48.326,0.020095410984928508,IMF
19_THA,Thailand,Population,1982,49.256,0.01924429913504122,IMF
19_THA,Thailand,Population,1983,50.174,0.01863732337177204,IMF
19_THA,Thailand,Population,1984,51.095,0.018356120699964062,IMF
19_THA,Thailand,Population,1985,52.027,0.01824053234171652,IMF
19_THA,Thailand,Population,1986,52.98,0.018317412112941245,IMF
19_THA,Thailand,Population,1987,53.946,0.01823329558323894,IMF
19_THA,Thailand,Population,1988,54.892,0.017536054573091597,IMF
19_THA,Thailand,Population,1989,55.772,0.016031479997085096,IMF
19_THA,Thailand,Population,1990,56.558,0.014093093308470195,IMF
19_THA,Thailand,Population,1991,57.232,0.011916970189893572,IMF
19_THA,Thailand,Population,1992,57.811,0.01011671792004476,IMF
19_THA,Thailand,Population,1993,58.338,0.009115912196640874,IMF
19_THA,Thailand,Population,1994,58.875,0.009204977887483201,IMF
19_THA,Thailand,Population,1995,59.467,0.010055201698513816,IMF
19_THA,Thailand,Population,1996,60.13,0.01114904064439104,IMF
19_THA,Thailand,Population,1997,60.847,0.011924164310660235,IMF
19_THA,Thailand,Population,1998,61.585,0.012128782027051477,IMF
19_THA,Thailand,Population,1999,62.299,0.011593732239993493,IMF
19_THA,Thailand,Population,2000,63.008,0.011380600009631037,IMF
19_THA,Thailand,Population,2001,63.651,0.01020505332656163,IMF
19_THA,Thailand,Population,2002,64.266,0.009662063439694668,IMF
19_THA,Thailand,Population,2003,64.868,0.009367317088351479,IMF
19_THA,Thailand,Population,2004,65.452,0.00900289819325395,IMF
19_THA,Thailand,Population,2005,66.017,0.008632280144227789,IMF
19_THA,Thailand,Population,2006,66.568,0.008346335034915331,IMF
19_THA,Thailand,Population,2007,67.102,0.008021872371109406,IMF
19_THA,Thailand,Population,2008,67.62,0.007719591070310949,IMF
19_THA,Thailand,Population,2009,68.121,0.007409050576752341,IMF
19_THA,Thailand,Population,2010,68.579,0.0067233305441787294,IMF
19_THA,Thailand,Population,2011,69.007,0.006240977558727989,IMF
19_THA,Thailand,Population,2012,69.436,0.006216760618487971,IMF
19_THA,Thailand,Population,2013,69.845,0.005890316262457507,IMF
19_THA,Thailand,Population,2014,70.216,0.0053117617581788235,IMF
19_THA,Thailand,Population,2015,70.541,0.00462857468383282,IMF
19_THA,Thailand,Population,2016,70.86,0.004522192767326905,IMF
19_THA,Thailand,Population,2017,71.16,0.0042337002540220325,IMF
19_THA,Thailand,Population,2018,71.376,0.0030354131534571227,IMF
19_THA,Thailand,Population,2019,71.522,0.0020455054920420768,IMF
19_THA,Thailand,Population,2020,71.641,0.0016638237185762073,IMF
19_THA,Thailand,Population,2021,71.727,0.0012004299214136704,IMF
19_THA,Thailand,Population,2022,71.735,0.00011153401090235882,IMF
19_THA,Thailand,Population,2023,71.702,-0.0004600264863734438,IMF
19_THA,Thailand,Population,2024,71.668,-0.0004741848205069843,IMF
19_THA,Thailand,Population,2025,71.62,-0.0006697549813027281,IMF
19_THA,Thailand,Population,2026,71.56,-0.0008377548170902527,IMF
19_THA,Thailand,Population,2027,71.488,-0.0010061486864170188,IMF
19_THA,Thailand,Population,2028,71.407,-0.0011330572963295094,IMF
19_THA,Thailand,Population,2029,71.316,-0.001274384864228928,IMF
19_THA,Thailand,Population,2030,71.215,-0.0014162319816030111,IMF
19_THA,Thailand,Population,2031,71.104,-0.0015586603945798583,IMF
19_THA,Thailand,Real GDP PPP 2021 USD,1980,219953.97632400002,,IMF
19_THA,Thailand,Real GDP PPP 2021 USD,1981,232954.32317599998,0.059104850338554504,IMF
19_THA,Thailand,Real GDP PPP 2021 USD,1982,245425.99947200002,0.05353700298825337,IMF
19_THA,Thailand,Real GDP PPP 2021 USD,1983,259123.52265199999,0.055811214824298405,IMF
19_THA,Thailand,Real GDP PPP 2021 USD,1984,274049.207685,0.05760065655268587,IMF
19_THA,Thailand,Real GDP PPP 2021 USD,1985,286772.876027,0.046428407691749385,IMF
19_THA,Thailand,Real GDP PPP 2021 USD,1986,302641.25664,0.0553343148516805,IMF
19_THA,Thailand,Real GDP PPP 2021 USD,1987,331450.859358,0.09519390395695404,IMF
19_THA,Thailand,Real GDP PPP 2021 USD,1988,375496.85001600004,0.13288844911524578,IMF
19_THA,Thailand,Real GDP PPP 2021 USD,1989,421278.431076,0.12192267673630064,IMF
19_THA,Thailand,Real GDP PPP 2021 USD,1990,470242.837626,0.11622813545174515,IMF
19_THA,Thailand,Real GDP PPP 2021 USD,1991,509753.176352,0.08402113879174888,IMF
19_THA,Thailand,Real GDP PPP 2021 USD,1992,556807.22461,0.09230751359851808,IMF
19_THA,Thailand,Real GDP PPP 2021 USD,1993,605117.672208,0.08676332752657379,IMF
19_THA,Thailand,Real GDP PPP 2021 USD,1994,653503.492125,0.07996100946853213,IMF
19_THA,Thailand,Real GDP PPP 2021 USD,1995,706570.1243060001,0.08120328784845987,IMF
19_THA,Thailand,Real GDP PPP 2021 USD,1996,746506.1331000001,0.0565209416874588,IMF
19_THA,Thailand,Real GDP PPP 2021 USD,1997,725957.707737,-0.027526130666427506,IMF
19_THA,Thailand,Real GDP PPP 2021 USD,1998,670532.1836900001,-0.07634814460442296,IMF
19_THA,Thailand,Real GDP PPP 2021 USD,1999,701196.987351,0.04573203853131802,IMF
19_THA,Thailand,Real GDP PPP 2021 USD,2000,732434.164704,0.04454836218137315,IMF
19_THA,Thailand,Real GDP PPP 2021 USD,2001,757657.075602,0.03443710317389881,IMF
19_THA,Thailand,Real GDP PPP 2021 USD,2002,804241.8830220001,0.061485345969990224,IMF
19_THA,Thailand,Real GDP PPP 2021 USD,2003,862064.5833599999,0.0718971512907618,IMF
19_THA,Thailand,Real GDP PPP 2021 USD,2004,916284.4744199999,0.06289539334590377,IMF
19_THA,Thailand,Real GDP PPP 2021 USD,2005,954649.7873219999,0.04187052599170693,IMF
19_THA,Thailand,Real GDP PPP 2021 USD,2006,1002086.04776,0.04968969884869412,IMF
19_THA,Thailand,Real GDP PPP 2021 USD,2007,1056539.77856,0.05434037418415549,IMF
19_THA,Thailand,Real GDP PPP 2021 USD,2008,1074781.49184,0.01726552435617945,IMF
19_THA,Thailand,Real GDP PPP 2021 USD,2009,1067354.910315,-0.006909852450367349,IMF
19_THA,Thailand,Real GDP PPP 2021 USD,2010,1147543.3110609998,0.07512815088126068,IMF
19_THA,Thailand,Real GDP PPP 2021 USD,2011,1157188.2510010002,0.00840485918660705,IMF
19_THA,Thailand,Real GDP PPP 2021 USD,2012,1241003.034012,0.0724296871649861,IMF
19_THA,Thailand,Real GDP PPP 2021 USD,2013,1274354.642615,0.026874719633181332,IMF
19_THA,Thailand,Real GDP PPP 2021 USD,2014,1286895.6767199999,0.009841086370796504,IMF
19_THA,Thailand,Real GDP PPP 2021 USD,2015,1327238.367494,0.03134884319203257,IMF
19_THA,Thailand,Real GDP PPP 2021 USD,2016,1372830.16068,0.034350870425847724,IMF
19_THA,Thailand,Real GDP PPP 2021 USD,2017,1430175.6724799997,0.041771745291198314,IMF
19_THA,Thailand,Real GDP PPP 2021 USD,2018,1490572.4163839999,0.04223029734470951,IMF
19_THA,Thailand,Real GDP PPP 2021 USD,2019,1522087.3610140001,0.021142847059019587,IMF
19_THA,Thailand,Real GDP PPP 2021 USD,2020,1429341.3996040002,-0.06093340223797239,IMF
19_THA,Thailand,Real GDP PPP 2021 USD,2021,1451537.577552,0.015528954771861558,IMF
19_THA,Thailand,Real GDP PPP 2021 USD,2022,1490507.8214200002,0.02684756114528075,IMF
19_THA,Thailand,Real GDP PPP 2021 USD,2023,1523895.010446,0.022399875093706,IMF
19_THA,Thailand,Real GDP PPP 2021 USD,2024,1568778.9077080002,0.02945340522432982,IMF
19_THA,Thailand,Real GDP PPP 2021 USD,2025,1606630.47534,0.024128044714281094,IMF
19_THA,Thailand,Real GDP PPP 2021 USD,2026,1630735.61408,0.015003536351380964,IMF
19_THA,Thailand,Real GDP PPP 2021 USD,2027,1664977.32384,0.02099770769973519,IMF
19_THA,Thailand,Real GDP PPP 2021 USD,2028,1703141.567295,0.022921779719486057,IMF
19_THA,Thailand,Real GDP PPP 2021 USD,2029,1744971.7264560002,0.024560588482046564,IMF
19_THA,Thailand,Real GDP PPP 2021 USD,2030,1788546.7788200001,0.024971781320778152,IMF
19_THA,Thailand,Real GDP PPP 2021 USD,2031,1833260.708928,0.025000145725850187,IMF
19_THA,Thailand,Total investment,1980,26.499,,IMF
19_THA,Thailand,Total investment,1981,26.339,-0.006037963696743254,IMF
19_THA,Thailand,Total investment,1982,23.222,-0.11834162268878834,IMF
19_THA,Thailand,Total investment,1983,25.985,0.11898199982774949,IMF
19_THA,Thailand,Total investment,1984,25.004,-0.03775254954781593,IMF
19_THA,Thailand,Total investment,1985,28.335,0.13321868501039824,IMF
19_THA,Thailand,Total investment,1986,25.988,-0.08283042173989774,IMF
19_THA,Thailand,Total investment,1987,27.994,0.0771894720640296,IMF
19_THA,Thailand,Total investment,1988,32.671,0.16707151532471243,IMF
19_THA,Thailand,Total investment,1989,35.212,0.07777539714119563,IMF
19_THA,Thailand,Total investment,1990,41.529,0.17939906849937515,IMF
19_THA,Thailand,Total investment,1991,42.075,0.01314743913891503,IMF
19_THA,Thailand,Total investment,1992,39.719,-0.05599524658348187,IMF
19_THA,Thailand,Total investment,1993,39.656,-0.001586142652131306,IMF
19_THA,Thailand,Total investment,1994,40.908,0.03157151502925171,IMF
19_THA,Thailand,Total investment,1995,42.863,0.04779016329324337,IMF
19_THA,Thailand,Total investment,1996,42.533,-0.007698947810465873,IMF
19_THA,Thailand,Total investment,1997,34.275,-0.1941551266075754,IMF
19_THA,Thailand,Total investment,1998,20.071,-0.41441283734500356,IMF
19_THA,Thailand,Total investment,1999,20.173,0.005081959045388773,IMF
19_THA,Thailand,Total investment,2000,22.283,0.10459525107817402,IMF
19_THA,Thailand,Total investment,2001,23.112,0.03720324911367401,IMF
19_THA,Thailand,Total investment,2002,22.744,-0.015922464520595314,IMF
19_THA,Thailand,Total investment,2003,23.829,0.047704889201547696,IMF
19_THA,Thailand,Total investment,2004,25.681,0.07772042469260154,IMF
19_THA,Thailand,Total investment,2005,30.421,0.1845722518593511,IMF
19_THA,Thailand,Total investment,2006,27.012,-0.11206074750994377,IMF
19_THA,Thailand,Total investment,2007,25.496,-0.05612320450170305,IMF
19_THA,Thailand,Total investment,2008,28.226,0.10707561970505175,IMF
19_THA,Thailand,Total investment,2009,20.636,-0.2689010132501949,IMF
19_THA,Thailand,Total investment,2010,25.357,0.2287749563868966,IMF
19_THA,Thailand,Total investment,2011,26.791,0.05655243128130305,IMF
19_THA,Thailand,Total investment,2012,28.024,0.046022918144152936,IMF
19_THA,Thailand,Total investment,2013,27.457,-0.020232657721952596,IMF
19_THA,Thailand,Total investment,2014,23.919,-0.12885602942783259,IMF
19_THA,Thailand,Total investment,2015,22.356,-0.06534554120155522,IMF
19_THA,Thailand,Total investment,2016,21.105,-0.05595813204508859,IMF
19_THA,Thailand,Total investment,2017,22.934,0.08666192845297327,IMF
19_THA,Thailand,Total investment,2018,25.22,0.0996773349611928,IMF
19_THA,Thailand,Total investment,2019,23.815,-0.055709754163362324,IMF
19_THA,Thailand,Total investment,2020,23.764,-0.0021415074532857847,IMF
19_THA,Thailand,Total investment,2021,28.677,0.20674128934522806,IMF
19_THA,Thailand,Total investment,2022,27.823,-0.029779963036579815,IMF
19_THA,Thailand,Total investment,2023,22.394,-0.19512633432771453,IMF
19_THA,Thailand,Total investment,2024,21.453,-0.04202018397785112,IMF
19_THA,Thailand,Total investment,2025,22.071,0.028807159837785035,IMF
19_THA,Thailand,Total investment,2026,22.121,0.0022654161569479747,IMF
19_THA,Thailand,Total investment,2027,21.902,-0.009900094932417058,IMF
19_THA,Thailand,Total investment,2028,21.786,-0.005296319970778951,IMF
19_THA,Thailand,Total investment,2029,21.591,-0.008950702285871692,IMF
19_THA,Thailand,Total investment,2030,21.374,-0.010050483997962267,IMF
19_THA,Thailand,Total investment,2031,21.136,-0.01113502386076537,IMF
20_USA,United States of America,"Gross domestic product per capita, constant prices",1980,35130.852,,IMF
20_USA,United States of America,"Gross domestic product per capita, constant prices",1981,35662.899,0.015144722365401098,IMF
20_USA,United States of America,"Gross domestic product per capita, constant prices",1982,34686.135,-0.027388799771998262,IMF
20_USA,United States of America,"Gross domestic product per capita, constant prices",1983,35948.083,0.03638191456038542,IMF
20_USA,United States of America,"Gross domestic product per capita, constant prices",1984,38213.252,0.06301223350352236,IMF
20_USA,United States of America,"Gross domestic product per capita, constant prices",1985,39454.54,0.032483181488976554,IMF
20_USA,United States of America,"Gross domestic product per capita, constant prices",1986,40451.289,0.02526322699491601,IMF
20_USA,United States of America,"Gross domestic product per capita, constant prices",1987,41476.765,0.025350885604659146,IMF
20_USA,United States of America,"Gross domestic product per capita, constant prices",1988,42818.202,0.03234189069470572,IMF
20_USA,United States of America,"Gross domestic product per capita, constant prices",1989,43974.403,0.027002558397944965,IMF
20_USA,United States of America,"Gross domestic product per capita, constant prices",1990,44309.043,0.007609881594071943,IMF
20_USA,United States of America,"Gross domestic product per capita, constant prices",1991,43676.719,-0.01427076635349589,IMF
20_USA,United States of America,"Gross domestic product per capita, constant prices",1992,44619.083,0.02157588806063937,IMF
20_USA,United States of America,"Gross domestic product per capita, constant prices",1993,45253.204,0.014211878805308498,IMF
20_USA,United States of America,"Gross domestic product per capita, constant prices",1994,46508.311,0.027735207434152143,IMF
20_USA,United States of America,"Gross domestic product per capita, constant prices",1995,47195.209,0.01476936025477249,IMF
20_USA,United States of America,"Gross domestic product per capita, constant prices",1996,48408.45,0.025706867830588287,IMF
20_USA,United States of America,"Gross domestic product per capita, constant prices",1997,49960.514,0.03206184044314586,IMF
20_USA,United States of America,"Gross domestic product per capita, constant prices",1998,51595.083,0.03271721744095735,IMF
20_USA,United States of America,"Gross domestic product per capita, constant prices",1999,53451.317,0.03597695540096346,IMF
20_USA,United States of America,"Gross domestic product per capita, constant prices",2000,55019.704,0.029342345297123318,IMF
20_USA,United States of America,"Gross domestic product per capita, constant prices",2001,54976.799,-0.0007798115380627246,IMF
20_USA,United States of America,"Gross domestic product per capita, constant prices",2002,55367.461,0.007105942999700687,IMF
20_USA,United States of America,"Gross domestic product per capita, constant prices",2003,56384.042,0.01836062159324947,IMF
20_USA,United States of America,"Gross domestic product per capita, constant prices",2004,58023.662,0.02907950444560181,IMF
20_USA,United States of America,"Gross domestic product per capita, constant prices",2005,59492.015,0.02530610701544478,IMF
20_USA,United States of America,"Gross domestic product per capita, constant prices",2006,60572.796,0.018166824573011997,IMF
20_USA,United States of America,"Gross domestic product per capita, constant prices",2007,61178.104,0.009993066854632193,IMF
20_USA,United States of America,"Gross domestic product per capita, constant prices",2008,60681.856,-0.008111529576006471,IMF
20_USA,United States of America,"Gross domestic product per capita, constant prices",2009,58607.598,-0.03418250753569574,IMF
20_USA,United States of America,"Gross domestic product per capita, constant prices",2010,59727.984,0.019116736365820675,IMF
20_USA,United States of America,"Gross domestic product per capita, constant prices",2011,60233.094,0.008456839929504412,IMF
20_USA,United States of America,"Gross domestic product per capita, constant prices",2012,61176.114,0.015656177316742292,IMF
20_USA,United States of America,"Gross domestic product per capita, constant prices",2013,62044.162,0.014189328861261119,IMF
20_USA,United States of America,"Gross domestic product per capita, constant prices",2014,63153.169,0.01787447785981877,IMF
20_USA,United States of America,"Gross domestic product per capita, constant prices",2015,64546.1,0.022056391184423374,IMF
20_USA,United States of America,"Gross domestic product per capita, constant prices",2016,65253.912,0.010965991748533188,IMF
20_USA,United States of America,"Gross domestic product per capita, constant prices",2017,66434.386,0.018090470959043925,IMF
20_USA,United States of America,"Gross domestic product per capita, constant prices",2018,68040.59,0.024177298786203893,IMF
20_USA,United States of America,"Gross domestic product per capita, constant prices",2019,69474.79,0.021078594409601692,IMF
20_USA,United States of America,"Gross domestic product per capita, constant prices",2020,67462.07,-0.028970508583041177,IMF
20_USA,United States of America,"Gross domestic product per capita, constant prices",2021,71365.73,0.05786451557149053,IMF
20_USA,United States of America,"Gross domestic product per capita, constant prices",2022,72773.07,0.01972010935781099,IMF
20_USA,United States of America,"Gross domestic product per capita, constant prices",2023,74306.227,0.0210676421923659,IMF
20_USA,United States of America,"Gross domestic product per capita, constant prices",2024,75701.494,0.018777255370535872,IMF
20_USA,United States of America,"Gross domestic product per capita, constant prices",2025,76874.587,0.01549629918796569,IMF
20_USA,United States of America,"Gross domestic product per capita, constant prices",2026,78419.638,0.020098332365675153,IMF
20_USA,United States of America,"Gross domestic product per capita, constant prices",2027,79861.406,0.018385292724763636,IMF
20_USA,United States of America,"Gross domestic product per capita, constant prices",2028,81319.743,0.01826084804968242,IMF
20_USA,United States of America,"Gross domestic product per capita, constant prices",2029,82614.096,0.015916835841451205,IMF
20_USA,United States of America,"Gross domestic product per capita, constant prices",2030,83814.128,0.01452575357115804,IMF
20_USA,United States of America,"Gross domestic product per capita, constant prices",2031,85042.17,0.014651968937742899,IMF
20_USA,United States of America,Gross national savings,1980,22.059,,IMF
20_USA,United States of America,Gross national savings,1981,23.206,0.05199691735799439,IMF
20_USA,United States of America,Gross national savings,1982,21.713,-0.06433680944583287,IMF
20_USA,United States of America,Gross national savings,1983,19.725,-0.09155805277944085,IMF
20_USA,United States of America,Gross national savings,1984,21.839,0.10717363751584275,IMF
20_USA,United States of America,Gross national savings,1985,20.308,-0.07010394248820917,IMF
20_USA,United States of America,Gross national savings,1986,18.882,-0.07021863305101428,IMF
20_USA,United States of America,Gross national savings,1987,19.548,0.03527168732125818,IMF
20_USA,United States of America,Gross national savings,1988,20.564,0.05197462656026208,IMF
20_USA,United States of America,Gross national savings,1989,19.674,-0.043279517603579065,IMF
20_USA,United States of America,Gross national savings,1990,18.674,-0.0508285046253939,IMF
20_USA,United States of America,Gross national savings,1991,18.733,0.0031594730641533175,IMF
20_USA,United States of America,Gross national savings,1992,17.607,-0.06010783110019757,IMF
20_USA,United States of America,Gross national savings,1993,16.97,-0.0361787925257,IMF
20_USA,United States of America,Gross national savings,1994,17.782,0.047849145550972416,IMF
20_USA,United States of America,Gross national savings,1995,18.681,0.050556742773591345,IMF
20_USA,United States of America,Gross national savings,1996,19.57,0.04758845886194529,IMF
20_USA,United States of America,Gross national savings,1997,20.773,0.061471640265712724,IMF
20_USA,United States of America,Gross national savings,1998,21.315,0.026091561161122767,IMF
20_USA,United States of America,Gross national savings,1999,20.851,-0.02176870748299331,IMF
20_USA,United States of America,Gross national savings,2000,20.741,-0.005275526353652027,IMF
20_USA,United States of America,Gross national savings,2001,19.581,-0.05592787233016727,IMF
20_USA,United States of America,Gross national savings,2002,18.303,-0.06526735100352377,IMF
20_USA,United States of America,Gross national savings,2003,17.351,-0.0520133311478993,IMF
20_USA,United States of America,Gross national savings,2004,17.662,0.017924038960290378,IMF
20_USA,United States of America,Gross national savings,2005,18.052,0.022081304495527254,IMF
20_USA,United States of America,Gross national savings,2006,19.126,0.059494792820740106,IMF
20_USA,United States of America,Gross national savings,2007,17.354,-0.09264875039213649,IMF
20_USA,United States of America,Gross national savings,2008,14.975,-0.13708655065114672,IMF
20_USA,United States of America,Gross national savings,2009,13.798,-0.07859766277128544,IMF
20_USA,United States of America,Gross national savings,2010,15.288,0.10798666473401952,IMF
20_USA,United States of America,Gross national savings,2011,16.238,0.062140240711669126,IMF
20_USA,United States of America,Gross national savings,2012,18.288,0.12624707476290187,IMF
20_USA,United States of America,Gross national savings,2013,18.475,0.010225284339457685,IMF
20_USA,United States of America,Gross national savings,2014,19.571,0.05932341001353181,IMF
20_USA,United States of America,Gross national savings,2015,19.611,0.0020438403760665302,IMF
20_USA,United States of America,Gross national savings,2016,18.472,-0.05807964917648256,IMF
20_USA,United States of America,Gross national savings,2017,18.882,0.022195755738414924,IMF
20_USA,United States of America,Gross national savings,2018,19.126,0.012922359919500082,IMF
20_USA,United States of America,Gross national savings,2019,19.329,0.010613824113771875,IMF
20_USA,United States of America,Gross national savings,2020,18.232,-0.056754100056909396,IMF
20_USA,United States of America,Gross national savings,2021,17.583,-0.035596752961825406,IMF
20_USA,United States of America,Gross national savings,2022,18.186,0.03429448899505205,IMF
20_USA,United States of America,Gross national savings,2023,17.026,-0.06378532937424397,IMF
20_USA,United States of America,Gross national savings,2024,16.494,-0.031246329143662654,IMF
20_USA,United States of America,Gross national savings,2025,16.804,0.018794713229052906,IMF
20_USA,United States of America,Gross national savings,2026,17.701,0.05338014758390863,IMF
20_USA,United States of America,Gross national savings,2027,17.857,0.008813061408959877,IMF
20_USA,United States of America,Gross national savings,2028,17.786,-0.003976031808254343,IMF
20_USA,United States of America,Gross national savings,2029,17.547,-0.013437535139997792,IMF
20_USA,United States of America,Gross national savings,2030,17.412,-0.007693622841511427,IMF
20_USA,United States of America,Gross national savings,2031,17.23,-0.010452561451872233,IMF
20_USA,United States of America,Population,1980,227.622,,IMF
20_USA,United States of America,Population,1981,229.916,0.01007811195754349,IMF
20_USA,United States of America,Population,1982,232.128,0.009620905026183513,IMF
20_USA,United States of America,Population,1983,234.247,0.00912858422939089,IMF
20_USA,United States of America,Population,1984,236.307,0.008794136104197658,IMF
20_USA,United States of America,Population,1985,238.416,0.00892483083446538,IMF
20_USA,United States of America,Population,1986,240.593,0.00913109858398764,IMF
20_USA,United States of America,Population,1987,242.751,0.008969504515925264,IMF
20_USA,United States of America,Population,1988,244.968,0.009132815106837722,IMF
20_USA,United States of America,Population,1989,247.286,0.009462460402991368,IMF
20_USA,United States of America,Population,1990,250.047,0.011165209514489183,IMF
20_USA,United States of America,Population,1991,253.392,0.013377485032813885,IMF
20_USA,United States of America,Population,1992,256.777,0.01335874850034724,IMF
20_USA,United States of America,Population,1993,260.146,0.013120333986299526,IMF
20_USA,United States of America,Population,1994,263.325,0.01222006104264528,IMF
20_USA,United States of America,Population,1995,266.458,0.011897844868508534,IMF
20_USA,United States of America,Population,1996,269.581,0.011720421229612032,IMF
20_USA,United States of America,Population,1997,272.822,0.01202236062630524,IMF
20_USA,United States of America,Population,1998,276.022,0.01172925937057867,IMF
20_USA,United States of America,Population,1999,279.195,0.011495460506771193,IMF
20_USA,United States of America,Population,2000,282.296,0.011106932430738459,IMF
20_USA,United States of America,Population,2001,285.216,0.010343752656785776,IMF
20_USA,United States of America,Population,2002,288.019,0.009827639403118926,IMF
20_USA,United States of America,Population,2003,290.733,0.00942298945555664,IMF
20_USA,United States of America,Population,2004,293.389,0.00913552985041255,IMF
20_USA,United States of America,Population,2005,296.115,0.009291418560341436,IMF
20_USA,United States of America,Population,2006,298.93,0.009506441754048245,IMF
20_USA,United States of America,Population,2007,301.903,0.00994547218412345,IMF
20_USA,United States of America,Population,2008,304.718,0.009324186907715415,IMF
20_USA,United States of America,Population,2009,307.374,0.00871625568558465,IMF
20_USA,United States of America,Population,2010,309.737,0.007687702928679707,IMF
20_USA,United States of America,Population,2011,311.944,0.00712539993607475,IMF
20_USA,United States of America,Population,2012,314.167,0.007126279075731379,IMF
20_USA,United States of America,Population,2013,316.331,0.006888056352194916,IMF
20_USA,United States of America,Population,2014,318.619,0.007232930063762355,IMF
20_USA,United States of America,Population,2015,320.926,0.007240622812826558,IMF
20_USA,United States of America,Population,2016,323.221,0.0071511812692022225,IMF
20_USA,United States of America,Population,2017,325.28,0.006370254407974674,IMF
20_USA,United States of America,Population,2018,327.023,0.005358460403344978,IMF
20_USA,United States of America,Population,2019,328.547,0.004660222675469283,IMF
20_USA,United States of America,Population,2020,331.307,0.008400624568174475,IMF
20_USA,United States of America,Population,2021,332.452,0.0034560090791924125,IMF
20_USA,United States of America,Population,2022,334.252,0.005414315450049889,IMF
20_USA,United States of America,Population,2023,336.962,0.008107655301987648,IMF
20_USA,United States of America,Population,2024,339.989,0.00898320878912151,IMF
20_USA,United States of America,Population,2025,341.89,0.005591357367444205,IMF
20_USA,United States of America,Population,2026,342.942,0.0030770130743806856,IMF
20_USA,United States of America,Population,2027,343.822,0.0025660315738520456,IMF
20_USA,United States of America,Population,2028,344.747,0.0026903455857973935,IMF
20_USA,United States of America,Population,2029,345.728,0.0028455650085423834,IMF
20_USA,United States of America,Population,2030,346.752,0.0029618659755645815,IMF
20_USA,United States of America,Population,2031,347.742,0.0028550664451827412,IMF
20_USA,United States of America,Real GDP PPP 2021 USD,1980,7996554.793944,,IMF
20_USA,United States of America,Real GDP PPP 2021 USD,1981,8199471.086483999,0.025375464530509095,IMF
20_USA,United States of America,Real GDP PPP 2021 USD,1982,8051623.14528,-0.018031399787202362,IMF
20_USA,United States of America,Real GDP PPP 2021 USD,1983,8420730.598501,0.04584261416126734,IMF
20_USA,United States of America,Real GDP PPP 2021 USD,1984,9030058.940364,0.07236050776537928,IMF
20_USA,United States of America,Real GDP PPP 2021 USD,1985,9406593.60864,0.04169791922319632,IMF
20_USA,United States of America,Real GDP PPP 2021 USD,1986,9732296.974376999,0.03462500659514389,IMF
20_USA,United States of America,Real GDP PPP 2021 USD,1987,10068526.180515,0.03454777500349815,IMF
20_USA,United States of America,Real GDP PPP 2021 USD,1988,10489089.307535999,0.04177007830946389,IMF
20_USA,United States of America,Real GDP PPP 2021 USD,1989,10874254.220258,0.03672052944055637,IMF
20_USA,United States of America,Real GDP PPP 2021 USD,1990,11079343.275021,0.018860057030939403,IMF
20_USA,United States of America,Real GDP PPP 2021 USD,1991,11067331.180847999,-0.0010841882839828232,IMF
20_USA,United States of America,Real GDP PPP 2021 USD,1992,11457154.275491,0.03522286342326031,IMF
20_USA,United States of America,Real GDP PPP 2021 USD,1993,11772440.007784,0.027518677388106427,IMF
20_USA,United States of America,Real GDP PPP 2021 USD,1994,12246800.994075,0.04029419440467308,IMF
20_USA,United States of America,Real GDP PPP 2021 USD,1995,12575540.999722002,0.026842928680399503,IMF
20_USA,United States of America,Real GDP PPP 2021 USD,1996,13049998.35945,0.03772858437966886,IMF
20_USA,United States of America,Real GDP PPP 2021 USD,1997,13630327.350508,0.04446966007760178,IMF
20_USA,United States of America,Real GDP PPP 2021 USD,1998,14241377.999826,0.04483022554078464,IMF
20_USA,United States of America,Real GDP PPP 2021 USD,1999,14923340.449815,0.04788598757770024,IMF
20_USA,United States of America,Real GDP PPP 2021 USD,2000,15531842.360383999,0.040775181174436126,IMF
20_USA,United States of America,Real GDP PPP 2021 USD,2001,15680262.703584,0.009555874941054476,IMF
20_USA,United States of America,Real GDP PPP 2021 USD,2002,15946880.749759002,0.017003417048240044,IMF
20_USA,United States of America,Real GDP PPP 2021 USD,2003,16392701.682786,0.02795662299247681,IMF
20_USA,United States of America,Real GDP PPP 2021 USD,2004,17023504.170518,0.038480690976912424,IMF
20_USA,United States of America,Real GDP PPP 2021 USD,2005,17616478.021725,0.03483265520819945,IMF
20_USA,United States of America,Real GDP PPP 2021 USD,2006,18107025.90828,0.027845968186719805,IMF
20_USA,United States of America,Real GDP PPP 2021 USD,2007,18469853.131912,0.020037924807192464,IMF
20_USA,United States of America,Real GDP PPP 2021 USD,2008,18490853.796608,0.001137023913834856,IMF
20_USA,United States of America,Real GDP PPP 2021 USD,2009,18014451.827652,-0.02576419532576657,IMF
20_USA,United States of America,Real GDP PPP 2021 USD,2010,18499966.580208,0.02695140308464672,IMF
20_USA,United States of America,Real GDP PPP 2021 USD,2011,18789352.274736,0.01564249823227226,IMF
20_USA,United States of America,Real GDP PPP 2021 USD,2012,19219516.207038,0.022894026681292035,IMF
20_USA,United States of America,Real GDP PPP 2021 USD,2013,19626491.809622,0.021175122110252298,IMF
20_USA,United States of America,Real GDP PPP 2021 USD,2014,20121799.553611003,0.025236692771867464,IMF
20_USA,United States of America,Real GDP PPP 2021 USD,2015,20714521.6886,0.029456716006428296,IMF
20_USA,United States of America,Real GDP PPP 2021 USD,2016,21091434.690552,0.018195592812525696,IMF
20_USA,United States of America,Real GDP PPP 2021 USD,2017,21609777.07808,0.024575966269387628,IMF
20_USA,United States of America,Real GDP PPP 2021 USD,2018,22250837.86357,0.029665312287754597,IMF
20_USA,United States of America,Real GDP PPP 2021 USD,2019,22825733.83013,0.025837048028705567,IMF
20_USA,United States of America,Real GDP PPP 2021 USD,2020,22350656.025490005,-0.020813254381021995,IMF
20_USA,United States of America,Real GDP PPP 2021 USD,2021,23725679.66996,0.06152050494186101,IMF
20_USA,United States of America,Real GDP PPP 2021 USD,2022,24324544.193640005,0.025241195700633545,IMF
20_USA,United States of America,Real GDP PPP 2021 USD,2023,25038374.862374,0.029346106675274708,IMF
20_USA,United States of America,Real GDP PPP 2021 USD,2024,25737675.243566,0.027929144165137476,IMF
20_USA,United States of America,Real GDP PPP 2021 USD,2025,26282652.549429998,0.021174301902042725,IMF
20_USA,United States of America,Real GDP PPP 2021 USD,2026,26893387.494996004,0.023237188271518328,IMF
20_USA,United States of America,Real GDP PPP 2021 USD,2027,27458108.333732,0.020998501540242076,IMF
20_USA,United States of America,Real GDP PPP 2021 USD,2028,28034737.440021,0.021000321627423046,IMF
20_USA,United States of America,Real GDP PPP 2021 USD,2029,28562006.181888003,0.01880769324111098,IMF
20_USA,United States of America,Real GDP PPP 2021 USD,2030,29062716.512256,0.017530642881994574,IMF
20_USA,United States of America,Real GDP PPP 2021 USD,2031,29572734.28014,0.017548867727795514,IMF
20_USA,United States of America,Total investment,1980,23.31,,IMF
20_USA,United States of America,Total investment,1981,24.277,0.04148434148434155,IMF
20_USA,United States of America,Total investment,1982,22.071,-0.0908678996581126,IMF
20_USA,United States of America,Total investment,1983,22.253,0.008246114811290672,IMF
20_USA,United States of America,Total investment,1984,25.096,0.1277580550936952,IMF
20_USA,United States of America,Total investment,1985,24.188,-0.03618106471150784,IMF
20_USA,United States of America,Total investment,1986,23.741,-0.018480238134612192,IMF
20_USA,United States of America,Total investment,1987,23.62,-0.0050966682111115436,IMF
20_USA,United States of America,Total investment,1988,22.828,-0.03353090601185438,IMF
20_USA,United States of America,Total investment,1989,22.514,-0.0137550376730331,IMF
20_USA,United States of America,Total investment,1990,21.529,-0.043750555210091524,IMF
20_USA,United States of America,Total investment,1991,20.111,-0.0658646476845185,IMF
20_USA,United States of America,Total investment,1992,20.078,-0.0016408930436080382,IMF
20_USA,United States of America,Total investment,1993,20.394,0.015738619384400687,IMF
20_USA,United States of America,Total investment,1994,21.279,0.043395116210650286,IMF
20_USA,United States of America,Total investment,1995,21.273,-0.0002819681376005079,IMF
20_USA,United States of America,Total investment,1996,21.702,0.02016640812297288,IMF
20_USA,United States of America,Total investment,1997,22.41,0.03262372131600766,IMF
20_USA,United States of America,Total investment,1998,22.958,0.02445336903168216,IMF
20_USA,United States of America,Total investment,1999,23.419,0.02008014635421218,IMF
20_USA,United States of America,Total investment,2000,23.678,0.01105939621674712,IMF
20_USA,United States of America,Total investment,2001,22.177,-0.06339217839344546,IMF
20_USA,United States of America,Total investment,2002,21.723,-0.020471659827749455,IMF
20_USA,United States of America,Total investment,2003,21.746,0.0010587856189292477,IMF
20_USA,United States of America,Total investment,2004,22.652,0.04166283454428421,IMF
20_USA,United States of America,Total investment,2005,23.376,0.031961857672611726,IMF
20_USA,United States of America,Total investment,2006,23.538,0.00693018480492813,IMF
20_USA,United States of America,Total investment,2007,22.557,-0.04167728778995672,IMF
20_USA,United States of America,Total investment,2008,21.037,-0.0673848472757902,IMF
20_USA,United States of America,Total investment,2009,17.769,-0.15534534391785904,IMF
20_USA,United States of America,Total investment,2010,18.672,0.050818841803140336,IMF
20_USA,United States of America,Total investment,2011,19.034,0.01938731790916881,IMF
20_USA,United States of America,Total investment,2012,19.951,0.04817694651675963,IMF
20_USA,United States of America,Total investment,2013,20.379,0.021452558768983998,IMF
20_USA,United States of America,Total investment,2014,20.901,0.02561460326806997,IMF
20_USA,United States of America,Total investment,2015,21.415,0.024592124778718638,IMF
20_USA,United States of America,Total investment,2016,20.888,-0.024608918982021777,IMF
20_USA,United States of America,Total investment,2017,21.156,0.012830333205668287,IMF
20_USA,United States of America,Total investment,2018,21.569,0.019521648704859063,IMF
20_USA,United States of America,Total investment,2019,21.67,0.0046826463906533,IMF
20_USA,United States of America,Total investment,2020,21.438,-0.0107060452238118,IMF
20_USA,United States of America,Total investment,2021,21.407,-0.0014460304132847268,IMF
20_USA,United States of America,Total investment,2022,22.027,0.02896248890549824,IMF
20_USA,United States of America,Total investment,2023,21.57,-0.020747264720570202,IMF
20_USA,United States of America,Total investment,2024,21.533,-0.0017153453871117108,IMF
20_USA,United States of America,Total investment,2025,21.36,-0.008034180095667254,IMF
20_USA,United States of America,Total investment,2026,21.405,0.00210674157303381,IMF
20_USA,United States of America,Total investment,2027,21.487,0.003830880635365519,IMF
20_USA,United States of America,Total investment,2028,21.347,-0.0065155675524734,IMF
20_USA,United States of America,Total investment,2029,21.16,-0.008760013116597243,IMF
20_USA,United States of America,Total investment,2030,20.964,-0.009262759924385744,IMF
20_USA,United States of America,Total investment,2031,20.783,-0.008633848502194064,IMF
21_VN,Viet Nam,"Gross domestic product per capita, constant prices",1980,1653.897,,IMF
21_VN,Viet Nam,"Gross domestic product per capita, constant prices",1981,1714.029,0.036357765931010144,IMF
21_VN,Viet Nam,"Gross domestic product per capita, constant prices",1982,1817.901,0.060601075010982886,IMF
21_VN,Viet Nam,"Gross domestic product per capita, constant prices",1983,1910.599,0.05099177567975377,IMF
21_VN,Viet Nam,"Gross domestic product per capita, constant prices",1984,2032.141,0.06361460463446278,IMF
21_VN,Viet Nam,"Gross domestic product per capita, constant prices",1985,2105.358,0.03602948811130724,IMF
21_VN,Viet Nam,"Gross domestic product per capita, constant prices",1986,2132.817,0.013042437438193222,IMF
21_VN,Viet Nam,"Gross domestic product per capita, constant prices",1987,2138.732,0.002773327481917054,IMF
21_VN,Viet Nam,"Gross domestic product per capita, constant prices",1988,2205.329,0.03113854377266545,IMF
21_VN,Viet Nam,"Gross domestic product per capita, constant prices",1989,2330.588,0.05679832804991913,IMF
21_VN,Viet Nam,"Gross domestic product per capita, constant prices",1990,2348.901,0.007857673685782052,IMF
21_VN,Viet Nam,"Gross domestic product per capita, constant prices",1991,2440.046,0.038803253095809564,IMF
21_VN,Viet Nam,"Gross domestic product per capita, constant prices",1992,2605.53,0.06782003290101923,IMF
21_VN,Viet Nam,"Gross domestic product per capita, constant prices",1993,2767.712,0.06224530133984252,IMF
21_VN,Viet Nam,"Gross domestic product per capita, constant prices",1994,2962.016,0.07020383623729631,IMF
21_VN,Viet Nam,"Gross domestic product per capita, constant prices",1995,3191.833,0.07758803463586972,IMF
21_VN,Viet Nam,"Gross domestic product per capita, constant prices",1996,3434.556,0.07604501864602553,IMF
21_VN,Viet Nam,"Gross domestic product per capita, constant prices",1997,3657.033,0.06477605839008005,IMF
21_VN,Viet Nam,"Gross domestic product per capita, constant prices",1998,3808.937,0.04153749774749094,IMF
21_VN,Viet Nam,"Gross domestic product per capita, constant prices",1999,3931.344,0.03213678777044615,IMF
21_VN,Viet Nam,"Gross domestic product per capita, constant prices",2000,4142.009,0.053586000105816156,IMF
21_VN,Viet Nam,"Gross domestic product per capita, constant prices",2001,4368.491,0.0546792631305244,IMF
21_VN,Viet Nam,"Gross domestic product per capita, constant prices",2002,4616.681,0.0568136686100531,IMF
21_VN,Viet Nam,"Gross domestic product per capita, constant prices",2003,4909.402,0.06340507390482486,IMF
21_VN,Viet Nam,"Gross domestic product per capita, constant prices",2004,5243.324,0.06801683789593915,IMF
21_VN,Viet Nam,"Gross domestic product per capita, constant prices",2005,5587.267,0.06559636596937368,IMF
21_VN,Viet Nam,"Gross domestic product per capita, constant prices",2006,5921.703,0.059856813715901014,IMF
21_VN,Viet Nam,"Gross domestic product per capita, constant prices",2007,6284.325,0.061236100493388346,IMF
21_VN,Viet Nam,"Gross domestic product per capita, constant prices",2008,6576.7,0.046524487514570056,IMF
21_VN,Viet Nam,"Gross domestic product per capita, constant prices",2009,6864.144,0.04370641811242737,IMF
21_VN,Viet Nam,"Gross domestic product per capita, constant prices",2010,7232.35,0.0536419399126824,IMF
21_VN,Viet Nam,"Gross domestic product per capita, constant prices",2011,7705.568,0.06543073828008872,IMF
21_VN,Viet Nam,"Gross domestic product per capita, constant prices",2012,8042.861,0.043772632984356186,IMF
21_VN,Viet Nam,"Gross domestic product per capita, constant prices",2013,8399.651,0.04436107996893135,IMF
21_VN,Viet Nam,"Gross domestic product per capita, constant prices",2014,8843.587,0.0528517196726388,IMF
21_VN,Viet Nam,"Gross domestic product per capita, constant prices",2015,9359.948,0.05838818569885729,IMF
21_VN,Viet Nam,"Gross domestic product per capita, constant prices",2016,9880.359,0.05559977469960309,IMF
21_VN,Viet Nam,"Gross domestic product per capita, constant prices",2017,10455.926,0.05825365252416437,IMF
21_VN,Viet Nam,"Gross domestic product per capita, constant prices",2018,11118.43,0.06336158079160104,IMF
21_VN,Viet Nam,"Gross domestic product per capita, constant prices",2019,11711.748,0.05336346948265169,IMF
21_VN,Viet Nam,"Gross domestic product per capita, constant prices",2020,11911.695,0.017072344794303973,IMF
21_VN,Viet Nam,"Gross domestic product per capita, constant prices",2021,12101.363,0.015922838857106436,IMF
21_VN,Viet Nam,"Gross domestic product per capita, constant prices",2022,13008.338,0.07494816906161739,IMF
21_VN,Viet Nam,"Gross domestic product per capita, constant prices",2023,13551.767,0.04177543664686456,IMF
21_VN,Viet Nam,"Gross domestic product per capita, constant prices",2024,14352.037,0.05905281576933841,IMF
21_VN,Viet Nam,"Gross domestic product per capita, constant prices",2025,15351.359,0.06962927980188449,IMF
21_VN,Viet Nam,"Gross domestic product per capita, constant prices",2026,16317.294,0.06292179083298088,IMF
21_VN,Viet Nam,"Gross domestic product per capita, constant prices",2027,17296.734,0.06002465850036165,IMF
21_VN,Viet Nam,"Gross domestic product per capita, constant prices",2028,18258.401,0.05559818402711181,IMF
21_VN,Viet Nam,"Gross domestic product per capita, constant prices",2029,19167.185,0.04977347140091837,IMF
21_VN,Viet Nam,"Gross domestic product per capita, constant prices",2030,20091.321,0.04821448741690548,IMF
21_VN,Viet Nam,"Gross domestic product per capita, constant prices",2031,21079.037,0.0491613269232023,IMF
21_VN,Viet Nam,Gross national savings,1980,9.664,,IMF
21_VN,Viet Nam,Gross national savings,1981,7.065,-0.2689362582781456,IMF
21_VN,Viet Nam,Gross national savings,1982,8.628,0.2212314225053078,IMF
21_VN,Viet Nam,Gross national savings,1983,9.317,0.07985628187297178,IMF
21_VN,Viet Nam,Gross national savings,1984,9.66,0.03681442524417733,IMF
21_VN,Viet Nam,Gross national savings,1985,6.311,-0.3466873706004141,IMF
21_VN,Viet Nam,Gross national savings,1986,7.821,0.23926477578830618,IMF
21_VN,Viet Nam,Gross national savings,1987,8.662,0.10753100626518353,IMF
21_VN,Viet Nam,Gross national savings,1988,8.656,-0.0006926806742092451,IMF
21_VN,Viet Nam,Gross national savings,1989,5.487,-0.3661044362292052,IMF
21_VN,Viet Nam,Gross national savings,1990,8.158,0.4867869509750318,IMF
21_VN,Viet Nam,Gross national savings,1991,10.438,0.27948026477077725,IMF
21_VN,Viet Nam,Gross national savings,1992,13.831,0.3250622724659895,IMF
21_VN,Viet Nam,Gross national savings,1993,10.768,-0.2214590412840719,IMF
21_VN,Viet Nam,Gross national savings,1994,11.026,0.02395988112927183,IMF
21_VN,Viet Nam,Gross national savings,1995,11.35,0.02938508978777432,IMF
21_VN,Viet Nam,Gross national savings,1996,15.69,0.38237885462555066,IMF
21_VN,Viet Nam,Gross national savings,1997,17.813,0.13530911408540458,IMF
21_VN,Viet Nam,Gross national savings,1998,18.908,0.06147195868186173,IMF
21_VN,Viet Nam,Gross national savings,1999,24.99,0.3216627882377827,IMF
21_VN,Viet Nam,Gross national savings,2000,25.467,0.019087635054021668,IMF
21_VN,Viet Nam,Gross national savings,2001,26.779,0.05151765029253541,IMF
21_VN,Viet Nam,Gross national savings,2002,24.757,-0.07550692706971873,IMF
21_VN,Viet Nam,Gross national savings,2003,24.071,-0.027709334733610702,IMF
21_VN,Viet Nam,Gross national savings,2004,23.814,-0.010676747953969556,IMF
21_VN,Viet Nam,Gross national savings,2005,25.821,0.08427815570672714,IMF
21_VN,Viet Nam,Gross national savings,2006,27.006,0.045892877890089334,IMF
21_VN,Viet Nam,Gross national savings,2007,34.911,0.29271273050433244,IMF
21_VN,Viet Nam,Gross national savings,2008,28.925,-0.17146458136403997,IMF
21_VN,Viet Nam,Gross national savings,2009,32.042,0.10776145203111498,IMF
21_VN,Viet Nam,Gross national savings,2010,34.107,0.06444666375382302,IMF
21_VN,Viet Nam,Gross national savings,2011,32.507,-0.04691119125106291,IMF
21_VN,Viet Nam,Gross national savings,2012,35.307,0.08613529393669062,IMF
21_VN,Viet Nam,Gross national savings,2013,33.857,-0.04106834338799681,IMF
21_VN,Viet Nam,Gross national savings,2014,33.991,0.003957822606846406,IMF
21_VN,Viet Nam,Gross national savings,2015,31.246,-0.08075667088346916,IMF
21_VN,Viet Nam,Gross national savings,2016,31.972,0.023234974076681958,IMF
21_VN,Viet Nam,Gross national savings,2017,31.709,-0.008225947704241232,IMF
21_VN,Viet Nam,Gross national savings,2018,33.916,0.06960169037181863,IMF
21_VN,Viet Nam,Gross national savings,2019,35.741,0.05380941148720386,IMF
21_VN,Viet Nam,Gross national savings,2020,36.267,0.014716991690215897,IMF
21_VN,Viet Nam,Gross national savings,2021,30.695,-0.1536382937656824,IMF
21_VN,Viet Nam,Gross national savings,2022,32.683,0.06476624857468649,IMF
21_VN,Viet Nam,Gross national savings,2023,38.027,0.16351008169384706,IMF
21_VN,Viet Nam,Gross national savings,2024,37.205,-0.021616220054172075,IMF
21_VN,Viet Nam,Gross national savings,2025,37.507,0.008117188549926047,IMF
21_VN,Viet Nam,Gross national savings,2026,36.954,-0.014743914469299013,IMF
21_VN,Viet Nam,Gross national savings,2027,36.776,-0.004816799263949734,IMF
21_VN,Viet Nam,Gross national savings,2028,36.1,-0.018381553186861077,IMF
21_VN,Viet Nam,Gross national savings,2029,35.668,-0.011966759002770111,IMF
21_VN,Viet Nam,Gross national savings,2030,35.395,-0.0076539194796455545,IMF
21_VN,Viet Nam,Gross national savings,2031,35.171,-0.006328577482695441,IMF
21_VN,Viet Nam,Population,1980,54.18,,IMF
21_VN,Viet Nam,Population,1981,55.31,0.020856404577334953,IMF
21_VN,Viet Nam,Population,1982,56.4,0.019707105405893932,IMF
21_VN,Viet Nam,Population,1983,57.47,0.0189716312056738,IMF
21_VN,Viet Nam,Population,1984,58.57,0.01914042108926406,IMF
21_VN,Viet Nam,Population,1985,59.71,0.01946388936315513,IMF
21_VN,Viet Nam,Population,1986,60.92,0.02026461229274834,IMF
21_VN,Viet Nam,Population,1987,62.3,0.022652659225213423,IMF
21_VN,Viet Nam,Population,1988,63.5,0.019261637239165408,IMF
21_VN,Viet Nam,Population,1989,64.774,0.02006299212598428,IMF
21_VN,Viet Nam,Population,1990,67.513,0.04228548491678774,IMF
21_VN,Viet Nam,Population,1991,68.766,0.01855938856220285,IMF
21_VN,Viet Nam,Population,1992,70.002,0.01797399877846595,IMF
21_VN,Viet Nam,Population,1993,71.223,0.01744235878974898,IMF
21_VN,Viet Nam,Population,1994,72.43,0.01694677281215351,IMF
21_VN,Viet Nam,Population,1995,73.627,0.016526301256385212,IMF
21_VN,Viet Nam,Population,1996,74.815,0.016135385116872847,IMF
21_VN,Viet Nam,Population,1997,75.991,0.01571877297333435,IMF
21_VN,Viet Nam,Population,1998,77.167,0.015475516837520242,IMF
21_VN,Viet Nam,Population,1999,78.333,0.015110085917555471,IMF
21_VN,Viet Nam,Population,2000,79.395,0.013557504500019135,IMF
21_VN,Viet Nam,Population,2001,80.469,0.013527300207821558,IMF
21_VN,Viet Nam,Population,2002,81.534,0.013234910338142836,IMF
21_VN,Viet Nam,Population,2003,82.302,0.00941938332474801,IMF
21_VN,Viet Nam,Population,2004,83.063,0.009246433865519599,IMF
21_VN,Viet Nam,Population,2005,83.833,0.0092700721139376,IMF
21_VN,Viet Nam,Population,2006,84.618,0.009363854329440535,IMF
21_VN,Viet Nam,Population,2007,85.42,0.009477888865253359,IMF
21_VN,Viet Nam,Population,2008,86.243,0.009634745961133229,IMF
21_VN,Viet Nam,Population,2009,87.092,0.00984427721670178,IMF
21_VN,Viet Nam,Population,2010,87.968,0.010058329123226128,IMF
21_VN,Viet Nam,Population,2011,87.86,-0.0012277191706074886,IMF
21_VN,Viet Nam,Population,2012,88.809,0.010801274755292578,IMF
21_VN,Viet Nam,Population,2013,89.76,0.010708374151268574,IMF
21_VN,Viet Nam,Population,2014,90.729,0.010795454545454497,IMF
21_VN,Viet Nam,Population,2015,91.713,0.01084548490559789,IMF
21_VN,Viet Nam,Population,2016,92.695,0.010707315211583968,IMF
21_VN,Viet Nam,Population,2017,93.672,0.010539942823237558,IMF
21_VN,Viet Nam,Population,2018,94.666,0.010611495430865148,IMF
21_VN,Viet Nam,Population,2019,96.484,0.019204360594088588,IMF
21_VN,Viet Nam,Population,2020,97.583,0.011390489614858446,IMF
21_VN,Viet Nam,Population,2021,98.506,0.009458614717727576,IMF
21_VN,Viet Nam,Population,2022,99.462,0.009704992589284034,IMF
21_VN,Viet Nam,Population,2023,100.309,0.008515815085158085,IMF
21_VN,Viet Nam,Population,2024,101.3,0.009879472430190717,IMF
21_VN,Viet Nam,Population,2025,102.3,0.009871668311944637,IMF
21_VN,Viet Nam,Population,2026,103.077,0.0075953079178885385,IMF
21_VN,Viet Nam,Population,2027,103.756,0.0065873085169338985,IMF
21_VN,Viet Nam,Population,2028,104.385,0.006062300011565602,IMF
21_VN,Viet Nam,Population,2029,105.004,0.005929970781242577,IMF
21_VN,Viet Nam,Population,2030,105.574,0.005428364633728089,IMF
21_VN,Viet Nam,Population,2031,106.051,0.0045181578797810484,IMF
21_VN,Viet Nam,Real GDP PPP 2021 USD,1980,89608.13945999999,,IMF
21_VN,Viet Nam,Real GDP PPP 2021 USD,1981,94802.94399,0.05797246278413026,IMF
21_VN,Viet Nam,Real GDP PPP 2021 USD,1982,102529.6164,0.08150245218982888,IMF
21_VN,Viet Nam,Real GDP PPP 2021 USD,1983,109802.12453,0.07093080404814622,IMF
21_VN,Viet Nam,Real GDP PPP 2021 USD,1984,119022.49837,0.08397263604385752,IMF
21_VN,Viet Nam,Real GDP PPP 2021 USD,1985,125710.92618000001,0.056194651444872123,IMF
21_VN,Viet Nam,Real GDP PPP 2021 USD,1986,129931.21164000001,0.03357134966897912,IMF
21_VN,Viet Nam,Real GDP PPP 2021 USD,1987,133243.0036,0.025488809949498092,IMF
21_VN,Viet Nam,Real GDP PPP 2021 USD,1988,140038.3915,0.05099996034613552,IMF
21_VN,Viet Nam,Real GDP PPP 2021 USD,1989,150961.50711200002,0.07800086458433819,IMF
21_VN,Viet Nam,Real GDP PPP 2021 USD,1990,158581.353213,0.05047542414469097,IMF
21_VN,Viet Nam,Real GDP PPP 2021 USD,1991,167792.203236,0.05808280630969498,IMF
21_VN,Viet Nam,Real GDP PPP 2021 USD,1992,182392.31106,0.08701302886800377,IMF
21_VN,Viet Nam,Real GDP PPP 2021 USD,1993,197124.751776,0.08077336500853693,IMF
21_VN,Viet Nam,Real GDP PPP 2021 USD,1994,214538.81888000004,0.08834033751270498,IMF
21_VN,Viet Nam,Real GDP PPP 2021 USD,1995,235005.088291,0.0953965791265381,IMF
21_VN,Viet Nam,Real GDP PPP 2021 USD,1996,256956.30714,0.09340741942497188,IMF
21_VN,Viet Nam,Real GDP PPP 2021 USD,1997,277901.594703,0.08151303151935552,IMF
21_VN,Viet Nam,Real GDP PPP 2021 USD,1998,293924.241479,0.05765582883079112,IMF
21_VN,Viet Nam,Real GDP PPP 2021 USD,1999,307953.969552,0.04773246331232728,IMF
21_VN,Viet Nam,Real GDP PPP 2021 USD,2000,328854.804555,0.06786999704340801,IMF
21_VN,Viet Nam,Real GDP PPP 2021 USD,2001,351528.102279,0.0689462261458551,IMF
21_VN,Viet Nam,Real GDP PPP 2021 USD,2002,376416.46865399997,0.0708005027582308,IMF
21_VN,Viet Nam,Real GDP PPP 2021 USD,2003,404053.60340400005,0.07342169392541642,IMF
21_VN,Viet Nam,Real GDP PPP 2021 USD,2004,435526.22141199996,0.07789218495480532,IMF
21_VN,Viet Nam,Real GDP PPP 2021 USD,2005,468397.354411,0.07547452112625974,IMF
21_VN,Viet Nam,Real GDP PPP 2021 USD,2006,501082.664454,0.06978115852960176,IMF
21_VN,Viet Nam,Real GDP PPP 2021 USD,2007,536807.0415,0.0712943783136597,IMF
21_VN,Viet Nam,Real GDP PPP 2021 USD,2008,567194.3380999999,0.05660748509387781,IMF
21_VN,Viet Nam,Real GDP PPP 2021 USD,2009,597812.029248,0.053980953425176725,IMF
21_VN,Viet Nam,Real GDP PPP 2021 USD,2010,636215.3648000001,0.06423981732235862,IMF
21_VN,Viet Nam,Real GDP PPP 2021 USD,2011,677011.20448,0.0641226885377475,IMF
21_VN,Viet Nam,Real GDP PPP 2021 USD,2012,714278.4425489999,0.05504670797527522,IMF
21_VN,Viet Nam,Real GDP PPP 2021 USD,2013,753952.67376,0.055544489162261845,IMF
21_VN,Viet Nam,Real GDP PPP 2021 USD,2014,802369.8049229999,0.06421773255546825,IMF
21_VN,Viet Nam,Real GDP PPP 2021 USD,2015,858428.910924,0.06986691879111762,IMF
21_VN,Viet Nam,Real GDP PPP 2021 USD,2016,915859.877505,0.06690241422458865,IMF
21_VN,Viet Nam,Real GDP PPP 2021 USD,2017,979427.500272,0.0694075855142513,IMF
21_VN,Viet Nam,Real GDP PPP 2021 USD,2018,1052537.29438,0.07464543734752849,IMF
21_VN,Viet Nam,Real GDP PPP 2021 USD,2019,1129996.294032,0.07359264138723698,IMF
21_VN,Viet Nam,Real GDP PPP 2021 USD,2020,1162378.933185,0.028657296775243202,IMF
21_VN,Viet Nam,Real GDP PPP 2021 USD,2021,1192056.863678,0.02553206157279564,IMF
21_VN,Viet Nam,Real GDP PPP 2021 USD,2022,1293835.314156,0.08538053307622473,IMF
21_VN,Viet Nam,Real GDP PPP 2021 USD,2023,1359364.196003,0.05064700362560903,IMF
21_VN,Viet Nam,Real GDP PPP 2021 USD,2024,1453861.3481,0.06951569886484754,IMF
21_VN,Viet Nam,Real GDP PPP 2021 USD,2025,1570444.0256999999,0.08018830526883303,IMF
21_VN,Viet Nam,Real GDP PPP 2021 USD,2026,1681937.713638,0.07099500912699108,IMF
21_VN,Viet Nam,Real GDP PPP 2021 USD,2027,1794639.932904,0.06700736796146112,IMF
21_VN,Viet Nam,Real GDP PPP 2021 USD,2028,1905903.1883850002,0.06199753691034804,IMF
21_VN,Viet Nam,Real GDP PPP 2021 USD,2029,2012631.0937400002,0.05599859741324931,IMF
21_VN,Viet Nam,Real GDP PPP 2021 USD,2030,2121121.1232539997,0.05390457786896086,IMF
21_VN,Viet Nam,Real GDP PPP 2021 USD,2031,2235452.952887,0.05390160343960204,IMF
21_VN,Viet Nam,Total investment,1980,15.558,,IMF
21_VN,Viet Nam,Total investment,1981,15.558,0.0,IMF
21_VN,Viet Nam,Total investment,1982,15.558,0.0,IMF
21_VN,Viet Nam,Total investment,1983,15.558,0.0,IMF
21_VN,Viet Nam,Total investment,1984,15.558,0.0,IMF
21_VN,Viet Nam,Total investment,1985,15.558,0.0,IMF
21_VN,Viet Nam,Total investment,1986,15.558,0.0,IMF
21_VN,Viet Nam,Total investment,1987,15.558,0.0,IMF
21_VN,Viet Nam,Total investment,1988,15.558,0.0,IMF
21_VN,Viet Nam,Total investment,1989,14.79,-0.04936367142306208,IMF
21_VN,Viet Nam,Total investment,1990,4.861,-0.6713319810682894,IMF
21_VN,Viet Nam,Total investment,1991,10.874,1.2369882740176918,IMF
21_VN,Viet Nam,Total investment,1992,13.838,0.2725767886702224,IMF
21_VN,Viet Nam,Total investment,1993,26.345,0.9038155802861685,IMF
21_VN,Viet Nam,Total investment,1994,27.61,0.04801670146137793,IMF
21_VN,Viet Nam,Total investment,1995,29.38,0.0641072075335023,IMF
21_VN,Viet Nam,Total investment,1996,30.417,0.03529611980939418,IMF
21_VN,Viet Nam,Total investment,1997,30.648,0.0075944373212348815,IMF
21_VN,Viet Nam,Total investment,1998,31.426,0.02538501696684925,IMF
21_VN,Viet Nam,Total investment,1999,29.89,-0.04887672627760442,IMF
21_VN,Viet Nam,Total investment,2000,32.041,0.07196386751421868,IMF
21_VN,Viet Nam,Total investment,2001,33.736,0.05290097063137855,IMF
21_VN,Viet Nam,Total investment,2002,35.959,0.06589400047427096,IMF
21_VN,Viet Nam,Total investment,2003,38.378,0.06727105870574812,IMF
21_VN,Viet Nam,Total investment,2004,36.204,-0.05664703736515708,IMF
21_VN,Viet Nam,Total investment,2005,36.508,0.008396862225168444,IMF
21_VN,Viet Nam,Total investment,2006,37.295,0.021556919031445076,IMF
21_VN,Viet Nam,Total investment,2007,42.654,0.14369218393886585,IMF
21_VN,Viet Nam,Total investment,2008,39.29,-0.07886716368922031,IMF
21_VN,Viet Nam,Total investment,2009,40.14,0.021634003563247628,IMF
21_VN,Viet Nam,Total investment,2010,37.099,-0.07575984055804696,IMF
21_VN,Viet Nam,Total investment,2011,32.371,-0.12744278821531563,IMF
21_VN,Viet Nam,Total investment,2012,30.559,-0.055976027926230354,IMF
21_VN,Viet Nam,Total investment,2013,30.213,-0.01132236002486997,IMF
21_VN,Viet Nam,Total investment,2014,30.289,0.0025154734716843485,IMF
21_VN,Viet Nam,Total investment,2015,32.109,0.060087820660966074,IMF
21_VN,Viet Nam,Total investment,2016,31.725,-0.011959263757824967,IMF
21_VN,Viet Nam,Total investment,2017,32.305,0.018282111899133202,IMF
21_VN,Viet Nam,Total investment,2018,32.02,-0.008822163751741163,IMF
21_VN,Viet Nam,Total investment,2019,31.98,-0.0012492192379763845,IMF
21_VN,Viet Nam,Total investment,2020,31.916,-0.0020012507817386282,IMF
21_VN,Viet Nam,Total investment,2021,32.896,0.030705602205790106,IMF
21_VN,Viet Nam,Total investment,2022,32.34,-0.016901750972762586,IMF
21_VN,Viet Nam,Total investment,2023,31.647,-0.021428571428571574,IMF
21_VN,Viet Nam,Total investment,2024,30.585,-0.03355768319271957,IMF
21_VN,Viet Nam,Total investment,2025,30.795,0.006866110838646522,IMF
21_VN,Viet Nam,Total investment,2026,31.702,0.02945283325215131,IMF
21_VN,Viet Nam,Total investment,2027,32.449,0.023563182133619298,IMF
21_VN,Viet Nam,Total investment,2028,32.895,0.013744645443619419,IMF
21_VN,Viet Nam,Total investment,2029,33.425,0.016111871105030984,IMF
21_VN,Viet Nam,Total investment,2030,34.005,0.01735228122662691,IMF
21_VN,Viet Nam,Total investment,2031,34.614,0.01790913101014535,IMF
