economy_code,economy,year,variable,value,percent,source
01_AUS,Australia,1950,Average hours,2029.52,,PWT
01_AUS,Australia,1951,Average hours,2010.76,-0.00924356498088219,PWT
01_AUS,Australia,1952,Average hours,1992.16,-0.009250233742465475,PWT
01_AUS,Australia,1953,Average hours,1973.74,-0.009246245281503529,PWT
01_AUS,Australia,1954,Average hours,1955.48,-0.009251471825063029,PWT
01_AUS,Australia,1955,Average hours,1937.4,-0.009245811770000167,PWT
01_AUS,Australia,1956,Average hours,1919.48,-0.009249509652111132,PWT
01_AUS,Australia,1957,Average hours,1901.73,-0.009247296142705363,PWT
01_AUS,Australia,1958,Average hours,1884.14,-0.009249472848406382,PWT
01_AUS,Australia,1959,Average hours,1866.72,-0.009245597460910582,PWT
01_AUS,Australia,1960,Average hours,1849.46,-0.009246164395303014,PWT
01_AUS,Australia,1961,Average hours,1846.05,-0.0018437814280926057,PWT
01_AUS,Australia,1962,Average hours,1842.64,-0.0018471872376153442,PWT
01_AUS,Australia,1963,Average hours,1839.24,-0.001845178656709967,PWT
01_AUS,Australia,1964,Average hours,1835.85,-0.0018431526065114667,PWT
01_AUS,Australia,1965,Average hours,1832.46,-0.001846556091183893,PWT
01_AUS,Australia,1966,Average hours,1829.08,-0.0018445150235203434,PWT
01_AUS,Australia,1967,Average hours,1825.71,-0.0018424563168367714,PWT
01_AUS,Australia,1968,Average hours,1822.34,-0.0018458572281468966,PWT
01_AUS,Australia,1969,Average hours,1818.98,-0.0018437832676667654,PWT
01_AUS,Australia,1970,Average hours,1815.62,-0.0018471890839921734,PWT
01_AUS,Australia,1971,Average hours,1798.2,-0.0095945186768156,PWT
01_AUS,Australia,1972,Average hours,1779.19,-0.010571682793904968,PWT
01_AUS,Australia,1973,Average hours,1766.72,-0.007008807378638626,PWT
01_AUS,Australia,1974,Average hours,1782.85,0.00912991305922839,PWT
01_AUS,Australia,1975,Average hours,1770.48,-0.006938329079844041,PWT
01_AUS,Australia,1976,Average hours,1780.18,0.005478740228638479,PWT
01_AUS,Australia,1977,Average hours,1781.86,0.0009437247918748781,PWT
01_AUS,Australia,1978,Average hours,1782.66,0.00044896905480795724,PWT
01_AUS,Australia,1979,Average hours,1787.7,0.00282723570394805,PWT
01_AUS,Australia,1980,Average hours,1785.37,-0.0013033506740505185,PWT
01_AUS,Australia,1981,Average hours,1771.21,-0.00793112912169458,PWT
01_AUS,Australia,1982,Average hours,1750.51,-0.011686925886823185,PWT
01_AUS,Australia,1983,Average hours,1734.47,-0.00916304391291678,PWT
01_AUS,Australia,1984,Average hours,1753.62,0.011040836682098876,PWT
01_AUS,Australia,1985,Average hours,1745.54,-0.004607611683260848,PWT
01_AUS,Australia,1986,Average hours,1750.05,0.0025837276716660362,PWT
01_AUS,Australia,1987,Average hours,1748.07,-0.001131396245821592,PWT
01_AUS,Australia,1988,Average hours,1745.23,-0.0016246488984994478,PWT
01_AUS,Australia,1989,Average hours,1755.12,0.005666874853171189,PWT
01_AUS,Australia,1990,Average hours,1740.63,-0.008255845754136293,PWT
01_AUS,Australia,1991,Average hours,1727.68,-0.007439835002269302,PWT
01_AUS,Australia,1992,Average hours,1724.85,-0.0016380348212632345,PWT
01_AUS,Australia,1993,Average hours,1740.43,0.009032669507493596,PWT
01_AUS,Australia,1994,Average hours,1745.08,0.0026717535321729713,PWT
01_AUS,Australia,1995,Average hours,1746.31,0.000704838746647729,PWT
01_AUS,Australia,1996,Average hours,1748.8,0.001425863678270245,PWT
01_AUS,Australia,1997,Average hours,1746.24,-0.0014638609332112695,PWT
01_AUS,Australia,1998,Average hours,1735.3,-0.006264889133223428,PWT
01_AUS,Australia,1999,Average hours,1723.86,-0.00659252002535593,PWT
01_AUS,Australia,2000,Average hours,1738.5,0.00849256900212314,PWT
01_AUS,Australia,2001,Average hours,1716.04,-0.012919183203911389,PWT
01_AUS,Australia,2002,Average hours,1697.8,-0.01062912286426887,PWT
01_AUS,Australia,2003,Average hours,1694.46,-0.0019672517375426413,PWT
01_AUS,Australia,2004,Average hours,1686.14,-0.00491011885792525,PWT
01_AUS,Australia,2005,Average hours,1685.79,-0.00020757469723753363,PWT
01_AUS,Australia,2006,Average hours,1676.85,-0.005303151638104464,PWT
01_AUS,Australia,2007,Average hours,1674.13,-0.0016220890359899265,PWT
01_AUS,Australia,2008,Average hours,1677.89,0.0022459426687293504,PWT
01_AUS,Australia,2009,Average hours,1672.41,-0.003266006710809455,PWT
01_AUS,Australia,2010,Average hours,1654.81,-0.010523735208471718,PWT
01_AUS,Australia,2011,Average hours,1660.5,0.003438461213069788,PWT
01_AUS,Australia,2012,Average hours,1661.94,0.0008672086720866723,PWT
01_AUS,Australia,2013,Average hours,1653.12,-0.005307050796057755,PWT
01_AUS,Australia,2014,Average hours,1655.97,0.0017240127758422208,PWT
01_AUS,Australia,2015,Average hours,1649.81,-0.0037198741523095658,PWT
01_AUS,Australia,2016,Average hours,1643.82,-0.003630721113340285,PWT
01_AUS,Australia,2017,Average hours,1641.6,-0.0013505128298718638,PWT
01_AUS,Australia,2018,Average hours,1633.87,-0.00470882066276801,PWT
01_AUS,Australia,2019,Average hours,1632.29,-0.0009670292006095371,PWT
01_AUS,Australia,2020,Average hours,1601.09,-0.019114250531461985,PWT
01_AUS,Australia,2021,Average hours,1597.75,-0.0020860788587774293,PWT
01_AUS,Australia,2022,Average hours,1587.71,-0.006283836645282426,PWT
01_AUS,Australia,2023,Average hours,1611.13,0.014750804617971847,PWT
01_AUS,Australia,1950,Capital stock,712402.25,,PWT
01_AUS,Australia,1951,Capital stock,768188.9375,0.07830784855045025,PWT
01_AUS,Australia,1952,Capital stock,784147.5625,0.020774348888615624,PWT
01_AUS,Australia,1953,Capital stock,815786.6875,0.04034843250564846,PWT
01_AUS,Australia,1954,Capital stock,858365.4375,0.05219348470919982,PWT
01_AUS,Australia,1955,Capital stock,901560.1875,0.05032209838947521,PWT
01_AUS,Australia,1956,Capital stock,932533.0625,0.03435475016469702,PWT
01_AUS,Australia,1957,Capital stock,964544.875,0.03432780432918969,PWT
01_AUS,Australia,1958,Capital stock,1006757.375,0.04376416390165372,PWT
01_AUS,Australia,1959,Capital stock,1052758.625,0.04569248871904219,PWT
01_AUS,Australia,1960,Capital stock,1100372.25,0.04522748507522323,PWT
01_AUS,Australia,1961,Capital stock,1135589.375,0.03200473748770016,PWT
01_AUS,Australia,1962,Capital stock,1182194.125,0.041040142701229465,PWT
01_AUS,Australia,1963,Capital stock,1231092.375,0.04136228472629222,PWT
01_AUS,Australia,1964,Capital stock,1290835.375,0.048528446128991654,PWT
01_AUS,Australia,1965,Capital stock,1344057.5,0.041230761126297866,PWT
01_AUS,Australia,1966,Capital stock,1402941.625,0.04381071866344999,PWT
01_AUS,Australia,1967,Capital stock,1463248.5,0.042986018751849375,PWT
01_AUS,Australia,1968,Capital stock,1535040.75,0.04906360744603533,PWT
01_AUS,Australia,1969,Capital stock,1611390.25,0.04973776754786474,PWT
01_AUS,Australia,1970,Capital stock,1685673.5,0.04609885780306788,PWT
01_AUS,Australia,1971,Capital stock,1761507.25,0.044987211343122,PWT
01_AUS,Australia,1972,Capital stock,1838995.375,0.04398967134537757,PWT
01_AUS,Australia,1973,Capital stock,1919370.5,0.04370599626983829,PWT
01_AUS,Australia,1974,Capital stock,1984156.125,0.03375357962415282,PWT
01_AUS,Australia,1975,Capital stock,2050902.75,0.03363980493218488,PWT
01_AUS,Australia,1976,Capital stock,2120486.75,0.033928473692865335,PWT
01_AUS,Australia,1977,Capital stock,2192115.25,0.033779272612762146,PWT
01_AUS,Australia,1978,Capital stock,2274668.75,0.0376592882148874,PWT
01_AUS,Australia,1979,Capital stock,2355175.5,0.03539273575548085,PWT
01_AUS,Australia,1980,Capital stock,2451078.75,0.040720213843936426,PWT
01_AUS,Australia,1981,Capital stock,2551982.25,0.04116697596925434,PWT
01_AUS,Australia,1982,Capital stock,2626699.5,0.02927812291797882,PWT
01_AUS,Australia,1983,Capital stock,2705562.5,0.030023609476455215,PWT
01_AUS,Australia,1984,Capital stock,2796189.25,0.033496454064543046,PWT
01_AUS,Australia,1985,Capital stock,2891848.25,0.0342104884352874,PWT
01_AUS,Australia,1986,Capital stock,2981028.0,0.030838322861512557,PWT
01_AUS,Australia,1987,Capital stock,3077088.0,0.03222378320498831,PWT
01_AUS,Australia,1988,Capital stock,3185545.75,0.0352468795172578,PWT
01_AUS,Australia,1989,Capital stock,3286824.25,0.03179313937023198,PWT
01_AUS,Australia,1990,Capital stock,3360047.25,0.022277735111635444,PWT
01_AUS,Australia,1991,Capital stock,3420984.75,0.018135905678112074,PWT
01_AUS,Australia,1992,Capital stock,3492737.75,0.02097437002605762,PWT
01_AUS,Australia,1993,Capital stock,3572427.75,0.022815912817960582,PWT
01_AUS,Australia,1994,Capital stock,3669155.75,0.027076264873376443,PWT
01_AUS,Australia,1995,Capital stock,3763744.75,0.02577949982090577,PWT
01_AUS,Australia,1996,Capital stock,3864806.25,0.026851316099477884,PWT
01_AUS,Australia,1997,Capital stock,3979691.5,0.02972600502289091,PWT
01_AUS,Australia,1998,Capital stock,4097570.25,0.029620072309624934,PWT
01_AUS,Australia,1999,Capital stock,4225215.0,0.031151326813738,PWT
01_AUS,Australia,2000,Capital stock,4319261.0,0.022258275614376988,PWT
01_AUS,Australia,2001,Capital stock,4429619.0,0.025550204074261673,PWT
01_AUS,Australia,2002,Capital stock,4563002.0,0.030111619080557483,PWT
01_AUS,Australia,2003,Capital stock,4708955.5,0.0319862888510678,PWT
01_AUS,Australia,2004,Capital stock,4858963.0,0.03185579052509624,PWT
01_AUS,Australia,2005,Capital stock,5022133.5,0.03358134235638355,PWT
01_AUS,Australia,2006,Capital stock,5187847.0,0.032996633801152475,PWT
01_AUS,Australia,2007,Capital stock,5369089.5,0.03493597633083634,PWT
01_AUS,Australia,2008,Capital stock,5542700.0,0.03233518457831641,PWT
01_AUS,Australia,2009,Capital stock,5712208.5,0.030582297436267503,PWT
01_AUS,Australia,2010,Capital stock,5883105.0,0.02991776298081561,PWT
01_AUS,Australia,2011,Capital stock,6086152.0,0.03451357743912431,PWT
01_AUS,Australia,2012,Capital stock,6291468.5,0.0337350266638099,PWT
01_AUS,Australia,2013,Capital stock,6480480.5,0.03004258862616882,PWT
01_AUS,Australia,2014,Capital stock,6648222.5,0.02588419176633594,PWT
01_AUS,Australia,2015,Capital stock,6797224.0,0.02241223123925229,PWT
01_AUS,Australia,2016,Capital stock,6940895.0,0.021136716989170967,PWT
01_AUS,Australia,2017,Capital stock,7098245.0,0.022669987083798304,PWT
01_AUS,Australia,2018,Capital stock,7245557.0,0.02075329887880728,PWT
01_AUS,Australia,2019,Capital stock,7380284.0,0.01859442966220537,PWT
01_AUS,Australia,2020,Capital stock,7524767.5,0.019576956659120404,PWT
01_AUS,Australia,2021,Capital stock,7691365.5,0.02213995316134354,PWT
01_AUS,Australia,2022,Capital stock,7862773.5,0.02228576967249829,PWT
01_AUS,Australia,2023,Capital stock,8045612.5,0.02325375390757478,PWT
01_AUS,Australia,1950,Employment,3.4272837638855,,PWT
01_AUS,Australia,1951,Employment,3.5212619304657,0.0274205969083976,PWT
01_AUS,Australia,1952,Employment,3.58896613121033,0.019227254910763047,PWT
01_AUS,Australia,1953,Employment,3.65064978599548,0.01718702616019052,PWT
01_AUS,Australia,1954,Employment,3.7282726764679,0.021262760062659147,PWT
01_AUS,Australia,1955,Employment,3.80841636657715,0.021496198659261445,PWT
01_AUS,Australia,1956,Employment,3.89250016212463,0.02207841460965332,PWT
01_AUS,Australia,1957,Employment,3.94345593452454,0.013090756654483338,PWT
01_AUS,Australia,1958,Employment,3.97842645645142,0.008867988512491376,PWT
01_AUS,Australia,1959,Employment,4.0273814201355,0.0123051071120579,PWT
01_AUS,Australia,1960,Employment,4.15227031707764,0.03100995011739882,PWT
01_AUS,Australia,1961,Employment,4.16426372528076,0.002888397740819615,PWT
01_AUS,Australia,1962,Employment,4.26416921615601,0.023991153650700703,PWT
01_AUS,Australia,1963,Employment,4.38606357574463,0.028585722894576504,PWT
01_AUS,Australia,1964,Employment,4.54341506958008,0.035875333569175716,PWT
01_AUS,Australia,1965,Employment,4.68104219436646,0.03029155881175094,PWT
01_AUS,Australia,1966,Employment,4.84978771209717,0.036048706831523836,PWT
01_AUS,Australia,1967,Employment,5.00150632858276,0.03128355826939555,PWT
01_AUS,Australia,1968,Employment,5.12361621856689,0.024414622708021527,PWT
01_AUS,Australia,1969,Employment,5.26686716079712,0.027958952450638064,PWT
01_AUS,Australia,1970,Employment,5.46656227111816,0.037915349718221636,PWT
01_AUS,Australia,1971,Employment,5.64900827407837,0.03337490618631378,PWT
01_AUS,Australia,1972,Employment,5.76099920272827,0.01982488309740904,PWT
01_AUS,Australia,1973,Employment,5.92150211334229,0.027860255654611032,PWT
01_AUS,Australia,1974,Employment,6.03445529937744,0.01907509004862873,PWT
01_AUS,Australia,1975,Employment,6.01168203353882,-0.0037738726544165324,PWT
01_AUS,Australia,1976,Employment,6.09550762176514,0.013943782748099709,PWT
01_AUS,Australia,1977,Employment,6.14987134933472,0.008918654678646387,PWT
01_AUS,Australia,1978,Employment,6.17055416107178,0.003363129171685353,PWT
01_AUS,Australia,1979,Employment,6.25266456604004,0.01330681213144036,PWT
01_AUS,Australia,1980,Employment,6.43097400665283,0.02851735267892641,PWT
01_AUS,Australia,1981,Employment,6.52753734588623,0.01501535212760996,PWT
01_AUS,Australia,1982,Employment,6.53168630599976,0.0006356087899130891,PWT
01_AUS,Australia,1983,Employment,6.42645740509033,-0.016110525824360344,PWT
01_AUS,Australia,1984,Employment,6.64158773422241,0.033475726293879626,PWT
01_AUS,Australia,1985,Employment,6.86523818969727,0.03367424544020481,PWT
01_AUS,Australia,1986,Employment,7.15787935256958,0.04262651269863871,PWT
01_AUS,Australia,1987,Employment,7.32305145263672,0.023075563575662317,PWT
01_AUS,Australia,1988,Employment,7.60127115249634,0.03799231804652203,PWT
01_AUS,Australia,1989,Employment,7.9344048500061,0.04382605104152293,PWT
01_AUS,Australia,1990,Employment,8.06645011901856,0.01664211387100556,PWT
01_AUS,Australia,1991,Employment,7.87423372268677,-0.023829118570831365,PWT
01_AUS,Australia,1992,Employment,7.83751249313355,-0.004663467055520676,PWT
01_AUS,Australia,1993,Employment,7.87055444717407,0.004215872583229308,PWT
01_AUS,Australia,1994,Employment,8.1211748123169,0.03184278398999152,PWT
01_AUS,Australia,1995,Employment,8.4172887802124,0.036461962060760245,PWT
01_AUS,Australia,1996,Employment,8.6054220199585,0.022350812079581672,PWT
01_AUS,Australia,1997,Employment,8.65484237670898,0.005742932378663301,PWT
01_AUS,Australia,1998,Employment,8.79393672943115,0.01607127509294526,PWT
01_AUS,Australia,1999,Employment,8.95317459106445,0.0181076878914046,PWT
01_AUS,Australia,2000,Employment,9.15580081939697,0.022631774492005263,PWT
01_AUS,Australia,2001,Employment,9.33692646026611,0.019782610439210924,PWT
01_AUS,Australia,2002,Employment,9.45518779754639,0.012665981442988583,PWT
01_AUS,Australia,2003,Employment,9.67939853668213,0.023712986345329146,PWT
01_AUS,Australia,2004,Employment,9.86977863311768,0.01966858743485589,PWT
01_AUS,Australia,2005,Employment,10.1498174667358,0.028373365201774803,PWT
01_AUS,Australia,2006,Employment,10.4159488677979,0.026220314004098855,PWT
01_AUS,Australia,2007,Employment,10.7361841201782,0.030744702805746593,PWT
01_AUS,Australia,2008,Employment,11.0429754257202,0.02857545121319216,PWT
01_AUS,Australia,2009,Employment,11.1730194091797,0.011776172493928927,PWT
01_AUS,Australia,2010,Employment,11.3007745742798,0.01143425607899129,PWT
01_AUS,Australia,2011,Employment,11.5834360122681,0.02501257202595908,PWT
01_AUS,Australia,2012,Employment,11.7063789367676,0.010613683571031096,PWT
01_AUS,Australia,2013,Employment,11.8428659439087,0.011659199473922799,PWT
01_AUS,Australia,2014,Employment,11.8968238830566,0.004556155528861128,PWT
01_AUS,Australia,2015,Employment,12.0478782653809,0.012697034419365538,PWT
01_AUS,Australia,2016,Employment,12.3064651489258,0.02146327161089756,PWT
01_AUS,Australia,2017,Employment,12.4996700286865,0.015699461821298444,PWT
01_AUS,Australia,2018,Employment,12.8947973251343,0.03161101817415912,PWT
01_AUS,Australia,2019,Employment,13.1821699142456,0.022285932990288915,PWT
01_AUS,Australia,2020,Employment,13.200291633606,0.0013747144421811797,PWT
01_AUS,Australia,2021,Employment,13.3665046691895,0.012591618442758135,PWT
01_AUS,Australia,2022,Employment,13.7700872421265,0.030193575876817036,PWT
01_AUS,Australia,2023,Employment,13.7563667297363,-0.0009963998156979903,PWT
01_AUS,Australia,1950,Real GDP (PWT),148707.890625,,PWT
01_AUS,Australia,1951,Real GDP (PWT),152490.171875,0.025434300991719727,PWT
01_AUS,Australia,1952,Real GDP (PWT),146248.40625,-0.040932248604956145,PWT
01_AUS,Australia,1953,Real GDP (PWT),162114.296875,0.10848590444041162,PWT
01_AUS,Australia,1954,Real GDP (PWT),175074.5625,0.07994523539767218,PWT
01_AUS,Australia,1955,Real GDP (PWT),181980.1875,0.03944390836332956,PWT
01_AUS,Australia,1956,Real GDP (PWT),182397.890625,0.0022953219838834915,PWT
01_AUS,Australia,1957,Real GDP (PWT),186392.984375,0.02190317956150989,PWT
01_AUS,Australia,1958,Real GDP (PWT),199036.453125,0.0678323210092655,PWT
01_AUS,Australia,1959,Real GDP (PWT),211228.671875,0.06125620989810843,PWT
01_AUS,Australia,1960,Real GDP (PWT),216140.953125,0.02325575030319249,PWT
01_AUS,Australia,1961,Real GDP (PWT),219088.328125,0.013636356078690293,PWT
01_AUS,Australia,1962,Real GDP (PWT),232842.765625,0.06278032982273918,PWT
01_AUS,Australia,1963,Real GDP (PWT),248562.109375,0.06751055248723703,PWT
01_AUS,Australia,1964,Real GDP (PWT),264281.46875,0.06324117305942467,PWT
01_AUS,Australia,1965,Real GDP (PWT),270176.1875,0.02230469952312908,PWT
01_AUS,Australia,1966,Real GDP (PWT),286878.0,0.06181822556068162,PWT
01_AUS,Australia,1967,Real GDP (PWT),301614.90625,0.05136994210082335,PWT
01_AUS,Australia,1968,Real GDP (PWT),323228.96875,0.07166112168900796,PWT
01_AUS,Australia,1969,Real GDP (PWT),346807.96875,0.07294828830220679,PWT
01_AUS,Australia,1970,Real GDP (PWT),360562.40625,0.03966009647810309,PWT
01_AUS,Australia,1971,Real GDP (PWT),374662.03125,0.039104534348552766,PWT
01_AUS,Australia,1972,Real GDP (PWT),384476.6875,0.02619602583495051,PWT
01_AUS,Australia,1973,Real GDP (PWT),400267.59375,0.04107116702621916,PWT
01_AUS,Australia,1974,Real GDP (PWT),405614.21875,0.013357626456613536,PWT
01_AUS,Australia,1975,Real GDP (PWT),416113.34375,0.025884509256987265,PWT
01_AUS,Australia,1976,Real GDP (PWT),431073.09375,0.03595114221808715,PWT
01_AUS,Australia,1977,Real GDP (PWT),434924.65625,0.008934824640745687,PWT
01_AUS,Australia,1978,Real GDP (PWT),452540.96875,0.040504285620160285,PWT
01_AUS,Australia,1979,Real GDP (PWT),466278.5625,0.030356574760392885,PWT
01_AUS,Australia,1980,Real GDP (PWT),481852.09375,0.03339962954012066,PWT
01_AUS,Australia,1981,Real GDP (PWT),497875.53125,0.03325385052350405,PWT
01_AUS,Australia,1982,Real GDP (PWT),486801.0,-0.02224357405594035,PWT
01_AUS,Australia,1983,Real GDP (PWT),509163.40625,0.04593746982853353,PWT
01_AUS,Australia,1984,Real GDP (PWT),536039.375,0.05278456468021164,PWT
01_AUS,Australia,1985,Real GDP (PWT),557300.5,0.03966336428177497,PWT
01_AUS,Australia,1986,Real GDP (PWT),571565.1875,0.02559604288889039,PWT
01_AUS,Australia,1987,Real GDP (PWT),604474.9375,0.05757829678876303,PWT
01_AUS,Australia,1988,Real GDP (PWT),627888.4375,0.038733615816784805,PWT
01_AUS,Australia,1989,Real GDP (PWT),650350.5625,0.03577407013487166,PWT
01_AUS,Australia,1990,Real GDP (PWT),647864.5625,-0.003822553778447757,PWT
01_AUS,Australia,1991,Real GDP (PWT),650639.25,0.004282820300114842,PWT
01_AUS,Australia,1992,Real GDP (PWT),676968.875,0.0404673173344523,PWT
01_AUS,Australia,1993,Real GDP (PWT),703914.875,0.039803897926621756,PWT
01_AUS,Australia,1994,Real GDP (PWT),731268.4375,0.03885919089293299,PWT
01_AUS,Australia,1995,Real GDP (PWT),759523.875,0.03863894030022319,PWT
01_AUS,Australia,1996,Real GDP (PWT),789245.9375,0.03913249270801389,PWT
01_AUS,Australia,1997,Real GDP (PWT),826050.1875,0.046632169075941476,PWT
01_AUS,Australia,1998,Real GDP (PWT),867581.375,0.050276833209967675,PWT
01_AUS,Australia,1999,Real GDP (PWT),901603.5,0.03921490937953798,PWT
01_AUS,Australia,2000,Real GDP (PWT),919862.0,0.020251141438559106,PWT
01_AUS,Australia,2001,Real GDP (PWT),956468.75,0.03979591503942981,PWT
01_AUS,Australia,2002,Real GDP (PWT),986030.875,0.03090757016368806,PWT
01_AUS,Australia,2003,Real GDP (PWT),1027683.6875,0.04224290897584715,PWT
01_AUS,Australia,2004,Real GDP (PWT),1060098.5,0.03154162403691951,PWT
01_AUS,Australia,2005,Real GDP (PWT),1089307.875,0.02755345375924967,PWT
01_AUS,Australia,2006,Real GDP (PWT),1130410.875,0.03773313398656919,PWT
01_AUS,Australia,2007,Real GDP (PWT),1170950.625,0.03586284500314996,PWT
01_AUS,Australia,2008,Real GDP (PWT),1193111.375,0.018925435049834016,PWT
01_AUS,Australia,2009,Real GDP (PWT),1219598.25,0.02219983444546414,PWT
01_AUS,Australia,2010,Real GDP (PWT),1248954.875,0.024070733948658996,PWT
01_AUS,Australia,2011,Real GDP (PWT),1297872.875,0.03916714765215201,PWT
01_AUS,Australia,2012,Real GDP (PWT),1331646.0,0.02602190526556769,PWT
01_AUS,Australia,2013,Real GDP (PWT),1366206.125,0.025952937192016412,PWT
01_AUS,Australia,2014,Real GDP (PWT),1396128.25,0.021901618249588806,PWT
01_AUS,Australia,2015,Real GDP (PWT),1434652.875,0.027593901204993276,PWT
01_AUS,Australia,2016,Real GDP (PWT),1467357.125,0.022795932430693444,PWT
01_AUS,Australia,2017,Real GDP (PWT),1509594.5,0.028784659358232156,PWT
01_AUS,Australia,2018,Real GDP (PWT),1542376.0,0.02171543417785382,PWT
01_AUS,Australia,2019,Real GDP (PWT),1540531.375,-0.0011959632411292498,PWT
01_AUS,Australia,2020,Real GDP (PWT),1573054.625,0.021111708938742035,PWT
01_AUS,Australia,2021,Real GDP (PWT),1639789.75,0.04242390819708497,PWT
01_AUS,Australia,2022,Real GDP (PWT),1696231.25,0.03441996146152282,PWT
01_AUS,Australia,2023,Real GDP (PWT),1720506.25,0.014311138295559633,PWT
01_AUS,Australia,1950,TFP,,,PWT
01_AUS,Australia,1951,TFP,,,PWT
01_AUS,Australia,1952,TFP,,,PWT
01_AUS,Australia,1953,TFP,,,PWT
01_AUS,Australia,1954,TFP,0.723501682281494,,PWT
01_AUS,Australia,1955,TFP,0.729746520519257,0.008631408040504551,PWT
01_AUS,Australia,1956,TFP,0.71434623003006,-0.021103616195715214,PWT
01_AUS,Australia,1957,TFP,0.717217683792114,0.004019694710131194,PWT
01_AUS,Australia,1958,TFP,0.751721322536469,0.04810762412037217,PWT
01_AUS,Australia,1959,TFP,0.780886352062225,0.03879766164853082,PWT
01_AUS,Australia,1960,TFP,0.772082090377808,-0.011274702984840346,PWT
01_AUS,Australia,1961,TFP,0.768686830997467,-0.0043975367679872646,PWT
01_AUS,Australia,1962,TFP,0.786637127399445,0.0233518979096925,PWT
01_AUS,Australia,1963,TFP,0.805624604225159,0.024137529445736883,PWT
01_AUS,Australia,1964,TFP,0.815736591815949,0.012551736302189642,PWT
01_AUS,Australia,1965,TFP,0.800296068191528,-0.018928320464389303,PWT
01_AUS,Australia,1966,TFP,0.810403048992157,0.012629052174988553,PWT
01_AUS,Australia,1967,TFP,0.815716981887817,0.006557148202081198,PWT
01_AUS,Australia,1968,TFP,0.838782429695129,0.028276287388220744,PWT
01_AUS,Australia,1969,TFP,0.862702906131744,0.028518094311190456,PWT
01_AUS,Australia,1970,TFP,0.856578230857849,-0.007099402622111617,PWT
01_AUS,Australia,1971,TFP,0.856938481330872,0.0004205692603957978,PWT
01_AUS,Australia,1972,TFP,0.855249404907227,-0.0019710591371994157,PWT
01_AUS,Australia,1973,TFP,0.860223114490509,0.005815507797776842,PWT
01_AUS,Australia,1974,TFP,0.840820968151093,-0.022554783767822273,PWT
01_AUS,Australia,1975,TFP,0.855073571205139,0.016950817824377795,PWT
01_AUS,Australia,1976,TFP,0.859566569328308,0.00525451642346586,PWT
01_AUS,Australia,1977,TFP,0.846290946006775,-0.015444555192399956,PWT
01_AUS,Australia,1978,TFP,0.857884228229523,0.013698932119563523,PWT
01_AUS,Australia,1979,TFP,0.854605257511139,-0.0038221599261138994,PWT
01_AUS,Australia,1980,TFP,0.844538807868958,-0.011779063554438585,PWT
01_AUS,Australia,1981,TFP,0.846857130527496,0.0027450753440068087,PWT
01_AUS,Australia,1982,TFP,0.819687962532044,-0.032082351338919124,PWT
01_AUS,Australia,1983,TFP,0.85493928194046,0.04300577905221825,PWT
01_AUS,Australia,1984,TFP,0.854704856872559,-0.00027420083841378506,PWT
01_AUS,Australia,1985,TFP,0.852259457111359,-0.0028611043233660594,PWT
01_AUS,Australia,1986,TFP,0.831968486309052,-0.023808443113181865,PWT
01_AUS,Australia,1987,TFP,0.849189460277557,0.020699070039184253,PWT
01_AUS,Australia,1988,TFP,0.84373927116394,-0.006418107346546242,PWT
01_AUS,Australia,1989,TFP,0.831416070461273,-0.014605460624900313,PWT
01_AUS,Australia,1990,TFP,0.81285548210144,-0.02232406735839909,PWT
01_AUS,Australia,1991,TFP,0.824720621109009,0.014596861642483638,PWT
01_AUS,Australia,1992,TFP,0.850640773773193,0.031429010019573544,PWT
01_AUS,Australia,1993,TFP,0.865177989006043,0.017089723042979843,PWT
01_AUS,Australia,1994,TFP,0.866242468357086,0.0012303587985009745,PWT
01_AUS,Australia,1995,TFP,0.865886986255646,-0.0004103725162704075,PWT
01_AUS,Australia,1996,TFP,0.8708136677742,0.005689751199354998,PWT
01_AUS,Australia,1997,TFP,0.88994711637497,0.021971920410568613,PWT
01_AUS,Australia,1998,TFP,0.90939736366272,0.02185550908572731,PWT
01_AUS,Australia,1999,TFP,0.918573915958405,0.010090805914287237,PWT
01_AUS,Australia,2000,TFP,0.905627310276032,-0.014094244847857373,PWT
01_AUS,Australia,2001,TFP,0.92472505569458,0.02108786385066841,PWT
01_AUS,Australia,2002,TFP,0.937351763248444,0.013654553292470117,PWT
01_AUS,Australia,2003,TFP,0.948414981365204,0.011802632213993691,PWT
01_AUS,Australia,2004,TFP,0.953947186470032,0.005833105985804554,PWT
01_AUS,Australia,2005,TFP,0.947016716003418,-0.007265046288630894,PWT
01_AUS,Australia,2006,TFP,0.954572319984436,0.007978321663533183,PWT
01_AUS,Australia,2007,TFP,0.955101728439331,0.0005546027721645697,PWT
01_AUS,Australia,2008,TFP,0.941637814044952,-0.014096838057637728,PWT
01_AUS,Australia,2009,TFP,0.944998383522034,0.00356885569691201,PWT
01_AUS,Australia,2010,TFP,0.955094218254089,0.010683441271536864,PWT
01_AUS,Australia,2011,TFP,0.958053410053253,0.0030983244821367606,PWT
01_AUS,Australia,2012,TFP,0.959026873111725,0.0010160843312669865,PWT
01_AUS,Australia,2013,TFP,0.965567171573639,0.006819723873527028,PWT
01_AUS,Australia,2014,TFP,0.970684289932251,0.005299598525364324,PWT
01_AUS,Australia,2015,TFP,0.981469571590424,0.011111008769829622,PWT
01_AUS,Australia,2016,TFP,0.983357310295105,0.0019233797555455734,PWT
01_AUS,Australia,2017,TFP,0.991528213024139,0.008309189999901267,PWT
01_AUS,Australia,2018,TFP,0.986533045768738,-0.005037846820481029,PWT
01_AUS,Australia,2019,TFP,0.96304589509964,-0.02380776880190172,PWT
01_AUS,Australia,2020,TFP,0.981769025325775,0.01944157627523846,PWT
01_AUS,Australia,2021,TFP,1.0,0.018569515032494932,PWT
01_AUS,Australia,2022,TFP,1.00551331043243,0.005513310432430085,PWT
01_AUS,Australia,2023,TFP,1.00107288360596,-0.004416079608693169,PWT
01_AUS,Australia,1950,delta,0.0211917571723461,,PWT
01_AUS,Australia,1951,delta,0.021809184923768,0.029135278702966616,PWT
01_AUS,Australia,1952,delta,0.0221589431166649,0.016037196902105588,PWT
01_AUS,Australia,1953,delta,0.0223267413675785,0.007572484392877277,PWT
01_AUS,Australia,1954,delta,0.0226085837930441,0.012623536091786125,PWT
01_AUS,Australia,1955,delta,0.0229208413511515,0.013811460327005198,PWT
01_AUS,Australia,1956,delta,0.0231581311672926,0.010352578795244538,PWT
01_AUS,Australia,1957,delta,0.0233273152261972,0.007305600684374358,PWT
01_AUS,Australia,1958,delta,0.0235147252678871,0.008033931032038977,PWT
01_AUS,Australia,1959,delta,0.0237215030938387,0.008793546324523005,PWT
01_AUS,Australia,1960,delta,0.0239195544272661,0.008349021250632305,PWT
01_AUS,Australia,1961,delta,0.0240623950958252,0.005971711094930443,PWT
01_AUS,Australia,1962,delta,0.0242121666669846,0.006224300222939405,PWT
01_AUS,Australia,1963,delta,0.0244003068655729,0.0077704817241674995,PWT
01_AUS,Australia,1964,delta,0.0245858822017908,0.0076054509166738615,PWT
01_AUS,Australia,1965,delta,0.0247423499822617,0.006364131219155578,PWT
01_AUS,Australia,1966,delta,0.0248849429190159,0.005763112107638468,PWT
01_AUS,Australia,1967,delta,0.0250555910170078,0.006857484003369052,PWT
01_AUS,Australia,1968,delta,0.0252581257373095,0.008083414203409633,PWT
01_AUS,Australia,1969,delta,0.0254738871008158,0.008542255500280094,PWT
01_AUS,Australia,1970,delta,0.0256506837904453,0.006940310637705505,PWT
01_AUS,Australia,1971,delta,0.0257671736180782,0.004541392681168599,PWT
01_AUS,Australia,1972,delta,0.0258049611002207,0.001466496974118714,PWT
01_AUS,Australia,1973,delta,0.0257813800126314,-0.0009138199239177025,PWT
01_AUS,Australia,1974,delta,0.0257218908518553,-0.0023074467211201544,PWT
01_AUS,Australia,1975,delta,0.0256485883146524,-0.002849811377595879,PWT
01_AUS,Australia,1976,delta,0.0255482643842697,-0.0039114796164195775,PWT
01_AUS,Australia,1977,delta,0.0254251174628735,-0.004820167802554232,PWT
01_AUS,Australia,1978,delta,0.0253599677234888,-0.0025624164560825724,PWT
01_AUS,Australia,1979,delta,0.025354441255331,-0.0002179209460381193,PWT
01_AUS,Australia,1980,delta,0.0254050772637129,0.001997125784471976,PWT
01_AUS,Australia,1981,delta,0.025539755821228,0.005301245735924942,PWT
01_AUS,Australia,1982,delta,0.0256713572889566,0.005152808376469142,PWT
01_AUS,Australia,1983,delta,0.0257744807749987,0.004017064032935336,PWT
01_AUS,Australia,1984,delta,0.0259064771234989,0.005121203008994657,PWT
01_AUS,Australia,1985,delta,0.0260598622262478,0.005920724072891126,PWT
01_AUS,Australia,1986,delta,0.0261896718293428,0.004981208341318544,PWT
01_AUS,Australia,1987,delta,0.0263035297393799,0.0043474355379105045,PWT
01_AUS,Australia,1988,delta,0.0264443270862103,0.0053527928846601736,PWT
01_AUS,Australia,1989,delta,0.0265903025865555,0.005520106443597905,PWT
01_AUS,Australia,1990,delta,0.0266587734222412,0.002575030331558592,PWT
01_AUS,Australia,1991,delta,0.0266145970672369,-0.0016571038098641688,PWT
01_AUS,Australia,1992,delta,0.0265624206513166,-0.0019604435787055063,PWT
01_AUS,Australia,1993,delta,0.0265669394284487,0.0001701191766900756,PWT
01_AUS,Australia,1994,delta,0.026645528152585,0.0029581399222877724,PWT
01_AUS,Australia,1995,delta,0.0268062464892864,0.006031718935389563,PWT
01_AUS,Australia,1996,delta,0.0270403921604157,0.008734742897439363,PWT
01_AUS,Australia,1997,delta,0.0273331478238106,0.010826605681535373,PWT
01_AUS,Australia,1998,delta,0.0276049114763737,0.009942640134787517,PWT
01_AUS,Australia,1999,delta,0.0278514698147774,0.008931683719207717,PWT
01_AUS,Australia,2000,delta,0.0280478689819574,0.007051662568838601,PWT
01_AUS,Australia,2001,delta,0.0282667931169271,0.007805374986260993,PWT
01_AUS,Australia,2002,delta,0.028569508343935,0.010709217198983323,PWT
01_AUS,Australia,2003,delta,0.0289010461419821,0.011604602853359403,PWT
01_AUS,Australia,2004,delta,0.0292827058583498,0.01320574052900092,PWT
01_AUS,Australia,2005,delta,0.0297582074999809,0.016238309530931305,PWT
01_AUS,Australia,2006,delta,0.0302797425538301,0.01752575499883635,PWT
01_AUS,Australia,2007,delta,0.0308394953608513,0.018486049081364975,PWT
01_AUS,Australia,2008,delta,0.0313971936702728,0.01808389867914184,PWT
01_AUS,Australia,2009,delta,0.0318343117833138,0.013922203290890556,PWT
01_AUS,Australia,2010,delta,0.0321767814457417,0.010757878629793716,PWT
01_AUS,Australia,2011,delta,0.0325480066239834,0.01153705130103444,PWT
01_AUS,Australia,2012,delta,0.0329092144966126,0.011097695683859099,PWT
01_AUS,Australia,2013,delta,0.0330710075795651,0.004916345936155864,PWT
01_AUS,Australia,2014,delta,0.0330260097980499,-0.0013606413837540243,PWT
01_AUS,Australia,2015,delta,0.0328843593597412,-0.004289056994014051,PWT
01_AUS,Australia,2016,delta,0.0327083803713322,-0.00535144949864641,PWT
01_AUS,Australia,2017,delta,0.0326015762984753,-0.0032653427544983016,PWT
01_AUS,Australia,2018,delta,0.0325943343341351,-0.00022213540455529035,PWT
01_AUS,Australia,2019,delta,0.0326513238251209,0.001748447764006622,PWT
01_AUS,Australia,2020,delta,0.0327924713492394,0.004322872936928457,PWT
01_AUS,Australia,2021,delta,0.0330823920667172,0.008841075574638868,PWT
01_AUS,Australia,2022,delta,0.0334764197468758,0.011910495449179104,PWT
01_AUS,Australia,2023,delta,0.0339214503765106,0.013293853793201249,PWT
01_AUS,Australia,1950,output_to_kstock,0.2087414668117626,,PWT
01_AUS,Australia,1951,output_to_kstock,0.19850607634531317,-0.049033814999869696,PWT
01_AUS,Australia,1952,output_to_kstock,0.18650623077081874,-0.060450772064125524,PWT
01_AUS,Australia,1953,output_to_kstock,0.19872142970585066,0.06549485711306935,PWT
01_AUS,Australia,1954,output_to_kstock,0.20396273527730432,0.026375140211158277,PWT
01_AUS,Australia,1955,output_to_kstock,0.2018502924409581,-0.010357003858936231,PWT
01_AUS,Australia,1956,output_to_kstock,0.19559402015840055,-0.03099461589528052,PWT
01_AUS,Australia,1957,output_to_kstock,0.19324449199421645,-0.012012269916438889,PWT
01_AUS,Australia,1958,output_to_kstock,0.19770051659666263,0.023058999283558146,PWT
01_AUS,Australia,1959,output_to_kstock,0.20064302192252284,0.014883650161943374,PWT
01_AUS,Australia,1960,output_to_kstock,0.19642530345980644,-0.021021007470397146,PWT
01_AUS,Australia,1961,output_to_kstock,0.19292918104750673,-0.01779873748809102,PWT
01_AUS,Australia,1962,output_to_kstock,0.19695814815946577,0.02088314007286929,PWT
01_AUS,Australia,1963,output_to_kstock,0.20190370310351408,0.025109674264626847,PWT
01_AUS,Australia,1964,output_to_kstock,0.2047367726887714,0.014031786152059134,PWT
01_AUS,Australia,1965,output_to_kstock,0.20101534904570675,-0.018176625499131682,PWT
01_AUS,Australia,1966,output_to_kstock,0.204483205065642,0.01725169762606904,PWT
01_AUS,Australia,1967,output_to_kstock,0.20612691982940698,0.008038385173184892,PWT
01_AUS,Australia,1968,output_to_kstock,0.21056702810658284,0.021540652142139072,PWT
01_AUS,Australia,1969,output_to_kstock,0.21522282932393316,0.0221107799222664,PWT
01_AUS,Australia,1970,output_to_kstock,0.2138981281072521,-0.006155021848018083,PWT
01_AUS,Australia,1971,output_to_kstock,0.21269400466560667,-0.005629424868279553,PWT
01_AUS,Australia,1972,output_to_kstock,0.20906887136679178,-0.01704389037441023,PWT
01_AUS,Australia,1973,output_to_kstock,0.2085410783118736,-0.002524493730069577,PWT
01_AUS,Australia,1974,output_to_kstock,0.20442656383705693,-0.01972999520345531,PWT
01_AUS,Australia,1975,output_to_kstock,0.2028927718537605,-0.007502899596350754,PWT
01_AUS,Australia,1976,output_to_kstock,0.20328968985540702,0.0019562944407531813,PWT
01_AUS,Australia,1977,output_to_kstock,0.19840410135826572,-0.024032642779947433,PWT
01_AUS,Australia,1978,output_to_kstock,0.19894807485705338,0.0027417452313920343,PWT
01_AUS,Australia,1979,output_to_kstock,0.19798038935951906,-0.004864010361646409,PWT
01_AUS,Australia,1980,output_to_kstock,0.1965877651829832,-0.0070341521250720795,PWT
01_AUS,Australia,1981,output_to_kstock,0.19509364975011093,-0.0076002462893942635,PWT
01_AUS,Australia,1982,output_to_kstock,0.1853280133490717,-0.05005614695069627,PWT
01_AUS,Australia,1983,output_to_kstock,0.1881913303610617,0.01544999571433836,PWT
01_AUS,Australia,1984,output_to_kstock,0.19170353902190276,0.018662967385918217,PWT
01_AUS,Australia,1985,output_to_kstock,0.192714296125324,0.005272501011605035,PWT
01_AUS,Australia,1986,output_to_kstock,0.19173425660543947,-0.005085453127188888,PWT
01_AUS,Australia,1987,output_to_kstock,0.196443825298464,0.024563000772032773,PWT
01_AUS,Australia,1988,output_to_kstock,0.19710545280977365,0.0033680239646343146,PWT
01_AUS,Australia,1989,output_to_kstock,0.19786593776652342,0.0038582644260161114,PWT
01_AUS,Australia,1990,output_to_kstock,0.19281412262878148,-0.02553150478938393,PWT
01_AUS,Australia,1991,output_to_kstock,0.19019063151333837,-0.013606322398354687,PWT
01_AUS,Australia,1992,output_to_kstock,0.19382184505550124,0.019092494268878824,PWT
01_AUS,Australia,1993,output_to_kstock,0.19704103882856694,0.016609034818257262,PWT
01_AUS,Australia,1994,output_to_kstock,0.19930155254379703,0.011472299012779796,PWT
01_AUS,Australia,1995,output_to_kstock,0.2018000490070428,0.0125362619174616,PWT
01_AUS,Australia,1996,output_to_kstock,0.20421358444553334,0.011960033956217364,PWT
01_AUS,Australia,1997,output_to_kstock,0.20756638736947325,0.01641811896619516,PWT
01_AUS,Australia,1998,output_to_kstock,0.21173068966907888,0.02006250796374398,PWT
01_AUS,Australia,1999,output_to_kstock,0.2133864193893092,0.007819979818788347,PWT
01_AUS,Australia,2000,output_to_kstock,0.2129674497558726,-0.001963431574678709,PWT
01_AUS,Australia,2001,output_to_kstock,0.2159257376311597,0.013890798235496549,PWT
01_AUS,Australia,2002,output_to_kstock,0.21609258006023227,0.0007726843075908096,PWT
01_AUS,Australia,2003,output_to_kstock,0.218240263153899,0.009938717437998568,PWT
01_AUS,Australia,2004,output_to_kstock,0.21817381610026665,-0.00030446743727341463,PWT
01_AUS,Australia,2005,output_to_kstock,0.2169014174951741,-0.005832040837145058,PWT
01_AUS,Australia,2006,output_to_kstock,0.21789595471878798,0.004585203891698919,PWT
01_AUS,Australia,2007,output_to_kstock,0.2180910981275317,0.0008955806866426386,PWT
01_AUS,Australia,2008,output_to_kstock,0.21525815487037003,-0.012989724392625357,PWT
01_AUS,Australia,2009,output_to_kstock,0.21350730632469037,-0.008133715290526533,PWT
01_AUS,Australia,2010,output_to_kstock,0.2122951868103663,-0.005677180491803546,PWT
01_AUS,Australia,2011,output_to_kstock,0.2132501578994412,0.004498317194199686,PWT
01_AUS,Australia,2012,output_to_kstock,0.21165901092884754,-0.007461410515550382,PWT
01_AUS,Australia,2013,output_to_kstock,0.21081864608650547,-0.003970371205337275,PWT
01_AUS,Australia,2014,output_to_kstock,0.21000022938462123,-0.00388208878615226,PWT
01_AUS,Australia,2015,output_to_kstock,0.2110645279602379,0.00506808291941141,PWT
01_AUS,Australia,2016,output_to_kstock,0.21140748059147993,0.0016248710029884705,PWT
01_AUS,Australia,2017,output_to_kstock,0.2126715124654052,0.005979125574879118,PWT
01_AUS,Australia,2018,output_to_kstock,0.21287197105757363,0.0009425737835999648,PWT
01_AUS,Australia,2019,output_to_kstock,0.20873605609215037,-0.019429119507258452,PWT
01_AUS,Australia,2020,output_to_kstock,0.2090502630147709,0.0015052834115147906,PWT
01_AUS,Australia,2021,output_to_kstock,0.2131987811527095,0.019844596596587216,PWT
01_AUS,Australia,2022,output_to_kstock,0.21572937971569447,0.011869667121466199,PWT
01_AUS,Australia,2023,output_to_kstock,0.21384403611285033,-0.008739391942482744,PWT
02_BD,Brunei Darussalam,1950,Average hours,,,PWT
02_BD,Brunei Darussalam,1951,Average hours,,,PWT
02_BD,Brunei Darussalam,1952,Average hours,,,PWT
02_BD,Brunei Darussalam,1953,Average hours,,,PWT
02_BD,Brunei Darussalam,1954,Average hours,,,PWT
02_BD,Brunei Darussalam,1955,Average hours,,,PWT
02_BD,Brunei Darussalam,1956,Average hours,,,PWT
02_BD,Brunei Darussalam,1957,Average hours,,,PWT
02_BD,Brunei Darussalam,1958,Average hours,,,PWT
02_BD,Brunei Darussalam,1959,Average hours,,,PWT
02_BD,Brunei Darussalam,1960,Average hours,,,PWT
02_BD,Brunei Darussalam,1961,Average hours,,,PWT
02_BD,Brunei Darussalam,1962,Average hours,,,PWT
02_BD,Brunei Darussalam,1963,Average hours,,,PWT
02_BD,Brunei Darussalam,1964,Average hours,,,PWT
02_BD,Brunei Darussalam,1965,Average hours,,,PWT
02_BD,Brunei Darussalam,1966,Average hours,,,PWT
02_BD,Brunei Darussalam,1967,Average hours,,,PWT
02_BD,Brunei Darussalam,1968,Average hours,,,PWT
02_BD,Brunei Darussalam,1969,Average hours,,,PWT
02_BD,Brunei Darussalam,1970,Average hours,,,PWT
02_BD,Brunei Darussalam,1971,Average hours,,,PWT
02_BD,Brunei Darussalam,1972,Average hours,,,PWT
02_BD,Brunei Darussalam,1973,Average hours,,,PWT
02_BD,Brunei Darussalam,1974,Average hours,,,PWT
02_BD,Brunei Darussalam,1975,Average hours,,,PWT
02_BD,Brunei Darussalam,1976,Average hours,,,PWT
02_BD,Brunei Darussalam,1977,Average hours,,,PWT
02_BD,Brunei Darussalam,1978,Average hours,,,PWT
02_BD,Brunei Darussalam,1979,Average hours,,,PWT
02_BD,Brunei Darussalam,1980,Average hours,,,PWT
02_BD,Brunei Darussalam,1981,Average hours,,,PWT
02_BD,Brunei Darussalam,1982,Average hours,,,PWT
02_BD,Brunei Darussalam,1983,Average hours,,,PWT
02_BD,Brunei Darussalam,1984,Average hours,,,PWT
02_BD,Brunei Darussalam,1985,Average hours,,,PWT
02_BD,Brunei Darussalam,1986,Average hours,,,PWT
02_BD,Brunei Darussalam,1987,Average hours,,,PWT
02_BD,Brunei Darussalam,1988,Average hours,,,PWT
02_BD,Brunei Darussalam,1989,Average hours,,,PWT
02_BD,Brunei Darussalam,1990,Average hours,,,PWT
02_BD,Brunei Darussalam,1991,Average hours,,,PWT
02_BD,Brunei Darussalam,1992,Average hours,,,PWT
02_BD,Brunei Darussalam,1993,Average hours,,,PWT
02_BD,Brunei Darussalam,1994,Average hours,,,PWT
02_BD,Brunei Darussalam,1995,Average hours,,,PWT
02_BD,Brunei Darussalam,1996,Average hours,,,PWT
02_BD,Brunei Darussalam,1997,Average hours,,,PWT
02_BD,Brunei Darussalam,1998,Average hours,,,PWT
02_BD,Brunei Darussalam,1999,Average hours,,,PWT
02_BD,Brunei Darussalam,2000,Average hours,,,PWT
02_BD,Brunei Darussalam,2001,Average hours,,,PWT
02_BD,Brunei Darussalam,2002,Average hours,,,PWT
02_BD,Brunei Darussalam,2003,Average hours,,,PWT
02_BD,Brunei Darussalam,2004,Average hours,,,PWT
02_BD,Brunei Darussalam,2005,Average hours,,,PWT
02_BD,Brunei Darussalam,2006,Average hours,,,PWT
02_BD,Brunei Darussalam,2007,Average hours,,,PWT
02_BD,Brunei Darussalam,2008,Average hours,,,PWT
02_BD,Brunei Darussalam,2009,Average hours,,,PWT
02_BD,Brunei Darussalam,2010,Average hours,,,PWT
02_BD,Brunei Darussalam,2011,Average hours,,,PWT
02_BD,Brunei Darussalam,2012,Average hours,,,PWT
02_BD,Brunei Darussalam,2013,Average hours,,,PWT
02_BD,Brunei Darussalam,2014,Average hours,,,PWT
02_BD,Brunei Darussalam,2015,Average hours,,,PWT
02_BD,Brunei Darussalam,2016,Average hours,,,PWT
02_BD,Brunei Darussalam,2017,Average hours,,,PWT
02_BD,Brunei Darussalam,2018,Average hours,,,PWT
02_BD,Brunei Darussalam,2019,Average hours,,,PWT
02_BD,Brunei Darussalam,2020,Average hours,,,PWT
02_BD,Brunei Darussalam,2021,Average hours,,,PWT
02_BD,Brunei Darussalam,2022,Average hours,,,PWT
02_BD,Brunei Darussalam,2023,Average hours,,,PWT
02_BD,Brunei Darussalam,1950,Capital stock,,,PWT
02_BD,Brunei Darussalam,1951,Capital stock,,,PWT
02_BD,Brunei Darussalam,1952,Capital stock,,,PWT
02_BD,Brunei Darussalam,1953,Capital stock,,,PWT
02_BD,Brunei Darussalam,1954,Capital stock,,,PWT
02_BD,Brunei Darussalam,1955,Capital stock,,,PWT
02_BD,Brunei Darussalam,1956,Capital stock,,,PWT
02_BD,Brunei Darussalam,1957,Capital stock,,,PWT
02_BD,Brunei Darussalam,1958,Capital stock,,,PWT
02_BD,Brunei Darussalam,1959,Capital stock,,,PWT
02_BD,Brunei Darussalam,1960,Capital stock,,,PWT
02_BD,Brunei Darussalam,1961,Capital stock,,,PWT
02_BD,Brunei Darussalam,1962,Capital stock,,,PWT
02_BD,Brunei Darussalam,1963,Capital stock,,,PWT
02_BD,Brunei Darussalam,1964,Capital stock,,,PWT
02_BD,Brunei Darussalam,1965,Capital stock,,,PWT
02_BD,Brunei Darussalam,1966,Capital stock,,,PWT
02_BD,Brunei Darussalam,1967,Capital stock,,,PWT
02_BD,Brunei Darussalam,1968,Capital stock,,,PWT
02_BD,Brunei Darussalam,1969,Capital stock,,,PWT
02_BD,Brunei Darussalam,1970,Capital stock,63902.65234375,,PWT
02_BD,Brunei Darussalam,1971,Capital stock,62567.984375,-0.02088595574359653,PWT
02_BD,Brunei Darussalam,1972,Capital stock,61607.1015625,-0.015357419966431474,PWT
02_BD,Brunei Darussalam,1973,Capital stock,61025.42578125,-0.009441700169255496,PWT
02_BD,Brunei Darussalam,1974,Capital stock,60006.70703125,-0.016693349320522022,PWT
02_BD,Brunei Darussalam,1975,Capital stock,60138.2265625,0.002191747185552151,PWT
02_BD,Brunei Darussalam,1976,Capital stock,60860.57421875,0.012011455899838985,PWT
02_BD,Brunei Darussalam,1977,Capital stock,61199.76953125,0.005573317650287679,PWT
02_BD,Brunei Darussalam,1978,Capital stock,61965.04296875,0.012504515022874862,PWT
02_BD,Brunei Darussalam,1979,Capital stock,63515.25,0.025017444626509677,PWT
02_BD,Brunei Darussalam,1980,Capital stock,65241.1875,0.02717359216880988,PWT
02_BD,Brunei Darussalam,1981,Capital stock,67211.0625,0.030193733061649075,PWT
02_BD,Brunei Darussalam,1982,Capital stock,69311.9765625,0.031258456336707985,PWT
02_BD,Brunei Darussalam,1983,Capital stock,71448.15625,0.030819777381096092,PWT
02_BD,Brunei Darussalam,1984,Capital stock,73769.1875,0.03248553037364066,PWT
02_BD,Brunei Darussalam,1985,Capital stock,76381.6484375,0.03541398551393837,PWT
02_BD,Brunei Darussalam,1986,Capital stock,79346.25,0.0388130084011713,PWT
02_BD,Brunei Darussalam,1987,Capital stock,81771.234375,0.030562053972304826,PWT
02_BD,Brunei Darussalam,1988,Capital stock,84605.890625,0.0346656898561708,PWT
02_BD,Brunei Darussalam,1989,Capital stock,88143.2109375,0.041809385686612854,PWT
02_BD,Brunei Darussalam,1990,Capital stock,91794.4296875,0.04142370933807915,PWT
02_BD,Brunei Darussalam,1991,Capital stock,95787.5703125,0.04350090347087554,PWT
02_BD,Brunei Darussalam,1992,Capital stock,100972.09375,0.05412522126394759,PWT
02_BD,Brunei Darussalam,1993,Capital stock,107975.4140625,0.06935896892303473,PWT
02_BD,Brunei Darussalam,1994,Capital stock,113230.859375,0.04867261087286012,PWT
02_BD,Brunei Darussalam,1995,Capital stock,119278.1953125,0.05340713627786142,PWT
02_BD,Brunei Darussalam,1996,Capital stock,135379.46875,0.13498924422285108,PWT
02_BD,Brunei Darussalam,1997,Capital stock,142153.484375,0.05003724484625738,PWT
02_BD,Brunei Darussalam,1998,Capital stock,146820.078125,0.03282785343262895,PWT
02_BD,Brunei Darussalam,1999,Capital stock,148886.578125,0.014075050404486422,PWT
02_BD,Brunei Darussalam,2000,Capital stock,148150.265625,-0.004945459216490367,PWT
02_BD,Brunei Darussalam,2001,Capital stock,148323.28125,0.0011678387768667697,PWT
02_BD,Brunei Darussalam,2002,Capital stock,151919.671875,0.02424697319727076,PWT
02_BD,Brunei Darussalam,2003,Capital stock,153071.3125,0.007580589207351496,PWT
02_BD,Brunei Darussalam,2004,Capital stock,154542.6875,0.00961234979937875,PWT
02_BD,Brunei Darussalam,2005,Capital stock,156146.46875,0.010377593892949566,PWT
02_BD,Brunei Darussalam,2006,Capital stock,157951.90625,0.011562461286848569,PWT
02_BD,Brunei Darussalam,2007,Capital stock,162124.515625,0.02641696117548431,PWT
02_BD,Brunei Darussalam,2008,Capital stock,167511.203125,0.033225619698748154,PWT
02_BD,Brunei Darussalam,2009,Capital stock,172676.875,0.03083776952604933,PWT
02_BD,Brunei Darussalam,2010,Capital stock,177105.4375,0.025646529102405946,PWT
02_BD,Brunei Darussalam,2011,Capital stock,186072.515625,0.050631297669784914,PWT
02_BD,Brunei Darussalam,2012,Capital stock,199748.984375,0.07350074622284786,PWT
02_BD,Brunei Darussalam,2013,Capital stock,215517.84375,0.07894337698056186,PWT
02_BD,Brunei Darussalam,2014,Capital stock,222651.375,0.03309949248691857,PWT
02_BD,Brunei Darussalam,2015,Capital stock,230952.109375,0.037281307492486926,PWT
02_BD,Brunei Darussalam,2016,Capital stock,236970.921875,0.026060868273894755,PWT
02_BD,Brunei Darussalam,2017,Capital stock,244146.984375,0.030282460156800584,PWT
02_BD,Brunei Darussalam,2018,Capital stock,256078.65625,0.04887085501196875,PWT
02_BD,Brunei Darussalam,2019,Capital stock,266467.59375,0.04056932214552722,PWT
02_BD,Brunei Darussalam,2020,Capital stock,274487.09375,0.030095592064841803,PWT
02_BD,Brunei Darussalam,2021,Capital stock,279431.59375,0.018013597406162152,PWT
02_BD,Brunei Darussalam,2022,Capital stock,283982.75,0.016287192829282482,PWT
02_BD,Brunei Darussalam,2023,Capital stock,288723.96875,0.016695446290311722,PWT
02_BD,Brunei Darussalam,1950,Employment,,,PWT
02_BD,Brunei Darussalam,1951,Employment,,,PWT
02_BD,Brunei Darussalam,1952,Employment,,,PWT
02_BD,Brunei Darussalam,1953,Employment,,,PWT
02_BD,Brunei Darussalam,1954,Employment,,,PWT
02_BD,Brunei Darussalam,1955,Employment,,,PWT
02_BD,Brunei Darussalam,1956,Employment,,,PWT
02_BD,Brunei Darussalam,1957,Employment,,,PWT
02_BD,Brunei Darussalam,1958,Employment,,,PWT
02_BD,Brunei Darussalam,1959,Employment,,,PWT
02_BD,Brunei Darussalam,1960,Employment,,,PWT
02_BD,Brunei Darussalam,1961,Employment,,,PWT
02_BD,Brunei Darussalam,1962,Employment,,,PWT
02_BD,Brunei Darussalam,1963,Employment,,,PWT
02_BD,Brunei Darussalam,1964,Employment,,,PWT
02_BD,Brunei Darussalam,1965,Employment,,,PWT
02_BD,Brunei Darussalam,1966,Employment,,,PWT
02_BD,Brunei Darussalam,1967,Employment,,,PWT
02_BD,Brunei Darussalam,1968,Employment,,,PWT
02_BD,Brunei Darussalam,1969,Employment,,,PWT
02_BD,Brunei Darussalam,1970,Employment,,,PWT
02_BD,Brunei Darussalam,1971,Employment,,,PWT
02_BD,Brunei Darussalam,1972,Employment,,,PWT
02_BD,Brunei Darussalam,1973,Employment,,,PWT
02_BD,Brunei Darussalam,1974,Employment,,,PWT
02_BD,Brunei Darussalam,1975,Employment,,,PWT
02_BD,Brunei Darussalam,1976,Employment,,,PWT
02_BD,Brunei Darussalam,1977,Employment,,,PWT
02_BD,Brunei Darussalam,1978,Employment,,,PWT
02_BD,Brunei Darussalam,1979,Employment,,,PWT
02_BD,Brunei Darussalam,1980,Employment,0.0656888857483864,,PWT
02_BD,Brunei Darussalam,1981,Employment,0.0681279972195625,0.037131265713941985,PWT
02_BD,Brunei Darussalam,1982,Employment,0.0713470280170441,0.04724974942544291,PWT
02_BD,Brunei Darussalam,1983,Employment,0.0747716575860977,0.047999610694863026,PWT
02_BD,Brunei Darussalam,1984,Employment,0.0783916041254997,0.04841335147925152,PWT
02_BD,Brunei Darussalam,1985,Employment,0.0822099074721336,0.04870806496727709,PWT
02_BD,Brunei Darussalam,1986,Employment,0.0862242206931114,0.04883004183332207,PWT
02_BD,Brunei Darussalam,1987,Employment,0.0902353450655937,0.04651969412119894,PWT
02_BD,Brunei Darussalam,1988,Employment,0.0942005142569542,0.043942528157654204,PWT
02_BD,Brunei Darussalam,1989,Employment,0.0982773452997208,0.043278224911236673,PWT
02_BD,Brunei Darussalam,1990,Employment,0.102458909153938,0.042548604070088425,PWT
02_BD,Brunei Darussalam,1991,Employment,0.106746003031731,0.04184208004158929,PWT
02_BD,Brunei Darussalam,1992,Employment,0.110560365021229,0.03573306616795913,PWT
02_BD,Brunei Darussalam,1993,Employment,0.114375598728657,0.0345081504271032,PWT
02_BD,Brunei Darussalam,1994,Employment,0.118231825530529,0.033715467676112,PWT
02_BD,Brunei Darussalam,1995,Employment,0.122127272188663,0.032947530334191955,PWT
02_BD,Brunei Darussalam,1996,Employment,0.126058802008629,0.0321920710215533,PWT
02_BD,Brunei Darussalam,1997,Employment,0.130029186606407,0.031496290100442303,PWT
02_BD,Brunei Darussalam,1998,Employment,0.134036108851433,0.030815560333810055,PWT
02_BD,Brunei Darussalam,1999,Employment,0.138080686330795,0.030175282720606766,PWT
02_BD,Brunei Darussalam,2000,Employment,0.142164915800095,0.029578571615117344,PWT
02_BD,Brunei Darussalam,2001,Employment,0.146254003047943,0.02876298434698099,PWT
02_BD,Brunei Darussalam,2002,Employment,0.149853348731995,0.024610237046791106,PWT
02_BD,Brunei Darussalam,2003,Employment,0.153382390737534,0.023549970924243713,PWT
02_BD,Brunei Darussalam,2004,Employment,0.156818583607674,0.022402785962698735,PWT
02_BD,Brunei Darussalam,2005,Employment,0.160158187150955,0.02129596803167133,PWT
02_BD,Brunei Darussalam,2006,Employment,0.163404658436775,0.020270404801473463,PWT
02_BD,Brunei Darussalam,2007,Employment,0.166880935430527,0.021274038494422998,PWT
02_BD,Brunei Darussalam,2008,Employment,0.170701280236244,0.022892637771121604,PWT
02_BD,Brunei Darussalam,2009,Employment,0.174655929207802,0.023167072713719206,PWT
02_BD,Brunei Darussalam,2010,Employment,0.17873802781105,0.023372230314558484,PWT
02_BD,Brunei Darussalam,2011,Employment,0.182699993252754,0.0221663262721703,PWT
02_BD,Brunei Darussalam,2012,Employment,0.18552154302597,0.01544362275543465,PWT
02_BD,Brunei Darussalam,2013,Employment,0.188103839755058,0.013919120588203215,PWT
02_BD,Brunei Darussalam,2014,Employment,0.190641760826111,0.013492127935069265,PWT
02_BD,Brunei Darussalam,2015,Employment,0.189473658800125,-0.006127209594184557,PWT
02_BD,Brunei Darussalam,2016,Employment,0.188162252306938,-0.006921312975596283,PWT
02_BD,Brunei Darussalam,2017,Employment,0.186695799231529,-0.007793556132697943,PWT
02_BD,Brunei Darussalam,2018,Employment,0.201537668704987,0.07949760805840067,PWT
02_BD,Brunei Darussalam,2019,Employment,0.221485361456871,0.09897749080884566,PWT
02_BD,Brunei Darussalam,2020,Employment,0.216665267944336,-0.021762582776711503,PWT
02_BD,Brunei Darussalam,2021,Employment,0.212165847420692,-0.020766690325280668,PWT
02_BD,Brunei Darussalam,2022,Employment,0.210515528917313,-0.007778436178310422,PWT
02_BD,Brunei Darussalam,2023,Employment,0.212830290198326,0.01099567947750879,PWT
02_BD,Brunei Darussalam,1950,Real GDP (PWT),,,PWT
02_BD,Brunei Darussalam,1951,Real GDP (PWT),,,PWT
02_BD,Brunei Darussalam,1952,Real GDP (PWT),,,PWT
02_BD,Brunei Darussalam,1953,Real GDP (PWT),,,PWT
02_BD,Brunei Darussalam,1954,Real GDP (PWT),,,PWT
02_BD,Brunei Darussalam,1955,Real GDP (PWT),,,PWT
02_BD,Brunei Darussalam,1956,Real GDP (PWT),,,PWT
02_BD,Brunei Darussalam,1957,Real GDP (PWT),,,PWT
02_BD,Brunei Darussalam,1958,Real GDP (PWT),,,PWT
02_BD,Brunei Darussalam,1959,Real GDP (PWT),,,PWT
02_BD,Brunei Darussalam,1960,Real GDP (PWT),,,PWT
02_BD,Brunei Darussalam,1961,Real GDP (PWT),,,PWT
02_BD,Brunei Darussalam,1962,Real GDP (PWT),,,PWT
02_BD,Brunei Darussalam,1963,Real GDP (PWT),,,PWT
02_BD,Brunei Darussalam,1964,Real GDP (PWT),,,PWT
02_BD,Brunei Darussalam,1965,Real GDP (PWT),,,PWT
02_BD,Brunei Darussalam,1966,Real GDP (PWT),,,PWT
02_BD,Brunei Darussalam,1967,Real GDP (PWT),,,PWT
02_BD,Brunei Darussalam,1968,Real GDP (PWT),,,PWT
02_BD,Brunei Darussalam,1969,Real GDP (PWT),,,PWT
02_BD,Brunei Darussalam,1970,Real GDP (PWT),14132.2265625,,PWT
02_BD,Brunei Darussalam,1971,Real GDP (PWT),15544.5185546875,0.0999341459706733,PWT
02_BD,Brunei Darussalam,1972,Real GDP (PWT),17121.619140625,0.10145702360539954,PWT
02_BD,Brunei Darussalam,1973,Real GDP (PWT),18760.740234375,0.09573400040541769,PWT
02_BD,Brunei Darussalam,1974,Real GDP (PWT),20925.884765625,0.11540826770165724,PWT
02_BD,Brunei Darussalam,1975,Real GDP (PWT),21001.0703125,0.0035929447054257047,PWT
02_BD,Brunei Darussalam,1976,Real GDP (PWT),25233.919921875,0.2015539944578717,PWT
02_BD,Brunei Darussalam,1977,Real GDP (PWT),27987.83203125,0.10913532728570097,PWT
02_BD,Brunei Darussalam,1978,Real GDP (PWT),29890.6953125,0.06798894888054718,PWT
02_BD,Brunei Darussalam,1979,Real GDP (PWT),36628.6953125,0.2254213202321269,PWT
02_BD,Brunei Darussalam,1980,Real GDP (PWT),34065.953125,-0.069965423710449,PWT
02_BD,Brunei Darussalam,1981,Real GDP (PWT),27311.953125,-0.19826246972210615,PWT
02_BD,Brunei Darussalam,1982,Real GDP (PWT),28390.9609375,0.03950679790499234,PWT
02_BD,Brunei Darussalam,1983,Real GDP (PWT),28533.333984375,0.005014731526291838,PWT
02_BD,Brunei Darussalam,1984,Real GDP (PWT),28705.302734375,0.006026942035381122,PWT
02_BD,Brunei Darussalam,1985,Real GDP (PWT),28277.37890625,-0.01490748354353899,PWT
02_BD,Brunei Darussalam,1986,Real GDP (PWT),25033.07421875,-0.11473145011976082,PWT
02_BD,Brunei Darussalam,1987,Real GDP (PWT),25110.591796875,0.003096606411486569,PWT
02_BD,Brunei Darussalam,1988,Real GDP (PWT),25019.6171875,-0.0036229575993633745,PWT
02_BD,Brunei Darussalam,1989,Real GDP (PWT),25571.904296875,0.02207416305517773,PWT
02_BD,Brunei Darussalam,1990,Real GDP (PWT),25850.48828125,0.01089414308534864,PWT
02_BD,Brunei Darussalam,1991,Real GDP (PWT),26663.73046875,0.03145945169979103,PWT
02_BD,Brunei Darussalam,1992,Real GDP (PWT),27932.546875,0.04758585479016375,PWT
02_BD,Brunei Darussalam,1993,Real GDP (PWT),28017.62109375,0.0030457021742669177,PWT
02_BD,Brunei Darussalam,1994,Real GDP (PWT),28898.884765625,0.031453907843431717,PWT
02_BD,Brunei Darussalam,1995,Real GDP (PWT),30193.181640625,0.04478708730447467,PWT
02_BD,Brunei Darussalam,1996,Real GDP (PWT),31062.236328125,0.028783143752253215,PWT
02_BD,Brunei Darussalam,1997,Real GDP (PWT),30604.541015625,-0.014734783022869014,PWT
02_BD,Brunei Darussalam,1998,Real GDP (PWT),30433.05859375,-0.00560316920902193,PWT
02_BD,Brunei Darussalam,1999,Real GDP (PWT),31362.171875,0.030529737206263396,PWT
02_BD,Brunei Darussalam,2000,Real GDP (PWT),32256.884765625,0.028528409773119323,PWT
02_BD,Brunei Darussalam,2001,Real GDP (PWT),33142.328125,0.027449748040101696,PWT
02_BD,Brunei Darussalam,2002,Real GDP (PWT),34425.55078125,0.038718542988597004,PWT
02_BD,Brunei Darussalam,2003,Real GDP (PWT),35425.03125,0.02903310030102313,PWT
02_BD,Brunei Darussalam,2004,Real GDP (PWT),35603.65625,0.005042338530047097,PWT
02_BD,Brunei Darussalam,2005,Real GDP (PWT),35741.77734375,0.0038794075748891377,PWT
02_BD,Brunei Darussalam,2006,Real GDP (PWT),37313.4453125,0.043972854333301115,PWT
02_BD,Brunei Darussalam,2007,Real GDP (PWT),37370.21484375,0.0015214229287741077,PWT
02_BD,Brunei Darussalam,2008,Real GDP (PWT),36646.87890625,-0.01935594805982166,PWT
02_BD,Brunei Darussalam,2009,Real GDP (PWT),35999.62109375,-0.01766201738914286,PWT
02_BD,Brunei Darussalam,2010,Real GDP (PWT),36935.28125,0.025990833453867657,PWT
02_BD,Brunei Darussalam,2011,Real GDP (PWT),38318.28515625,0.037443979291480245,PWT
02_BD,Brunei Darussalam,2012,Real GDP (PWT),38668.1796875,0.009131268004902493,PWT
02_BD,Brunei Darussalam,2013,Real GDP (PWT),37846.56640625,-0.021247787919936645,PWT
02_BD,Brunei Darussalam,2014,Real GDP (PWT),36897.421875,-0.02507874878428229,PWT
02_BD,Brunei Darussalam,2015,Real GDP (PWT),36752.640625,-0.003923885264680127,PWT
02_BD,Brunei Darussalam,2016,Real GDP (PWT),35841.9375,-0.024779256932643823,PWT
02_BD,Brunei Darussalam,2017,Real GDP (PWT),36318.1796875,0.013287289156731497,PWT
02_BD,Brunei Darussalam,2018,Real GDP (PWT),36337.203125,0.0005237993110802641,PWT
02_BD,Brunei Darussalam,2019,Real GDP (PWT),37743.02734375,0.03868828907700905,PWT
02_BD,Brunei Darussalam,2020,Real GDP (PWT),38170.875,0.011335806541253657,PWT
02_BD,Brunei Darussalam,2021,Real GDP (PWT),37563.66796875,-0.01590760052657947,PWT
02_BD,Brunei Darussalam,2022,Real GDP (PWT),36952.0078125,-0.016283291524109234,PWT
02_BD,Brunei Darussalam,2023,Real GDP (PWT),37471.9453125,0.014070615665547681,PWT
02_BD,Brunei Darussalam,1950,TFP,,,PWT
02_BD,Brunei Darussalam,1951,TFP,,,PWT
02_BD,Brunei Darussalam,1952,TFP,,,PWT
02_BD,Brunei Darussalam,1953,TFP,,,PWT
02_BD,Brunei Darussalam,1954,TFP,,,PWT
02_BD,Brunei Darussalam,1955,TFP,,,PWT
02_BD,Brunei Darussalam,1956,TFP,,,PWT
02_BD,Brunei Darussalam,1957,TFP,,,PWT
02_BD,Brunei Darussalam,1958,TFP,,,PWT
02_BD,Brunei Darussalam,1959,TFP,,,PWT
02_BD,Brunei Darussalam,1960,TFP,,,PWT
02_BD,Brunei Darussalam,1961,TFP,,,PWT
02_BD,Brunei Darussalam,1962,TFP,,,PWT
02_BD,Brunei Darussalam,1963,TFP,,,PWT
02_BD,Brunei Darussalam,1964,TFP,,,PWT
02_BD,Brunei Darussalam,1965,TFP,,,PWT
02_BD,Brunei Darussalam,1966,TFP,,,PWT
02_BD,Brunei Darussalam,1967,TFP,,,PWT
02_BD,Brunei Darussalam,1968,TFP,,,PWT
02_BD,Brunei Darussalam,1969,TFP,,,PWT
02_BD,Brunei Darussalam,1970,TFP,,,PWT
02_BD,Brunei Darussalam,1971,TFP,,,PWT
02_BD,Brunei Darussalam,1972,TFP,,,PWT
02_BD,Brunei Darussalam,1973,TFP,,,PWT
02_BD,Brunei Darussalam,1974,TFP,,,PWT
02_BD,Brunei Darussalam,1975,TFP,,,PWT
02_BD,Brunei Darussalam,1976,TFP,,,PWT
02_BD,Brunei Darussalam,1977,TFP,,,PWT
02_BD,Brunei Darussalam,1978,TFP,,,PWT
02_BD,Brunei Darussalam,1979,TFP,,,PWT
02_BD,Brunei Darussalam,1980,TFP,,,PWT
02_BD,Brunei Darussalam,1981,TFP,,,PWT
02_BD,Brunei Darussalam,1982,TFP,,,PWT
02_BD,Brunei Darussalam,1983,TFP,,,PWT
02_BD,Brunei Darussalam,1984,TFP,,,PWT
02_BD,Brunei Darussalam,1985,TFP,,,PWT
02_BD,Brunei Darussalam,1986,TFP,,,PWT
02_BD,Brunei Darussalam,1987,TFP,,,PWT
02_BD,Brunei Darussalam,1988,TFP,,,PWT
02_BD,Brunei Darussalam,1989,TFP,,,PWT
02_BD,Brunei Darussalam,1990,TFP,,,PWT
02_BD,Brunei Darussalam,1991,TFP,,,PWT
02_BD,Brunei Darussalam,1992,TFP,,,PWT
02_BD,Brunei Darussalam,1993,TFP,,,PWT
02_BD,Brunei Darussalam,1994,TFP,,,PWT
02_BD,Brunei Darussalam,1995,TFP,,,PWT
02_BD,Brunei Darussalam,1996,TFP,,,PWT
02_BD,Brunei Darussalam,1997,TFP,,,PWT
02_BD,Brunei Darussalam,1998,TFP,,,PWT
02_BD,Brunei Darussalam,1999,TFP,,,PWT
02_BD,Brunei Darussalam,2000,TFP,,,PWT
02_BD,Brunei Darussalam,2001,TFP,,,PWT
02_BD,Brunei Darussalam,2002,TFP,,,PWT
02_BD,Brunei Darussalam,2003,TFP,,,PWT
02_BD,Brunei Darussalam,2004,TFP,,,PWT
02_BD,Brunei Darussalam,2005,TFP,,,PWT
02_BD,Brunei Darussalam,2006,TFP,,,PWT
02_BD,Brunei Darussalam,2007,TFP,,,PWT
02_BD,Brunei Darussalam,2008,TFP,,,PWT
02_BD,Brunei Darussalam,2009,TFP,,,PWT
02_BD,Brunei Darussalam,2010,TFP,,,PWT
02_BD,Brunei Darussalam,2011,TFP,,,PWT
02_BD,Brunei Darussalam,2012,TFP,,,PWT
02_BD,Brunei Darussalam,2013,TFP,,,PWT
02_BD,Brunei Darussalam,2014,TFP,,,PWT
02_BD,Brunei Darussalam,2015,TFP,,,PWT
02_BD,Brunei Darussalam,2016,TFP,,,PWT
02_BD,Brunei Darussalam,2017,TFP,,,PWT
02_BD,Brunei Darussalam,2018,TFP,,,PWT
02_BD,Brunei Darussalam,2019,TFP,,,PWT
02_BD,Brunei Darussalam,2020,TFP,,,PWT
02_BD,Brunei Darussalam,2021,TFP,,,PWT
02_BD,Brunei Darussalam,2022,TFP,,,PWT
02_BD,Brunei Darussalam,2023,TFP,,,PWT
02_BD,Brunei Darussalam,1950,delta,,,PWT
02_BD,Brunei Darussalam,1951,delta,,,PWT
02_BD,Brunei Darussalam,1952,delta,,,PWT
02_BD,Brunei Darussalam,1953,delta,,,PWT
02_BD,Brunei Darussalam,1954,delta,,,PWT
02_BD,Brunei Darussalam,1955,delta,,,PWT
02_BD,Brunei Darussalam,1956,delta,,,PWT
02_BD,Brunei Darussalam,1957,delta,,,PWT
02_BD,Brunei Darussalam,1958,delta,,,PWT
02_BD,Brunei Darussalam,1959,delta,,,PWT
02_BD,Brunei Darussalam,1960,delta,,,PWT
02_BD,Brunei Darussalam,1961,delta,,,PWT
02_BD,Brunei Darussalam,1962,delta,,,PWT
02_BD,Brunei Darussalam,1963,delta,,,PWT
02_BD,Brunei Darussalam,1964,delta,,,PWT
02_BD,Brunei Darussalam,1965,delta,,,PWT
02_BD,Brunei Darussalam,1966,delta,,,PWT
02_BD,Brunei Darussalam,1967,delta,,,PWT
02_BD,Brunei Darussalam,1968,delta,,,PWT
02_BD,Brunei Darussalam,1969,delta,,,PWT
02_BD,Brunei Darussalam,1970,delta,0.0402288474142551,,PWT
02_BD,Brunei Darussalam,1971,delta,0.0391168221831322,-0.02764248300906713,PWT
02_BD,Brunei Darussalam,1972,delta,0.0378242656588554,-0.03304349515473104,PWT
02_BD,Brunei Darussalam,1973,delta,0.0364731997251511,-0.035719554898694716,PWT
02_BD,Brunei Darussalam,1974,delta,0.0351552031934261,-0.03613602704607621,PWT
02_BD,Brunei Darussalam,1975,delta,0.0341725833714008,-0.027950907199109754,PWT
02_BD,Brunei Darussalam,1976,delta,0.0336779989302158,-0.014473135841374996,PWT
02_BD,Brunei Darussalam,1977,delta,0.0332072526216507,-0.013977858647140295,PWT
02_BD,Brunei Darussalam,1978,delta,0.0325569361448288,-0.019583567608899455,PWT
02_BD,Brunei Darussalam,1979,delta,0.0322032310068607,-0.010864202220831065,PWT
02_BD,Brunei Darussalam,1980,delta,0.0325954221189022,0.012178626174434104,PWT
02_BD,Brunei Darussalam,1981,delta,0.0333872064948082,0.024291275413391267,PWT
02_BD,Brunei Darussalam,1982,delta,0.0345568582415581,0.03503293235784155,PWT
02_BD,Brunei Darussalam,1983,delta,0.0358956158161163,0.03874072015459462,PWT
02_BD,Brunei Darussalam,1984,delta,0.0368495136499405,0.026574215600890128,PWT
02_BD,Brunei Darussalam,1985,delta,0.0385213531553745,0.04536937777024641,PWT
02_BD,Brunei Darussalam,1986,delta,0.041146095842123,0.06813734388202031,PWT
02_BD,Brunei Darussalam,1987,delta,0.0431290082633495,0.048191994419954476,PWT
02_BD,Brunei Darussalam,1988,delta,0.044597964733839,0.034059593059036386,PWT
02_BD,Brunei Darussalam,1989,delta,0.0462887212634087,0.0379110692530511,PWT
02_BD,Brunei Darussalam,1990,delta,0.047948744148016,0.03586236213268523,PWT
02_BD,Brunei Darussalam,1991,delta,0.0497572645545006,0.03771778465983955,PWT
02_BD,Brunei Darussalam,1992,delta,0.0516151376068592,0.037338729710987506,PWT
02_BD,Brunei Darussalam,1993,delta,0.0533773526549339,0.034141438534894375,PWT
02_BD,Brunei Darussalam,1994,delta,0.0548239015042782,0.027100423258076045,PWT
02_BD,Brunei Darussalam,1995,delta,0.0544982515275478,-0.0059399270718626385,PWT
02_BD,Brunei Darussalam,1996,delta,0.0540277510881424,-0.00863331255990063,PWT
02_BD,Brunei Darussalam,1997,delta,0.0542309395968914,0.0037608174439376363,PWT
02_BD,Brunei Darussalam,1998,delta,0.0535907410085201,-0.011805043267367643,PWT
02_BD,Brunei Darussalam,1999,delta,0.0522266291081905,-0.025454245913724582,PWT
02_BD,Brunei Darussalam,2000,delta,0.0507432632148266,-0.028402482003788254,PWT
02_BD,Brunei Darussalam,2001,delta,0.049600999802351,-0.022510641612458304,PWT
02_BD,Brunei Darussalam,2002,delta,0.0491997003555298,-0.00809055156993388,PWT
02_BD,Brunei Darussalam,2003,delta,0.0488759689033031,-0.006579947639667183,PWT
02_BD,Brunei Darussalam,2004,delta,0.0479025617241859,-0.01991586460501682,PWT
02_BD,Brunei Darussalam,2005,delta,0.0468044951558113,-0.02292291954440895,PWT
02_BD,Brunei Darussalam,2006,delta,0.0461096949875355,-0.014844731600305194,PWT
02_BD,Brunei Darussalam,2007,delta,0.0461565665900707,0.0010165238036787816,PWT
02_BD,Brunei Darussalam,2008,delta,0.0468208640813828,0.014392263991642062,PWT
02_BD,Brunei Darussalam,2009,delta,0.0475124828517437,0.014771593475052969,PWT
02_BD,Brunei Darussalam,2010,delta,0.0473851971328259,-0.0026789953140309297,PWT
02_BD,Brunei Darussalam,2011,delta,0.0468343086540699,-0.01162575048937331,PWT
02_BD,Brunei Darussalam,2012,delta,0.0466860942542553,-0.003164654375691689,PWT
02_BD,Brunei Darussalam,2013,delta,0.0469153374433517,0.004910309863316531,PWT
02_BD,Brunei Darussalam,2014,delta,0.0467393957078457,-0.0037501965262093373,PWT
02_BD,Brunei Darussalam,2015,delta,0.0461969897150993,-0.011604899561321269,PWT
02_BD,Brunei Darussalam,2016,delta,0.0457130782306194,-0.010474957079762537,PWT
02_BD,Brunei Darussalam,2017,delta,0.0452341698110104,-0.010476398399445808,PWT
02_BD,Brunei Darussalam,2018,delta,0.0451486669480801,-0.0018902273057632701,PWT
02_BD,Brunei Darussalam,2019,delta,0.045395839959383,0.005474646938903982,PWT
02_BD,Brunei Darussalam,2020,delta,0.0454540103673935,0.0012814039361876972,PWT
02_BD,Brunei Darussalam,2021,delta,0.0449635721743107,-0.010789767264069994,PWT
02_BD,Brunei Darussalam,2022,delta,0.0441370196640492,-0.01838271450180151,PWT
02_BD,Brunei Darussalam,2023,delta,0.0434116758406162,-0.01643391033091912,PWT
02_BD,Brunei Darussalam,1950,output_to_kstock,,,PWT
02_BD,Brunei Darussalam,1951,output_to_kstock,,,PWT
02_BD,Brunei Darussalam,1952,output_to_kstock,,,PWT
02_BD,Brunei Darussalam,1953,output_to_kstock,,,PWT
02_BD,Brunei Darussalam,1954,output_to_kstock,,,PWT
02_BD,Brunei Darussalam,1955,output_to_kstock,,,PWT
02_BD,Brunei Darussalam,1956,output_to_kstock,,,PWT
02_BD,Brunei Darussalam,1957,output_to_kstock,,,PWT
02_BD,Brunei Darussalam,1958,output_to_kstock,,,PWT
02_BD,Brunei Darussalam,1959,output_to_kstock,,,PWT
02_BD,Brunei Darussalam,1960,output_to_kstock,,,PWT
02_BD,Brunei Darussalam,1961,output_to_kstock,,,PWT
02_BD,Brunei Darussalam,1962,output_to_kstock,,,PWT
02_BD,Brunei Darussalam,1963,output_to_kstock,,,PWT
02_BD,Brunei Darussalam,1964,output_to_kstock,,,PWT
02_BD,Brunei Darussalam,1965,output_to_kstock,,,PWT
02_BD,Brunei Darussalam,1966,output_to_kstock,,,PWT
02_BD,Brunei Darussalam,1967,output_to_kstock,,,PWT
02_BD,Brunei Darussalam,1968,output_to_kstock,,,PWT
02_BD,Brunei Darussalam,1969,output_to_kstock,,,PWT
02_BD,Brunei Darussalam,1970,output_to_kstock,0.22115242551246314,,PWT
02_BD,Brunei Darussalam,1971,output_to_kstock,0.24844205403072808,0.12339737380238236,PWT
02_BD,Brunei Darussalam,1972,output_to_kstock,0.2779163230598542,0.11863639247436208,PWT
02_BD,Brunei Darussalam,1973,output_to_kstock,0.30742497891983933,0.10617820333507333,PWT
02_BD,Brunei Darussalam,1974,output_to_kstock,0.3487257641837823,0.13434427289889195,PWT
02_BD,Brunei Darussalam,1975,output_to_kstock,0.34921332924033216,0.0013981331654431273,PWT
02_BD,Brunei Darussalam,1976,output_to_kstock,0.4146184988524295,0.18729287840867292,PWT
02_BD,Brunei Darussalam,1977,output_to_kstock,0.4573192390366564,0.10298802465980872,PWT
02_BD,Brunei Darussalam,1978,output_to_kstock,0.4823799658716347,0.054799196482021584,PWT
02_BD,Brunei Darussalam,1979,output_to_kstock,0.5766913506992415,0.19551264874193364,PWT
02_BD,Brunei Darussalam,1980,output_to_kstock,0.5221540936084279,-0.09456923018645391,PWT
02_BD,Brunei Darussalam,1981,output_to_kstock,0.4063609785219509,-0.22176042762830883,PWT
02_BD,Brunei Darussalam,1982,output_to_kstock,0.40961118619809234,0.007998326236843267,PWT
02_BD,Brunei Darussalam,1983,output_to_kstock,0.3993571770352716,-0.025033518390930265,PWT
02_BD,Brunei Darussalam,1984,output_to_kstock,0.3891232058693204,-0.02562611054576669,PWT
02_BD,Brunei Darussalam,1985,output_to_kstock,0.3702116867690834,-0.04860033741238268,PWT
02_BD,Brunei Darussalam,1986,output_to_kstock,0.3154915855349182,-0.1478076008667345,PWT
02_BD,Brunei Darussalam,1987,output_to_kstock,0.30708343818950695,-0.026650940091334507,PWT
02_BD,Brunei Darussalam,1988,output_to_kstock,0.29571956518246273,-0.037005815338147174,PWT
02_BD,Brunei Darussalam,1989,output_to_kstock,0.2901176849003987,-0.018943218310927823,PWT
02_BD,Brunei Darussalam,1990,output_to_kstock,0.2816128208351422,-0.029315221056504415,PWT
02_BD,Brunei Darussalam,1991,output_to_kstock,0.2783631569499207,-0.011539474217063028,PWT
02_BD,Brunei Darussalam,1992,output_to_kstock,0.27663630452349613,-0.006203595494985836,PWT
02_BD,Brunei Darussalam,1993,output_to_kstock,0.25948148786475045,-0.06201216679891208,PWT
02_BD,Brunei Darussalam,1994,output_to_kstock,0.25522092586012396,-0.01641952202327135,PWT
02_BD,Brunei Darussalam,1995,output_to_kstock,0.2531324485713513,-0.008183017445510199,PWT
02_BD,Brunei Darussalam,1996,output_to_kstock,0.2294456952367454,-0.0935745435573,PWT
02_BD,Brunei Darussalam,1997,output_to_kstock,0.21529223254837998,-0.06168545752737564,PWT
02_BD,Brunei Darussalam,1998,output_to_kstock,0.20728131317189352,-0.0372095141643638,PWT
02_BD,Brunei Darussalam,1999,output_to_kstock,0.210644722109668,0.01622630080013665,PWT
02_BD,Brunei Darussalam,2000,output_to_kstock,0.21773086014758875,0.033640235401822594,PWT
02_BD,Brunei Darussalam,2001,output_to_kstock,0.22344656783272182,0.026251252033169248,PWT
02_BD,Brunei Darussalam,2002,output_to_kstock,0.22660364096609856,0.014128984678521528,PWT
02_BD,Brunei Darussalam,2003,output_to_kstock,0.23142828444748587,0.02129111192043509,PWT
02_BD,Brunei Darussalam,2004,output_to_kstock,0.23038072409605276,-0.004526500958748736,PWT
02_BD,Brunei Darussalam,2005,output_to_kstock,0.22889904350622722,-0.006431443410203741,PWT
02_BD,Brunei Darussalam,2006,output_to_kstock,0.2362329534247074,0.032039932566518825,PWT
02_BD,Brunei Darussalam,2007,output_to_kstock,0.23050317035449894,-0.024254800133270416,PWT
02_BD,Brunei Darussalam,2008,output_to_kstock,0.21877270428834192,-0.050890692948458494,PWT
02_BD,Brunei Darussalam,2009,output_to_kstock,0.20847968839921385,-0.04704890366744241,PWT
02_BD,Brunei Darussalam,2010,output_to_kstock,0.20854967397598959,0.0003356949413781951,PWT
02_BD,Brunei Darussalam,2011,output_to_kstock,0.20593199929362216,-0.012551804241462405,PWT
02_BD,Brunei Darussalam,2012,output_to_kstock,0.19358386130717967,-0.0599622109667195,PWT
02_BD,Brunei Darussalam,2013,output_to_kstock,0.17560757730182144,-0.09286044758056244,PWT
02_BD,Brunei Darussalam,2014,output_to_kstock,0.16571836520210126,-0.05631426759406477,PWT
02_BD,Brunei Darussalam,2015,output_to_kstock,0.15913533210179193,-0.03972422182828694,PWT
02_BD,Brunei Darussalam,2016,output_to_kstock,0.15125036108399112,-0.04954883942905364,PWT
02_BD,Brunei Darussalam,2017,output_to_kstock,0.14875538921962161,-0.016495642367319818,PWT
02_BD,Brunei Darussalam,2018,output_to_kstock,0.14189860122323256,-0.04609438375550712,PWT
02_BD,Brunei Darussalam,2019,output_to_kstock,0.1416420916802383,-0.0018076960645349027,PWT
02_BD,Brunei Darussalam,2020,output_to_kstock,0.1390625492751424,-0.018211693815700758,PWT
02_BD,Brunei Darussalam,2021,output_to_kstock,0.13442885059860915,-0.033320967440092164,PWT
02_BD,Brunei Darussalam,2022,output_to_kstock,0.1301206070175037,-0.032048504185827165,PWT
02_BD,Brunei Darussalam,2023,output_to_kstock,0.12978467106396063,-0.002581727531426825,PWT
03_CDA,Canada,1950,Average hours,2240.9,,PWT
03_CDA,Canada,1951,Average hours,2225.64,-0.0068097639341336835,PWT
03_CDA,Canada,1952,Average hours,2213.22,-0.005580417318164721,PWT
03_CDA,Canada,1953,Average hours,2211.79,-0.0006461174216750853,PWT
03_CDA,Canada,1954,Average hours,2203.75,-0.0036350648117587925,PWT
03_CDA,Canada,1955,Average hours,2185.54,-0.008263187748156597,PWT
03_CDA,Canada,1956,Average hours,2172.99,-0.005742287947143598,PWT
03_CDA,Canada,1957,Average hours,2153.41,-0.009010625911762049,PWT
03_CDA,Canada,1958,Average hours,2137.83,-0.007235036523467353,PWT
03_CDA,Canada,1959,Average hours,2134.6,-0.001510877852775927,PWT
03_CDA,Canada,1960,Average hours,2120.78,-0.006474280895717999,PWT
03_CDA,Canada,1961,Average hours,2096.12,-0.011627797319854194,PWT
03_CDA,Canada,1962,Average hours,2094.65,-0.000701295727343787,PWT
03_CDA,Canada,1963,Average hours,2079.75,-0.007113360227245624,PWT
03_CDA,Canada,1964,Average hours,2068.34,-0.005486236326481486,PWT
03_CDA,Canada,1965,Average hours,2050.19,-0.008775153021263526,PWT
03_CDA,Canada,1966,Average hours,2023.71,-0.012915876089533151,PWT
03_CDA,Canada,1967,Average hours,2014.06,-0.004768469790632057,PWT
03_CDA,Canada,1968,Average hours,1989.6,-0.01214462329821353,PWT
03_CDA,Canada,1969,Average hours,1970.31,-0.009695416164053006,PWT
03_CDA,Canada,1970,Average hours,1952.6,-0.008988433292223097,PWT
03_CDA,Canada,1971,Average hours,1938.79,-0.0070726211205571765,PWT
03_CDA,Canada,1972,Average hours,1923.77,-0.007747099995357942,PWT
03_CDA,Canada,1973,Average hours,1924.48,0.0003690669882574493,PWT
03_CDA,Canada,1974,Average hours,1911.55,-0.006718698037911586,PWT
03_CDA,Canada,1975,Average hours,1896.68,-0.007779027490779633,PWT
03_CDA,Canada,1976,Average hours,1885.63,-0.0058259695889659735,PWT
03_CDA,Canada,1977,Average hours,1865.34,-0.010760329438967431,PWT
03_CDA,Canada,1978,Average hours,1862.94,-0.0012866287111196195,PWT
03_CDA,Canada,1979,Average hours,1869.29,0.0034085907221916845,PWT
03_CDA,Canada,1980,Average hours,1860.23,-0.00484675999978601,PWT
03_CDA,Canada,1981,Average hours,1844.85,-0.00826779484257334,PWT
03_CDA,Canada,1982,Average hours,1819.9,-0.013524134753502892,PWT
03_CDA,Canada,1983,Average hours,1811.85,-0.0044233199626354525,PWT
03_CDA,Canada,1984,Average hours,1821.9,0.005546816789469444,PWT
03_CDA,Canada,1985,Average hours,1833.43,0.006328558098688264,PWT
03_CDA,Canada,1986,Average hours,1833.76,0.0001799905095911658,PWT
03_CDA,Canada,1987,Average hours,1849.68,0.008681615914841734,PWT
03_CDA,Canada,1988,Average hours,1856.24,0.003546559404870031,PWT
03_CDA,Canada,1989,Average hours,1852.91,-0.0017939490583114281,PWT
03_CDA,Canada,1990,Average hours,1845.24,-0.004139434726997071,PWT
03_CDA,Canada,1991,Average hours,1822.9,-0.012106826212308408,PWT
03_CDA,Canada,1992,Average hours,1820.35,-0.0013988699325252485,PWT
03_CDA,Canada,1993,Average hours,1822.87,0.0013843491636222893,PWT
03_CDA,Canada,1994,Average hours,1829.63,0.003708437793150443,PWT
03_CDA,Canada,1995,Average hours,1823.21,-0.0035089061722862747,PWT
03_CDA,Canada,1996,Average hours,1839.56,0.00896769982613077,PWT
03_CDA,Canada,1997,Average hours,1844.64,0.0027615299310705943,PWT
03_CDA,Canada,1998,Average hours,1835.67,-0.004862737444704668,PWT
03_CDA,Canada,1999,Average hours,1835.77,5.447602237862448e-05,PWT
03_CDA,Canada,2000,Average hours,1825.59,-0.005545356989165362,PWT
03_CDA,Canada,2001,Average hours,1807.79,-0.009750272514639113,PWT
03_CDA,Canada,2002,Average hours,1789.77,-0.00996797194364385,PWT
03_CDA,Canada,2003,Average hours,1775.24,-0.008118361577185929,PWT
03_CDA,Canada,2004,Average hours,1785.94,0.006027354047903444,PWT
03_CDA,Canada,2005,Average hours,1779.94,-0.003359575349675792,PWT
03_CDA,Canada,2006,Average hours,1774.12,-0.003269773138420473,PWT
03_CDA,Canada,2007,Average hours,1769.7,-0.002491376006132584,PWT
03_CDA,Canada,2008,Average hours,1766.07,-0.0020511951178165955,PWT
03_CDA,Canada,2009,Average hours,1737.64,-0.016097889664622445,PWT
03_CDA,Canada,2010,Average hours,1755.94,0.010531525517368356,PWT
03_CDA,Canada,2011,Average hours,1753.7,-0.00127567001150386,PWT
03_CDA,Canada,2012,Average hours,1763.88,0.00580486970405425,PWT
03_CDA,Canada,2013,Average hours,1754.91,-0.005085379957820324,PWT
03_CDA,Canada,2014,Average hours,1744.44,-0.0059661179205771075,PWT
03_CDA,Canada,2015,Average hours,1746.9,0.0014101946756552852,PWT
03_CDA,Canada,2016,Average hours,1742.45,-0.0025473696261949508,PWT
03_CDA,Canada,2017,Average hours,1737.97,-0.0025710924273293356,PWT
03_CDA,Canada,2018,Average hours,1757.75,0.011381094034994765,PWT
03_CDA,Canada,2019,Average hours,1748.33,-0.0053591238799601815,PWT
03_CDA,Canada,2020,Average hours,1626.34,-0.06977515686397873,PWT
03_CDA,Canada,2021,Average hours,1710.35,0.051655865317215444,PWT
03_CDA,Canada,2022,Average hours,1724.11,0.008045136960271204,PWT
03_CDA,Canada,2023,Average hours,1731.02,0.004007864927411786,PWT
03_CDA,Canada,1950,Capital stock,701588.0,,PWT
03_CDA,Canada,1951,Capital stock,735637.5,0.04853204444773862,PWT
03_CDA,Canada,1952,Capital stock,768290.0625,0.04438675638476841,PWT
03_CDA,Canada,1953,Capital stock,808864.375,0.05281119004451518,PWT
03_CDA,Canada,1954,Capital stock,838086.3125,0.03612711648970812,PWT
03_CDA,Canada,1955,Capital stock,879827.8125,0.04980572928757865,PWT
03_CDA,Canada,1956,Capital stock,939586.4375,0.06792081831352648,PWT
03_CDA,Canada,1957,Capital stock,993514.875,0.057395930111006965,PWT
03_CDA,Canada,1958,Capital stock,1039354.4375,0.04613877824426127,PWT
03_CDA,Canada,1959,Capital stock,1090730.75,0.04943098393227374,PWT
03_CDA,Canada,1960,Capital stock,1139645.5,0.04484585219587878,PWT
03_CDA,Canada,1961,Capital stock,1187119.375,0.041656703773234716,PWT
03_CDA,Canada,1962,Capital stock,1241848.5,0.04610246126258355,PWT
03_CDA,Canada,1963,Capital stock,1298774.75,0.04583993136038744,PWT
03_CDA,Canada,1964,Capital stock,1364242.25,0.05040712409907866,PWT
03_CDA,Canada,1965,Capital stock,1446952.75,0.06062742888955386,PWT
03_CDA,Canada,1966,Capital stock,1539131.25,0.06370525920766945,PWT
03_CDA,Canada,1967,Capital stock,1614439.375,0.04892898185258732,PWT
03_CDA,Canada,1968,Capital stock,1692662.75,0.048452345880129366,PWT
03_CDA,Canada,1969,Capital stock,1782433.125,0.05303500357646551,PWT
03_CDA,Canada,1970,Capital stock,1857970.375,0.04237872879522486,PWT
03_CDA,Canada,1971,Capital stock,1942730.25,0.045619605210336145,PWT
03_CDA,Canada,1972,Capital stock,2030653.375,0.04525750551318186,PWT
03_CDA,Canada,1973,Capital stock,2128702.5,0.04828452073953793,PWT
03_CDA,Canada,1974,Capital stock,2231910.5,0.048483994358065496,PWT
03_CDA,Canada,1975,Capital stock,2338360.25,0.04769445280175888,PWT
03_CDA,Canada,1976,Capital stock,2449426.25,0.04749738625603128,PWT
03_CDA,Canada,1977,Capital stock,2562379.25,0.04611406446713806,PWT
03_CDA,Canada,1978,Capital stock,2676455.25,0.04451956126322831,PWT
03_CDA,Canada,1979,Capital stock,2798397.75,0.04556119516662949,PWT
03_CDA,Canada,1980,Capital stock,2927349.25,0.046080475872309457,PWT
03_CDA,Canada,1981,Capital stock,3075546.5,0.05062506634628572,PWT
03_CDA,Canada,1982,Capital stock,3185758.25,0.0358348508143187,PWT
03_CDA,Canada,1983,Capital stock,3287797.75,0.03202989429596559,PWT
03_CDA,Canada,1984,Capital stock,3390773.5,0.031320585337099915,PWT
03_CDA,Canada,1985,Capital stock,3509605.5,0.03504569090209064,PWT
03_CDA,Canada,1986,Capital stock,3632857.0,0.035118334525062744,PWT
03_CDA,Canada,1987,Capital stock,3775359.0,0.03922587649334952,PWT
03_CDA,Canada,1988,Capital stock,3937817.0,0.04303113955520521,PWT
03_CDA,Canada,1989,Capital stock,4106727.0,0.042894324444228804,PWT
03_CDA,Canada,1990,Capital stock,4255429.0,0.03620937062531793,PWT
03_CDA,Canada,1991,Capital stock,4381388.5,0.029599718383269913,PWT
03_CDA,Canada,1992,Capital stock,4493383.0,0.025561417345209225,PWT
03_CDA,Canada,1993,Capital stock,4598013.5,0.023285462200751672,PWT
03_CDA,Canada,1994,Capital stock,4717530.5,0.025993181620715067,PWT
03_CDA,Canada,1995,Capital stock,4825124.5,0.022807271728291,PWT
03_CDA,Canada,1996,Capital stock,4942917.5,0.024412427078306376,PWT
03_CDA,Canada,1997,Capital stock,5090566.5,0.029870820219030536,PWT
03_CDA,Canada,1998,Capital stock,5239633.5,0.02928298844539201,PWT
03_CDA,Canada,1999,Capital stock,5392401.5,0.029156237740673996,PWT
03_CDA,Canada,2000,Capital stock,5549067.5,0.029053103705278582,PWT
03_CDA,Canada,2001,Capital stock,5715992.0,0.030081540727338485,PWT
03_CDA,Canada,2002,Capital stock,5878819.5,0.028486306488882507,PWT
03_CDA,Canada,2003,Capital stock,6055079.0,0.029982124812643063,PWT
03_CDA,Canada,2004,Capital stock,6256085.0,0.033196263830744366,PWT
03_CDA,Canada,2005,Capital stock,6484737.5,0.036548816072671686,PWT
03_CDA,Canada,2006,Capital stock,6729171.0,0.03769366146278097,PWT
03_CDA,Canada,2007,Capital stock,6974573.5,0.036468459487803084,PWT
03_CDA,Canada,2008,Capital stock,7216122.5,0.034632798693712274,PWT
03_CDA,Canada,2009,Capital stock,7393991.0,0.024648763931044648,PWT
03_CDA,Canada,2010,Capital stock,7616430.5,0.030083820767431213,PWT
03_CDA,Canada,2011,Capital stock,7854439.0,0.031249349678960536,PWT
03_CDA,Canada,2012,Capital stock,8110618.5,0.03261588765282908,PWT
03_CDA,Canada,2013,Capital stock,8366380.0,0.031534154885968224,PWT
03_CDA,Canada,2014,Capital stock,8628899.0,0.03137784800594767,PWT
03_CDA,Canada,2015,Capital stock,8857728.0,0.026518910465865853,PWT
03_CDA,Canada,2016,Capital stock,9056973.0,0.022493917176052314,PWT
03_CDA,Canada,2017,Capital stock,9269414.0,0.023456070808646645,PWT
03_CDA,Canada,2018,Capital stock,9490253.0,0.023824483403158014,PWT
03_CDA,Canada,2019,Capital stock,9710064.0,0.023161763969832938,PWT
03_CDA,Canada,2020,Capital stock,9905462.0,0.020123245325674555,PWT
03_CDA,Canada,2021,Capital stock,10147049.0,0.02438927129294921,PWT
03_CDA,Canada,2022,Capital stock,10370393.0,0.02201073435242118,PWT
03_CDA,Canada,2023,Capital stock,10570840.0,0.01932877567899305,PWT
03_CDA,Canada,1950,Employment,6.07638311386108,,PWT
03_CDA,Canada,1951,Employment,6.23281812667847,0.025744758005883384,PWT
03_CDA,Canada,1952,Employment,6.28221797943115,0.007925765159299658,PWT
03_CDA,Canada,1953,Employment,6.3151478767395,0.005241762927705951,PWT
03_CDA,Canada,1954,Employment,6.26575613021851,-0.00782115438704356,PWT
03_CDA,Canada,1955,Employment,6.33985090255737,0.01182535208823654,PWT
03_CDA,Canada,1956,Employment,6.61156368255615,0.04285791324984878,PWT
03_CDA,Canada,1957,Employment,6.69389629364014,0.012452819792270198,PWT
03_CDA,Canada,1958,Employment,6.49629259109497,-0.029519982664343525,PWT
03_CDA,Canada,1959,Employment,6.60333490371704,0.01647744634667503,PWT
03_CDA,Canada,1960,Employment,6.57863283157349,-0.0037408479963124686,PWT
03_CDA,Canada,1961,Employment,6.59509134292603,0.0025018133362830763,PWT
03_CDA,Canada,1962,Employment,6.75977182388306,0.02497015922814594,PWT
03_CDA,Canada,1963,Employment,6.90796947479248,0.021923469426263775,PWT
03_CDA,Canada,1964,Employment,7.1467490196228,0.0345658077531521,PWT
03_CDA,Canada,1965,Employment,7.45139455795288,0.042627149420473076,PWT
03_CDA,Canada,1966,Employment,7.70663166046143,0.03425360186250437,PWT
03_CDA,Canada,1967,Employment,7.84659862518311,0.018161885878077433,PWT
03_CDA,Canada,1968,Employment,7.85483026504517,0.001049071101412169,PWT
03_CDA,Canada,1969,Employment,8.10184001922607,0.03144686082907744,PWT
03_CDA,Canada,1970,Employment,8.09360694885254,-0.0010161975988161043,PWT
03_CDA,Canada,1971,Employment,8.30304431915283,0.025876889206978504,PWT
03_CDA,Canada,1972,Employment,8.60748863220215,0.036666588945821976,PWT
03_CDA,Canada,1973,Employment,9.03525733947754,0.049697272404755966,PWT
03_CDA,Canada,1974,Employment,9.49257755279541,0.0506150733880828,PWT
03_CDA,Canada,1975,Employment,9.58891773223877,0.010149001038710415,PWT
03_CDA,Canada,1976,Employment,9.72191905975342,0.013870316883362932,PWT
03_CDA,Canada,1977,Employment,9.88956928253174,0.017244560641566542,PWT
03_CDA,Canada,1978,Employment,10.1958246231079,0.030967510497864392,PWT
03_CDA,Canada,1979,Employment,10.6511421203613,0.04465725079474847,PWT
03_CDA,Canada,1980,Employment,10.9574146270752,0.028754898137018925,PWT
03_CDA,Canada,1981,Employment,11.2800168991089,0.029441458867182524,PWT
03_CDA,Canada,1982,Employment,10.9168910980225,-0.03219195541409925,PWT
03_CDA,Canada,1983,Employment,11.0030822753906,0.007895212711585442,PWT
03_CDA,Canada,1984,Employment,11.287880897522,0.02588353108731889,PWT
03_CDA,Canada,1985,Employment,11.651647567749,0.03222630301732354,PWT
03_CDA,Canada,1986,Employment,12.0118141174316,0.030911212134455246,PWT
03_CDA,Canada,1987,Employment,12.3289222717285,0.026399688772798413,PWT
03_CDA,Canada,1988,Employment,12.7252635955811,0.03214728060711791,PWT
03_CDA,Canada,1989,Employment,12.9899101257324,0.02079693895246293,PWT
03_CDA,Canada,1990,Employment,13.0858545303345,0.007386071471890965,PWT
03_CDA,Canada,1991,Employment,12.8660945892334,-0.016793701977327546,PWT
03_CDA,Canada,1992,Employment,12.742922782898,-0.009573363966908222,PWT
03_CDA,Canada,1993,Employment,12.8117399215698,0.005400420283810936,PWT
03_CDA,Canada,1994,Employment,13.0777921676636,0.020766285276044183,PWT
03_CDA,Canada,1995,Employment,13.3187160491943,0.018422366592306894,PWT
03_CDA,Canada,1996,Employment,13.442967414856,0.009329079860458167,PWT
03_CDA,Canada,1997,Employment,13.7290811538696,0.021283525443750895,PWT
03_CDA,Canada,1998,Employment,14.0778570175171,0.02540416650892885,PWT
03_CDA,Canada,1999,Employment,14.4439992904663,0.02600838128229377,PWT
03_CDA,Canada,2000,Employment,14.806040763855,0.025065182163755972,PWT
03_CDA,Canada,2001,Employment,14.9712743759155,0.01115987823455633,PWT
03_CDA,Canada,2002,Employment,15.3218393325806,0.023415839417722406,PWT
03_CDA,Canada,2003,Employment,15.6996545791626,0.024658609086090966,PWT
03_CDA,Canada,2004,Employment,15.9533767700195,0.016161004662717415,PWT
03_CDA,Canada,2005,Employment,16.1636619567871,0.01318123365347823,PWT
03_CDA,Canada,2006,Employment,16.4316177368164,0.016577665429137856,PWT
03_CDA,Canada,2007,Employment,16.8124904632568,0.023179259190470702,PWT
03_CDA,Canada,2008,Employment,17.0522804260254,0.014262608106315744,PWT
03_CDA,Canada,2009,Employment,16.7656116485596,-0.01681116955057138,PWT
03_CDA,Canada,2010,Employment,16.9990310668945,0.013922511342134847,PWT
03_CDA,Canada,2011,Employment,17.2673625946045,0.015785107201349513,PWT
03_CDA,Canada,2012,Employment,17.4798488616943,0.012305658488702687,PWT
03_CDA,Canada,2013,Employment,17.7335376739502,0.014513215432419235,PWT
03_CDA,Canada,2014,Employment,17.8370094299316,0.005834806223317557,PWT
03_CDA,Canada,2015,Employment,18.0122566223145,0.009824920095003353,PWT
03_CDA,Canada,2016,Employment,18.1368522644043,0.006917269984675123,PWT
03_CDA,Canada,2017,Employment,18.4826793670654,0.01906764733039301,PWT
03_CDA,Canada,2018,Employment,18.7060432434082,0.012085037667255882,PWT
03_CDA,Canada,2019,Employment,19.0792541503906,0.01995135487104771,PWT
03_CDA,Canada,2020,Employment,18.0728626251221,-0.052747949020213514,PWT
03_CDA,Canada,2021,Employment,19.0036144256592,0.05149996543676005,PWT
03_CDA,Canada,2022,Employment,19.6082496643066,0.03181685468375983,PWT
03_CDA,Canada,2023,Employment,20.1884651184082,0.02959037466550507,PWT
03_CDA,Canada,1950,Real GDP (PWT),216816.78125,,PWT
03_CDA,Canada,1951,Real GDP (PWT),226292.734375,0.043704887925966274,PWT
03_CDA,Canada,1952,Real GDP (PWT),245247.203125,0.08376083660993583,PWT
03_CDA,Canada,1953,Real GDP (PWT),257327.609375,0.04925807958691686,PWT
03_CDA,Canada,1954,Real GDP (PWT),254440.046875,-0.011221347398413073,PWT
03_CDA,Canada,1955,Real GDP (PWT),277947.1875,0.09238773893383412,PWT
03_CDA,Canada,1956,Real GDP (PWT),303683.03125,0.09259256760783008,PWT
03_CDA,Canada,1957,Real GDP (PWT),311403.8125,0.025423815147722406,PWT
03_CDA,Canada,1958,Real GDP (PWT),316550.96875,0.01652888000528252,PWT
03_CDA,Canada,1959,Real GDP (PWT),329418.90625,0.040650444226448146,PWT
03_CDA,Canada,1960,Real GDP (PWT),339713.21875,0.031249914029486625,PWT
03_CDA,Canada,1961,Real GDP (PWT),349327.78125,0.028301997006114465,PWT
03_CDA,Canada,1962,Real GDP (PWT),373364.0625,0.06880724219525547,PWT
03_CDA,Canada,1963,Real GDP (PWT),392593.125,0.05150217825262704,PWT
03_CDA,Canada,1964,Real GDP (PWT),418231.875,0.06530616143621981,PWT
03_CDA,Canada,1965,Real GDP (PWT),445473.03125,0.06513409875801557,PWT
03_CDA,Canada,1966,Real GDP (PWT),475919.0,0.06834525687125992,PWT
03_CDA,Canada,1967,Real GDP (PWT),488738.375,0.02693604373853531,PWT
03_CDA,Canada,1968,Real GDP (PWT),514377.09375,0.05245898431855278,PWT
03_CDA,Canada,1969,Real GDP (PWT),541618.25,0.05295950496434787,PWT
03_CDA,Canada,1970,Real GDP (PWT),556040.0625,0.026627264683197094,PWT
03_CDA,Canada,1971,Real GDP (PWT),578386.4375,0.04018842617118068,PWT
03_CDA,Canada,1972,Real GDP (PWT),610311.4375,0.05519666079652841,PWT
03_CDA,Canada,1973,Real GDP (PWT),651377.125,0.06728644586478039,PWT
03_CDA,Canada,1974,Real GDP (PWT),673248.9375,0.03357780256713805,PWT
03_CDA,Canada,1975,Real GDP (PWT),683653.375,0.015454071919719814,PWT
03_CDA,Canada,1976,Real GDP (PWT),723915.5625,0.05889269178258649,PWT
03_CDA,Canada,1977,Real GDP (PWT),749504.75,0.035348304174632306,PWT
03_CDA,Canada,1978,Real GDP (PWT),777506.0625,0.03735975322371199,PWT
03_CDA,Canada,1979,Real GDP (PWT),806469.75,0.037252040719618185,PWT
03_CDA,Canada,1980,Real GDP (PWT),824028.125,0.021771895350073622,PWT
03_CDA,Canada,1981,Real GDP (PWT),852169.25,0.03415068508735675,PWT
03_CDA,Canada,1982,Real GDP (PWT),825188.25,-0.0316615508010879,PWT
03_CDA,Canada,1983,Real GDP (PWT),846331.75,0.02562263822830735,PWT
03_CDA,Canada,1984,Real GDP (PWT),896253.1875,0.058985660764824255,PWT
03_CDA,Canada,1985,Real GDP (PWT),938714.75,0.04737674921797708,PWT
03_CDA,Canada,1986,Real GDP (PWT),958629.4375,0.021214844552085665,PWT
03_CDA,Canada,1987,Real GDP (PWT),997664.9375,0.040720114022160914,PWT
03_CDA,Canada,1988,Real GDP (PWT),1041670.375,0.04410843344888016,PWT
03_CDA,Canada,1989,Real GDP (PWT),1066017.625,0.023373276791134545,PWT
03_CDA,Canada,1990,Real GDP (PWT),1068181.125,0.0020295161630183856,PWT
03_CDA,Canada,1991,Real GDP (PWT),1045844.875,-0.020910545484502885,PWT
03_CDA,Canada,1992,Real GDP (PWT),1055157.625,0.008904523244902762,PWT
03_CDA,Canada,1993,Real GDP (PWT),1083200.625,0.02657707183796365,PWT
03_CDA,Canada,1994,Real GDP (PWT),1131880.25,0.04494054367813893,PWT
03_CDA,Canada,1995,Real GDP (PWT),1162241.125,0.026823398499973727,PWT
03_CDA,Canada,1996,Real GDP (PWT),1181870.875,0.01688956755853921,PWT
03_CDA,Canada,1997,Real GDP (PWT),1232456.875,0.042801630085012476,PWT
03_CDA,Canada,1998,Real GDP (PWT),1280435.0,0.03892884690184384,PWT
03_CDA,Canada,1999,Real GDP (PWT),1346262.25,0.0514100676723146,PWT
03_CDA,Canada,2000,Real GDP (PWT),1415440.5,0.05138541914846084,PWT
03_CDA,Canada,2001,Real GDP (PWT),1441981.375,0.018750964805655856,PWT
03_CDA,Canada,2002,Real GDP (PWT),1485230.125,0.029992585722544485,PWT
03_CDA,Canada,2003,Real GDP (PWT),1512059.125,0.018063867375434528,PWT
03_CDA,Canada,2004,Real GDP (PWT),1558817.375,0.030923559288728253,PWT
03_CDA,Canada,2005,Real GDP (PWT),1608862.5,0.032104546563705094,PWT
03_CDA,Canada,2006,Real GDP (PWT),1651303.5,0.026379507260564594,PWT
03_CDA,Canada,2007,Real GDP (PWT),1685153.5,0.020498957338853874,PWT
03_CDA,Canada,2008,Real GDP (PWT),1701927.625,0.009954063531897761,PWT
03_CDA,Canada,2009,Real GDP (PWT),1652315.0,-0.029150843003679427,PWT
03_CDA,Canada,2010,Real GDP (PWT),1703384.875,0.030908074428907417,PWT
03_CDA,Canada,2011,Real GDP (PWT),1756823.375,0.03137194698878609,PWT
03_CDA,Canada,2012,Real GDP (PWT),1787667.25,0.017556616925136215,PWT
03_CDA,Canada,2013,Real GDP (PWT),1829245.125,0.023258173466007115,PWT
03_CDA,Canada,2014,Real GDP (PWT),1881807.875,0.028734667257894086,PWT
03_CDA,Canada,2015,Real GDP (PWT),1894039.125,0.006499733667019614,PWT
03_CDA,Canada,2016,Real GDP (PWT),1913709.625,0.010385477121545694,PWT
03_CDA,Canada,2017,Real GDP (PWT),1971768.25,0.030338262525068327,PWT
03_CDA,Canada,2018,Real GDP (PWT),2025853.25,0.02742969413367935,PWT
03_CDA,Canada,2019,Real GDP (PWT),2064515.375,0.019084366056623336,PWT
03_CDA,Canada,2020,Real GDP (PWT),1960500.25,-0.05038234457323909,PWT
03_CDA,Canada,2021,Real GDP (PWT),2064151.0,0.05286954184270054,PWT
03_CDA,Canada,2022,Real GDP (PWT),2142998.75,0.03819863469290774,PWT
03_CDA,Canada,2023,Real GDP (PWT),2169763.25,0.012489274667099037,PWT
03_CDA,Canada,1950,TFP,,,PWT
03_CDA,Canada,1951,TFP,,,PWT
03_CDA,Canada,1952,TFP,,,PWT
03_CDA,Canada,1953,TFP,,,PWT
03_CDA,Canada,1954,TFP,0.670176386833191,,PWT
03_CDA,Canada,1955,TFP,0.718259036540985,0.07174626061506095,PWT
03_CDA,Canada,1956,TFP,0.747258186340332,0.04037422200631413,PWT
03_CDA,Canada,1957,TFP,0.750009000301361,0.0036812095354898933,PWT
03_CDA,Canada,1958,TFP,0.7722088098526,0.029599390863734865,PWT
03_CDA,Canada,1959,TFP,0.782625019550324,0.013488851156350234,PWT
03_CDA,Canada,1960,TFP,0.800473988056183,0.022806539607070686,PWT
03_CDA,Canada,1961,TFP,0.815060436725617,0.018222264417179668,PWT
03_CDA,Canada,1962,TFP,0.840187430381775,0.03082838096902596,PWT
03_CDA,Canada,1963,TFP,0.857286036014557,0.020350941961857938,PWT
03_CDA,Canada,1964,TFP,0.876031696796417,0.02186628499048804,PWT
03_CDA,Canada,1965,TFP,0.888648688793182,0.01440243776898087,PWT
03_CDA,Canada,1966,TFP,0.910050928592682,0.02408402788346531,PWT
03_CDA,Canada,1967,TFP,0.906240344047546,-0.00418722120423376,PWT
03_CDA,Canada,1968,TFP,0.943577587604523,0.04120015600962712,PWT
03_CDA,Canada,1969,TFP,0.958457350730896,0.015769517336829075,PWT
03_CDA,Canada,1970,TFP,0.975152850151062,0.01741913649828497,PWT
03_CDA,Canada,1971,TFP,0.982337236404419,0.007367446295464264,PWT
03_CDA,Canada,1972,TFP,0.996487200260162,0.014404385104584971,PWT
03_CDA,Canada,1973,TFP,1.00496065616608,0.008503326388643817,PWT
03_CDA,Canada,1974,TFP,0.985210716724396,-0.019652450392466103,PWT
03_CDA,Canada,1975,TFP,0.977979719638825,-0.007339543676110671,PWT
03_CDA,Canada,1976,TFP,1.0089818239212,0.03170015048351349,PWT
03_CDA,Canada,1977,TFP,1.01969170570374,0.010614543818954214,PWT
03_CDA,Canada,1978,TFP,1.01481401920319,-0.004783491395748518,PWT
03_CDA,Canada,1979,TFP,0.996707141399384,-0.017842557809777948,PWT
03_CDA,Canada,1980,TFP,0.979159235954285,-0.017605879115566103,PWT
03_CDA,Canada,1981,TFP,0.9754758477211,-0.0037617867430880247,PWT
03_CDA,Canada,1982,TFP,0.96053558588028,-0.015315870583288427,PWT
03_CDA,Canada,1983,TFP,0.968012690544128,0.007784307810934088,PWT
03_CDA,Canada,1984,TFP,0.988199591636658,0.0208539632689968,PWT
03_CDA,Canada,1985,TFP,0.992042243480682,0.003888538182514001,PWT
03_CDA,Canada,1986,TFP,0.976763248443604,-0.015401556876721512,PWT
03_CDA,Canada,1987,TFP,0.975966572761536,-0.0008156282326730047,PWT
03_CDA,Canada,1988,TFP,0.976058006286621,9.36850990975735e-05,PWT
03_CDA,Canada,1989,TFP,0.968039929866791,-0.00821475400866234,PWT
03_CDA,Canada,1990,TFP,0.952999651432037,-0.015536836829472156,PWT
03_CDA,Canada,1991,TFP,0.940819501876831,-0.012780854155511334,PWT
03_CDA,Canada,1992,TFP,0.946056246757507,0.005566152561919946,PWT
03_CDA,Canada,1993,TFP,0.955627501010895,0.010117003387686951,PWT
03_CDA,Canada,1994,TFP,0.968688488006592,0.013667445716956328,PWT
03_CDA,Canada,1995,TFP,0.971674859523773,0.0030829018349607384,PWT
03_CDA,Canada,1996,TFP,0.961319446563721,-0.010657281968916243,PWT
03_CDA,Canada,1997,TFP,0.96885097026825,0.00783456917619918,PWT
03_CDA,Canada,1998,TFP,0.973100066184998,0.0043857064163042025,PWT
03_CDA,Canada,1999,TFP,0.986181378364563,0.013442925999224142,PWT
03_CDA,Canada,2000,TFP,1.00530660152435,0.019393210599355726,PWT
03_CDA,Canada,2001,TFP,1.00717604160309,0.0018595720707546004,PWT
03_CDA,Canada,2002,TFP,1.01476728916168,0.007537160580693758,PWT
03_CDA,Canada,2003,TFP,1.00789761543274,-0.006769703558946127,PWT
03_CDA,Canada,2004,TFP,1.00824904441834,0.0003486752823096406,PWT
03_CDA,Canada,2005,TFP,1.01540660858154,0.00709900416253717,PWT
03_CDA,Canada,2006,TFP,1.01398301124573,-0.001401997311991865,PWT
03_CDA,Canada,2007,TFP,1.0032993555069,-0.010536326171485366,PWT
03_CDA,Canada,2008,TFP,0.988963186740875,-0.014289024195357825,PWT
03_CDA,Canada,2009,TFP,0.971051096916199,-0.018111988459050044,PWT
03_CDA,Canada,2010,TFP,0.973248600959778,0.002263015870697105,PWT
03_CDA,Canada,2011,TFP,0.982724726200104,0.009736592717401349,PWT
03_CDA,Canada,2012,TFP,0.976195514202118,-0.0066439887222868865,PWT
03_CDA,Canada,2013,TFP,0.981455147266388,0.005387888991242651,PWT
03_CDA,Canada,2014,TFP,0.997773766517639,0.016626963847204523,PWT
03_CDA,Canada,2015,TFP,0.987293541431427,-0.010503608571299061,PWT
03_CDA,Canada,2016,TFP,0.986912786960602,-0.000385654777274147,PWT
03_CDA,Canada,2017,TFP,0.997301816940308,0.01052679640690557,PWT
03_CDA,Canada,2018,TFP,0.999647378921509,0.0023519078591445197,PWT
03_CDA,Canada,2019,TFP,1.00013959407806,0.0004923887832146701,PWT
03_CDA,Canada,2020,TFP,1.02430558204651,0.024162615010484112,PWT
03_CDA,Canada,2021,TFP,1.0,-0.023728838807993813,PWT
03_CDA,Canada,2022,TFP,1.00102639198303,0.0010263919830300061,PWT
03_CDA,Canada,2023,TFP,0.982741117477417,-0.01826652588988187,PWT
03_CDA,Canada,1950,delta,0.0338143333792686,,PWT
03_CDA,Canada,1951,delta,0.0345705449581146,0.022363640009228636,PWT
03_CDA,Canada,1952,delta,0.0352737978100777,0.02034254457993523,PWT
03_CDA,Canada,1953,delta,0.0357906855642796,0.01465358952798157,PWT
03_CDA,Canada,1954,delta,0.0359050035476685,0.0031940707920665723,PWT
03_CDA,Canada,1955,delta,0.0356958322227001,-0.005825687349973352,PWT
03_CDA,Canada,1956,delta,0.0357989370822907,0.002888428513092123,PWT
03_CDA,Canada,1957,delta,0.0360224731266499,0.006244208978757104,PWT
03_CDA,Canada,1958,delta,0.0358162596821785,-0.005724577647580831,PWT
03_CDA,Canada,1959,delta,0.0354350358247757,-0.010643876853296486,PWT
03_CDA,Canada,1960,delta,0.0352463498711586,-0.005324841621443421,PWT
03_CDA,Canada,1961,delta,0.0350667648017406,-0.005095139498826562,PWT
03_CDA,Canada,1962,delta,0.0349015556275845,-0.004711275051752062,PWT
03_CDA,Canada,1963,delta,0.034855455160141,-0.00132087142290771,PWT
03_CDA,Canada,1964,delta,0.0349248200654984,0.0019900731474804534,PWT
03_CDA,Canada,1965,delta,0.0352236442267895,0.008556211906909805,PWT
03_CDA,Canada,1966,delta,0.0357742458581924,0.015631591889181617,PWT
03_CDA,Canada,1967,delta,0.036258652806282,0.013540661346426841,PWT
03_CDA,Canada,1968,delta,0.0364661179482937,0.005721810546026607,PWT
03_CDA,Canada,1969,delta,0.0365667305886745,0.002759071873881913,PWT
03_CDA,Canada,1970,delta,0.0366115048527718,0.0012244535777876653,PWT
03_CDA,Canada,1971,delta,0.0365715064108372,-0.0010925101848571206,PWT
03_CDA,Canada,1972,delta,0.0365008041262627,-0.00193326147903905,PWT
03_CDA,Canada,1973,delta,0.0365358591079712,0.0009603892995682095,PWT
03_CDA,Canada,1974,delta,0.0367164649069309,0.004943247630389003,PWT
03_CDA,Canada,1975,delta,0.0369169339537621,0.005459922335642853,PWT
03_CDA,Canada,1976,delta,0.0370394513010979,0.003318730301092865,PWT
03_CDA,Canada,1977,delta,0.0370754934847355,0.0009730755281609493,PWT
03_CDA,Canada,1978,delta,0.0370797216892242,0.00011404310748930335,PWT
03_CDA,Canada,1979,delta,0.0371505878865719,0.0019111847155068862,PWT
03_CDA,Canada,1980,delta,0.0373449996113777,0.005233072633988423,PWT
03_CDA,Canada,1981,delta,0.0374391749501228,0.0025217656908584907,PWT
03_CDA,Canada,1982,delta,0.0372738130390644,-0.004416815041429101,PWT
03_CDA,Canada,1983,delta,0.0369065329432488,-0.009853569191611289,PWT
03_CDA,Canada,1984,delta,0.0365178622305393,-0.010531217150826833,PWT
03_CDA,Canada,1985,delta,0.0362178571522236,-0.008215296843548825,PWT
03_CDA,Canada,1986,delta,0.0359288156032562,-0.007980636395813256,PWT
03_CDA,Canada,1987,delta,0.0356264002621174,-0.008417069587770998,PWT
03_CDA,Canada,1988,delta,0.0354514941573143,-0.004909452078128762,PWT
03_CDA,Canada,1989,delta,0.0353579111397266,-0.002639748191498925,PWT
03_CDA,Canada,1990,delta,0.035179790109396,-0.005037657050121047,PWT
03_CDA,Canada,1991,delta,0.0349638611078262,-0.00613787066092053,PWT
03_CDA,Canada,1992,delta,0.0346817299723625,-0.008069221376713176,PWT
03_CDA,Canada,1993,delta,0.0343745537102222,-0.008857005183567246,PWT
03_CDA,Canada,1994,delta,0.0341739840805531,-0.005834828616537169,PWT
03_CDA,Canada,1995,delta,0.0340967401862145,-0.002260312820317467,PWT
03_CDA,Canada,1996,delta,0.0341062806546688,0.00027980588179965515,PWT
03_CDA,Canada,1997,delta,0.0342113003134728,0.0030791882547189786,PWT
03_CDA,Canada,1998,delta,0.0344672687351704,0.0074819845884896985,PWT
03_CDA,Canada,1999,delta,0.0347501859068871,0.008208285196326326,PWT
03_CDA,Canada,2000,delta,0.0349996536970139,0.00717889080637546,PWT
03_CDA,Canada,2001,delta,0.03523138910532,0.006621077177282775,PWT
03_CDA,Canada,2002,delta,0.0352954380214214,0.0018179503484785364,PWT
03_CDA,Canada,2003,delta,0.0352766141295433,-0.0005333236512513606,PWT
03_CDA,Canada,2004,delta,0.0353390164673328,0.001768943514826704,PWT
03_CDA,Canada,2005,delta,0.0355406701564789,0.0057062620668153485,PWT
03_CDA,Canada,2006,delta,0.035840954631567,0.00844903806726216,PWT
03_CDA,Canada,2007,delta,0.0361077524721623,0.0074439379011495,PWT
03_CDA,Canada,2008,delta,0.0363057442009449,0.005483357872668515,PWT
03_CDA,Canada,2009,delta,0.036228321492672,-0.0021325195221004734,PWT
03_CDA,Canada,2010,delta,0.0359749384224415,-0.006994060441959715,PWT
03_CDA,Canada,2011,delta,0.0358240529894829,-0.00419418182699316,PWT
03_CDA,Canada,2012,delta,0.0357082486152649,-0.0032325871740978007,PWT
03_CDA,Canada,2013,delta,0.0355474129319191,-0.004504160511446864,PWT
03_CDA,Canada,2014,delta,0.0353640206158161,-0.005159090380338793,PWT
03_CDA,Canada,2015,delta,0.0351208746433258,-0.006875518344810594,PWT
03_CDA,Canada,2016,delta,0.0347716361284256,-0.009943901410398581,PWT
03_CDA,Canada,2017,delta,0.0344553366303444,-0.009096480157360975,PWT
03_CDA,Canada,2018,delta,0.0342793315649033,-0.005108209138380393,PWT
03_CDA,Canada,2019,delta,0.0341662354767323,-0.0032992501022625076,PWT
03_CDA,Canada,2020,delta,0.0339988805353642,-0.004898255222822945,PWT
03_CDA,Canada,2021,delta,0.0339771956205368,-0.0006378126128254724,PWT
03_CDA,Canada,2022,delta,0.0341237150132656,0.004312286227655671,PWT
03_CDA,Canada,2023,delta,0.0341532416641712,0.0008652824258470471,PWT
03_CDA,Canada,1950,output_to_kstock,0.30903718599805013,,PWT
03_CDA,Canada,1951,output_to_kstock,0.30761446279587434,-0.004603728181063471,PWT
03_CDA,Canada,1952,output_to_kstock,0.3192117340773232,0.0377006697800959,PWT
03_CDA,Canada,1953,output_to_kstock,0.3181344330747661,-0.003374879077271409,PWT
03_CDA,Canada,1954,output_to_kstock,0.3035964710078713,-0.04569754341391319,PWT
03_CDA,Canada,1955,output_to_kstock,0.31591089023455937,0.04056179963425466,PWT
03_CDA,Canada,1956,output_to_kstock,0.32320925369891795,0.02310260168283418,PWT
03_CDA,Canada,1957,output_to_kstock,0.3134364872996995,-0.03023665407897691,PWT
03_CDA,Canada,1958,output_to_kstock,0.3045649850799814,-0.02830398686556035,PWT
03_CDA,Canada,1959,output_to_kstock,0.3020167041682835,-0.008366952987155396,PWT
03_CDA,Canada,1960,output_to_kstock,0.29808674605392643,-0.013012386600203762,PWT
03_CDA,Canada,1961,output_to_kstock,0.2942650828607696,-0.012820641117889497,PWT
03_CDA,Canada,1962,output_to_kstock,0.3006518609154015,0.021704165484199844,PWT
03_CDA,Canada,1963,output_to_kstock,0.3022796100709534,0.005414066457449573,PWT
03_CDA,Canada,1964,output_to_kstock,0.30656716210042606,0.014184059680592664,PWT
03_CDA,Canada,1965,output_to_kstock,0.307869784448732,0.00424906026914651,PWT
03_CDA,Canada,1966,output_to_kstock,0.30921274582658237,0.004362108416241961,PWT
03_CDA,Canada,1967,output_to_kstock,0.30272946916944465,-0.02096704209202871,PWT
03_CDA,Canada,1968,output_to_kstock,0.3038863434254697,0.003821478824638458,PWT
03_CDA,Canada,1969,output_to_kstock,0.3038645559282904,-7.16962036980684e-05,PWT
03_CDA,Canada,1970,output_to_kstock,0.2992728355531503,-0.015111075923655015,PWT
03_CDA,Canada,1971,output_to_kstock,0.29771834638391,-0.0051942207396376006,PWT
03_CDA,Canada,1972,output_to_kstock,0.3005492936479127,0.00950881025098882,PWT
03_CDA,Canada,1973,output_to_kstock,0.30599725654477317,0.01812668674324902,PWT
03_CDA,Canada,1974,output_to_kstock,0.3016469242382255,-0.01421689970580231,PWT
03_CDA,Canada,1975,output_to_kstock,0.29236443571943205,-0.030772694076809493,PWT
03_CDA,Canada,1976,output_to_kstock,0.29554495159835903,0.010878600439552688,PWT
03_CDA,Canada,1977,output_to_kstock,0.29250344186950467,-0.010291191618754914,PWT
03_CDA,Canada,1978,output_to_kstock,0.2904984353838907,-0.006854642368647634,PWT
03_CDA,Canada,1979,output_to_kstock,0.2881898221937893,-0.00794707615912138,PWT
03_CDA,Canada,1980,output_to_kstock,0.2814929325566466,-0.02323777288928508,PWT
03_CDA,Canada,1981,output_to_kstock,0.27707896791675884,-0.015680552260399994,PWT
03_CDA,Canada,1982,output_to_kstock,0.25902412714461304,-0.06516135420848657,PWT
03_CDA,Canada,1983,output_to_kstock,0.25741600133402365,-0.006208401620022008,PWT
03_CDA,Canada,1984,output_to_kstock,0.2643211607911882,0.026824903740946704,PWT
03_CDA,Canada,1985,output_to_kstock,0.26747016153240016,0.011913540072940432,PWT
03_CDA,Canada,1986,output_to_kstock,0.2638775590396209,-0.013431787950462959,PWT
03_CDA,Canada,1987,output_to_kstock,0.26425697198597536,0.0014378371079954988,PWT
03_CDA,Canada,1988,output_to_kstock,0.2645299095920405,0.0010328492149664914,PWT
03_CDA,Canada,1989,output_to_kstock,0.25957840026863244,-0.018718145449201917,PWT
03_CDA,Canada,1990,output_to_kstock,0.25101608439478135,-0.032985471306511305,PWT
03_CDA,Canada,1991,output_to_kstock,0.23870169810323827,-0.049058156258129815,PWT
03_CDA,Canada,1992,output_to_kstock,0.23482476899921506,-0.016241732400020248,PWT
03_CDA,Canada,1993,output_to_kstock,0.2355801315067909,0.003216707125040852,PWT
03_CDA,Canada,1994,output_to_kstock,0.2399306692346769,0.018467337207342505,PWT
03_CDA,Canada,1995,output_to_kstock,0.24087277437089966,0.003926572368708969,PWT
03_CDA,Canada,1996,output_to_kstock,0.23910390472833098,-0.007343584791550284,PWT
03_CDA,Canada,1997,output_to_kstock,0.2421060357427803,0.012555759044840187,PWT
03_CDA,Canada,1998,output_to_kstock,0.24437491668071823,0.009371434838363335,PWT
03_CDA,Canada,1999,output_to_kstock,0.24965912682874225,0.021623373707081228,PWT
03_CDA,Canada,2000,output_to_kstock,0.25507718188686657,0.021701810492355422,PWT
03_CDA,Canada,2001,output_to_kstock,0.25227141238126294,-0.010999688348635073,PWT
03_CDA,Canada,2002,output_to_kstock,0.25264087883630376,0.00146455934722578,PWT
03_CDA,Canada,2003,output_to_kstock,0.24971748923507026,-0.01157132454058507,PWT
03_CDA,Canada,2004,output_to_kstock,0.24916818985036168,-0.0021996832756535634,PWT
03_CDA,Canada,2005,output_to_kstock,0.24809986526054448,-0.004287564116666642,PWT
03_CDA,Canada,2006,output_to_kstock,0.24539478934329356,-0.010903173665209986,PWT
03_CDA,Canada,2007,output_to_kstock,0.2416138420507003,-0.015407610335620991,PWT
03_CDA,Canada,2008,output_to_kstock,0.2358507113758116,-0.023852651098025146,PWT
03_CDA,Canada,2009,output_to_kstock,0.22346727227555457,-0.052505413394852485,PWT
03_CDA,Canada,2010,output_to_kstock,0.2236460865755947,0.0008001811550266691,PWT
03_CDA,Canada,2011,output_to_kstock,0.2236726741400627,0.00011888231479972866,PWT
03_CDA,Canada,2012,output_to_kstock,0.22041071836876558,-0.014583613236789472,PWT
03_CDA,Canada,2013,output_to_kstock,0.21864236683009855,-0.008022983418203955,PWT
03_CDA,Canada,2014,output_to_kstock,0.21808203746503466,-0.002562766645767711,PWT
03_CDA,Canada,2015,output_to_kstock,0.2138290005066762,-0.019502004877592682,PWT
03_CDA,Canada,2016,output_to_kstock,0.2112968234530455,-0.011842065611449293,PWT
03_CDA,Canada,2017,output_to_kstock,0.21271768096667168,0.0067244622536499765,PWT
03_CDA,Canada,2018,output_to_kstock,0.21346672738861652,0.0035213171680927857,PWT
03_CDA,Canada,2019,output_to_kstock,0.2126160419745946,-0.00398509605889652,PWT
03_CDA,Canada,2020,output_to_kstock,0.19792113179577087,-0.06911477629980356,PWT
03_CDA,Canada,2021,output_to_kstock,0.20342377374939255,0.027802195266848573,PWT
03_CDA,Canada,2022,output_to_kstock,0.20664585710493324,0.01583926645422551,PWT
03_CDA,Canada,2023,output_to_kstock,0.20525930295038047,-0.006709808626110925,PWT
04_CHL,Chile,1950,Average hours,,,PWT
04_CHL,Chile,1951,Average hours,2600.42,,PWT
04_CHL,Chile,1952,Average hours,2586.47,-0.005364518039393751,PWT
04_CHL,Chile,1953,Average hours,2572.59,-0.005366387392855776,PWT
04_CHL,Chile,1954,Average hours,2558.78,-0.0053681309497431995,PWT
04_CHL,Chile,1955,Average hours,2545.05,-0.0053658384073660415,PWT
04_CHL,Chile,1956,Average hours,2531.4,-0.005363352389933462,PWT
04_CHL,Chile,1957,Average hours,2517.81,-0.005368570751362989,PWT
04_CHL,Chile,1958,Average hours,2504.3,-0.0053657742244250795,PWT
04_CHL,Chile,1959,Average hours,2490.86,-0.005366769157049922,PWT
04_CHL,Chile,1960,Average hours,2477.49,-0.005367624033466467,PWT
04_CHL,Chile,1961,Average hours,2457.87,-0.007919305426056122,PWT
04_CHL,Chile,1962,Average hours,2438.25,-0.00798252145150069,PWT
04_CHL,Chile,1963,Average hours,2394.09,-0.018111350353737232,PWT
04_CHL,Chile,1964,Average hours,2389.19,-0.0020467066818707913,PWT
04_CHL,Chile,1965,Average hours,2403.91,0.006161083881984997,PWT
04_CHL,Chile,1966,Average hours,2423.53,0.008161703225162409,PWT
04_CHL,Chile,1967,Average hours,2242.01,-0.07489901094684204,PWT
04_CHL,Chile,1968,Average hours,2325.41,0.03719876360943952,PWT
04_CHL,Chile,1969,Average hours,2354.85,0.01266013305180591,PWT
04_CHL,Chile,1970,Average hours,2222.39,-0.0562498672951568,PWT
04_CHL,Chile,1971,Average hours,2320.51,0.04415066662467004,PWT
04_CHL,Chile,1972,Average hours,2335.22,0.00633912372711154,PWT
04_CHL,Chile,1973,Average hours,2310.69,-0.010504363614562973,PWT
04_CHL,Chile,1974,Average hours,2291.07,-0.008490970229671602,PWT
04_CHL,Chile,1975,Average hours,2335.22,0.01927047187558628,PWT
04_CHL,Chile,1976,Average hours,2349.94,0.006303474619093752,PWT
04_CHL,Chile,1977,Average hours,2320.51,-0.012523724009974702,PWT
04_CHL,Chile,1978,Average hours,2345.03,0.010566642677687144,PWT
04_CHL,Chile,1979,Average hours,2369.56,0.010460420548990657,PWT
04_CHL,Chile,1980,Average hours,2384.28,0.006212123769813838,PWT
04_CHL,Chile,1981,Average hours,2428.44,0.018521314610699946,PWT
04_CHL,Chile,1982,Average hours,2374.47,-0.02222414389484617,PWT
04_CHL,Chile,1983,Average hours,2330.32,-0.01859362299797418,PWT
04_CHL,Chile,1984,Average hours,2364.66,0.01473617357272805,PWT
04_CHL,Chile,1985,Average hours,2364.66,0.0,PWT
04_CHL,Chile,1986,Average hours,2399.0,0.014522172320756477,PWT
04_CHL,Chile,1987,Average hours,2405.0,0.002501042100875317,PWT
04_CHL,Chile,1988,Average hours,2411.0,0.002494802494802384,PWT
04_CHL,Chile,1989,Average hours,2416.0,0.0020738282870178537,PWT
04_CHL,Chile,1990,Average hours,2422.0,0.002483443708609201,PWT
04_CHL,Chile,1991,Average hours,2419.0,-0.001238645747316247,PWT
04_CHL,Chile,1992,Average hours,2415.0,-0.0016535758577924664,PWT
04_CHL,Chile,1993,Average hours,2389.0,-0.010766045548654235,PWT
04_CHL,Chile,1994,Average hours,2364.0,-0.010464629552113802,PWT
04_CHL,Chile,1995,Average hours,2338.0,-0.010998307952622688,PWT
04_CHL,Chile,1996,Average hours,2313.0,-0.010692899914456766,PWT
04_CHL,Chile,1997,Average hours,2256.0,-0.024643320363164745,PWT
04_CHL,Chile,1998,Average hours,2299.0,0.019060283687943214,PWT
04_CHL,Chile,1999,Average hours,2277.0,-0.009569377990430672,PWT
04_CHL,Chile,2000,Average hours,2263.0,-0.0061484409310496035,PWT
04_CHL,Chile,2001,Average hours,2242.0,-0.009279717189571324,PWT
04_CHL,Chile,2002,Average hours,2250.0,0.003568242640499486,PWT
04_CHL,Chile,2003,Average hours,2235.0,-0.00666666666666671,PWT
04_CHL,Chile,2004,Average hours,2232.0,-0.0013422818791946067,PWT
04_CHL,Chile,2005,Average hours,2157.0,-0.03360215053763438,PWT
04_CHL,Chile,2006,Average hours,2165.0,0.0037088548910524377,PWT
04_CHL,Chile,2007,Average hours,2128.0,-0.017090069284064646,PWT
04_CHL,Chile,2008,Average hours,2095.0,-0.015507518796992525,PWT
04_CHL,Chile,2009,Average hours,2074.0,-0.010023866348448651,PWT
04_CHL,Chile,2010,Average hours,2069.8,-0.002025072324011501,PWT
04_CHL,Chile,2011,Average hours,2050.2,-0.009469513962701903,PWT
04_CHL,Chile,2012,Average hours,2027.4,-0.011120866256950412,PWT
04_CHL,Chile,2013,Average hours,2021.3,-0.003008779717865284,PWT
04_CHL,Chile,2014,Average hours,1994.4,-0.013308266956908898,PWT
04_CHL,Chile,2015,Average hours,1993.7,-0.0003509827517047537,PWT
04_CHL,Chile,2016,Average hours,1977.5,-0.008125595626222615,PWT
04_CHL,Chile,2017,Average hours,1963.1,-0.007281921618204845,PWT
04_CHL,Chile,2018,Average hours,1955.5,-0.003871427843716524,PWT
04_CHL,Chile,2019,Average hours,1929.5,-0.01329583226796216,PWT
04_CHL,Chile,2020,Average hours,1825.3,-0.054003627882871275,PWT
04_CHL,Chile,2021,Average hours,1915.6,0.04947131978304942,PWT
04_CHL,Chile,2022,Average hours,1962.64,0.02455627479640854,PWT
04_CHL,Chile,2023,Average hours,1949.71,-0.006588065055231795,PWT
04_CHL,Chile,1950,Capital stock,,,PWT
04_CHL,Chile,1951,Capital stock,85540.8203125,,PWT
04_CHL,Chile,1952,Capital stock,87213.484375,0.019553986697688597,PWT
04_CHL,Chile,1953,Capital stock,90605.6953125,0.03889548688267275,PWT
04_CHL,Chile,1954,Capital stock,92252.2265625,0.01817249174371538,PWT
04_CHL,Chile,1955,Capital stock,95291.0546875,0.032940431231123,PWT
04_CHL,Chile,1956,Capital stock,98553.8046875,0.03423983511044093,PWT
04_CHL,Chile,1957,Capital stock,101489.25,0.029785205368862977,PWT
04_CHL,Chile,1958,Capital stock,104417.34375,0.028851269962089532,PWT
04_CHL,Chile,1959,Capital stock,106893.171875,0.023710889743831398,PWT
04_CHL,Chile,1960,Capital stock,111227.5703125,0.04054888035850035,PWT
04_CHL,Chile,1961,Capital stock,116473.6953125,0.04716568909363672,PWT
04_CHL,Chile,1962,Capital stock,121038.7421875,0.03919380133644723,PWT
04_CHL,Chile,1963,Capital stock,126987.265625,0.04914561511458215,PWT
04_CHL,Chile,1964,Capital stock,134711.984375,0.06083065661726672,PWT
04_CHL,Chile,1965,Capital stock,142115.609375,0.054958918720923844,PWT
04_CHL,Chile,1966,Capital stock,154043.265625,0.08392924818361469,PWT
04_CHL,Chile,1967,Capital stock,164295.28125,0.06655283230594011,PWT
04_CHL,Chile,1968,Capital stock,175538.90625,0.06843547127133331,PWT
04_CHL,Chile,1969,Capital stock,187629.4375,0.0688766468259796,PWT
04_CHL,Chile,1970,Capital stock,200815.140625,0.07027523666162461,PWT
04_CHL,Chile,1971,Capital stock,213337.921875,0.06235974643657416,PWT
04_CHL,Chile,1972,Capital stock,222214.765625,0.041609310112250775,PWT
04_CHL,Chile,1973,Capital stock,230062.953125,0.03531802883542068,PWT
04_CHL,Chile,1974,Capital stock,240025.796875,0.04330485901650971,PWT
04_CHL,Chile,1975,Capital stock,246311.140625,0.026186117624987126,PWT
04_CHL,Chile,1976,Capital stock,250461.59375,0.016850448235790294,PWT
04_CHL,Chile,1977,Capital stock,255608.0,0.02054768626577097,PWT
04_CHL,Chile,1978,Capital stock,262279.5,0.026100513285969074,PWT
04_CHL,Chile,1979,Capital stock,270708.28125,0.03213663763275432,PWT
04_CHL,Chile,1980,Capital stock,281601.59375,0.040240041603825105,PWT
04_CHL,Chile,1981,Capital stock,294550.875,0.04598440327541642,PWT
04_CHL,Chile,1982,Capital stock,298939.78125,0.014900333431363988,PWT
04_CHL,Chile,1983,Capital stock,301274.6875,0.007810624066949989,PWT
04_CHL,Chile,1984,Capital stock,305787.84375,0.014980203904451761,PWT
04_CHL,Chile,1985,Capital stock,311722.125,0.01940653093735034,PWT
04_CHL,Chile,1986,Capital stock,315770.34375,0.012986626310211413,PWT
04_CHL,Chile,1987,Capital stock,322879.84375,0.02251478056985845,PWT
04_CHL,Chile,1988,Capital stock,332224.125,0.02894042917474615,PWT
04_CHL,Chile,1989,Capital stock,347002.5,0.044483148236149406,PWT
04_CHL,Chile,1990,Capital stock,361306.65625,0.04122205531660428,PWT
04_CHL,Chile,1991,Capital stock,374080.5,0.03535457631082606,PWT
04_CHL,Chile,1992,Capital stock,391429.8125,0.046378553546629675,PWT
04_CHL,Chile,1993,Capital stock,413491.375,0.056361477321045905,PWT
04_CHL,Chile,1994,Capital stock,436030.0,0.054508089799938375,PWT
04_CHL,Chile,1995,Capital stock,464971.75,0.06637559342247101,PWT
04_CHL,Chile,1996,Capital stock,495932.5,0.06658630336144067,PWT
04_CHL,Chile,1997,Capital stock,531373.5625,0.07146348041316108,PWT
04_CHL,Chile,1998,Capital stock,567919.25,0.06877588589101102,PWT
04_CHL,Chile,1999,Capital stock,594710.9375,0.04717517058983289,PWT
04_CHL,Chile,2000,Capital stock,624921.125,0.0507981030700313,PWT
04_CHL,Chile,2001,Capital stock,655362.125,0.04871174742252471,PWT
04_CHL,Chile,2002,Capital stock,686735.375,0.04787162517211385,PWT
04_CHL,Chile,2003,Capital stock,721246.0625,0.050253254392203184,PWT
04_CHL,Chile,2004,Capital stock,761100.5625,0.05525784066238826,PWT
04_CHL,Chile,2005,Capital stock,813611.25,0.06899310036970308,PWT
04_CHL,Chile,2006,Capital stock,867475.6875,0.06620414540728148,PWT
04_CHL,Chile,2007,Capital stock,925700.5,0.06711982057710397,PWT
04_CHL,Chile,2008,Capital stock,998714.5,0.07887432274261497,PWT
04_CHL,Chile,2009,Capital stock,1055187.5,0.05654568948383143,PWT
04_CHL,Chile,2010,Capital stock,1117952.375,0.05948220103062263,PWT
04_CHL,Chile,2011,Capital stock,1191439.875,0.06573401662123568,PWT
04_CHL,Chile,2012,Capital stock,1275040.375,0.07016761966272123,PWT
04_CHL,Chile,2013,Capital stock,1356135.5,0.06360200554433426,PWT
04_CHL,Chile,2014,Capital stock,1428125.5,0.05308466594967842,PWT
04_CHL,Chile,2015,Capital stock,1498107.875,0.049002958773581184,PWT
04_CHL,Chile,2016,Capital stock,1562235.75,0.042805912758452136,PWT
04_CHL,Chile,2017,Capital stock,1619323.75,0.036542500067611394,PWT
04_CHL,Chile,2018,Capital stock,1682605.375,0.03907904457030287,PWT
04_CHL,Chile,2019,Capital stock,1750039.125,0.04007698477725352,PWT
04_CHL,Chile,2020,Capital stock,1800015.25,0.028557147258064797,PWT
04_CHL,Chile,2021,Capital stock,1868156.5,0.037855929276154665,PWT
04_CHL,Chile,2022,Capital stock,1939398.0,0.03813465306573627,PWT
04_CHL,Chile,2023,Capital stock,2005060.0,0.033856897862120094,PWT
04_CHL,Chile,1950,Employment,,,PWT
04_CHL,Chile,1951,Employment,2.02105164527893,,PWT
04_CHL,Chile,1952,Employment,2.03831100463867,0.008539791350734127,PWT
04_CHL,Chile,1953,Employment,2.08896613121033,0.02485151993801815,PWT
04_CHL,Chile,1954,Employment,2.07328748703003,-0.007505456381533326,PWT
04_CHL,Chile,1955,Employment,2.10775208473206,0.01662316389677354,PWT
04_CHL,Chile,1956,Employment,2.12511205673218,0.008236249474437907,PWT
04_CHL,Chile,1957,Employment,2.19255375862122,0.031735597977240904,PWT
04_CHL,Chile,1958,Employment,2.22733283042908,0.01586235761431487,PWT
04_CHL,Chile,1959,Employment,2.21702909469605,-0.004626042229640692,PWT
04_CHL,Chile,1960,Employment,2.26099681854248,0.019831820859553595,PWT
04_CHL,Chile,1961,Employment,2.30426073074341,0.01913488415645781,PWT
04_CHL,Chile,1962,Employment,2.33038067817688,0.011335499965337226,PWT
04_CHL,Chile,1963,Employment,2.38208079338074,0.022185265990235736,PWT
04_CHL,Chile,1964,Employment,2.40398573875427,0.009195718900214755,PWT
04_CHL,Chile,1965,Employment,2.43011951446533,0.01087101944481672,PWT
04_CHL,Chile,1966,Employment,2.47436857223511,0.018208593242590387,PWT
04_CHL,Chile,1967,Employment,2.52424049377441,0.020155413425030133,PWT
04_CHL,Chile,1968,Employment,2.57638168334961,0.020656189338455144,PWT
04_CHL,Chile,1969,Employment,2.61909413337708,0.016578463627306528,PWT
04_CHL,Chile,1970,Employment,2.64883756637573,0.011356381819044747,PWT
04_CHL,Chile,1971,Employment,2.77054405212402,0.04594713065581235,PWT
04_CHL,Chile,1972,Employment,2.8958637714386,0.04523289179195844,PWT
04_CHL,Chile,1973,Employment,2.91879606246948,0.007918981292234006,PWT
04_CHL,Chile,1974,Employment,2.78758549690247,-0.04495365991963074,PWT
04_CHL,Chile,1975,Employment,2.70782017707825,-0.028614483721792205,PWT
04_CHL,Chile,1976,Employment,2.76946592330933,0.02276581981067749,PWT
04_CHL,Chile,1977,Employment,2.91729164123535,0.05337697665164898,PWT
04_CHL,Chile,1978,Employment,2.95981001853943,0.014574606358545461,PWT
04_CHL,Chile,1979,Employment,3.02660298347473,0.022566639249454346,PWT
04_CHL,Chile,1980,Employment,3.18515276908875,0.05238539262655273,PWT
04_CHL,Chile,1981,Employment,3.2650842666626,0.025095027889892263,PWT
04_CHL,Chile,1982,Employment,3.10705471038818,-0.04839984005556752,PWT
04_CHL,Chile,1983,Employment,3.39452266693115,0.0925210475315561,PWT
04_CHL,Chile,1984,Employment,3.50132083892822,0.03146191157816647,PWT
04_CHL,Chile,1985,Employment,3.66228818893433,0.04597332190082404,PWT
04_CHL,Chile,1986,Employment,3.81907606124878,0.04281145126377206,PWT
04_CHL,Chile,1987,Employment,3.90639781951904,0.022864629263682934,PWT
04_CHL,Chile,1988,Employment,4.02087354660034,0.029304677191171136,PWT
04_CHL,Chile,1989,Employment,4.18909931182861,0.04183811385227587,PWT
04_CHL,Chile,1990,Employment,4.32258892059326,0.031865945118016326,PWT
04_CHL,Chile,1991,Employment,4.41695833206177,0.021831687722819293,PWT
04_CHL,Chile,1992,Employment,4.621666431427,0.046345943062060746,PWT
04_CHL,Chile,1993,Employment,4.69417428970337,0.015688682719142477,PWT
04_CHL,Chile,1994,Employment,4.7314248085022,0.007935478424935916,PWT
04_CHL,Chile,1995,Employment,4.92006349563599,0.03986931944787808,PWT
04_CHL,Chile,1996,Employment,5.11442518234253,0.039503898045001984,PWT
04_CHL,Chile,1997,Employment,5.265700340271,0.029578134890064334,PWT
04_CHL,Chile,1998,Employment,5.38584470748901,0.02281640797125717,PWT
04_CHL,Chile,1999,Employment,5.36633777618408,-0.0036218889263193166,PWT
04_CHL,Chile,2000,Employment,5.53660535812378,0.031728823089621994,PWT
04_CHL,Chile,2001,Employment,5.61942672729492,0.014958871693756759,PWT
04_CHL,Chile,2002,Employment,5.73602437973023,0.020749029766500282,PWT
04_CHL,Chile,2003,Employment,5.89563751220703,0.027826438995070424,PWT
04_CHL,Chile,2004,Employment,6.01209306716919,0.019752834993846946,PWT
04_CHL,Chile,2005,Employment,6.23042726516724,0.03631583802159155,PWT
04_CHL,Chile,2006,Employment,6.45059299468994,0.035337179964139986,PWT
04_CHL,Chile,2007,Employment,6.63119840621948,0.027998264915832127,PWT
04_CHL,Chile,2008,Employment,6.72141313552856,0.013604589062584438,PWT
04_CHL,Chile,2009,Employment,6.74742460250855,0.0038699402127948535,PWT
04_CHL,Chile,2010,Employment,6.8891978263855,0.02101145729353404,PWT
04_CHL,Chile,2011,Employment,7.12135457992554,0.03369866265864574,PWT
04_CHL,Chile,2012,Employment,7.37893438339233,0.036170057336126105,PWT
04_CHL,Chile,2013,Employment,7.54585838317871,0.022621694558237815,PWT
04_CHL,Chile,2014,Employment,7.62983417510986,0.011128726205404282,PWT
04_CHL,Chile,2015,Employment,7.76043510437012,0.017117138624887618,PWT
04_CHL,Chile,2016,Employment,7.84431457519531,0.010808604117822584,PWT
04_CHL,Chile,2017,Employment,7.92806816101074,0.010676979487828087,PWT
04_CHL,Chile,2018,Employment,7.99383497238159,0.008295439700465979,PWT
04_CHL,Chile,2019,Employment,8.16564559936523,0.02149289140659527,PWT
04_CHL,Chile,2020,Employment,7.16843414306641,-0.12212279410905869,PWT
04_CHL,Chile,2021,Employment,7.56047296524048,0.05468960366376052,PWT
04_CHL,Chile,2022,Employment,8.07152366638184,0.06759507024109879,PWT
04_CHL,Chile,2023,Employment,8.2648344039917,0.023949720721876178,PWT
04_CHL,Chile,1950,Real GDP (PWT),,,PWT
04_CHL,Chile,1951,Real GDP (PWT),34934.203125,,PWT
04_CHL,Chile,1952,Real GDP (PWT),36610.296875,0.047978588319380844,PWT
04_CHL,Chile,1953,Real GDP (PWT),39937.421875,0.09087948702956261,PWT
04_CHL,Chile,1954,Real GDP (PWT),37714.0703125,-0.055670883550241634,PWT
04_CHL,Chile,1955,Real GDP (PWT),39610.91796875,0.05029549026484448,PWT
04_CHL,Chile,1956,Real GDP (PWT),39855.56640625,0.006176288004559938,PWT
04_CHL,Chile,1957,Real GDP (PWT),42928.05078125,0.07709047071824293,PWT
04_CHL,Chile,1958,Real GDP (PWT),44931.01953125,0.04665873976450974,PWT
04_CHL,Chile,1959,Real GDP (PWT),44229.40625,-0.015615342998438364,PWT
04_CHL,Chile,1960,Real GDP (PWT),48892.7265625,0.10543483867138725,PWT
04_CHL,Chile,1961,Real GDP (PWT),51245.8515625,0.048128324301815795,PWT
04_CHL,Chile,1962,Real GDP (PWT),53598.98046875,0.04591842723854622,PWT
04_CHL,Chile,1963,Real GDP (PWT),56997.94140625,0.06341465654335932,PWT
04_CHL,Chile,1964,Real GDP (PWT),58305.23046875,0.022935724172604033,PWT
04_CHL,Chile,1965,Real GDP (PWT),58828.14453125,0.008968561796188546,PWT
04_CHL,Chile,1966,Real GDP (PWT),65364.609375,0.11111118489004479,PWT
04_CHL,Chile,1967,Real GDP (PWT),67456.265625,0.03199982788851474,PWT
04_CHL,Chile,1968,Real GDP (PWT),69809.3984375,0.0348838286658415,PWT
04_CHL,Chile,1969,Real GDP (PWT),72423.984375,0.0374532082501875,PWT
04_CHL,Chile,1970,Real GDP (PWT),73992.734375,0.02166064203092244,PWT
04_CHL,Chile,1971,Real GDP (PWT),80618.953125,0.08955228923447933,PWT
04_CHL,Chile,1972,Real GDP (PWT),79640.9140625,-0.012131626926283001,PWT
04_CHL,Chile,1973,Real GDP (PWT),75208.8828125,-0.0556501805908689,PWT
04_CHL,Chile,1974,Real GDP (PWT),75941.7578125,0.009744527143517034,PWT
04_CHL,Chile,1975,Real GDP (PWT),66137.5546875,-0.1291016090147209,PWT
04_CHL,Chile,1976,Real GDP (PWT),68464.2578125,0.0351797573404955,PWT
04_CHL,Chile,1977,Real GDP (PWT),75214.109375,0.09858942137349258,PWT
04_CHL,Chile,1978,Real GDP (PWT),81394.6953125,0.0821732250618703,PWT
04_CHL,Chile,1979,Real GDP (PWT),88135.3984375,0.08281501760182652,PWT
04_CHL,Chile,1980,Real GDP (PWT),95137.734375,0.07944975641615337,PWT
04_CHL,Chile,1981,Real GDP (PWT),101048.0703125,0.0621239929280164,PWT
04_CHL,Chile,1982,Real GDP (PWT),87317.578125,-0.13588079559596988,PWT
04_CHL,Chile,1983,Real GDP (PWT),84870.8984375,-0.028020471250329915,PWT
04_CHL,Chile,1984,Real GDP (PWT),89865.9296875,0.05885446415626672,PWT
04_CHL,Chile,1985,Real GDP (PWT),91634.8671875,0.019684184052302323,PWT
04_CHL,Chile,1986,Real GDP (PWT),96762.9609375,0.05596225440592484,PWT
04_CHL,Chile,1987,Real GDP (PWT),103143.7734375,0.06594271649171035,PWT
04_CHL,Chile,1988,Real GDP (PWT),110684.921875,0.07311297799347583,PWT
04_CHL,Chile,1989,Real GDP (PWT),122373.5,0.1056022620515582,PWT
04_CHL,Chile,1990,Real GDP (PWT),126898.3515625,0.036975746893731065,PWT
04_CHL,Chile,1991,Real GDP (PWT),137012.03125,0.0796990627771772,PWT
04_CHL,Chile,1992,Real GDP (PWT),153834.390625,0.1227801618699087,PWT
04_CHL,Chile,1993,Real GDP (PWT),164581.671875,0.06986266989023604,PWT
04_CHL,Chile,1994,Real GDP (PWT),173976.203125,0.057081272434364116,PWT
04_CHL,Chile,1995,Real GDP (PWT),192465.65625,0.10627575951703894,PWT
04_CHL,Chile,1996,Real GDP (PWT),206734.09375,0.07413497960106841,PWT
04_CHL,Chile,1997,Real GDP (PWT),222015.34375,0.07391741595597368,PWT
04_CHL,Chile,1998,Real GDP (PWT),231297.5625,0.04180890650716562,PWT
04_CHL,Chile,1999,Real GDP (PWT),230664.65625,-0.0027363290955563224,PWT
04_CHL,Chile,2000,Real GDP (PWT),242132.4375,0.04971624797849805,PWT
04_CHL,Chile,2001,Real GDP (PWT),249769.375,0.03154033213744856,PWT
04_CHL,Chile,2002,Real GDP (PWT),257768.96875,0.03202792075689831,PWT
04_CHL,Chile,2003,Real GDP (PWT),269944.03125,0.0472324599777878,PWT
04_CHL,Chile,2004,Real GDP (PWT),287960.8125,0.06674265464056273,PWT
04_CHL,Chile,2005,Real GDP (PWT),304769.1875,0.05837035551495395,PWT
04_CHL,Chile,2006,Real GDP (PWT),323207.71875,0.060499984927117945,PWT
04_CHL,Chile,2007,Real GDP (PWT),339911.84375,0.05168232078306456,PWT
04_CHL,Chile,2008,Real GDP (PWT),352792.40625,0.03789383258287837,PWT
04_CHL,Chile,2009,Real GDP (PWT),348848.09375,-0.011180264739612755,PWT
04_CHL,Chile,2010,Real GDP (PWT),369261.40625,0.05851633666838696,PWT
04_CHL,Chile,2011,Real GDP (PWT),392243.90625,0.06223910652726117,PWT
04_CHL,Chile,2012,Real GDP (PWT),416387.84375,0.06155337817947304,PWT
04_CHL,Chile,2013,Real GDP (PWT),430164.0625,0.0330850646981693,PWT
04_CHL,Chile,2014,Real GDP (PWT),437875.40625,0.017926517862007607,PWT
04_CHL,Chile,2015,Real GDP (PWT),447298.21875,0.021519391967449675,PWT
04_CHL,Chile,2016,Real GDP (PWT),455139.5,0.0175303207598565,PWT
04_CHL,Chile,2017,Real GDP (PWT),461318.9375,0.013577018694268528,PWT
04_CHL,Chile,2018,Real GDP (PWT),479725.6875,0.039900269648045716,PWT
04_CHL,Chile,2019,Real GDP (PWT),482768.9375,0.0063437295089603385,PWT
04_CHL,Chile,2020,Real GDP (PWT),453110.15625,-0.06143473398182331,PWT
04_CHL,Chile,2021,Real GDP (PWT),504465.4375,0.11333950594933273,PWT
04_CHL,Chile,2022,Real GDP (PWT),514851.0625,0.020587386623488912,PWT
04_CHL,Chile,2023,Real GDP (PWT),515977.5,0.002187890017222305,PWT
04_CHL,Chile,1950,TFP,,,PWT
04_CHL,Chile,1951,TFP,,,PWT
04_CHL,Chile,1952,TFP,,,PWT
04_CHL,Chile,1953,TFP,,,PWT
04_CHL,Chile,1954,TFP,,,PWT
04_CHL,Chile,1955,TFP,0.939993560314179,,PWT
04_CHL,Chile,1956,TFP,0.928662061691284,-0.012054868353680748,PWT
04_CHL,Chile,1957,TFP,0.973747432231903,0.04854873737224641,PWT
04_CHL,Chile,1958,TFP,0.998965740203857,0.02589820228244588,PWT
04_CHL,Chile,1959,TFP,0.975000441074371,-0.02399011113693994,PWT
04_CHL,Chile,1960,TFP,1.0480580329895,0.07493082960519026,PWT
04_CHL,Chile,1961,TFP,1.0634183883667,0.01465601607325695,PWT
04_CHL,Chile,1962,TFP,1.0851948261261,0.0204777705535506,PWT
04_CHL,Chile,1963,TFP,1.11852037906647,0.03070928107843507,PWT
04_CHL,Chile,1964,TFP,1.10037362575531,-0.01622389153633963,PWT
04_CHL,Chile,1965,TFP,1.06670427322388,-0.030598109354283087,PWT
04_CHL,Chile,1966,TFP,1.11631453037262,0.046507976384873695,PWT
04_CHL,Chile,1967,TFP,1.13653671741486,0.018115133765651104,PWT
04_CHL,Chile,1968,TFP,1.10142004489899,-0.030897965703867047,PWT
04_CHL,Chile,1969,TFP,1.083136677742,-0.01659981334248073,PWT
04_CHL,Chile,1970,TFP,1.08381462097168,0.0006259073703360762,PWT
04_CHL,Chile,1971,TFP,1.09303152561188,0.008504133882173415,PWT
04_CHL,Chile,1972,TFP,1.02760684490204,-0.05985616990618403,PWT
04_CHL,Chile,1973,TFP,0.946329534053803,-0.07909378110067466,PWT
04_CHL,Chile,1974,TFP,0.947197079658508,0.0009167478911797922,PWT
04_CHL,Chile,1975,TFP,0.808814227581024,-0.1460972114983452,PWT
04_CHL,Chile,1976,TFP,0.81123274564743,0.002990202179849355,PWT
04_CHL,Chile,1977,TFP,0.856418251991272,0.05569980574166822,PWT
04_CHL,Chile,1978,TFP,0.893993318080902,0.0438746675497208,PWT
04_CHL,Chile,1979,TFP,0.927039980888367,0.036965223496753685,PWT
04_CHL,Chile,1980,TFP,0.941825687885284,0.01594937359955928,PWT
04_CHL,Chile,1981,TFP,0.945495963096619,0.0038969793015266596,PWT
04_CHL,Chile,1982,TFP,0.836577415466309,-0.11519726353308579,PWT
04_CHL,Chile,1983,TFP,0.78148877620697,-0.06585001966450721,PWT
04_CHL,Chile,1984,TFP,0.79983389377594,0.023474575870442882,PWT
04_CHL,Chile,1985,TFP,0.787246882915497,-0.015737031099070986,PWT
04_CHL,Chile,1986,TFP,0.80251145362854,0.01938981410318452,PWT
04_CHL,Chile,1987,TFP,0.832439780235291,0.03729333266388979,PWT
04_CHL,Chile,1988,TFP,0.863067448139191,0.036792652911473045,PWT
04_CHL,Chile,1989,TFP,0.906276643276215,0.05006467945255588,PWT
04_CHL,Chile,1990,TFP,0.897164762020111,-0.010054194073858436,PWT
04_CHL,Chile,1991,TFP,0.932247579097748,0.039104096106764574,PWT
04_CHL,Chile,1992,TFP,0.990341663360596,0.06231615459819473,PWT
04_CHL,Chile,1993,TFP,1.01717042922974,0.02709041420927827,PWT
04_CHL,Chile,1994,TFP,1.03475403785706,0.017286787073268917,PWT
04_CHL,Chile,1995,TFP,1.07660448551178,0.0404448266192714,PWT
04_CHL,Chile,1996,TFP,1.09122240543365,0.013577799571326432,PWT
04_CHL,Chile,1997,TFP,1.11760067939758,0.02417314182020247,PWT
04_CHL,Chile,1998,TFP,1.09577584266663,-0.019528295869249312,PWT
04_CHL,Chile,1999,TFP,1.06977987289429,-0.023723802588198506,PWT
04_CHL,Chile,2000,TFP,1.07545137405396,0.005301559043474624,PWT
04_CHL,Chile,2001,TFP,1.07395660877228,-0.001389895738424074,PWT
04_CHL,Chile,2002,TFP,1.0639420747757,-0.009324896289830908,PWT
04_CHL,Chile,2003,TFP,1.06942570209503,0.0051540656670485685,PWT
04_CHL,Chile,2004,TFP,1.09067583084106,0.019870598494500902,PWT
04_CHL,Chile,2005,TFP,1.10056138038635,0.009063691764093607,PWT
04_CHL,Chile,2006,TFP,1.09664452075958,-0.003558965175931461,PWT
04_CHL,Chile,2007,TFP,1.09316873550415,-0.003169473051324423,PWT
04_CHL,Chile,2008,TFP,1.07661354541779,-0.015144222066252988,PWT
04_CHL,Chile,2009,TFP,1.02858829498291,-0.04460769664219999,PWT
04_CHL,Chile,2010,TFP,1.03552210330963,0.0067410920001138575,PWT
04_CHL,Chile,2011,TFP,1.03923416137695,0.003584721229470622,PWT
04_CHL,Chile,2012,TFP,1.04053974151611,0.0012562906298518861,PWT
04_CHL,Chile,2013,TFP,1.02323889732361,-0.016626798095469075,PWT
04_CHL,Chile,2014,TFP,1.0088175535202,-0.014093818990981055,PWT
04_CHL,Chile,2015,TFP,0.992441356182098,-0.016233061449970165,PWT
04_CHL,Chile,2016,TFP,0.982088506221771,-0.01043169946096778,PWT
04_CHL,Chile,2017,TFP,0.971944212913513,-0.010329306619506817,PWT
04_CHL,Chile,2018,TFP,0.984026730060577,0.012431286679351006,PWT
04_CHL,Chile,2019,TFP,0.962496101856232,-0.021880125352915503,PWT
04_CHL,Chile,2020,TFP,0.963732302188873,0.001284369183684797,PWT
04_CHL,Chile,2021,TFP,1.0,0.03763254352765211,PWT
04_CHL,Chile,2022,TFP,0.955251455307007,-0.04474854469299305,PWT
04_CHL,Chile,2023,TFP,0.928955614566803,-0.02752766362627812,PWT
04_CHL,Chile,1950,delta,,,PWT
04_CHL,Chile,1951,delta,0.0296893548220396,,PWT
04_CHL,Chile,1952,delta,0.028221620246768,-0.04943639173263681,PWT
04_CHL,Chile,1953,delta,0.0269952639937401,-0.043454494898050644,PWT
04_CHL,Chile,1954,delta,0.0259869005531073,-0.037353346159779255,PWT
04_CHL,Chile,1955,delta,0.0251350495964289,-0.03278001372027972,PWT
04_CHL,Chile,1956,delta,0.0244584064930677,-0.026920301102462685,PWT
04_CHL,Chile,1957,delta,0.0239298734813929,-0.021609462244590816,PWT
04_CHL,Chile,1958,delta,0.0235021021217108,-0.01787603933697013,PWT
04_CHL,Chile,1959,delta,0.023182213306427,-0.013611072474589259,PWT
04_CHL,Chile,1960,delta,0.022930758073926,-0.010846903579792566,PWT
04_CHL,Chile,1961,delta,0.0227046012878418,-0.009862595268551377,PWT
04_CHL,Chile,1962,delta,0.0224617049098015,-0.010698112464558873,PWT
04_CHL,Chile,1963,delta,0.0222065821290016,-0.011358121826654966,PWT
04_CHL,Chile,1964,delta,0.0220015738159418,-0.009231871517592083,PWT
04_CHL,Chile,1965,delta,0.0218472965061665,-0.007012103364329114,PWT
04_CHL,Chile,1966,delta,0.0217547994107008,-0.004233800527199794,PWT
04_CHL,Chile,1967,delta,0.0216952860355377,-0.002735643479839678,PWT
04_CHL,Chile,1968,delta,0.0216372814029455,-0.002673605339758356,PWT
04_CHL,Chile,1969,delta,0.0215896684676409,-0.0022005045096894493,PWT
04_CHL,Chile,1970,delta,0.0215446148067713,-0.002086815781220941,PWT
04_CHL,Chile,1971,delta,0.0214938446879387,-0.0023565108630599907,PWT
04_CHL,Chile,1972,delta,0.0214206445962191,-0.0034056304389635805,PWT
04_CHL,Chile,1973,delta,0.0214790180325508,0.0027251017619704943,PWT
04_CHL,Chile,1974,delta,0.0218121651560068,0.015510351681400136,PWT
04_CHL,Chile,1975,delta,0.0222722347825766,0.021092341052768138,PWT
04_CHL,Chile,1976,delta,0.022662403061986,0.017518146841493776,PWT
04_CHL,Chile,1977,delta,0.0230547282844782,0.017311722036675192,PWT
04_CHL,Chile,1978,delta,0.0235423743724823,0.021151673617095357,PWT
04_CHL,Chile,1979,delta,0.0240725800395012,0.02252133360170494,PWT
04_CHL,Chile,1980,delta,0.0246607419103384,0.024432855550675203,PWT
04_CHL,Chile,1981,delta,0.0252644494175911,0.024480508714930904,PWT
04_CHL,Chile,1982,delta,0.0253625139594078,0.003881523012665422,PWT
04_CHL,Chile,1983,delta,0.0249686948955059,-0.0155276036331492,PWT
04_CHL,Chile,1984,delta,0.0246774591505528,-0.011664035552195418,PWT
04_CHL,Chile,1985,delta,0.0245074387639761,-0.006889703901014954,PWT
04_CHL,Chile,1986,delta,0.0242958255112171,-0.008634653943114357,PWT
04_CHL,Chile,1987,delta,0.0241547785699368,-0.0058053981831232004,PWT
04_CHL,Chile,1988,delta,0.0241734180599451,0.0007716688420194018,PWT
04_CHL,Chile,1989,delta,0.0243827160447836,0.008658187448687737,PWT
04_CHL,Chile,1990,delta,0.0247037280350924,0.013165555048059385,PWT
04_CHL,Chile,1991,delta,0.0250235293060541,0.01294546598421964,PWT
04_CHL,Chile,1992,delta,0.0254274029284716,0.01613975460766781,PWT
04_CHL,Chile,1993,delta,0.0258461348712444,0.016467743243409938,PWT
04_CHL,Chile,1994,delta,0.0262994877994061,0.017540453550216828,PWT
04_CHL,Chile,1995,delta,0.0269874390214682,0.026158350584973622,PWT
04_CHL,Chile,1996,delta,0.0277805645018816,0.029388690041410648,PWT
04_CHL,Chile,1997,delta,0.0284842997789383,0.025331928622581934,PWT
04_CHL,Chile,1998,delta,0.0289549510926008,0.01652318355427873,PWT
04_CHL,Chile,1999,delta,0.0291774719953537,0.007685072651003821,PWT
04_CHL,Chile,2000,delta,0.0294331591576338,0.008763170514594742,PWT
04_CHL,Chile,2001,delta,0.029765073210001,0.011276874853616059,PWT
04_CHL,Chile,2002,delta,0.0300762113183737,0.010453127602862988,PWT
04_CHL,Chile,2003,delta,0.0304466094821692,0.012315319900988442,PWT
04_CHL,Chile,2004,delta,0.0310621839016676,0.02021815991888709,PWT
04_CHL,Chile,2005,delta,0.0321212820708752,0.03409606267738141,PWT
04_CHL,Chile,2006,delta,0.0332786254584789,0.03603042322688221,PWT
04_CHL,Chile,2007,delta,0.0344804413616657,0.036113748288260306,PWT
04_CHL,Chile,2008,delta,0.0357838310301304,0.03780084062130862,PWT
04_CHL,Chile,2009,delta,0.0366763025522232,0.02494063649421241,PWT
04_CHL,Chile,2010,delta,0.0376171432435513,0.025652550171556765,PWT
04_CHL,Chile,2011,delta,0.0392434224486351,0.04323239525538902,PWT
04_CHL,Chile,2012,delta,0.0410503335297108,0.046043667150609036,PWT
04_CHL,Chile,2013,delta,0.0422637388110161,0.029558962789597798,PWT
04_CHL,Chile,2014,delta,0.0427651293575764,0.011863374151593442,PWT
04_CHL,Chile,2015,delta,0.0428218133747578,0.001325472833425767,PWT
04_CHL,Chile,2016,delta,0.0426662340760231,-0.0036331786646477404,PWT
04_CHL,Chile,2017,delta,0.0424395613372326,-0.005312696179996079,PWT
04_CHL,Chile,2018,delta,0.0423488058149815,-0.002138465134687295,PWT
04_CHL,Chile,2019,delta,0.0423667579889298,0.00042391216476622695,PWT
04_CHL,Chile,2020,delta,0.0421399511396885,-0.005353415271958317,PWT
04_CHL,Chile,2021,delta,0.0421045534312725,-0.0008400035467213129,PWT
04_CHL,Chile,2022,delta,0.0425509959459305,0.010603188450549306,PWT
04_CHL,Chile,2023,delta,0.0428671650588512,0.00743035752494392,PWT
04_CHL,Chile,1950,output_to_kstock,,,PWT
04_CHL,Chile,1951,output_to_kstock,0.40839219214145295,,PWT
04_CHL,Chile,1952,output_to_kstock,0.4197779407320005,0.02787944728043157,PWT
04_CHL,Chile,1953,output_to_kstock,0.4407826874155693,0.050037757217402,PWT
04_CHL,Chile,1954,output_to_kstock,0.40881474320784095,-0.07252540791736906,PWT
04_CHL,Chile,1955,output_to_kstock,0.4156834878011487,0.01680160685842913,PWT
04_CHL,Chile,1956,output_to_kstock,0.40440413774614076,-0.02713446741575576,PWT
04_CHL,Chile,1957,output_to_kstock,0.42298125940678444,0.04593702172331682,PWT
04_CHL,Chile,1958,output_to_kstock,0.4303022650990392,0.017308108880573547,PWT
04_CHL,Chile,1959,output_to_kstock,0.41377204431468745,-0.038415370136494875,PWT
04_CHL,Chile,1960,output_to_kstock,0.4395738073315203,0.062357434175059234,PWT
04_CHL,Chile,1961,output_to_kstock,0.43997789736993326,0.0009192768806358664,PWT
04_CHL,Chile,1962,output_to_kstock,0.44282499553506854,0.006471002707532536,PWT
04_CHL,Chile,1963,output_to_kstock,0.4488476944969261,0.01360063009672774,PWT
04_CHL,Chile,1964,output_to_kstock,0.4328139826553572,-0.03572194318507005,PWT
04_CHL,Chile,1965,output_to_kstock,0.41394569386125885,-0.04359445292949993,PWT
04_CHL,Chile,1966,output_to_kstock,0.42432630280717604,0.0250772241379964,PWT
04_CHL,Chile,1967,output_to_kstock,0.41057944641973704,-0.03239689902910847,PWT
04_CHL,Chile,1968,output_to_kstock,0.3976861878020275,-0.03140259145979918,PWT
04_CHL,Chile,1969,output_to_kstock,0.3859947849334676,-0.029398564061722032,PWT
04_CHL,Chile,1970,output_to_kstock,0.3684619304336879,-0.045422516531672286,PWT
04_CHL,Chile,1971,output_to_kstock,0.3778932147479933,0.02559636026225176,PWT
04_CHL,Chile,1972,output_to_kstock,0.35839613915170043,-0.05159414044863164,PWT
04_CHL,Chile,1973,output_to_kstock,0.3269056655620551,-0.08786499113573376,PWT
04_CHL,Chile,1974,output_to_kstock,0.3163899830818966,-0.032167330174833975,PWT
04_CHL,Chile,1975,output_to_kstock,0.2685122342403184,-0.15132510952214684,PWT
04_CHL,Chile,1976,output_to_kstock,0.27335232035949625,0.018025570167674365,PWT
04_CHL,Chile,1977,output_to_kstock,0.2942556937771901,0.07647044440743356,PWT
04_CHL,Chile,1978,output_to_kstock,0.310335711759783,0.05464641236396495,PWT
04_CHL,Chile,1979,output_to_kstock,0.325573336842646,0.04910045639432492,PWT
04_CHL,Chile,1980,output_to_kstock,0.33784515601662857,0.03769294897731057,PWT
04_CHL,Chile,1981,output_to_kstock,0.3430581230237391,0.015430048098288962,PWT
04_CHL,Chile,1982,output_to_kstock,0.2920908611088375,-0.1485674248598824,PWT
04_CHL,Chile,1983,output_to_kstock,0.28170603757575885,-0.03555340106724214,PWT
04_CHL,Chile,1984,output_to_kstock,0.2938832642443786,0.04322671524334987,PWT
04_CHL,Chile,1985,output_to_kstock,0.2939633084674371,0.00027236740841418694,PWT
04_CHL,Chile,1986,output_to_kstock,0.30643460620262886,0.04242467469906441,PWT
04_CHL,Chile,1987,output_to_kstock,0.3194494033432522,0.04247169502786963,PWT
04_CHL,Chile,1988,output_to_kstock,0.33316340851225057,0.04293013236359844,PWT
04_CHL,Chile,1989,output_to_kstock,0.35265884251554386,0.05851613203968187,PWT
04_CHL,Chile,1990,output_to_kstock,0.35122063036307544,-0.004078196770027187,PWT
04_CHL,Chile,1991,output_to_kstock,0.3662634947558079,0.04283024142739511,PWT
04_CHL,Chile,1992,output_to_kstock,0.3930063212162717,0.07301526590383678,PWT
04_CHL,Chile,1993,output_to_kstock,0.39802927418981837,0.012780845249515727,PWT
04_CHL,Chile,1994,output_to_kstock,0.3990005346535789,0.00244017344135683,PWT
04_CHL,Chile,1995,output_to_kstock,0.4139297844438936,0.037416616003476344,PWT
04_CHL,Chile,1996,output_to_kstock,0.4168593382163903,0.007077417191499125,PWT
04_CHL,Chile,1997,output_to_kstock,0.41781405665999805,0.0022902652191807427,PWT
04_CHL,Chile,1998,output_to_kstock,0.40727191849897676,-0.02523165028313079,PWT
04_CHL,Chile,1999,output_to_kstock,0.3878601211197667,-0.0476629900012584,PWT
04_CHL,Chile,2000,output_to_kstock,0.38746079755265117,-0.0010295556190790256,PWT
04_CHL,Chile,2001,output_to_kstock,0.38111658497201073,-0.01637381799839588,PWT
04_CHL,Chile,2002,output_to_kstock,0.37535414387237587,-0.015119890676124847,PWT
04_CHL,Chile,2003,output_to_kstock,0.3742745302682328,-0.0028762533244074406,PWT
04_CHL,Chile,2004,output_to_kstock,0.3783479170664783,0.01088341970618778,PWT
04_CHL,Chile,2005,output_to_kstock,0.37458821703854267,-0.009937150063059619,PWT
04_CHL,Chile,2006,output_to_kstock,0.3725841812137242,-0.005349970270453697,PWT
04_CHL,Chile,2007,output_to_kstock,0.367194188347095,-0.014466510223463791,PWT
04_CHL,Chile,2008,output_to_kstock,0.35324650463170404,-0.0379844892920983,PWT
04_CHL,Chile,2009,output_to_kstock,0.33060294378961086,-0.06410130191012486,PWT
04_CHL,Chile,2010,output_to_kstock,0.3303015535433699,-0.0009116381202969315,PWT
04_CHL,Chile,2011,output_to_kstock,0.32921838061698244,-0.0032793455397575055,PWT
04_CHL,Chile,2012,output_to_kstock,0.32656835964900327,-0.00804943200015995,PWT
04_CHL,Chile,2013,output_to_kstock,0.3171984381354223,-0.028692067791416753,PWT
04_CHL,Chile,2014,output_to_kstock,0.3066084922158452,-0.033385870314581845,PWT
04_CHL,Chile,2015,output_to_kstock,0.2985754405369507,-0.02619970380089609,PWT
04_CHL,Chile,2016,output_to_kstock,0.29133855117577484,-0.02423805972842641,PWT
04_CHL,Chile,2017,output_to_kstock,0.2848836975928995,-0.02215585118009633,PWT
04_CHL,Chile,2018,output_to_kstock,0.2851088523950543,0.0007903393702666239,PWT
04_CHL,Chile,2019,output_to_kstock,0.2758617968041143,-0.03243342152746276,PWT
04_CHL,Chile,2020,output_to_kstock,0.25172573190699354,-0.087493321571669,PWT
04_CHL,Chile,2021,output_to_kstock,0.2700338207746514,0.07273030344955833,PWT
04_CHL,Chile,2022,output_to_kstock,0.26546952327474815,-0.01690268828848751,PWT
04_CHL,Chile,2023,output_to_kstock,0.25733768565529214,-0.030631906514707374,PWT
05_PRC,China,1950,Average hours,,,PWT
05_PRC,China,1951,Average hours,,,PWT
05_PRC,China,1952,Average hours,2129.04,,PWT
05_PRC,China,1953,Average hours,2121.35,-0.003611956562582175,PWT
05_PRC,China,1954,Average hours,2110.33,-0.0051948051948051965,PWT
05_PRC,China,1955,Average hours,2197.75,0.04142480086052891,PWT
05_PRC,China,1956,Average hours,2253.32,0.025284950517574956,PWT
05_PRC,China,1957,Average hours,2262.89,0.0042470665506895156,PWT
05_PRC,China,1958,Average hours,2356.06,0.04117301327064071,PWT
05_PRC,China,1959,Average hours,2453.15,0.04120862796363434,PWT
05_PRC,China,1960,Average hours,2176.6,-0.11273260909442973,PWT
05_PRC,China,1961,Average hours,2164.38,-0.005614260773683655,PWT
05_PRC,China,1962,Average hours,2163.27,-0.0005128489451945439,PWT
05_PRC,China,1963,Average hours,2247.64,0.03900114178997538,PWT
05_PRC,China,1964,Average hours,2248.63,0.0004404619956934752,PWT
05_PRC,China,1965,Average hours,2249.11,0.00021346330877025643,PWT
05_PRC,China,1966,Average hours,2249.09,-8.892406329619185e-06,PWT
05_PRC,China,1967,Average hours,2249.19,4.44624270259375e-05,PWT
05_PRC,China,1968,Average hours,2249.25,2.6676270123981993e-05,PWT
05_PRC,China,1969,Average hours,2248.77,-0.0002134044681560976,PWT
05_PRC,China,1970,Average hours,2247.39,-0.000613668805613754,PWT
05_PRC,China,1971,Average hours,2244.62,-0.001232540858506992,PWT
05_PRC,China,1972,Average hours,2242.96,-0.0007395461147097215,PWT
05_PRC,China,1973,Average hours,2242.81,-6.687591397080972e-05,PWT
05_PRC,China,1974,Average hours,2242.04,-0.0003433193181767713,PWT
05_PRC,China,1975,Average hours,2240.91,-0.0005040052809048845,PWT
05_PRC,China,1976,Average hours,2239.18,-0.000772007800402541,PWT
05_PRC,China,1977,Average hours,2238.19,-0.00044212613546024127,PWT
05_PRC,China,1978,Average hours,2235.76,-0.0010856987119055583,PWT
05_PRC,China,1979,Average hours,2239.98,0.0018875013418255815,PWT
05_PRC,China,1980,Average hours,2243.18,0.0014285841837873292,PWT
05_PRC,China,1981,Average hours,2245.2,0.0009005073155075038,PWT
05_PRC,China,1982,Average hours,2247.71,0.001117940495279024,PWT
05_PRC,China,1983,Average hours,2249.34,0.0007251825190972561,PWT
05_PRC,China,1984,Average hours,2252.69,0.0014893257577777153,PWT
05_PRC,China,1985,Average hours,2251.3,-0.0006170400720915126,PWT
05_PRC,China,1986,Average hours,2249.28,-0.0008972593612579516,PWT
05_PRC,China,1987,Average hours,2246.5,-0.0012359510598948242,PWT
05_PRC,China,1988,Average hours,2244.57,-0.0008591141776095323,PWT
05_PRC,China,1989,Average hours,2244.56,-4.4551963183092624e-06,PWT
05_PRC,China,1990,Average hours,2246.84,0.001015789286096247,PWT
05_PRC,China,1991,Average hours,2243.52,-0.0014776308059319954,PWT
05_PRC,China,1992,Average hours,2240.88,-0.0011767222935387123,PWT
05_PRC,China,1993,Average hours,2237.37,-0.0015663489343473724,PWT
05_PRC,China,1994,Average hours,2234.29,-0.001376616295024946,PWT
05_PRC,China,1995,Average hours,2232.77,-0.0006803056004368591,PWT
05_PRC,China,1996,Average hours,2252.17,0.008688758806325803,PWT
05_PRC,China,1997,Average hours,2272.02,0.008813721877122926,PWT
05_PRC,China,1998,Average hours,2297.68,0.011293914666244076,PWT
05_PRC,China,1999,Average hours,2317.83,0.008769715539152623,PWT
05_PRC,China,2000,Average hours,2334.04,0.006993610402833639,PWT
05_PRC,China,2001,Average hours,2351.23,0.007364912340833918,PWT
05_PRC,China,2002,Average hours,2368.38,0.007294054601208799,PWT
05_PRC,China,2003,Average hours,2382.44,0.005936547344598475,PWT
05_PRC,China,2004,Average hours,2376.13,-0.002648545188965956,PWT
05_PRC,China,2005,Average hours,2485.6,0.04607071161931375,PWT
05_PRC,China,2006,Average hours,2459.6,-0.010460251046025104,PWT
05_PRC,China,2007,Average hours,2366.0,-0.038054968287526414,PWT
05_PRC,China,2008,Average hours,2319.2,-0.01978021978021982,PWT
05_PRC,China,2009,Average hours,2324.4,0.0022421524663678305,PWT
05_PRC,China,2010,Average hours,2444.0,0.05145413870246074,PWT
05_PRC,China,2011,Average hours,2402.4,-0.017021276595744594,PWT
05_PRC,China,2012,Average hours,2407.6,0.0021645021645020357,PWT
05_PRC,China,2013,Average hours,2425.8,0.007559395248380341,PWT
05_PRC,China,2014,Average hours,2423.2,-0.001071811361200603,PWT
05_PRC,China,2015,Average hours,2405.09,-0.0074735886431164245,PWT
05_PRC,China,2016,Average hours,2397.2,-0.0032805425160805646,PWT
05_PRC,China,2017,Average hours,2383.04,-0.005906891373268719,PWT
05_PRC,China,2018,Average hours,2369.82,-0.005547535920504831,PWT
05_PRC,China,2019,Average hours,2357.2,-0.005325298967854275,PWT
05_PRC,China,2020,Average hours,2254.58,-0.043534702189037766,PWT
05_PRC,China,2021,Average hours,2291.62,0.01642878052675001,PWT
05_PRC,China,2022,Average hours,2339.3,0.02080624187256186,PWT
05_PRC,China,2023,Average hours,2327.79,-0.0049202752960287865,PWT
05_PRC,China,1950,Capital stock,,,PWT
05_PRC,China,1951,Capital stock,,,PWT
05_PRC,China,1952,Capital stock,398372.5625,,PWT
05_PRC,China,1953,Capital stock,428302.59375,0.0751307546437765,PWT
05_PRC,China,1954,Capital stock,462017.84375,0.07871829517726336,PWT
05_PRC,China,1955,Capital stock,491488.34375,0.06378649742356401,PWT
05_PRC,China,1956,Capital stock,526665.4375,0.07157259006714756,PWT
05_PRC,China,1957,Capital stock,564802.3125,0.0724119569741084,PWT
05_PRC,China,1958,Capital stock,633749.5,0.1220731324466735,PWT
05_PRC,China,1959,Capital stock,735937.6875,0.16124381557697487,PWT
05_PRC,China,1960,Capital stock,818756.8125,0.11253551272980578,PWT
05_PRC,China,1961,Capital stock,829186.875,0.012738901638146727,PWT
05_PRC,China,1962,Capital stock,820127.375,-0.010925763869574001,PWT
05_PRC,China,1963,Capital stock,830423.9375,0.012554833326957393,PWT
05_PRC,China,1964,Capital stock,859110.5625,0.03454455453965033,PWT
05_PRC,China,1965,Capital stock,909331.5625,0.05845696955914215,PWT
05_PRC,China,1966,Capital stock,978724.375,0.07631189256119097,PWT
05_PRC,China,1967,Capital stock,1014783.125,0.03684259932731315,PWT
05_PRC,China,1968,Capital stock,1049282.875,0.03399716565054223,PWT
05_PRC,China,1969,Capital stock,1094459.875,0.043055119907489114,PWT
05_PRC,China,1970,Capital stock,1189310.25,0.08666409538312214,PWT
05_PRC,China,1971,Capital stock,1293724.375,0.08779384941818158,PWT
05_PRC,China,1972,Capital stock,1395914.875,0.07898939061111832,PWT
05_PRC,China,1973,Capital stock,1504131.5,0.07752379957982747,PWT
05_PRC,China,1974,Capital stock,1629548.125,0.08338142310030738,PWT
05_PRC,China,1975,Capital stock,1782123.875,0.0936307112746364,PWT
05_PRC,China,1976,Capital stock,1921344.5,0.07812062166553946,PWT
05_PRC,China,1977,Capital stock,2063369.75,0.07391972132014857,PWT
05_PRC,China,1978,Capital stock,2240512.25,0.08585106959138078,PWT
05_PRC,China,1979,Capital stock,2418464.75,0.07942491722596023,PWT
05_PRC,China,1980,Capital stock,2626428.75,0.08599008937384767,PWT
05_PRC,China,1981,Capital stock,2820224.5,0.07378679128455312,PWT
05_PRC,China,1982,Capital stock,3040363.75,0.07805734968971434,PWT
05_PRC,China,1983,Capital stock,3285501.75,0.08062785250613524,PWT
05_PRC,China,1984,Capital stock,3572324.5,0.08729952738573332,PWT
05_PRC,China,1985,Capital stock,3923363.75,0.09826633890622194,PWT
05_PRC,China,1986,Capital stock,4299320.0,0.09582497926683442,PWT
05_PRC,China,1987,Capital stock,4697350.5,0.09257987309621063,PWT
05_PRC,China,1988,Capital stock,5153502.0,0.09710825283316638,PWT
05_PRC,China,1989,Capital stock,5487767.0,0.06486171927361228,PWT
05_PRC,China,1990,Capital stock,5772352.5,0.05185816015876776,PWT
05_PRC,China,1991,Capital stock,6129512.0,0.06187416655514366,PWT
05_PRC,China,1992,Capital stock,6667980.0,0.08784842904296464,PWT
05_PRC,China,1993,Capital stock,7461987.5,0.11907766669966025,PWT
05_PRC,China,1994,Capital stock,8335410.0,0.1170495796193709,PWT
05_PRC,China,1995,Capital stock,9279385.0,0.1132487784044216,PWT
05_PRC,China,1996,Capital stock,10315911.0,0.11170201473481267,PWT
05_PRC,China,1997,Capital stock,11413979.0,0.1064441133701135,PWT
05_PRC,China,1998,Capital stock,12711590.0,0.11368612120278132,PWT
05_PRC,China,1999,Capital stock,14058341.0,0.10594669903607645,PWT
05_PRC,China,2000,Capital stock,15487957.0,0.10169165764296095,PWT
05_PRC,China,2001,Capital stock,17124416.0,0.10566009448502478,PWT
05_PRC,China,2002,Capital stock,19022494.0,0.11084045143495702,PWT
05_PRC,China,2003,Capital stock,21374392.0,0.12363773120391053,PWT
05_PRC,China,2004,Capital stock,24049898.0,0.12517343183375695,PWT
05_PRC,China,2005,Capital stock,27050484.0,0.12476501979343113,PWT
05_PRC,China,2006,Capital stock,30437274.0,0.1252025656916158,PWT
05_PRC,China,2007,Capital stock,34227428.0,0.12452343793994158,PWT
05_PRC,China,2008,Capital stock,38462012.0,0.1237190244034696,PWT
05_PRC,China,2009,Capital stock,43962712.0,0.1430164391816009,PWT
05_PRC,China,2010,Capital stock,50110612.0,0.13984351101906545,PWT
05_PRC,China,2011,Capital stock,56670656.0,0.13091127284575976,PWT
05_PRC,China,2012,Capital stock,63722176.0,0.12442982837537642,PWT
05_PRC,China,2013,Capital stock,71349296.0,0.11969333878365984,PWT
05_PRC,China,2014,Capital stock,79360160.0,0.11227670697689862,PWT
05_PRC,China,2015,Capital stock,87775192.0,0.10603597573391998,PWT
05_PRC,China,2016,Capital stock,96755824.0,0.10231401145781605,PWT
05_PRC,China,2017,Capital stock,106217664.0,0.09779090920666444,PWT
05_PRC,China,2018,Capital stock,116379784.0,0.09567259923923754,PWT
05_PRC,China,2019,Capital stock,126968344.0,0.0909828119289171,PWT
05_PRC,China,2020,Capital stock,137695824.0,0.084489406272795,PWT
05_PRC,China,2021,Capital stock,148589856.0,0.07911664772055826,PWT
05_PRC,China,2022,Capital stock,159623808.0,0.07425777436650849,PWT
05_PRC,China,2023,Capital stock,171095104.0,0.0718645679722163,PWT
05_PRC,China,1950,Employment,,,PWT
05_PRC,China,1951,Employment,,,PWT
05_PRC,China,1952,Employment,238.530426025391,,PWT
05_PRC,China,1953,Employment,244.427505493164,0.024722546159144043,PWT
05_PRC,China,1954,Employment,250.164169311523,0.023469796522222586,PWT
05_PRC,China,1955,Employment,255.780746459961,0.022451565161770937,PWT
05_PRC,China,1956,Employment,263.356689453125,0.029618894690143893,PWT
05_PRC,China,1957,Employment,271.753112792969,0.03188232414858949,PWT
05_PRC,China,1958,Employment,291.992095947266,0.07447562585866607,PWT
05_PRC,China,1959,Employment,303.800628662109,0.04044127522196894,PWT
05_PRC,China,1960,Employment,294.125854492188,-0.03184580036100382,PWT
05_PRC,China,1961,Employment,284.456817626953,-0.032873807989198034,PWT
05_PRC,China,1962,Employment,279.537719726563,-0.017292951321845607,PWT
05_PRC,China,1963,Employment,280.674987792969,0.004068388579252957,PWT
05_PRC,China,1964,Employment,286.261535644531,0.0199039746843519,PWT
05_PRC,China,1965,Employment,291.360473632813,0.01781216598591029,PWT
05_PRC,China,1966,Employment,299.956024169922,0.029501429723585382,PWT
05_PRC,China,1967,Employment,313.570617675781,0.045388631695379766,PWT
05_PRC,China,1968,Employment,327.481292724609,0.04436217637971107,PWT
05_PRC,China,1969,Employment,343.213073730469,0.048038716578199914,PWT
05_PRC,China,1970,Employment,359.084259033203,0.04624295085914465,PWT
05_PRC,China,1971,Employment,373.853088378906,0.041129147196445004,PWT
05_PRC,China,1972,Employment,383.989898681641,0.02711442172830525,PWT
05_PRC,China,1973,Employment,392.371795654297,0.021828430907775642,PWT
05_PRC,China,1974,Employment,403.6015625,0.028620219317692985,PWT
05_PRC,China,1975,Employment,415.203491210938,0.028745995528543178,PWT
05_PRC,China,1976,Employment,426.217315673828,0.02652632912784103,PWT
05_PRC,China,1977,Employment,436.008911132813,0.022973246508075418,PWT
05_PRC,China,1978,Employment,446.707305908203,0.024537101197299016,PWT
05_PRC,China,1979,Employment,459.57373046875,0.028802807543942377,PWT
05_PRC,China,1980,Employment,476.466247558594,0.036756924884749465,PWT
05_PRC,China,1981,Employment,496.539215087891,0.04212883416642965,PWT
05_PRC,China,1982,Employment,522.161193847656,0.05160111826259217,PWT
05_PRC,China,1983,Employment,536.20751953125,0.026900363047070996,PWT
05_PRC,China,1984,Employment,550.419982910156,0.026505527918240457,PWT
05_PRC,China,1985,Employment,564.915832519531,0.026335979905259155,PWT
05_PRC,China,1986,Employment,577.687683105469,0.02260841323737628,PWT
05_PRC,China,1987,Employment,588.969787597656,0.019529764649884873,PWT
05_PRC,China,1988,Employment,605.54052734375,0.02813512695393805,PWT
05_PRC,China,1989,Employment,627.566162109375,0.036373510559635225,PWT
05_PRC,China,1990,Employment,647.399780273438,0.03160402737043411,PWT
05_PRC,China,1991,Employment,662.983947753906,0.02407193816761244,PWT
05_PRC,China,1992,Employment,670.216125488281,0.010908526154934206,PWT
05_PRC,China,1993,Employment,676.427795410156,0.009268159457293867,PWT
05_PRC,China,1994,Employment,682.057006835938,0.008321969416364094,PWT
05_PRC,China,1995,Employment,687.490051269531,0.007965674978982928,PWT
05_PRC,China,1996,Employment,693.967651367188,0.009422100124496735,PWT
05_PRC,China,1997,Employment,701.586730957031,0.01097901260214762,PWT
05_PRC,China,1998,Employment,709.1591796875,0.010793318055116963,PWT
05_PRC,China,1999,Employment,716.567687988281,0.010446890504957729,PWT
05_PRC,China,2000,Employment,723.768676757813,0.010049279210102569,PWT
05_PRC,China,2001,Employment,731.01123046875,0.010006724445966286,PWT
05_PRC,China,2002,Employment,736.9638671875,0.008143016783658696,PWT
05_PRC,China,2003,Employment,741.641784667969,0.00634755337235382,PWT
05_PRC,China,2004,Employment,746.582580566406,0.006661970779665571,PWT
05_PRC,China,2005,Employment,751.312194824219,0.006335018229630673,PWT
05_PRC,China,2006,Employment,755.541564941406,0.005629311152305361,PWT
05_PRC,China,2007,Employment,759.478332519531,0.005210524160150332,PWT
05_PRC,China,2008,Employment,763.157104492188,0.004843814253993051,PWT
05_PRC,China,2009,Employment,766.974548339844,0.005002172980091979,PWT
05_PRC,China,2010,Employment,771.193298339844,0.005500508470759113,PWT
05_PRC,China,2011,Employment,772.32763671875,0.0014708872358564218,PWT
05_PRC,China,2012,Employment,772.423400878906,0.0001239942164479313,PWT
05_PRC,China,2013,Employment,773.677185058594,0.001623182542451973,PWT
05_PRC,China,2014,Employment,773.977111816406,0.0003876639554640793,PWT
05_PRC,China,2015,Employment,774.418212890625,0.0005699148818287814,PWT
05_PRC,China,2016,Employment,772.982360839844,-0.0018541041867048413,PWT
05_PRC,China,2017,Employment,771.330383300781,-0.00213714778338292,PWT
05_PRC,China,2018,Employment,769.240295410156,-0.002709718086925106,PWT
05_PRC,China,2019,Employment,765.730224609375,-0.004563035532231807,PWT
05_PRC,China,2020,Employment,762.124328613281,-0.004709094509013911,PWT
05_PRC,China,2021,Employment,757.859619140625,-0.005595818572562639,PWT
05_PRC,China,2022,Employment,744.443420410156,-0.017702749152517572,PWT
05_PRC,China,2023,Employment,751.184936523438,0.009055780370209598,PWT
05_PRC,China,1950,Real GDP (PWT),,,PWT
05_PRC,China,1951,Real GDP (PWT),,,PWT
05_PRC,China,1952,Real GDP (PWT),187099.921875,,PWT
05_PRC,China,1953,Real GDP (PWT),200522.296875,0.07173907324754203,PWT
05_PRC,China,1954,Real GDP (PWT),208047.984375,0.037530427375322306,PWT
05_PRC,China,1955,Real GDP (PWT),216307.8125,0.03970155322491342,PWT
05_PRC,China,1956,Real GDP (PWT),244697.3125,0.13124583745674934,PWT
05_PRC,China,1957,Real GDP (PWT),256734.890625,0.049193748807519144,PWT
05_PRC,China,1958,Real GDP (PWT),293452.46875,0.14301748404984638,PWT
05_PRC,China,1959,Real GDP (PWT),308740.28125,0.052096384007674246,PWT
05_PRC,China,1960,Real GDP (PWT),302222.4375,-0.02111108963045294,PWT
05_PRC,China,1961,Real GDP (PWT),245150.078125,-0.18884223106366815,PWT
05_PRC,China,1962,Real GDP (PWT),244256.328125,-0.0036457259440246803,PWT
05_PRC,China,1963,Real GDP (PWT),264542.65625,0.0830534393140403,PWT
05_PRC,China,1964,Real GDP (PWT),298682.03125,0.12905054891313017,PWT
05_PRC,China,1965,Real GDP (PWT),335528.9375,0.12336499151219038,PWT
05_PRC,China,1966,Real GDP (PWT),361677.8125,0.07793329301142626,PWT
05_PRC,China,1967,Real GDP (PWT),349710.84375,-0.03308737317139132,PWT
05_PRC,China,1968,Real GDP (PWT),340278.59375,-0.02697156856463645,PWT
05_PRC,China,1969,Real GDP (PWT),374077.0625,0.09932587406550608,PWT
05_PRC,China,1970,Real GDP (PWT),417947.15625,0.11727555134445056,PWT
05_PRC,China,1971,Real GDP (PWT),447203.4375,0.06999995289476257,PWT
05_PRC,China,1972,Real GDP (PWT),464197.125,0.037999903567378146,PWT
05_PRC,China,1973,Real GDP (PWT),500868.75,0.07900011229065673,PWT
05_PRC,China,1974,Real GDP (PWT),512388.71875,0.022999975043362264,PWT
05_PRC,China,1975,Real GDP (PWT),556966.5625,0.08700004921800408,PWT
05_PRC,China,1976,Real GDP (PWT),548055.125,-0.01599995062540227,PWT
05_PRC,China,1977,Real GDP (PWT),589707.25,0.07599988231110877,PWT
05_PRC,China,1978,Real GDP (PWT),658703.0,0.11700000296757418,PWT
05_PRC,China,1979,Real GDP (PWT),708715.3125,0.07592543604629087,PWT
05_PRC,China,1980,Real GDP (PWT),764227.5,0.07832790758277852,PWT
05_PRC,China,1981,Real GDP (PWT),803291.75,0.05111599621840357,PWT
05_PRC,China,1982,Real GDP (PWT),875739.75,0.09018890085700493,PWT
05_PRC,China,1983,Real GDP (PWT),970043.8125,0.10768503142628849,PWT
05_PRC,China,1984,Real GDP (PWT),1117421.875,0.15192928463733701,PWT
05_PRC,China,1985,Real GDP (PWT),1267498.75,0.1343063692931552,PWT
05_PRC,China,1986,Real GDP (PWT),1380926.875,0.08948973322458897,PWT
05_PRC,China,1987,Real GDP (PWT),1541915.0,0.11657976096670586,PWT
05_PRC,China,1988,Real GDP (PWT),1714947.375,0.11221913983585341,PWT
05_PRC,China,1989,Real GDP (PWT),1787095.625,0.042070241368193484,PWT
05_PRC,China,1990,Real GDP (PWT),1857144.75,0.039197189014437805,PWT
05_PRC,China,1991,Real GDP (PWT),2029162.375,0.09262478059397372,PWT
05_PRC,China,1992,Real GDP (PWT),2317807.25,0.14224828853334115,PWT
05_PRC,China,1993,Real GDP (PWT),2639603.75,0.1388366094721638,PWT
05_PRC,China,1994,Real GDP (PWT),2983718.25,0.13036596875572704,PWT
05_PRC,China,1995,Real GDP (PWT),3310553.0,0.10953941445376092,PWT
05_PRC,China,1996,Real GDP (PWT),3639051.0,0.09922753086870983,PWT
05_PRC,China,1997,Real GDP (PWT),3975175.0,0.09236583933558506,PWT
05_PRC,China,1998,Real GDP (PWT),4287072.0,0.07846119982139155,PWT
05_PRC,China,1999,Real GDP (PWT),4615530.5,0.07661604470370453,PWT
05_PRC,China,2000,Real GDP (PWT),5007389.5,0.08490009978267943,PWT
05_PRC,China,2001,Real GDP (PWT),5424793.0,0.08335750594196845,PWT
05_PRC,China,2002,Real GDP (PWT),5920274.0,0.09133638831933322,PWT
05_PRC,China,2003,Real GDP (PWT),6514553.5,0.10038040469072884,PWT
05_PRC,China,2004,Real GDP (PWT),7173414.0,0.10113670875525083,PWT
05_PRC,China,2005,Real GDP (PWT),7990793.5,0.11394567496034669,PWT
05_PRC,China,2006,Real GDP (PWT),9007300.0,0.12720970702096102,PWT
05_PRC,China,2007,Real GDP (PWT),10289115.0,0.14230846091503557,PWT
05_PRC,China,2008,Real GDP (PWT),11282083.0,0.0965066480450456,PWT
05_PRC,China,2009,Real GDP (PWT),12342457.0,0.09398743122169906,PWT
05_PRC,China,2010,Real GDP (PWT),13655183.0,0.10635856377705033,PWT
05_PRC,China,2011,Real GDP (PWT),14959365.0,0.09550820373480162,PWT
05_PRC,China,2012,Real GDP (PWT),16135730.0,0.07863736194684745,PWT
05_PRC,China,2013,Real GDP (PWT),17388854.0,0.07766143831112693,PWT
05_PRC,China,2014,Real GDP (PWT),18680110.0,0.07425768253618092,PWT
05_PRC,China,2015,Real GDP (PWT),19995438.0,0.07041328985750095,PWT
05_PRC,China,2016,Real GDP (PWT),21364878.0,0.0684876220265842,PWT
05_PRC,China,2017,Real GDP (PWT),22849138.0,0.06947196234867348,PWT
05_PRC,China,2018,Real GDP (PWT),24391402.0,0.06749768853424576,PWT
05_PRC,China,2019,Real GDP (PWT),25842820.0,0.05950531256874858,PWT
05_PRC,China,2020,Real GDP (PWT),26421342.0,0.022386179217283475,PWT
05_PRC,China,2021,Real GDP (PWT),28653542.0,0.08448473207757567,PWT
05_PRC,China,2022,Real GDP (PWT),29499014.0,0.029506718576014057,PWT
05_PRC,China,2023,Real GDP (PWT),31047584.0,0.05249565290555136,PWT
05_PRC,China,1950,TFP,,,PWT
05_PRC,China,1951,TFP,,,PWT
05_PRC,China,1952,TFP,,,PWT
05_PRC,China,1953,TFP,,,PWT
05_PRC,China,1954,TFP,,,PWT
05_PRC,China,1955,TFP,,,PWT
05_PRC,China,1956,TFP,0.294006258249283,,PWT
05_PRC,China,1957,TFP,0.290752083063126,-0.011068387474248431,PWT
05_PRC,China,1958,TFP,0.293322771787643,0.008841514383781224,PWT
05_PRC,China,1959,TFP,0.273499965667725,-0.06758018137872057,PWT
05_PRC,China,1960,TFP,0.277719229459763,0.015426926221862924,PWT
05_PRC,China,1961,TFP,0.227520599961281,-0.18075316425200938,PWT
05_PRC,China,1962,TFP,0.228367298841476,0.003721416347966189,PWT
05_PRC,China,1963,TFP,0.237868174910545,0.041603487527626104,PWT
05_PRC,China,1964,TFP,0.259119361639023,0.08934018490060702,PWT
05_PRC,China,1965,TFP,0.278407365083694,0.07443675116620962,PWT
05_PRC,China,1966,TFP,0.283671081066132,0.018906525626057435,PWT
05_PRC,China,1967,TFP,0.260998874902725,-0.07992427736446439,PWT
05_PRC,China,1968,TFP,0.242160826921463,-0.0721767401805199,PWT
05_PRC,China,1969,TFP,0.252317994832993,0.04194389340611293,PWT
05_PRC,China,1970,TFP,0.26300448179245,0.04235324938488949,PWT
05_PRC,China,1971,TFP,0.262680619955063,-0.0012313928461591406,PWT
05_PRC,China,1972,TFP,0.257278680801392,-0.020564665770147372,PWT
05_PRC,China,1973,TFP,0.262761354446411,0.02131025247774576,PWT
05_PRC,China,1974,TFP,0.252865701913834,-0.03766022805532154,PWT
05_PRC,China,1975,TFP,0.257568806409836,0.01859921871731185,PWT
05_PRC,China,1976,TFP,0.239671394228935,-0.06948594602881819,PWT
05_PRC,China,1977,TFP,0.244488045573235,0.020096897086095744,PWT
05_PRC,China,1978,TFP,0.256675392389298,0.04984843650530291,PWT
05_PRC,China,1979,TFP,0.259236365556717,0.009977478337833023,PWT
05_PRC,China,1980,TFP,0.2618827521801,0.010208392706400726,PWT
05_PRC,China,1981,TFP,0.258877873420715,-0.011474137698532005,PWT
05_PRC,China,1982,TFP,0.263341069221497,0.017240545674325203,PWT
05_PRC,China,1983,TFP,0.275528579950333,0.046280326744572386,PWT
05_PRC,China,1984,TFP,0.298217862844467,0.08234820104042928,PWT
05_PRC,China,1985,TFP,0.316784679889679,0.06225923849134207,PWT
05_PRC,China,1986,TFP,0.32512241601944,0.0263198843222614,PWT
05_PRC,China,1987,TFP,0.343120783567429,0.05535874077323788,PWT
05_PRC,China,1988,TFP,0.358325958251953,0.04431435055153399,PWT
05_PRC,China,1989,TFP,0.354404300451279,-0.010944386557438679,PWT
05_PRC,China,1990,TFP,0.351904600858688,-0.007053242834265894,PWT
05_PRC,China,1991,TFP,0.366076469421387,0.04027190473815345,PWT
05_PRC,China,1992,TFP,0.396037817001343,0.08184450540432797,PWT
05_PRC,China,1993,TFP,0.421518981456757,0.06434023055764793,PWT
05_PRC,China,1994,TFP,0.446154117584229,0.058443717154406105,PWT
05_PRC,China,1995,TFP,0.465725660324097,0.043867224280796036,PWT
05_PRC,China,1996,TFP,0.480325520038605,0.031348626365891086,PWT
05_PRC,China,1997,TFP,0.49288147687912,0.02614051578917942,PWT
05_PRC,China,1998,TFP,0.496619939804077,0.007584912601359184,PWT
05_PRC,China,1999,TFP,0.501859724521637,0.010550894753897921,PWT
05_PRC,China,2000,TFP,0.512455761432648,0.021113543074433805,PWT
05_PRC,China,2001,TFP,0.524456977844238,0.023419029143196157,PWT
05_PRC,China,2002,TFP,0.540571391582489,0.03072590206443393,PWT
05_PRC,China,2003,TFP,0.559177219867706,0.03441881789332135,PWT
05_PRC,China,2004,TFP,0.580050408840179,0.0373283964919231,PWT
05_PRC,China,2005,TFP,0.592121064662933,0.020809666950997396,PWT
05_PRC,China,2006,TFP,0.633922159671783,0.07059552092213672,PWT
05_PRC,China,2007,TFP,0.700974345207214,0.10577353151709934,PWT
05_PRC,China,2008,TFP,0.73548686504364,0.04923506840499825,PWT
05_PRC,China,2009,TFP,0.753161013126373,0.02403054211129141,PWT
05_PRC,China,2010,TFP,0.75952422618866,0.008448675583821563,PWT
05_PRC,China,2011,TFP,0.788435995578766,0.038065631606232,PWT
05_PRC,China,2012,TFP,0.800227165222168,0.014955138666324475,PWT
05_PRC,China,2013,TFP,0.811296701431274,0.01383299229292323,PWT
05_PRC,China,2014,TFP,0.82921838760376,0.022090175075122342,PWT
05_PRC,China,2015,TFP,0.851113080978394,0.026404013347924415,PWT
05_PRC,China,2016,TFP,0.872795343399048,0.025475184091553693,PWT
05_PRC,China,2017,TFP,0.898876547813416,0.029882382635998406,PWT
05_PRC,China,2018,TFP,0.924569427967072,0.028583324613547623,PWT
05_PRC,China,2019,TFP,0.9467533826828,0.023993822469888126,PWT
05_PRC,China,2020,TFP,0.959374368190765,0.013330805824216974,PWT
05_PRC,China,2021,TFP,1.0,0.042345963323836555,PWT
05_PRC,China,2022,TFP,0.995394468307495,-0.004605531692504994,PWT
05_PRC,China,2023,TFP,1.01372635364532,0.018416704052008015,PWT
05_PRC,China,1950,delta,,,PWT
05_PRC,China,1951,delta,,,PWT
05_PRC,China,1952,delta,0.0417744219303131,,PWT
05_PRC,China,1953,delta,0.0441371127963066,0.056558313839384144,PWT
05_PRC,China,1954,delta,0.0466292947530746,0.0564645442095284,PWT
05_PRC,China,1955,delta,0.0485806949436665,0.04184923235329929,PWT
05_PRC,China,1956,delta,0.0501770935952663,0.03286076194362719,PWT
05_PRC,China,1957,delta,0.0517155379056931,0.030660291383874494,PWT
05_PRC,China,1958,delta,0.0538623072206974,0.041511108690759135,PWT
05_PRC,China,1959,delta,0.0569047182798386,0.056484974672085686,PWT
05_PRC,China,1960,delta,0.0591875500977039,0.040116740524732686,PWT
05_PRC,China,1961,delta,0.0592349506914616,0.0008008541269144409,PWT
05_PRC,China,1962,delta,0.0579154118895531,-0.022276355200861242,PWT
05_PRC,China,1963,delta,0.0567305125296116,-0.020459137236235936,PWT
05_PRC,China,1964,delta,0.055972583591938,-0.013360163761573451,PWT
05_PRC,China,1965,delta,0.0556058995425701,-0.006551136750112652,PWT
05_PRC,China,1966,delta,0.0553862638771534,-0.003949862644494373,PWT
05_PRC,China,1967,delta,0.0550731644034386,-0.005653016683148104,PWT
05_PRC,China,1968,delta,0.0545930787920952,-0.008717233094262311,PWT
05_PRC,China,1969,delta,0.0541658326983452,-0.007826012073381405,PWT
05_PRC,China,1970,delta,0.0539230965077877,-0.004481352514403736,PWT
05_PRC,China,1971,delta,0.0536716319620609,-0.0046633921642552645,PWT
05_PRC,China,1972,delta,0.0534064956009388,-0.004939972037919849,PWT
05_PRC,China,1973,delta,0.0532309450209141,-0.0032870642053812738,PWT
05_PRC,China,1974,delta,0.0530846677720547,-0.0027479739238506218,PWT
05_PRC,China,1975,delta,0.0529184490442276,-0.0031312003032748503,PWT
05_PRC,China,1976,delta,0.0525164715945721,-0.007596168385803126,PWT
05_PRC,China,1977,delta,0.052021186798811,-0.009431037172198176,PWT
05_PRC,China,1978,delta,0.0519935600459576,-0.0005310673314748993,PWT
05_PRC,China,1979,delta,0.0523055642843246,0.006000824680810757,PWT
05_PRC,China,1980,delta,0.052294172346592,-0.00021779590543513638,PWT
05_PRC,China,1981,delta,0.0518098957836628,-0.00926062200046951,PWT
05_PRC,China,1982,delta,0.0513186901807785,-0.009480922427162919,PWT
05_PRC,China,1983,delta,0.0511614084243774,-0.0030648045740655494,PWT
05_PRC,China,1984,delta,0.0515205040574074,0.007018877002981316,PWT
05_PRC,China,1985,delta,0.0524646081030369,0.018324821600687713,PWT
05_PRC,China,1986,delta,0.0533456206321716,0.016792511389858378,PWT
05_PRC,China,1987,delta,0.0538971684873104,0.010339140281858006,PWT
05_PRC,China,1988,delta,0.054425623267889,0.00980487093126281,PWT
05_PRC,China,1989,delta,0.0543919876217842,-0.0006180112249563052,PWT
05_PRC,China,1990,delta,0.0538391247391701,-0.01016441771641885,PWT
05_PRC,China,1991,delta,0.0535467527806759,-0.005430473840550509,PWT
05_PRC,China,1992,delta,0.0538966096937656,0.0065336718833854945,PWT
05_PRC,China,1993,delta,0.055012833327055,0.02071046100360774,PWT
05_PRC,China,1994,delta,0.0562056750059128,0.021682971167223508,PWT
05_PRC,China,1995,delta,0.0564521700143814,0.00438558932781552,PWT
05_PRC,China,1996,delta,0.0559346154332161,-0.009168019245911152,PWT
05_PRC,China,1997,delta,0.0554078593850136,-0.009417353531847028,PWT
05_PRC,China,1998,delta,0.0549055337905884,-0.009065962843550435,PWT
05_PRC,China,1999,delta,0.0542464107275009,-0.012004674530647796,PWT
05_PRC,China,2000,delta,0.0535032488405705,-0.013699743023802502,PWT
05_PRC,China,2001,delta,0.0527944341301918,-0.013248068589083783,PWT
05_PRC,China,2002,delta,0.0521986521780491,-0.011284938686405788,PWT
05_PRC,China,2003,delta,0.0521982535719872,-7.636328626658972e-06,PWT
05_PRC,China,2004,delta,0.052845660597086,0.012402848386602772,PWT
05_PRC,China,2005,delta,0.0536323301494122,0.01488617122840119,PWT
05_PRC,China,2006,delta,0.0540632195770741,0.00803413587404278,PWT
05_PRC,China,2007,delta,0.0537730939686298,-0.00536641381541636,PWT
05_PRC,China,2008,delta,0.0534361973404884,-0.006265152388998496,PWT
05_PRC,China,2009,delta,0.0538002103567123,0.006812105545318969,PWT
05_PRC,China,2010,delta,0.0544898919761181,0.01281931083229959,PWT
05_PRC,China,2011,delta,0.0549234077334404,0.007955893131744496,PWT
05_PRC,China,2012,delta,0.0551375187933445,0.0038983571620909707,PWT
05_PRC,China,2013,delta,0.055157445371151,0.000361397796683427,PWT
05_PRC,China,2014,delta,0.0548929870128632,-0.00479460853395719,PWT
05_PRC,China,2015,delta,0.0544183179736137,-0.008647170887936428,PWT
05_PRC,China,2016,delta,0.0537576451897621,-0.012140632207190638,PWT
05_PRC,China,2017,delta,0.0530018955469132,-0.014058458851408662,PWT
05_PRC,China,2018,delta,0.0522684007883072,-0.01383902879391874,PWT
05_PRC,China,2019,delta,0.0515047647058964,-0.014609899497472822,PWT
05_PRC,China,2020,delta,0.0506707541644573,-0.016192881303341178,PWT
05_PRC,China,2021,delta,0.0500542297959328,-0.012167262530245915,PWT
05_PRC,China,2022,delta,0.0496898144483566,-0.007280410647849123,PWT
05_PRC,China,2023,delta,0.0492860600352287,-0.008125496494810314,PWT
05_PRC,China,1950,output_to_kstock,,,PWT
05_PRC,China,1951,output_to_kstock,,,PWT
05_PRC,China,1952,output_to_kstock,0.46966066312611576,,PWT
05_PRC,China,1953,output_to_kstock,0.4681790393080009,-0.0031546687522284733,PWT
05_PRC,China,1954,output_to_kstock,0.45030292052437637,-0.03818222791444614,PWT
05_PRC,China,1955,output_to_kstock,0.4401077161863007,-0.02264076885444888,PWT
05_PRC,China,1956,output_to_kstock,0.464616234666054,0.055687545522102866,PWT
05_PRC,China,1957,output_to_kstock,0.4545570811999818,-0.021650456259459605,PWT
05_PRC,China,1958,output_to_kstock,0.46304173612760247,0.018665763395923962,PWT
05_PRC,China,1959,output_to_kstock,0.41951959587611143,-0.09399183022995894,PWT
05_PRC,China,1960,output_to_kstock,0.3691235698878536,-0.12012794273176286,PWT
05_PRC,China,1961,output_to_kstock,0.2956511801094295,-0.1990455115091847,PWT
05_PRC,China,1962,output_to_kstock,0.2978273077703326,0.007360456535629778,PWT
05_PRC,China,1963,output_to_kstock,0.3185633798640348,0.06962448221736839,PWT
05_PRC,China,1964,output_to_kstock,0.3476642521782521,0.09135033765223644,PWT
05_PRC,China,1965,output_to_kstock,0.3689841542259235,0.06132325056169541,PWT
05_PRC,China,1966,output_to_kstock,0.36954000711385165,0.0015064410803609096,PWT
05_PRC,China,1967,output_to_kstock,0.3446163373577975,-0.06744511900270489,PWT
05_PRC,China,1968,output_to_kstock,0.3242963378678986,-0.05896412121866912,PWT
05_PRC,China,1969,output_to_kstock,0.3417914818485237,0.05394801586612963,PWT
05_PRC,China,1970,output_to_kstock,0.35141978827644005,0.028170118154622337,PWT
05_PRC,China,1971,output_to_kstock,0.3456713393840168,-0.016357783722472985,PWT
05_PRC,China,1972,output_to_kstock,0.3325397080534728,-0.03798877672052425,PWT
05_PRC,China,1973,output_to_kstock,0.3329953198905814,0.0013700975434647322,PWT
05_PRC,China,1974,output_to_kstock,0.3144360764122876,-0.05573424720921649,PWT
05_PRC,China,1975,output_to_kstock,0.31252965650325515,-0.0060629808474418345,PWT
05_PRC,China,1976,output_to_kstock,0.2852456313794845,-0.08730059549880342,PWT
05_PRC,China,1977,output_to_kstock,0.28579814645436186,0.0019369799712807279,PWT
05_PRC,China,1978,output_to_kstock,0.2939966072490789,0.02868619302269071,PWT
05_PRC,China,1979,output_to_kstock,0.29304347417095905,-0.003241986657731455,PWT
05_PRC,China,1980,output_to_kstock,0.29097591168235576,-0.007055480400826486,PWT
05_PRC,China,1981,output_to_kstock,0.2848325549969515,-0.02111293903981537,PWT
05_PRC,China,1982,output_to_kstock,0.28803782113242204,0.011253159371143129,PWT
05_PRC,China,1983,output_to_kstock,0.2952498237141405,0.025038387505378346,PWT
05_PRC,China,1984,output_to_kstock,0.3127996560782762,0.0594406192808683,PWT
05_PRC,China,1985,output_to_kstock,0.3230642965491028,0.03281538285405894,PWT
05_PRC,China,1986,output_to_kstock,0.3211965787612925,-0.005781257191713296,PWT
05_PRC,China,1987,output_to_kstock,0.32825206464793294,0.02196625478966885,PWT
05_PRC,China,1988,output_to_kstock,0.33277320451219383,0.01377337830033154,PWT
05_PRC,China,1989,output_to_kstock,0.3256507838251879,-0.021403227755211085,PWT
05_PRC,China,1990,output_to_kstock,0.32173100135516675,-0.012036766575465485,PWT
05_PRC,China,1991,output_to_kstock,0.3310479488416044,0.028958811700438014,PWT
05_PRC,China,1992,output_to_kstock,0.3476026097858722,0.05000683738472178,PWT
05_PRC,China,1993,output_to_kstock,0.35374003909816254,0.017656453488859247,PWT
05_PRC,China,1994,output_to_kstock,0.35795698711880997,0.011921036791306516,PWT
05_PRC,China,1995,output_to_kstock,0.3567642683216614,-0.0033320170860435816,PWT
05_PRC,China,1996,output_to_kstock,0.3527609922187192,-0.011221067966741605,PWT
05_PRC,China,1997,output_to_kstock,0.34827249988807585,-0.012723890763580825,PWT
05_PRC,China,1998,output_to_kstock,0.3372569442532366,-0.031629128450794464,PWT
05_PRC,China,1999,output_to_kstock,0.3283126010387712,-0.026520857070179038,PWT
05_PRC,China,2000,output_to_kstock,0.3233085874399057,-0.01524161297200577,PWT
05_PRC,China,2001,output_to_kstock,0.31678703670828834,-0.020171288313922564,PWT
05_PRC,China,2002,output_to_kstock,0.31122491088707926,-0.017557933806271686,PWT
05_PRC,China,2003,output_to_kstock,0.3047831021345543,-0.02069824274080112,PWT
05_PRC,China,2004,output_to_kstock,0.2982721174118909,-0.021362682763786944,PWT
05_PRC,China,2005,output_to_kstock,0.29540297689313066,-0.009619204582901664,PWT
05_PRC,China,2006,output_to_kstock,0.2959299180340526,0.0017838044371252249,PWT
05_PRC,China,2007,output_to_kstock,0.3006102299010022,0.015815608972699513,PWT
05_PRC,China,2008,output_to_kstock,0.29333054651431134,-0.02421635281370249,PWT
05_PRC,China,2009,output_to_kstock,0.28074830779320437,-0.04289440315924653,PWT
05_PRC,China,2010,output_to_kstock,0.2725008227798136,-0.029376793321460704,PWT
05_PRC,China,2011,output_to_kstock,0.2639702106148198,-0.03130490424935961,PWT
05_PRC,China,2012,output_to_kstock,0.2532200093104165,-0.040725054843744446,PWT
05_PRC,China,2013,output_to_kstock,0.24371444393789113,-0.037538760852317665,PWT
05_PRC,China,2014,output_to_kstock,0.2353839760403709,-0.034181264610000706,PWT
05_PRC,China,2015,output_to_kstock,0.2278028397818828,-0.03220752910209934,PWT
05_PRC,China,2016,output_to_kstock,0.22081232030022296,-0.0306867091224724,PWT
05_PRC,China,2017,output_to_kstock,0.21511617879301131,-0.025796302939378624,PWT
05_PRC,China,2018,output_to_kstock,0.2095845271546474,-0.025714716900426926,PWT
05_PRC,China,2019,output_to_kstock,0.2035375053800812,-0.028852424635833263,PWT
05_PRC,China,2020,output_to_kstock,0.1918819411691091,-0.05726494578582353,PWT
05_PRC,China,2021,output_to_kstock,0.19283646119153652,0.004974517229769937,PWT
05_PRC,China,2022,output_to_kstock,0.1848033471297715,-0.041657651318264266,PWT
05_PRC,China,2023,output_to_kstock,0.1814638950744026,-0.018070300712810572,PWT
06_HKC,"Hong Kong, China",1950,Average hours,,,PWT
06_HKC,"Hong Kong, China",1951,Average hours,,,PWT
06_HKC,"Hong Kong, China",1952,Average hours,,,PWT
06_HKC,"Hong Kong, China",1953,Average hours,,,PWT
06_HKC,"Hong Kong, China",1954,Average hours,,,PWT
06_HKC,"Hong Kong, China",1955,Average hours,,,PWT
06_HKC,"Hong Kong, China",1956,Average hours,,,PWT
06_HKC,"Hong Kong, China",1957,Average hours,,,PWT
06_HKC,"Hong Kong, China",1958,Average hours,,,PWT
06_HKC,"Hong Kong, China",1959,Average hours,,,PWT
06_HKC,"Hong Kong, China",1960,Average hours,2830.87,,PWT
06_HKC,"Hong Kong, China",1961,Average hours,2809.88,-0.007414681705623982,PWT
06_HKC,"Hong Kong, China",1962,Average hours,2789.06,-0.007409569091918589,PWT
06_HKC,"Hong Kong, China",1963,Average hours,2768.39,-0.007411099079976835,PWT
06_HKC,"Hong Kong, China",1964,Average hours,2747.87,-0.007412250441592438,PWT
06_HKC,"Hong Kong, China",1965,Average hours,2727.5,-0.007413014443914734,PWT
06_HKC,"Hong Kong, China",1966,Average hours,2707.28,-0.007413382218148468,PWT
06_HKC,"Hong Kong, China",1967,Average hours,2687.22,-0.007409651015041097,PWT
06_HKC,"Hong Kong, China",1968,Average hours,2667.3,-0.0074128653403887634,PWT
06_HKC,"Hong Kong, China",1969,Average hours,2647.53,-0.007411989652457485,PWT
06_HKC,"Hong Kong, China",1970,Average hours,2627.91,-0.007410680898800148,PWT
06_HKC,"Hong Kong, China",1971,Average hours,2626.57,-0.0005099109178015038,PWT
06_HKC,"Hong Kong, China",1972,Average hours,2624.87,-0.0006472319412771377,PWT
06_HKC,"Hong Kong, China",1973,Average hours,2623.23,-0.0006247928468837705,PWT
06_HKC,"Hong Kong, China",1974,Average hours,2621.89,-0.0005108206295293405,PWT
06_HKC,"Hong Kong, China",1975,Average hours,2620.96,-0.00035470595639019997,PWT
06_HKC,"Hong Kong, China",1976,Average hours,2617.21,-0.001430773457053891,PWT
06_HKC,"Hong Kong, China",1977,Average hours,2606.24,-0.004191486353789076,PWT
06_HKC,"Hong Kong, China",1978,Average hours,2595.7,-0.004044140217324577,PWT
06_HKC,"Hong Kong, China",1979,Average hours,2586.39,-0.0035867010825596513,PWT
06_HKC,"Hong Kong, China",1980,Average hours,2574.84,-0.004465683829584788,PWT
06_HKC,"Hong Kong, China",1981,Average hours,2563.28,-0.004489599353746265,PWT
06_HKC,"Hong Kong, China",1982,Average hours,2537.81,-0.00993648762523025,PWT
06_HKC,"Hong Kong, China",1983,Average hours,2505.76,-0.01262899901883896,PWT
06_HKC,"Hong Kong, China",1984,Average hours,2475.64,-0.012020305216780658,PWT
06_HKC,"Hong Kong, China",1985,Average hours,2448.87,-0.010813365432777,PWT
06_HKC,"Hong Kong, China",1986,Average hours,2453.2,0.0017681624586032285,PWT
06_HKC,"Hong Kong, China",1987,Average hours,2415.84,-0.015229088537420332,PWT
06_HKC,"Hong Kong, China",1988,Average hours,2465.87,0.020709152924034635,PWT
06_HKC,"Hong Kong, China",1989,Average hours,2405.16,-0.024620113793509035,PWT
06_HKC,"Hong Kong, China",1990,Average hours,2368.25,-0.015346172396015212,PWT
06_HKC,"Hong Kong, China",1991,Average hours,2400.87,0.013773883669376152,PWT
06_HKC,"Hong Kong, China",1992,Average hours,2311.76,-0.03711571222098642,PWT
06_HKC,"Hong Kong, China",1993,Average hours,2378.06,0.028679447693532145,PWT
06_HKC,"Hong Kong, China",1994,Average hours,2382.19,0.0017367097550105015,PWT
06_HKC,"Hong Kong, China",1995,Average hours,2343.65,-0.016178390472632365,PWT
06_HKC,"Hong Kong, China",1996,Average hours,2395.01,0.02191453502016083,PWT
06_HKC,"Hong Kong, China",1997,Average hours,2346.73,-0.020158579713654756,PWT
06_HKC,"Hong Kong, China",1998,Average hours,2348.12,0.0005923135597192264,PWT
06_HKC,"Hong Kong, China",1999,Average hours,2392.58,0.018934296373268822,PWT
06_HKC,"Hong Kong, China",2000,Average hours,2422.45,0.0124844310326091,PWT
06_HKC,"Hong Kong, China",2001,Average hours,2417.97,-0.0018493673760036078,PWT
06_HKC,"Hong Kong, China",2002,Average hours,2435.72,0.007340868579841731,PWT
06_HKC,"Hong Kong, China",2003,Average hours,2422.69,-0.005349547567043755,PWT
06_HKC,"Hong Kong, China",2004,Average hours,2447.09,0.01007144950447647,PWT
06_HKC,"Hong Kong, China",2005,Average hours,2438.79,-0.0033917837104480153,PWT
06_HKC,"Hong Kong, China",2006,Average hours,2407.58,-0.012797329823396097,PWT
06_HKC,"Hong Kong, China",2007,Average hours,2423.22,0.006496149660655037,PWT
06_HKC,"Hong Kong, China",2008,Average hours,2371.21,-0.021463177094939723,PWT
06_HKC,"Hong Kong, China",2009,Average hours,2340.03,-0.013149404734291714,PWT
06_HKC,"Hong Kong, China",2010,Average hours,2391.98,0.02220057007816134,PWT
06_HKC,"Hong Kong, China",2011,Average hours,2365.35,-0.011133036229399984,PWT
06_HKC,"Hong Kong, China",2012,Average hours,2340.0,-0.010717230008243983,PWT
06_HKC,"Hong Kong, China",2013,Average hours,2288.01,-0.022217948717948577,PWT
06_HKC,"Hong Kong, China",2014,Average hours,2287.97,-1.7482441073468635e-05,PWT
06_HKC,"Hong Kong, China",2015,Average hours,2288.0,1.311206003573595e-05,PWT
06_HKC,"Hong Kong, China",2016,Average hours,2236.0,-0.022727272727272707,PWT
06_HKC,"Hong Kong, China",2017,Average hours,2235.07,-0.00041592128801426487,PWT
06_HKC,"Hong Kong, China",2018,Average hours,2233.79,-0.0005726889985548933,PWT
06_HKC,"Hong Kong, China",2019,Average hours,2231.18,-0.00116841780113619,PWT
06_HKC,"Hong Kong, China",2020,Average hours,2168.77,-0.027971745892307998,PWT
06_HKC,"Hong Kong, China",2021,Average hours,2217.66,0.022542731594406007,PWT
06_HKC,"Hong Kong, China",2022,Average hours,2238.71,0.009491987049412565,PWT
06_HKC,"Hong Kong, China",2023,Average hours,2240.49,0.0007951007499853446,PWT
06_HKC,"Hong Kong, China",1950,Capital stock,,,PWT
06_HKC,"Hong Kong, China",1951,Capital stock,,,PWT
06_HKC,"Hong Kong, China",1952,Capital stock,,,PWT
06_HKC,"Hong Kong, China",1953,Capital stock,,,PWT
06_HKC,"Hong Kong, China",1954,Capital stock,,,PWT
06_HKC,"Hong Kong, China",1955,Capital stock,,,PWT
06_HKC,"Hong Kong, China",1956,Capital stock,,,PWT
06_HKC,"Hong Kong, China",1957,Capital stock,,,PWT
06_HKC,"Hong Kong, China",1958,Capital stock,,,PWT
06_HKC,"Hong Kong, China",1959,Capital stock,,,PWT
06_HKC,"Hong Kong, China",1960,Capital stock,88773.7734375,,PWT
06_HKC,"Hong Kong, China",1961,Capital stock,95633.71875,0.07727445896314933,PWT
06_HKC,"Hong Kong, China",1962,Capital stock,105826.8125,0.10658472642527039,PWT
06_HKC,"Hong Kong, China",1963,Capital stock,120490.0390625,0.13855870942441917,PWT
06_HKC,"Hong Kong, China",1964,Capital stock,136692.546875,0.13447176163745378,PWT
06_HKC,"Hong Kong, China",1965,Capital stock,154698.734375,0.13172764654437197,PWT
06_HKC,"Hong Kong, China",1966,Capital stock,168994.15625,0.09240813722720542,PWT
06_HKC,"Hong Kong, China",1967,Capital stock,179174.703125,0.06024200540958047,PWT
06_HKC,"Hong Kong, China",1968,Capital stock,187354.90625,0.045654899839812524,PWT
06_HKC,"Hong Kong, China",1969,Capital stock,195801.09375,0.04508121868305759,PWT
06_HKC,"Hong Kong, China",1970,Capital stock,206031.921875,0.052251128576752404,PWT
06_HKC,"Hong Kong, China",1971,Capital stock,219790.6875,0.06677977616180986,PWT
06_HKC,"Hong Kong, China",1972,Capital stock,234673.90625,0.06771542015400445,PWT
06_HKC,"Hong Kong, China",1973,Capital stock,251401.5,0.07128016070171839,PWT
06_HKC,"Hong Kong, China",1974,Capital stock,266984.5,0.061984514809975355,PWT
06_HKC,"Hong Kong, China",1975,Capital stock,282499.4375,0.05811175367858423,PWT
06_HKC,"Hong Kong, China",1976,Capital stock,301239.40625,0.06633630465193407,PWT
06_HKC,"Hong Kong, China",1977,Capital stock,327349.84375,0.08667669952293955,PWT
06_HKC,"Hong Kong, China",1978,Capital stock,356784.875,0.08991918527530984,PWT
06_HKC,"Hong Kong, China",1979,Capital stock,390481.9375,0.0944464433925345,PWT
06_HKC,"Hong Kong, China",1980,Capital stock,430987.8125,0.10373303118534127,PWT
06_HKC,"Hong Kong, China",1981,Capital stock,474427.9375,0.10079200325415227,PWT
06_HKC,"Hong Kong, China",1982,Capital stock,517492.5625,0.09077168858758444,PWT
06_HKC,"Hong Kong, China",1983,Capital stock,554130.625,0.07079920593061662,PWT
06_HKC,"Hong Kong, China",1984,Capital stock,590968.25,0.06647823335878611,PWT
06_HKC,"Hong Kong, China",1985,Capital stock,626071.625,0.059399764708171654,PWT
06_HKC,"Hong Kong, China",1986,Capital stock,664179.6875,0.06086853481021448,PWT
06_HKC,"Hong Kong, China",1987,Capital stock,709831.8125,0.06873459977651009,PWT
06_HKC,"Hong Kong, China",1988,Capital stock,757999.8125,0.0678583280599303,PWT
06_HKC,"Hong Kong, China",1989,Capital stock,805182.6875,0.06224655233671306,PWT
06_HKC,"Hong Kong, China",1990,Capital stock,855860.0,0.062938899813342,PWT
06_HKC,"Hong Kong, China",1991,Capital stock,911907.125,0.06548632369780094,PWT
06_HKC,"Hong Kong, China",1992,Capital stock,973020.4375,0.06701703586316432,PWT
06_HKC,"Hong Kong, China",1993,Capital stock,1032993.3125,0.06163578141697568,PWT
06_HKC,"Hong Kong, China",1994,Capital stock,1103642.0,0.06839220220024411,PWT
06_HKC,"Hong Kong, China",1995,Capital stock,1178451.5,0.06778420900980575,PWT
06_HKC,"Hong Kong, China",1996,Capital stock,1260569.625,0.06968307562933229,PWT
06_HKC,"Hong Kong, China",1997,Capital stock,1353957.625,0.07408396819017438,PWT
06_HKC,"Hong Kong, China",1998,Capital stock,1430491.75,0.05652623360350728,PWT
06_HKC,"Hong Kong, China",1999,Capital stock,1482464.0,0.03633173697087022,PWT
06_HKC,"Hong Kong, China",2000,Capital stock,1541274.5,0.039670777840136395,PWT
06_HKC,"Hong Kong, China",2001,Capital stock,1599800.0,0.03797214577935337,PWT
06_HKC,"Hong Kong, China",2002,Capital stock,1648773.875,0.030612498437304625,PWT
06_HKC,"Hong Kong, China",2003,Capital stock,1696780.75,0.029116712563146407,PWT
06_HKC,"Hong Kong, China",2004,Capital stock,1746940.375,0.029561641950499595,PWT
06_HKC,"Hong Kong, China",2005,Capital stock,1798888.375,0.029736561558376007,PWT
06_HKC,"Hong Kong, China",2006,Capital stock,1855088.75,0.031241724489992295,PWT
06_HKC,"Hong Kong, China",2007,Capital stock,1908693.125,0.028895854713150593,PWT
06_HKC,"Hong Kong, China",2008,Capital stock,1958640.75,0.02616849421511902,PWT
06_HKC,"Hong Kong, China",2009,Capital stock,2000543.125,0.021393599106931616,PWT
06_HKC,"Hong Kong, China",2010,Capital stock,2050523.5,0.024983402944637856,PWT
06_HKC,"Hong Kong, China",2011,Capital stock,2107923.5,0.027992851581559508,PWT
06_HKC,"Hong Kong, China",2012,Capital stock,2168133.75,0.02856377378021535,PWT
06_HKC,"Hong Kong, China",2013,Capital stock,2217819.5,0.022916367590329667,PWT
06_HKC,"Hong Kong, China",2014,Capital stock,2263822.25,0.020742332728159285,PWT
06_HKC,"Hong Kong, China",2015,Capital stock,2304144.25,0.017811469076249198,PWT
06_HKC,"Hong Kong, China",2016,Capital stock,2343239.0,0.01696714517765119,PWT
06_HKC,"Hong Kong, China",2017,Capital stock,2385236.0,0.017922627610755804,PWT
06_HKC,"Hong Kong, China",2018,Capital stock,2428556.5,0.0181619345004016,PWT
06_HKC,"Hong Kong, China",2019,Capital stock,2453306.25,0.010191136174925397,PWT
06_HKC,"Hong Kong, China",2020,Capital stock,2466079.5,0.005206545248886085,PWT
06_HKC,"Hong Kong, China",2021,Capital stock,2487502.0,0.008686865123366916,PWT
06_HKC,"Hong Kong, China",2022,Capital stock,2501630.5,0.0056797944283060176,PWT
06_HKC,"Hong Kong, China",2023,Capital stock,2526558.0,0.00996450115234837,PWT
06_HKC,"Hong Kong, China",1950,Employment,,,PWT
06_HKC,"Hong Kong, China",1951,Employment,,,PWT
06_HKC,"Hong Kong, China",1952,Employment,,,PWT
06_HKC,"Hong Kong, China",1953,Employment,,,PWT
06_HKC,"Hong Kong, China",1954,Employment,,,PWT
06_HKC,"Hong Kong, China",1955,Employment,,,PWT
06_HKC,"Hong Kong, China",1956,Employment,,,PWT
06_HKC,"Hong Kong, China",1957,Employment,,,PWT
06_HKC,"Hong Kong, China",1958,Employment,,,PWT
06_HKC,"Hong Kong, China",1959,Employment,,,PWT
06_HKC,"Hong Kong, China",1960,Employment,1.058758020401,,PWT
06_HKC,"Hong Kong, China",1961,Employment,1.10112607479095,0.04001674941163902,PWT
06_HKC,"Hong Kong, China",1962,Employment,1.14094364643097,0.03616077445771082,PWT
06_HKC,"Hong Kong, China",1963,Employment,1.17890012264252,0.03326761696800995,PWT
06_HKC,"Hong Kong, China",1964,Employment,1.21622371673584,0.03165967445118145,PWT
06_HKC,"Hong Kong, China",1965,Employment,1.25383067131042,0.030921083068097932,PWT
06_HKC,"Hong Kong, China",1966,Employment,1.29222166538239,0.030618962313185616,PWT
06_HKC,"Hong Kong, China",1967,Employment,1.33123624324799,0.030191861745372472,PWT
06_HKC,"Hong Kong, China",1968,Employment,1.37034523487091,0.029377949872744225,PWT
06_HKC,"Hong Kong, China",1969,Employment,1.40871739387512,0.028001818832044112,PWT
06_HKC,"Hong Kong, China",1970,Employment,1.44589924812317,0.026394118798923616,PWT
06_HKC,"Hong Kong, China",1971,Employment,1.53842914104462,0.06399470297917165,PWT
06_HKC,"Hong Kong, China",1972,Employment,1.61021661758423,0.04666284239186025,PWT
06_HKC,"Hong Kong, China",1973,Employment,1.64999973773956,0.024706688355393913,PWT
06_HKC,"Hong Kong, China",1974,Employment,1.69448161125183,0.026958715504529884,PWT
06_HKC,"Hong Kong, China",1975,Employment,1.79492902755737,0.05927914215093355,PWT
06_HKC,"Hong Kong, China",1976,Employment,1.85916817188263,0.03578923920612054,PWT
06_HKC,"Hong Kong, China",1977,Employment,1.97989499568939,0.06493593513087603,PWT
06_HKC,"Hong Kong, China",1978,Employment,2.0957932472229,0.058537574864244046,PWT
06_HKC,"Hong Kong, China",1979,Employment,2.05732417106628,-0.018355377472274226,PWT
06_HKC,"Hong Kong, China",1980,Employment,2.19372153282166,0.06629842961728638,PWT
06_HKC,"Hong Kong, China",1981,Employment,2.34691905975342,0.06983453671747974,PWT
06_HKC,"Hong Kong, China",1982,Employment,2.35232472419739,0.0023033024600931373,PWT
06_HKC,"Hong Kong, China",1983,Employment,2.37237453460693,0.008523402489161391,PWT
06_HKC,"Hong Kong, China",1984,Employment,2.46157622337341,0.03760017124836468,PWT
06_HKC,"Hong Kong, China",1985,Employment,2.51042795181274,0.019845710230488978,PWT
06_HKC,"Hong Kong, China",1986,Employment,2.58008098602295,0.027745482263259014,PWT
06_HKC,"Hong Kong, China",1987,Employment,2.62915086746216,0.019018736894320654,PWT
06_HKC,"Hong Kong, China",1988,Employment,2.66794681549072,0.014756075244175104,PWT
06_HKC,"Hong Kong, China",1989,Employment,2.6661651134491,-0.0006678176758528886,PWT
06_HKC,"Hong Kong, China",1990,Employment,2.65099024772644,-0.005691645144598301,PWT
06_HKC,"Hong Kong, China",1991,Employment,2.68983173370361,0.014651689499982856,PWT
06_HKC,"Hong Kong, China",1992,Employment,2.707275390625,0.006485036481212125,PWT
06_HKC,"Hong Kong, China",1993,Employment,2.77598071098328,0.02537803157971985,PWT
06_HKC,"Hong Kong, China",1994,Employment,2.85858583450317,0.029757095643013542,PWT
06_HKC,"Hong Kong, China",1995,Employment,2.88235855102539,0.008316250726244867,PWT
06_HKC,"Hong Kong, China",1996,Employment,3.00695538520813,0.04322738895145939,PWT
06_HKC,"Hong Kong, China",1997,Employment,3.11921668052673,0.03733387461311799,PWT
06_HKC,"Hong Kong, China",1998,Employment,3.12109923362732,0.0006035339296377451,PWT
06_HKC,"Hong Kong, China",1999,Employment,3.12155294418335,0.00014536883388460708,PWT
06_HKC,"Hong Kong, China",2000,Employment,3.21824097633362,0.030974336773764044,PWT
06_HKC,"Hong Kong, China",2001,Employment,3.28377056121826,0.020361926085253668,PWT
06_HKC,"Hong Kong, China",2002,Employment,3.25029706954956,-0.010193614640445992,PWT
06_HKC,"Hong Kong, China",2003,Employment,3.22625136375427,-0.007398002484315325,PWT
06_HKC,"Hong Kong, China",2004,Employment,3.28866004943848,0.019344024580771446,PWT
06_HKC,"Hong Kong, China",2005,Employment,3.3372757434845,0.014782827448012181,PWT
06_HKC,"Hong Kong, China",2006,Employment,3.39130806922913,0.01619054878822035,PWT
06_HKC,"Hong Kong, China",2007,Employment,3.45765781402588,0.019564646868496238,PWT
06_HKC,"Hong Kong, China",2008,Employment,3.50325536727905,0.013187410584183601,PWT
06_HKC,"Hong Kong, China",2009,Employment,3.48527264595032,-0.005133146015186774,PWT
06_HKC,"Hong Kong, China",2010,Employment,3.50846171379089,0.0066534444206292065,PWT
06_HKC,"Hong Kong, China",2011,Employment,3.62743330001831,0.033909900102307544,PWT
06_HKC,"Hong Kong, China",2012,Employment,3.72564315795898,0.02707420090678836,PWT
06_HKC,"Hong Kong, China",2013,Employment,3.81034684181213,0.02273531851063071,PWT
06_HKC,"Hong Kong, China",2014,Employment,3.84597253799438,0.009349725277320697,PWT
06_HKC,"Hong Kong, China",2015,Employment,3.89204072952271,0.011978294455621263,PWT
06_HKC,"Hong Kong, China",2016,Employment,3.90921115875244,0.004411677683505477,PWT
06_HKC,"Hong Kong, China",2017,Employment,3.95517420768738,0.011757627579679797,PWT
06_HKC,"Hong Kong, China",2018,Employment,4.01589441299439,0.015352093768459696,PWT
06_HKC,"Hong Kong, China",2019,Employment,4.00802326202393,-0.0019599994823048528,PWT
06_HKC,"Hong Kong, China",2020,Employment,3.82060146331787,-0.04676165442498392,PWT
06_HKC,"Hong Kong, China",2021,Employment,3.78114414215088,-0.010327515587748581,PWT
06_HKC,"Hong Kong, China",2022,Employment,3.73000764846802,-0.013524079421571966,PWT
06_HKC,"Hong Kong, China",2023,Employment,3.78499341011047,0.014741460829184705,PWT
06_HKC,"Hong Kong, China",1950,Real GDP (PWT),,,PWT
06_HKC,"Hong Kong, China",1951,Real GDP (PWT),,,PWT
06_HKC,"Hong Kong, China",1952,Real GDP (PWT),,,PWT
06_HKC,"Hong Kong, China",1953,Real GDP (PWT),,,PWT
06_HKC,"Hong Kong, China",1954,Real GDP (PWT),,,PWT
06_HKC,"Hong Kong, China",1955,Real GDP (PWT),,,PWT
06_HKC,"Hong Kong, China",1956,Real GDP (PWT),,,PWT
06_HKC,"Hong Kong, China",1957,Real GDP (PWT),,,PWT
06_HKC,"Hong Kong, China",1958,Real GDP (PWT),,,PWT
06_HKC,"Hong Kong, China",1959,Real GDP (PWT),,,PWT
06_HKC,"Hong Kong, China",1960,Real GDP (PWT),15847.9765625,,PWT
06_HKC,"Hong Kong, China",1961,Real GDP (PWT),16754.193359375,0.05718186124904556,PWT
06_HKC,"Hong Kong, China",1962,Real GDP (PWT),19126.63671875,0.14160295924049793,PWT
06_HKC,"Hong Kong, China",1963,Real GDP (PWT),22218.505859375,0.16165252606037184,PWT
06_HKC,"Hong Kong, China",1964,Real GDP (PWT),24070.046875,0.08333328205522661,PWT
06_HKC,"Hong Kong, China",1965,Real GDP (PWT),27567.404296875,0.14529915292801032,PWT
06_HKC,"Hong Kong, China",1966,Real GDP (PWT),27978.859375,0.014925419662076944,PWT
06_HKC,"Hong Kong, China",1967,Real GDP (PWT),28390.3125,0.014705857715116455,PWT
06_HKC,"Hong Kong, China",1968,Real GDP (PWT),29418.947265625,0.036231893031293705,PWT
06_HKC,"Hong Kong, China",1969,Real GDP (PWT),32710.578125,0.1118881253518258,PWT
06_HKC,"Hong Kong, China",1970,Real GDP (PWT),35796.48046875,0.09433958433744438,PWT
06_HKC,"Hong Kong, China",1971,Real GDP (PWT),38407.1328125,0.07293041968271363,PWT
06_HKC,"Hong Kong, China",1972,Real GDP (PWT),42482.83984375,0.10611849239429616,PWT
06_HKC,"Hong Kong, China",1973,Real GDP (PWT),47699.5390625,0.12279544488873118,PWT
06_HKC,"Hong Kong, China",1974,Real GDP (PWT),48851.57421875,0.024151913810749992,PWT
06_HKC,"Hong Kong, China",1975,Real GDP (PWT),49091.86328125,0.004918757815746577,PWT
06_HKC,"Hong Kong, China",1976,Real GDP (PWT),57027.234375,0.16164330631102386,PWT
06_HKC,"Hong Kong, China",1977,Real GDP (PWT),63714.0546875,0.11725661231489459,PWT
06_HKC,"Hong Kong, China",1978,Real GDP (PWT),68977.3984375,0.0826088337308819,PWT
06_HKC,"Hong Kong, China",1979,Real GDP (PWT),76948.828125,0.11556582109606328,PWT
06_HKC,"Hong Kong, China",1980,Real GDP (PWT),84726.921875,0.10108138017858859,PWT
06_HKC,"Hong Kong, China",1981,Real GDP (PWT),92573.296875,0.09260781374279103,PWT
06_HKC,"Hong Kong, China",1982,Real GDP (PWT),95304.09375,0.029498753605884165,PWT
06_HKC,"Hong Kong, China",1983,Real GDP (PWT),101000.453125,0.0597703535164249,PWT
06_HKC,"Hong Kong, China",1984,Real GDP (PWT),111074.03125,0.09973794981427209,PWT
06_HKC,"Hong Kong, China",1985,Real GDP (PWT),111915.0390625,0.007571597096418525,PWT
06_HKC,"Hong Kong, China",1986,Real GDP (PWT),124288.546875,0.11056161813596743,PWT
06_HKC,"Hong Kong, China",1987,Real GDP (PWT),140941.375,0.13398521861992774,PWT
06_HKC,"Hong Kong, China",1988,Real GDP (PWT),152937.5625,0.08511473298738581,PWT
06_HKC,"Hong Kong, China",1989,Real GDP (PWT),156419.84375,0.022769300053412378,PWT
06_HKC,"Hong Kong, China",1990,Real GDP (PWT),162411.59375,0.03830556185426448,PWT
06_HKC,"Hong Kong, China",1991,Real GDP (PWT),171672.28125,0.05701986715465002,PWT
06_HKC,"Hong Kong, China",1992,Real GDP (PWT),182375.921875,0.062349265397205755,PWT
06_HKC,"Hong Kong, China",1993,Real GDP (PWT),193685.25,0.062011081335349605,PWT
06_HKC,"Hong Kong, China",1994,Real GDP (PWT),205376.03125,0.060359687947326934,PWT
06_HKC,"Hong Kong, China",1995,Real GDP (PWT),210251.03125,0.0237369471516653,PWT
06_HKC,"Hong Kong, China",1996,Real GDP (PWT),219204.484375,0.04258458601496162,PWT
06_HKC,"Hong Kong, China",1997,Real GDP (PWT),230383.453125,0.050997901716626215,PWT
06_HKC,"Hong Kong, China",1998,Real GDP (PWT),216830.8125,-0.0588264497348544,PWT
06_HKC,"Hong Kong, China",1999,Real GDP (PWT),222266.078125,0.025066850796401363,PWT
06_HKC,"Hong Kong, China",2000,Real GDP (PWT),239299.1875,0.0766338683738359,PWT
06_HKC,"Hong Kong, China",2001,Real GDP (PWT),240641.359375,0.005608760685825498,PWT
06_HKC,"Hong Kong, China",2002,Real GDP (PWT),244628.078125,0.016567055473566183,PWT
06_HKC,"Hong Kong, China",2003,Real GDP (PWT),252104.609375,0.030562849969248518,PWT
06_HKC,"Hong Kong, China",2004,Real GDP (PWT),274037.75,0.08700015711483866,PWT
06_HKC,"Hong Kong, China",2005,Real GDP (PWT),294284.0625,0.07388147253434973,PWT
06_HKC,"Hong Kong, China",2006,Real GDP (PWT),314979.90625,0.07032607737634455,PWT
06_HKC,"Hong Kong, China",2007,Real GDP (PWT),335342.90625,0.06464856835609645,PWT
06_HKC,"Hong Kong, China",2008,Real GDP (PWT),342478.71875,0.021279151480485536,PWT
06_HKC,"Hong Kong, China",2009,Real GDP (PWT),334056.71875,-0.02459130900378026,PWT
06_HKC,"Hong Kong, China",2010,Real GDP (PWT),356664.6875,0.06767703650624446,PWT
06_HKC,"Hong Kong, China",2011,Real GDP (PWT),373837.03125,0.04814702534856363,PWT
06_HKC,"Hong Kong, China",2012,Real GDP (PWT),380193.34375,0.01700289690067991,PWT
06_HKC,"Hong Kong, China",2013,Real GDP (PWT),391985.0625,0.031015058374493254,PWT
06_HKC,"Hong Kong, China",2014,Real GDP (PWT),402813.34375,0.02762421909891022,PWT
06_HKC,"Hong Kong, China",2015,Real GDP (PWT),412431.625,0.023877762242080713,PWT
06_HKC,"Hong Kong, China",2016,Real GDP (PWT),421403.78125,0.02175428775618271,PWT
06_HKC,"Hong Kong, China",2017,Real GDP (PWT),437400.71875,0.037961067773404134,PWT
06_HKC,"Hong Kong, China",2018,Real GDP (PWT),449853.1875,0.028469246199655407,PWT
06_HKC,"Hong Kong, China",2019,Real GDP (PWT),442329.875,-0.01672392840386394,PWT
06_HKC,"Hong Kong, China",2020,Real GDP (PWT),413380.4375,-0.065447619833501,PWT
06_HKC,"Hong Kong, China",2021,Real GDP (PWT),440061.6875,0.06454405574042199,PWT
06_HKC,"Hong Kong, China",2022,Real GDP (PWT),423851.75,-0.03683560273580966,PWT
06_HKC,"Hong Kong, China",2023,Real GDP (PWT),437739.34375,0.032765215078149446,PWT
06_HKC,"Hong Kong, China",1950,TFP,,,PWT
06_HKC,"Hong Kong, China",1951,TFP,,,PWT
06_HKC,"Hong Kong, China",1952,TFP,,,PWT
06_HKC,"Hong Kong, China",1953,TFP,,,PWT
06_HKC,"Hong Kong, China",1954,TFP,,,PWT
06_HKC,"Hong Kong, China",1955,TFP,,,PWT
06_HKC,"Hong Kong, China",1956,TFP,,,PWT
06_HKC,"Hong Kong, China",1957,TFP,,,PWT
06_HKC,"Hong Kong, China",1958,TFP,,,PWT
06_HKC,"Hong Kong, China",1959,TFP,,,PWT
06_HKC,"Hong Kong, China",1960,TFP,,,PWT
06_HKC,"Hong Kong, China",1961,TFP,,,PWT
06_HKC,"Hong Kong, China",1962,TFP,,,PWT
06_HKC,"Hong Kong, China",1963,TFP,,,PWT
06_HKC,"Hong Kong, China",1964,TFP,0.654583811759949,,PWT
06_HKC,"Hong Kong, China",1965,TFP,0.690171837806702,0.05436740934834483,PWT
06_HKC,"Hong Kong, China",1966,TFP,0.657338201999664,-0.047573131803494095,PWT
06_HKC,"Hong Kong, China",1967,TFP,0.636407732963562,-0.031841248496481955,PWT
06_HKC,"Hong Kong, China",1968,TFP,0.634623765945435,-0.00280318249720124,PWT
06_HKC,"Hong Kong, China",1969,TFP,0.679133236408234,0.07013520900291326,PWT
06_HKC,"Hong Kong, China",1970,TFP,0.71088969707489,0.04676028055202841,PWT
06_HKC,"Hong Kong, China",1971,TFP,0.707442998886108,-0.004848428951726658,PWT
06_HKC,"Hong Kong, China",1972,TFP,0.732637822628021,0.03561392759781801,PWT
06_HKC,"Hong Kong, China",1973,TFP,0.776636362075806,0.060054965890184775,PWT
06_HKC,"Hong Kong, China",1974,TFP,0.754891097545624,-0.027999287172262854,PWT
06_HKC,"Hong Kong, China",1975,TFP,0.71266633272171,-0.055934908970577735,PWT
06_HKC,"Hong Kong, China",1976,TFP,0.778400659561157,0.09223717162055944,PWT
06_HKC,"Hong Kong, China",1977,TFP,0.799595773220062,0.027229054084890292,PWT
06_HKC,"Hong Kong, China",1978,TFP,0.793426692485809,-0.00771524930579548,PWT
06_HKC,"Hong Kong, China",1979,TFP,0.833846032619476,0.0509427531446327,PWT
06_HKC,"Hong Kong, China",1980,TFP,0.828147947788239,-0.006833497562298008,PWT
06_HKC,"Hong Kong, China",1981,TFP,0.823365867137909,-0.0057744279426177325,PWT
06_HKC,"Hong Kong, China",1982,TFP,0.804892539978027,-0.022436352898738576,PWT
06_HKC,"Hong Kong, China",1983,TFP,0.81808865070343,0.016394872694140306,PWT
06_HKC,"Hong Kong, China",1984,TFP,0.851369857788086,0.04068166335768053,PWT
06_HKC,"Hong Kong, China",1985,TFP,0.821051180362701,-0.03561164063777755,PWT
06_HKC,"Hong Kong, China",1986,TFP,0.863251388072968,0.05139777972382298,PWT
06_HKC,"Hong Kong, China",1987,TFP,0.933393716812134,0.08125365300106191,PWT
06_HKC,"Hong Kong, China",1988,TFP,0.952276170253754,0.020229891311150272,PWT
06_HKC,"Hong Kong, China",1989,TFP,0.945153772830963,-0.007479340180163385,PWT
06_HKC,"Hong Kong, China",1990,TFP,0.951480090618134,0.006693427005239672,PWT
06_HKC,"Hong Kong, China",1991,TFP,0.956900119781494,0.005696418891790955,PWT
06_HKC,"Hong Kong, China",1992,TFP,0.991179704666138,0.035823576751638164,PWT
06_HKC,"Hong Kong, China",1993,TFP,0.989899575710297,-0.0012915205485086734,PWT
06_HKC,"Hong Kong, China",1994,TFP,0.992211878299713,0.0023358961314403626,PWT
06_HKC,"Hong Kong, China",1995,TFP,0.975472152233124,-0.016871120405527518,PWT
06_HKC,"Hong Kong, China",1996,TFP,0.944797515869141,-0.03144593753267111,PWT
06_HKC,"Hong Kong, China",1997,TFP,0.941981434822083,-0.0029806185979092126,PWT
06_HKC,"Hong Kong, China",1998,TFP,0.857358753681183,-0.08983476532834545,PWT
06_HKC,"Hong Kong, China",1999,TFP,0.853235065937042,-0.004809757556490046,PWT
06_HKC,"Hong Kong, China",2000,TFP,0.875227332115173,0.025775155119742488,PWT
06_HKC,"Hong Kong, China",2001,TFP,0.839559495449066,-0.04075265403321904,PWT
06_HKC,"Hong Kong, China",2002,TFP,0.830106377601624,-0.011259616380594584,PWT
06_HKC,"Hong Kong, China",2003,TFP,0.836458683013916,0.007652399239053365,PWT
06_HKC,"Hong Kong, China",2004,TFP,0.870368957519531,0.04054028632165063,PWT
06_HKC,"Hong Kong, China",2005,TFP,0.899958550930023,0.033996609317064275,PWT
06_HKC,"Hong Kong, China",2006,TFP,0.937102794647217,0.04127328272930897,PWT
06_HKC,"Hong Kong, China",2007,TFP,0.963399231433868,0.028061421795834596,PWT
06_HKC,"Hong Kong, China",2008,TFP,0.965551733970642,0.002234278860250294,PWT
06_HKC,"Hong Kong, China",2009,TFP,0.932515561580658,-0.03421481338356591,PWT
06_HKC,"Hong Kong, China",2010,TFP,0.960272431373596,0.029765583478187585,PWT
06_HKC,"Hong Kong, China",2011,TFP,0.960820198059082,0.0005704284196752507,PWT
06_HKC,"Hong Kong, China",2012,TFP,0.940649807453156,-0.02099288779177577,PWT
06_HKC,"Hong Kong, China",2013,TFP,0.946446418762207,0.006162347839889115,PWT
06_HKC,"Hong Kong, China",2014,TFP,0.950423955917358,0.0042026015168961095,PWT
06_HKC,"Hong Kong, China",2015,TFP,0.951726317405701,0.0013702953089875791,PWT
06_HKC,"Hong Kong, China",2016,TFP,0.970726132392883,0.019963528001383013,PWT
06_HKC,"Hong Kong, China",2017,TFP,0.989625036716461,0.01946883234408392,PWT
06_HKC,"Hong Kong, China",2018,TFP,0.998476266860962,0.008944024065790757,PWT
06_HKC,"Hong Kong, China",2019,TFP,0.978717863559723,-0.01978855577945382,PWT
06_HKC,"Hong Kong, China",2020,TFP,0.949915945529938,-0.029428213280003668,PWT
06_HKC,"Hong Kong, China",2021,TFP,1.0,0.052724722335428575,PWT
06_HKC,"Hong Kong, China",2022,TFP,0.962235033512116,-0.037764966487883966,PWT
06_HKC,"Hong Kong, China",2023,TFP,0.978862822055817,0.017280381574769965,PWT
06_HKC,"Hong Kong, China",1950,delta,,,PWT
06_HKC,"Hong Kong, China",1951,delta,,,PWT
06_HKC,"Hong Kong, China",1952,delta,,,PWT
06_HKC,"Hong Kong, China",1953,delta,,,PWT
06_HKC,"Hong Kong, China",1954,delta,,,PWT
06_HKC,"Hong Kong, China",1955,delta,,,PWT
06_HKC,"Hong Kong, China",1956,delta,,,PWT
06_HKC,"Hong Kong, China",1957,delta,,,PWT
06_HKC,"Hong Kong, China",1958,delta,,,PWT
06_HKC,"Hong Kong, China",1959,delta,,,PWT
06_HKC,"Hong Kong, China",1960,delta,0.0239364318549633,,PWT
06_HKC,"Hong Kong, China",1961,delta,0.0239956565201283,0.0024742478546451174,PWT
06_HKC,"Hong Kong, China",1962,delta,0.0240673571825027,0.002988068374551789,PWT
06_HKC,"Hong Kong, China",1963,delta,0.0241643562912941,0.004030318246239339,PWT
06_HKC,"Hong Kong, China",1964,delta,0.0242389161139727,0.0030855290238152033,PWT
06_HKC,"Hong Kong, China",1965,delta,0.0242766384035349,0.001556269652686959,PWT
06_HKC,"Hong Kong, China",1966,delta,0.0242724921554327,-0.00017079169007161443,PWT
06_HKC,"Hong Kong, China",1967,delta,0.0242592319846153,-0.00054630446401982,PWT
06_HKC,"Hong Kong, China",1968,delta,0.0242779515683651,0.0007716478312944641,PWT
06_HKC,"Hong Kong, China",1969,delta,0.0243619494140148,0.0034598407288672917,PWT
06_HKC,"Hong Kong, China",1970,delta,0.02447909116745,0.004808389979161998,PWT
06_HKC,"Hong Kong, China",1971,delta,0.0245803575962782,0.004136854106857379,PWT
06_HKC,"Hong Kong, China",1972,delta,0.0246426425874233,0.0025339334833163196,PWT
06_HKC,"Hong Kong, China",1973,delta,0.0246992204338312,0.0022959325976175116,PWT
06_HKC,"Hong Kong, China",1974,delta,0.0247157737612724,0.0006701963523725318,PWT
06_HKC,"Hong Kong, China",1975,delta,0.0246492438018322,-0.002691801603413535,PWT
06_HKC,"Hong Kong, China",1976,delta,0.0245890486985445,-0.0024420669360747382,PWT
06_HKC,"Hong Kong, China",1977,delta,0.0245587266981602,-0.0012331506092829736,PWT
06_HKC,"Hong Kong, China",1978,delta,0.0245745815336704,0.0006455886620291285,PWT
06_HKC,"Hong Kong, China",1979,delta,0.0247255768626928,0.006144370304556945,PWT
06_HKC,"Hong Kong, China",1980,delta,0.0250077620148659,0.011412682249645423,PWT
06_HKC,"Hong Kong, China",1981,delta,0.0253173112869263,0.01237812771396296,PWT
06_HKC,"Hong Kong, China",1982,delta,0.0254059303551912,0.003500334899727786,PWT
06_HKC,"Hong Kong, China",1983,delta,0.0252867471426725,-0.004691157176786698,PWT
06_HKC,"Hong Kong, China",1984,delta,0.0252136774361134,-0.002889644371687261,PWT
06_HKC,"Hong Kong, China",1985,delta,0.025160551071167,-0.00210704547486229,PWT
06_HKC,"Hong Kong, China",1986,delta,0.025056965649128,-0.004116977475811523,PWT
06_HKC,"Hong Kong, China",1987,delta,0.0250424146652222,-0.0005807161213994272,PWT
06_HKC,"Hong Kong, China",1988,delta,0.0251656845211983,0.004922442888356748,PWT
06_HKC,"Hong Kong, China",1989,delta,0.0252982620149851,0.00526818547991903,PWT
06_HKC,"Hong Kong, China",1990,delta,0.0253886487334967,0.003572843006292903,PWT
06_HKC,"Hong Kong, China",1991,delta,0.025508239865303,0.004710417362564057,PWT
06_HKC,"Hong Kong, China",1992,delta,0.0257232934236527,0.008430748632022311,PWT
06_HKC,"Hong Kong, China",1993,delta,0.0259586405009031,0.009149181381027827,PWT
06_HKC,"Hong Kong, China",1994,delta,0.0261958222836256,0.009136910799093956,PWT
06_HKC,"Hong Kong, China",1995,delta,0.0265933200716972,0.015174090882425384,PWT
06_HKC,"Hong Kong, China",1996,delta,0.02707196213305,0.017998582353100367,PWT
06_HKC,"Hong Kong, China",1997,delta,0.0274506974965334,0.013989948775121608,PWT
06_HKC,"Hong Kong, China",1998,delta,0.0277356747537851,0.010381421356877585,PWT
06_HKC,"Hong Kong, China",1999,delta,0.0278465487062931,0.003997521368859669,PWT
06_HKC,"Hong Kong, China",2000,delta,0.0279552098363638,0.0039021399462024764,PWT
06_HKC,"Hong Kong, China",2001,delta,0.0281892344355583,0.008371412719287985,PWT
06_HKC,"Hong Kong, China",2002,delta,0.0284104701131582,0.007848232916919384,PWT
06_HKC,"Hong Kong, China",2003,delta,0.0286637675017118,0.00891563524097716,PWT
06_HKC,"Hong Kong, China",2004,delta,0.028942221775651,0.009714503647246353,PWT
06_HKC,"Hong Kong, China",2005,delta,0.0292728953063488,0.011425298764588865,PWT
06_HKC,"Hong Kong, China",2006,delta,0.0298024192452431,0.018089223267896415,PWT
06_HKC,"Hong Kong, China",2007,delta,0.030411459505558,0.020435933583214494,PWT
06_HKC,"Hong Kong, China",2008,delta,0.0309179406613112,0.016654286377167704,PWT
06_HKC,"Hong Kong, China",2009,delta,0.0311170909553766,0.0064412535183691055,PWT
06_HKC,"Hong Kong, China",2010,delta,0.0311357825994492,0.0006006873875004093,PWT
06_HKC,"Hong Kong, China",2011,delta,0.0317099466919899,0.018440650743458686,PWT
06_HKC,"Hong Kong, China",2012,delta,0.0327865220606327,0.033950715184101865,PWT
06_HKC,"Hong Kong, China",2013,delta,0.0337987840175629,0.03087433168599607,PWT
06_HKC,"Hong Kong, China",2014,delta,0.03445965051651,0.01955296671630835,PWT
06_HKC,"Hong Kong, China",2015,delta,0.0346894003450871,0.006667212961635194,PWT
06_HKC,"Hong Kong, China",2016,delta,0.0346318855881691,-0.0016579922496742228,PWT
06_HKC,"Hong Kong, China",2017,delta,0.0344963371753693,-0.003913977263949708,PWT
06_HKC,"Hong Kong, China",2018,delta,0.0345262736082077,0.0008678148258529639,PWT
06_HKC,"Hong Kong, China",2019,delta,0.0344504788517952,-0.0021952776390699036,PWT
06_HKC,"Hong Kong, China",2020,delta,0.0341700203716755,-0.008140916743892612,PWT
06_HKC,"Hong Kong, China",2021,delta,0.0339967384934425,-0.005071166957121176,PWT
06_HKC,"Hong Kong, China",2022,delta,0.0338339097797871,-0.004789539257914699,PWT
06_HKC,"Hong Kong, China",2023,delta,0.0337068513035774,-0.0037553589590051395,PWT
06_HKC,"Hong Kong, China",1950,output_to_kstock,,,PWT
06_HKC,"Hong Kong, China",1951,output_to_kstock,,,PWT
06_HKC,"Hong Kong, China",1952,output_to_kstock,,,PWT
06_HKC,"Hong Kong, China",1953,output_to_kstock,,,PWT
06_HKC,"Hong Kong, China",1954,output_to_kstock,,,PWT
06_HKC,"Hong Kong, China",1955,output_to_kstock,,,PWT
06_HKC,"Hong Kong, China",1956,output_to_kstock,,,PWT
06_HKC,"Hong Kong, China",1957,output_to_kstock,,,PWT
06_HKC,"Hong Kong, China",1958,output_to_kstock,,,PWT
06_HKC,"Hong Kong, China",1959,output_to_kstock,,,PWT
06_HKC,"Hong Kong, China",1960,output_to_kstock,0.17852092964886254,,PWT
06_HKC,"Hong Kong, China",1961,output_to_kstock,0.17519127749463365,-0.018651326546293867,PWT
06_HKC,"Hong Kong, China",1962,output_to_kstock,0.18073526233013965,0.03164532455490443,PWT
06_HKC,"Hong Kong, China",1963,output_to_kstock,0.18440118396716534,0.02028337796267654,PWT
06_HKC,"Hong Kong, China",1964,output_to_kstock,0.1760889487047975,-0.045076908312302044,PWT
06_HKC,"Hong Kong, China",1965,output_to_kstock,0.17820058068509975,0.011991848414304895,PWT
06_HKC,"Hong Kong, China",1966,output_to_kstock,0.16556110575569088,-0.07092835994594326,PWT
06_HKC,"Hong Kong, China",1967,output_to_kstock,0.15845045089983317,-0.042948824383611583,PWT
06_HKC,"Hong Kong, China",1968,output_to_kstock,0.157022561375411,-0.009011583850429217,PWT
06_HKC,"Hong Kong, China",1969,output_to_kstock,0.16706024209836673,0.06392508589232304,PWT
06_HKC,"Hong Kong, China",1970,output_to_kstock,0.17374239944462488,0.03999848954081875,PWT
06_HKC,"Hong Kong, China",1971,output_to_kstock,0.17474413156153398,0.005765616913955274,PWT
06_HKC,"Hong Kong, China",1972,output_to_kstock,0.1810292440374376,0.03596751673283172,PWT
06_HKC,"Hong Kong, China",1973,output_to_kstock,0.18973450461711644,0.048087592841511206,PWT
06_HKC,"Hong Kong, China",1974,output_to_kstock,0.18297531961125085,-0.03562443752392641,PWT
06_HKC,"Hong Kong, China",1975,output_to_kstock,0.17377685320612363,-0.050271623652142106,PWT
06_HKC,"Hong Kong, China",1976,output_to_kstock,0.18930868004590617,0.08937799570671023,PWT
06_HKC,"Hong Kong, China",1977,output_to_kstock,0.19463597097715127,0.028140764226728843,PWT
06_HKC,"Hong Kong, China",1978,output_to_kstock,0.19333050045212818,-0.0067072418241556075,PWT
06_HKC,"Hong Kong, China",1979,output_to_kstock,0.19706117168351736,0.019296858088426516,PWT
06_HKC,"Hong Kong, China",1980,output_to_kstock,0.1965877442880128,-0.0024024387526980773,PWT
06_HKC,"Hong Kong, China",1981,output_to_kstock,0.195126149954017,-0.007434819191243447,PWT
06_HKC,"Hong Kong, China",1982,output_to_kstock,0.1841651468179313,-0.05617393229287182,PWT
06_HKC,"Hong Kong, China",1983,output_to_kstock,0.1822683110593283,-0.010299645678768066,PWT
06_HKC,"Hong Kong, China",1984,output_to_kstock,0.18795262055110407,0.031186493465260146,PWT
06_HKC,"Hong Kong, China",1985,output_to_kstock,0.1787575647794292,-0.04892220041792261,PWT
06_HKC,"Hong Kong, China",1986,output_to_kstock,0.18713090631065107,0.04684188633669195,PWT
06_HKC,"Hong Kong, China",1987,output_to_kstock,0.1985560135768077,0.06105409037665899,PWT
06_HKC,"Hong Kong, China",1988,output_to_kstock,0.20176464423597731,0.016159826143610667,PWT
06_HKC,"Hong Kong, China",1989,output_to_kstock,0.19426627792466042,-0.0371639260174198,PWT
06_HKC,"Hong Kong, China",1990,output_to_kstock,0.18976420647068445,-0.023174745005007713,PWT
06_HKC,"Hong Kong, China",1991,output_to_kstock,0.18825632188146355,-0.007946095932764075,PWT
06_HKC,"Hong Kong, China",1992,output_to_kstock,0.18743277617434423,-0.00437459788276251,PWT
06_HKC,"Hong Kong, China",1993,output_to_kstock,0.18749903572100812,0.0003535109921344315,PWT
06_HKC,"Hong Kong, China",1994,output_to_kstock,0.18608935800739732,-0.0075183198046328,PWT
06_HKC,"Hong Kong, China",1995,output_to_kstock,0.17841296926517553,-0.041251089392853046,PWT
06_HKC,"Hong Kong, China",1996,output_to_kstock,0.1738931987790837,-0.025333194692668703,PWT
06_HKC,"Hong Kong, China",1997,output_to_kstock,0.17015558601769387,-0.021493725963015686,PWT
06_HKC,"Hong Kong, China",1998,output_to_kstock,0.1515778140628913,-0.10918108767155443,PWT
06_HKC,"Hong Kong, China",1999,output_to_kstock,0.14993016904626352,-0.010869961589129118,PWT
06_HKC,"Hong Kong, China",2000,output_to_kstock,0.1552605895315857,0.035552687756107204,PWT
06_HKC,"Hong Kong, China",2001,output_to_kstock,0.15041965206588323,-0.0311794350408392,PWT
06_HKC,"Hong Kong, China",2002,output_to_kstock,0.14836969570796965,-0.013628248235913354,PWT
06_HKC,"Hong Kong, China",2003,output_to_kstock,0.148578188062895,0.0014052219621432105,PWT
06_HKC,"Hong Kong, China",2004,output_to_kstock,0.1568672599944918,0.05578929208699157,PWT
06_HKC,"Hong Kong, China",2005,output_to_kstock,0.16359217536218723,0.04287010156186555,PWT
06_HKC,"Hong Kong, China",2006,output_to_kstock,0.1697923650553107,0.037900282696262666,PWT
06_HKC,"Hong Kong, China",2007,output_to_kstock,0.17569241585129092,0.034748622495824444,PWT
06_HKC,"Hong Kong, China",2008,output_to_kstock,0.1748553014379998,-0.004764658788684817,PWT
06_HKC,"Hong Kong, China",2009,output_to_kstock,0.16698301305051846,-0.045021731241432716,PWT
06_HKC,"Hong Kong, China",2010,output_to_kstock,0.17393835647335912,0.04165299988170901,PWT
06_HKC,"Hong Kong, China",2011,output_to_kstock,0.1773484812186021,0.019605363729910286,PWT
06_HKC,"Hong Kong, China",2012,output_to_kstock,0.17535511531518755,-0.011239825059214947,PWT
06_HKC,"Hong Kong, China",2013,output_to_kstock,0.1767434466601092,0.00791725603456861,PWT
06_HKC,"Hong Kong, China",2014,output_to_kstock,0.1779350581742891,0.006742040718892728,PWT
06_HKC,"Hong Kong, China",2015,output_to_kstock,0.17899557503832497,0.005960134415990748,PWT
06_HKC,"Hong Kong, China",2016,output_to_kstock,0.17983815618039817,0.004707273584236837,PWT
06_HKC,"Hong Kong, China",2017,output_to_kstock,0.18337838216008814,0.019685622088666976,PWT
06_HKC,"Hong Kong, China",2018,output_to_kstock,0.18523480409041337,0.010123450258736622,PWT
06_HKC,"Hong Kong, China",2019,output_to_kstock,0.1802994937953629,-0.026643536668419787,PWT
06_HKC,"Hong Kong, China",2020,output_to_kstock,0.1676265657696761,-0.07028820635553401,PWT
06_HKC,"Hong Kong, China",2021,output_to_kstock,0.17690907886707227,0.055376145509958175,PWT
06_HKC,"Hong Kong, China",2022,output_to_kstock,0.1694301976251089,-0.04227528225152832,PWT
06_HKC,"Hong Kong, China",2023,output_to_kstock,0.1732552127241884,0.022575757761570614,PWT
07_INA,Indonesia,1950,Average hours,,,PWT
07_INA,Indonesia,1951,Average hours,,,PWT
07_INA,Indonesia,1952,Average hours,,,PWT
07_INA,Indonesia,1953,Average hours,,,PWT
07_INA,Indonesia,1954,Average hours,,,PWT
07_INA,Indonesia,1955,Average hours,,,PWT
07_INA,Indonesia,1956,Average hours,,,PWT
07_INA,Indonesia,1957,Average hours,,,PWT
07_INA,Indonesia,1958,Average hours,,,PWT
07_INA,Indonesia,1959,Average hours,,,PWT
07_INA,Indonesia,1960,Average hours,,,PWT
07_INA,Indonesia,1961,Average hours,,,PWT
07_INA,Indonesia,1962,Average hours,,,PWT
07_INA,Indonesia,1963,Average hours,,,PWT
07_INA,Indonesia,1964,Average hours,,,PWT
07_INA,Indonesia,1965,Average hours,,,PWT
07_INA,Indonesia,1966,Average hours,,,PWT
07_INA,Indonesia,1967,Average hours,,,PWT
07_INA,Indonesia,1968,Average hours,,,PWT
07_INA,Indonesia,1969,Average hours,,,PWT
07_INA,Indonesia,1970,Average hours,1838.53,,PWT
07_INA,Indonesia,1971,Average hours,1840.56,0.0011041429837967964,PWT
07_INA,Indonesia,1972,Average hours,1843.24,0.0014560785847785862,PWT
07_INA,Indonesia,1973,Average hours,1846.18,0.0015950174692389574,PWT
07_INA,Indonesia,1974,Average hours,1849.39,0.0017387253680574144,PWT
07_INA,Indonesia,1975,Average hours,1852.88,0.001887108722335551,PWT
07_INA,Indonesia,1976,Average hours,1857.54,0.002515003669962379,PWT
07_INA,Indonesia,1977,Average hours,1872.91,0.008274384400874357,PWT
07_INA,Indonesia,1978,Average hours,1845.72,-0.014517515523970737,PWT
07_INA,Indonesia,1979,Average hours,1859.52,0.007476757037903958,PWT
07_INA,Indonesia,1980,Average hours,1874.57,0.008093486491137503,PWT
07_INA,Indonesia,1981,Average hours,1872.55,-0.0010775804584517434,PWT
07_INA,Indonesia,1982,Average hours,1869.95,-0.0013884809484392413,PWT
07_INA,Indonesia,1983,Average hours,1873.72,0.002016096687077251,PWT
07_INA,Indonesia,1984,Average hours,1878.23,0.0024069764959546713,PWT
07_INA,Indonesia,1985,Average hours,1884.03,0.0030880137150401943,PWT
07_INA,Indonesia,1986,Average hours,1882.91,-0.0005944703640599069,PWT
07_INA,Indonesia,1987,Average hours,1885.14,0.00118433701026599,PWT
07_INA,Indonesia,1988,Average hours,1881.35,-0.0020104607615351044,PWT
07_INA,Indonesia,1989,Average hours,1886.53,0.0027533420150425147,PWT
07_INA,Indonesia,1990,Average hours,1904.45,0.009498921299952778,PWT
07_INA,Indonesia,1991,Average hours,1923.46,0.009981884533592389,PWT
07_INA,Indonesia,1992,Average hours,1890.8,-0.016979817620330073,PWT
07_INA,Indonesia,1993,Average hours,1892.51,0.0009043790987941502,PWT
07_INA,Indonesia,1994,Average hours,1924.6,0.01695631727177127,PWT
07_INA,Indonesia,1995,Average hours,1923.06,-0.000800166268315472,PWT
07_INA,Indonesia,1996,Average hours,1912.35,-0.005569249009391264,PWT
07_INA,Indonesia,1997,Average hours,1918.5,0.0032159385049808087,PWT
07_INA,Indonesia,1998,Average hours,1971.01,0.027370341412561894,PWT
07_INA,Indonesia,1999,Average hours,1986.55,0.007884282677409038,PWT
07_INA,Indonesia,2000,Average hours,1993.82,0.003659610883189446,PWT
07_INA,Indonesia,2001,Average hours,2036.02,0.021165401089366265,PWT
07_INA,Indonesia,2002,Average hours,2008.69,-0.013423247315841658,PWT
07_INA,Indonesia,2003,Average hours,2035.72,0.013456531371192071,PWT
07_INA,Indonesia,2004,Average hours,2062.14,0.012978209183974077,PWT
07_INA,Indonesia,2005,Average hours,2039.42,-0.011017680661836615,PWT
07_INA,Indonesia,2006,Average hours,2051.53,0.00593796275411651,PWT
07_INA,Indonesia,2007,Average hours,2074.67,0.01127938660414407,PWT
07_INA,Indonesia,2008,Average hours,2049.03,-0.012358591968843147,PWT
07_INA,Indonesia,2009,Average hours,2044.74,-0.002093673591894829,PWT
07_INA,Indonesia,2010,Average hours,2062.62,0.008744388039555018,PWT
07_INA,Indonesia,2011,Average hours,2036.66,-0.012585934394120035,PWT
07_INA,Indonesia,2012,Average hours,2009.59,-0.013291369202517944,PWT
07_INA,Indonesia,2013,Average hours,1930.06,-0.03957523673983254,PWT
07_INA,Indonesia,2014,Average hours,1999.47,0.03596261256126754,PWT
07_INA,Indonesia,2015,Average hours,2042.06,0.0213006446708377,PWT
07_INA,Indonesia,2016,Average hours,2040.01,-0.0010038882305123398,PWT
07_INA,Indonesia,2017,Average hours,2034.26,-0.002818613634246847,PWT
07_INA,Indonesia,2018,Average hours,1987.54,-0.022966582442755623,PWT
07_INA,Indonesia,2019,Average hours,1982.2,-0.0026867383801080225,PWT
07_INA,Indonesia,2020,Average hours,1935.7,-0.02345878317021488,PWT
07_INA,Indonesia,2021,Average hours,1899.37,-0.01876840419486503,PWT
07_INA,Indonesia,2022,Average hours,1955.58,0.029594023281403814,PWT
07_INA,Indonesia,2023,Average hours,1958.47,0.0014778224363105608,PWT
07_INA,Indonesia,1950,Capital stock,,,PWT
07_INA,Indonesia,1951,Capital stock,,,PWT
07_INA,Indonesia,1952,Capital stock,,,PWT
07_INA,Indonesia,1953,Capital stock,,,PWT
07_INA,Indonesia,1954,Capital stock,,,PWT
07_INA,Indonesia,1955,Capital stock,,,PWT
07_INA,Indonesia,1956,Capital stock,,,PWT
07_INA,Indonesia,1957,Capital stock,,,PWT
07_INA,Indonesia,1958,Capital stock,,,PWT
07_INA,Indonesia,1959,Capital stock,,,PWT
07_INA,Indonesia,1960,Capital stock,771420.5625,,PWT
07_INA,Indonesia,1961,Capital stock,774562.8125,0.004073329326115704,PWT
07_INA,Indonesia,1962,Capital stock,774014.3125,-0.0007081414071890002,PWT
07_INA,Indonesia,1963,Capital stock,766275.875,-0.0099977963908775,PWT
07_INA,Indonesia,1964,Capital stock,762159.0,-0.005372575510092847,PWT
07_INA,Indonesia,1965,Capital stock,758812.6875,-0.004390570077897116,PWT
07_INA,Indonesia,1966,Capital stock,759216.5,0.0005321636111941253,PWT
07_INA,Indonesia,1967,Capital stock,753465.9375,-0.0075743381499217,PWT
07_INA,Indonesia,1968,Capital stock,757667.0,0.005575650193211379,PWT
07_INA,Indonesia,1969,Capital stock,766889.0625,0.012171656545685527,PWT
07_INA,Indonesia,1970,Capital stock,788185.75,0.027770232412201112,PWT
07_INA,Indonesia,1971,Capital stock,818646.625,0.03864682278257381,PWT
07_INA,Indonesia,1972,Capital stock,858449.875,0.04862079532789876,PWT
07_INA,Indonesia,1973,Capital stock,907633.0,0.057292949107832225,PWT
07_INA,Indonesia,1974,Capital stock,969703.5625,0.06838729144929734,PWT
07_INA,Indonesia,1975,Capital stock,1042078.6875,0.07463634021660104,PWT
07_INA,Indonesia,1976,Capital stock,1115756.5,0.07070273424049844,PWT
07_INA,Indonesia,1977,Capital stock,1204339.75,0.07939299479770012,PWT
07_INA,Indonesia,1978,Capital stock,1308663.25,0.08662298159634774,PWT
07_INA,Indonesia,1979,Capital stock,1412444.375,0.07930315533809029,PWT
07_INA,Indonesia,1980,Capital stock,1542785.75,0.09228071370952229,PWT
07_INA,Indonesia,1981,Capital stock,1687958.75,0.09409796532020076,PWT
07_INA,Indonesia,1982,Capital stock,1854940.0,0.09892495891857545,PWT
07_INA,Indonesia,1983,Capital stock,2023005.625,0.09060434569312226,PWT
07_INA,Indonesia,1984,Capital stock,2165986.0,0.07067720090990859,PWT
07_INA,Indonesia,1985,Capital stock,2323669.0,0.07279963951752233,PWT
07_INA,Indonesia,1986,Capital stock,2502332.5,0.07688853274713403,PWT
07_INA,Indonesia,1987,Capital stock,2690013.5,0.07500242273958402,PWT
07_INA,Indonesia,1988,Capital stock,2905315.25,0.080037423604008,PWT
07_INA,Indonesia,1989,Capital stock,3161721.75,0.088254278085657,PWT
07_INA,Indonesia,1990,Capital stock,3468213.25,0.0969381635180262,PWT
07_INA,Indonesia,1991,Capital stock,3815312.5,0.10008013492249934,PWT
07_INA,Indonesia,1992,Capital stock,4158185.75,0.08986767138995821,PWT
07_INA,Indonesia,1993,Capital stock,4513880.5,0.0855408515600824,PWT
07_INA,Indonesia,1994,Capital stock,4928716.5,0.09190230002765909,PWT
07_INA,Indonesia,1995,Capital stock,5416217.0,0.09891023352631456,PWT
07_INA,Indonesia,1996,Capital stock,5995026.0,0.1068659176691038,PWT
07_INA,Indonesia,1997,Capital stock,6609006.0,0.10241490195371972,PWT
07_INA,Indonesia,1998,Capital stock,6897369.5,0.043631901680827756,PWT
07_INA,Indonesia,1999,Capital stock,7086858.0,0.027472574870753164,PWT
07_INA,Indonesia,2000,Capital stock,7344821.0,0.03640019314624343,PWT
07_INA,Indonesia,2001,Capital stock,7624305.5,0.038051914403359755,PWT
07_INA,Indonesia,2002,Capital stock,7930396.0,0.040146673031399294,PWT
07_INA,Indonesia,2003,Capital stock,8240323.0,0.0390808983561477,PWT
07_INA,Indonesia,2004,Capital stock,8650677.0,0.04979829067380015,PWT
07_INA,Indonesia,2005,Capital stock,9129283.0,0.05532584328371071,PWT
07_INA,Indonesia,2006,Capital stock,9611875.0,0.0528619826989698,PWT
07_INA,Indonesia,2007,Capital stock,10157826.0,0.05679963586709147,PWT
07_INA,Indonesia,2008,Capital stock,10793712.0,0.06260059977400667,PWT
07_INA,Indonesia,2009,Capital stock,11435899.0,0.05949639938512341,PWT
07_INA,Indonesia,2010,Capital stock,12143708.0,0.061893603642354744,PWT
07_INA,Indonesia,2011,Capital stock,12925749.0,0.06439886400430583,PWT
07_INA,Indonesia,2012,Capital stock,13792297.0,0.06704044771409379,PWT
07_INA,Indonesia,2013,Capital stock,14693808.0,0.06536336913278484,PWT
07_INA,Indonesia,2014,Capital stock,15629329.0,0.06366770274934863,PWT
07_INA,Indonesia,2015,Capital stock,16610853.0,0.06280013684528618,PWT
07_INA,Indonesia,2016,Capital stock,17630780.0,0.06140124170625083,PWT
07_INA,Indonesia,2017,Capital stock,18720014.0,0.0617802502214877,PWT
07_INA,Indonesia,2018,Capital stock,19892844.0,0.06265112835919884,PWT
07_INA,Indonesia,2019,Capital stock,21105286.0,0.0609486506806165,PWT
07_INA,Indonesia,2020,Capital stock,22164118.0,0.050169042959190335,PWT
07_INA,Indonesia,2021,Capital stock,23252202.0,0.04909214072944379,PWT
07_INA,Indonesia,2022,Capital stock,24372696.0,0.048188726383849634,PWT
07_INA,Indonesia,2023,Capital stock,25539414.0,0.047869878654376086,PWT
07_INA,Indonesia,1950,Employment,,,PWT
07_INA,Indonesia,1951,Employment,,,PWT
07_INA,Indonesia,1952,Employment,,,PWT
07_INA,Indonesia,1953,Employment,,,PWT
07_INA,Indonesia,1954,Employment,,,PWT
07_INA,Indonesia,1955,Employment,,,PWT
07_INA,Indonesia,1956,Employment,,,PWT
07_INA,Indonesia,1957,Employment,,,PWT
07_INA,Indonesia,1958,Employment,,,PWT
07_INA,Indonesia,1959,Employment,,,PWT
07_INA,Indonesia,1960,Employment,29.506175994873,,PWT
07_INA,Indonesia,1961,Employment,30.0876140594482,0.01970563941177028,PWT
07_INA,Indonesia,1962,Employment,30.6032047271729,0.017136309536076144,PWT
07_INA,Indonesia,1963,Employment,31.1292457580566,0.017189083155615403,PWT
07_INA,Indonesia,1964,Employment,31.6657524108887,0.017234810538037104,PWT
07_INA,Indonesia,1965,Employment,32.212776184082,0.017274933691618255,PWT
07_INA,Indonesia,1966,Employment,32.770320892334,0.01730818558033831,PWT
07_INA,Indonesia,1967,Employment,33.3384017944336,0.01733522549156641,PWT
07_INA,Indonesia,1968,Employment,33.9170570373535,0.01735701808646728,PWT
07_INA,Indonesia,1969,Employment,34.5062828063965,0.017372549994360442,PWT
07_INA,Indonesia,1970,Employment,35.1060829162598,0.017382344926243798,PWT
07_INA,Indonesia,1971,Employment,35.9770965576172,0.024810903666896422,PWT
07_INA,Indonesia,1972,Employment,36.5124244689941,0.014879686317087026,PWT
07_INA,Indonesia,1973,Employment,38.6800308227539,0.05936626738113504,PWT
07_INA,Indonesia,1974,Employment,39.7244987487793,0.02700276871059204,PWT
07_INA,Indonesia,1975,Employment,39.888240814209,0.004121941637708737,PWT
07_INA,Indonesia,1976,Employment,40.7134971618652,0.020689213934002915,PWT
07_INA,Indonesia,1977,Employment,41.3582878112793,0.01583727005446356,PWT
07_INA,Indonesia,1978,Employment,42.8715324401856,0.03658866720526088,PWT
07_INA,Indonesia,1979,Employment,43.8476676940918,0.022768844460321125,PWT
07_INA,Indonesia,1980,Employment,46.0809364318848,0.05093244077139181,PWT
07_INA,Indonesia,1981,Employment,49.0818519592285,0.06512271146615145,PWT
07_INA,Indonesia,1982,Employment,50.383602142334,0.026522026597261217,PWT
07_INA,Indonesia,1983,Employment,52.6162948608398,0.0443138764115838,PWT
07_INA,Indonesia,1984,Employment,55.3409423828125,0.0517833406776147,PWT
07_INA,Indonesia,1985,Employment,57.9357566833496,0.04688778666954874,PWT
07_INA,Indonesia,1986,Employment,60.5870246887207,0.04576220553848498,PWT
07_INA,Indonesia,1987,Employment,63.0135192871094,0.04004974020188912,PWT
07_INA,Indonesia,1988,Employment,66.8832855224609,0.06141168243150519,PWT
07_INA,Indonesia,1989,Employment,71.3394241333008,0.06662559376428101,PWT
07_INA,Indonesia,1990,Employment,73.6910018920898,0.03296322878069469,PWT
07_INA,Indonesia,1991,Employment,74.3812255859375,0.009366458266620414,PWT
07_INA,Indonesia,1992,Employment,76.3574447631836,0.02656879019777425,PWT
07_INA,Indonesia,1993,Employment,77.0170288085938,0.008638110500631013,PWT
07_INA,Indonesia,1994,Employment,80.1845703125,0.04112780709547126,PWT
07_INA,Indonesia,1995,Employment,82.1292419433594,0.02425244187604325,PWT
07_INA,Indonesia,1996,Employment,84.0739059448242,0.0236780951029103,PWT
07_INA,Indonesia,1997,Employment,85.3983917236328,0.015753827111087526,PWT
07_INA,Indonesia,1998,Employment,87.767578125,0.02774275198336751,PWT
07_INA,Indonesia,1999,Employment,89.4866943359375,0.01958714422413599,PWT
07_INA,Indonesia,2000,Employment,91.5485076904297,0.023040446066228126,PWT
07_INA,Indonesia,2001,Employment,91.9609985351563,0.00450570801352046,PWT
07_INA,Indonesia,2002,Employment,93.1680603027344,0.013125801011356408,PWT
07_INA,Indonesia,2003,Employment,94.5133895874023,0.014439812101877614,PWT
07_INA,Indonesia,2004,Employment,95.3838195800781,0.009209594497410878,PWT
07_INA,Indonesia,2005,Employment,96.1692733764648,0.008234664955173887,PWT
07_INA,Indonesia,2006,Employment,96.8658981323242,0.00724373525348776,PWT
07_INA,Indonesia,2007,Employment,100.31241607666,0.03558030236428156,PWT
07_INA,Indonesia,2008,Employment,103.507873535156,0.031855054274178674,PWT
07_INA,Indonesia,2009,Employment,105.686309814453,0.02104609248452105,PWT
07_INA,Indonesia,2010,Employment,108.154739379883,0.02335619031228986,PWT
07_INA,Indonesia,2011,Employment,109.731071472168,0.01457478517652655,PWT
07_INA,Indonesia,2012,Employment,113.283424377441,0.03237326363093063,PWT
07_INA,Indonesia,2013,Employment,114.345344543457,0.009374011880836752,PWT
07_INA,Indonesia,2014,Employment,116.398971557617,0.017959865549047604,PWT
07_INA,Indonesia,2015,Employment,117.833000183105,0.012319942404114492,PWT
07_INA,Indonesia,2016,Employment,119.529830932617,0.014400301671647409,PWT
07_INA,Indonesia,2017,Employment,122.780632019043,0.027196567259085036,PWT
07_INA,Indonesia,2018,Employment,127.067840576172,0.03491762899920614,PWT
07_INA,Indonesia,2019,Employment,132.304962158203,0.041215161588360916,PWT
07_INA,Indonesia,2020,Employment,131.593963623047,-0.005373937028195885,PWT
07_INA,Indonesia,2021,Employment,130.922897338867,-0.005099521784314387,PWT
07_INA,Indonesia,2022,Employment,135.627670288086,0.035935447846389135,PWT
07_INA,Indonesia,2023,Employment,139.674240112305,0.029835872102084382,PWT
07_INA,Indonesia,1950,Real GDP (PWT),,,PWT
07_INA,Indonesia,1951,Real GDP (PWT),,,PWT
07_INA,Indonesia,1952,Real GDP (PWT),,,PWT
07_INA,Indonesia,1953,Real GDP (PWT),,,PWT
07_INA,Indonesia,1954,Real GDP (PWT),,,PWT
07_INA,Indonesia,1955,Real GDP (PWT),,,PWT
07_INA,Indonesia,1956,Real GDP (PWT),,,PWT
07_INA,Indonesia,1957,Real GDP (PWT),,,PWT
07_INA,Indonesia,1958,Real GDP (PWT),,,PWT
07_INA,Indonesia,1959,Real GDP (PWT),,,PWT
07_INA,Indonesia,1960,Real GDP (PWT),160433.390625,,PWT
07_INA,Indonesia,1961,Real GDP (PWT),173601.421875,0.08207787168681868,PWT
07_INA,Indonesia,1962,Real GDP (PWT),173337.75,-0.00151883476616832,PWT
07_INA,Indonesia,1963,Real GDP (PWT),166637.78125,-0.0386526809653408,PWT
07_INA,Indonesia,1964,Real GDP (PWT),174386.140625,0.046498214971882224,PWT
07_INA,Indonesia,1965,Real GDP (PWT),176437.734375,0.011764660555288797,PWT
07_INA,Indonesia,1966,Real GDP (PWT),181361.578125,0.027906976744185963,PWT
07_INA,Indonesia,1967,Real GDP (PWT),183823.5,0.013574660633484115,PWT
07_INA,Indonesia,1968,Real GDP (PWT),196543.4375,0.06919647107143545,PWT
07_INA,Indonesia,1969,Real GDP (PWT),197774.390625,0.006263008018265737,PWT
07_INA,Indonesia,1970,Real GDP (PWT),212545.90625,0.074688717676336,PWT
07_INA,Indonesia,1971,Real GDP (PWT),227434.796875,0.07005023473605476,PWT
07_INA,Indonesia,1972,Real GDP (PWT),248845.25,0.09413886273861327,PWT
07_INA,Indonesia,1973,Real GDP (PWT),276982.375,0.11307077390466569,PWT
07_INA,Indonesia,1974,Real GDP (PWT),298146.75,0.07641054778304945,PWT
07_INA,Indonesia,1975,Real GDP (PWT),312994.5625,0.04980034999543004,PWT
07_INA,Indonesia,1976,Real GDP (PWT),334528.09375,0.06879841962110755,PWT
07_INA,Indonesia,1977,Real GDP (PWT),363854.6875,0.0876655632154959,PWT
07_INA,Indonesia,1978,Real GDP (PWT),392401.9375,0.07845783215311752,PWT
07_INA,Indonesia,1979,Real GDP (PWT),416929.625,0.06250654024867042,PWT
07_INA,Indonesia,1980,Real GDP (PWT),458109.875,0.09877026608507378,PWT
07_INA,Indonesia,1981,Real GDP (PWT),494450.28125,0.07932683452850697,PWT
07_INA,Indonesia,1982,Real GDP (PWT),505524.59375,0.022397221560888747,PWT
07_INA,Indonesia,1983,Real GDP (PWT),549884.875,0.08775098540890713,PWT
07_INA,Indonesia,1984,Real GDP (PWT),588237.9375,0.06974744031648439,PWT
07_INA,Indonesia,1985,Real GDP (PWT),602724.8125,0.024627576829826525,PWT
07_INA,Indonesia,1986,Real GDP (PWT),638137.9375,0.05875504752013172,PWT
07_INA,Indonesia,1987,Real GDP (PWT),669569.875,0.049255710486574955,PWT
07_INA,Indonesia,1988,Real GDP (PWT),708270.0,0.057798485930986576,PWT
07_INA,Indonesia,1989,Real GDP (PWT),772613.6875,0.09084626978412191,PWT
07_INA,Indonesia,1990,Real GDP (PWT),842165.1875,0.09002105596271881,PWT
07_INA,Indonesia,1991,Real GDP (PWT),917353.4375,0.08927969371804512,PWT
07_INA,Indonesia,1992,Real GDP (PWT),983590.875,0.07220492646815857,PWT
07_INA,Indonesia,1993,Real GDP (PWT),1054937.125,0.07253651067065858,PWT
07_INA,Indonesia,1994,Real GDP (PWT),1134478.875,0.07539951729350691,PWT
07_INA,Indonesia,1995,Real GDP (PWT),1227734.75,0.08220150860014908,PWT
07_INA,Indonesia,1996,Real GDP (PWT),1323719.25,0.07818016065766642,PWT
07_INA,Indonesia,1997,Real GDP (PWT),1385929.375,0.0469964646959693,PWT
07_INA,Indonesia,1998,Real GDP (PWT),1204005.0,-0.13126525657196642,PWT
07_INA,Indonesia,1999,Real GDP (PWT),1213528.125,0.00790953941221173,PWT
07_INA,Indonesia,2000,Real GDP (PWT),1273236.625,0.04920240311694468,PWT
07_INA,Indonesia,2001,Real GDP (PWT),1319626.5,0.03643460617542327,PWT
07_INA,Indonesia,2002,Real GDP (PWT),1379002.875,0.044994833765463094,PWT
07_INA,Indonesia,2003,Real GDP (PWT),1444924.25,0.04780365305619827,PWT
07_INA,Indonesia,2004,Real GDP (PWT),1517616.625,0.050308779162644646,PWT
07_INA,Indonesia,2005,Real GDP (PWT),1604008.0,0.05692569096625433,PWT
07_INA,Indonesia,2006,Real GDP (PWT),1692243.75,0.055009544840175284,PWT
07_INA,Indonesia,2007,Real GDP (PWT),1799617.0,0.06345022695459801,PWT
07_INA,Indonesia,2008,Real GDP (PWT),1907840.5,0.0601369624759045,PWT
07_INA,Indonesia,2009,Real GDP (PWT),1996152.125,0.046288788292312644,PWT
07_INA,Indonesia,2010,Real GDP (PWT),2120389.75,0.062238555591047406,PWT
07_INA,Indonesia,2011,Real GDP (PWT),2251213.0,0.061697737408889175,PWT
07_INA,Indonesia,2012,Real GDP (PWT),2386962.5,0.06030060238635793,PWT
07_INA,Indonesia,2013,Real GDP (PWT),2519612.25,0.0555726158245049,PWT
07_INA,Indonesia,2014,Real GDP (PWT),2645760.75,0.05006663227645447,PWT
07_INA,Indonesia,2015,Real GDP (PWT),2774776.5,0.04876319599192791,PWT
07_INA,Indonesia,2016,Real GDP (PWT),2914433.0,0.050330720330087786,PWT
07_INA,Indonesia,2017,Real GDP (PWT),3062188.75,0.05069794021684482,PWT
07_INA,Indonesia,2018,Real GDP (PWT),3220635.25,0.05174289142039323,PWT
07_INA,Indonesia,2019,Real GDP (PWT),3382288.25,0.050192892846217196,PWT
07_INA,Indonesia,2020,Real GDP (PWT),3312426.5,-0.02065517331351041,PWT
07_INA,Indonesia,2021,Real GDP (PWT),3435082.0,0.037028897094018465,PWT
07_INA,Indonesia,2022,Real GDP (PWT),3617396.25,0.053074206088821185,PWT
07_INA,Indonesia,2023,Real GDP (PWT),3800006.0,0.050480991680134535,PWT
07_INA,Indonesia,1950,TFP,,,PWT
07_INA,Indonesia,1951,TFP,,,PWT
07_INA,Indonesia,1952,TFP,,,PWT
07_INA,Indonesia,1953,TFP,,,PWT
07_INA,Indonesia,1954,TFP,,,PWT
07_INA,Indonesia,1955,TFP,,,PWT
07_INA,Indonesia,1956,TFP,,,PWT
07_INA,Indonesia,1957,TFP,,,PWT
07_INA,Indonesia,1958,TFP,,,PWT
07_INA,Indonesia,1959,TFP,,,PWT
07_INA,Indonesia,1960,TFP,,,PWT
07_INA,Indonesia,1961,TFP,,,PWT
07_INA,Indonesia,1962,TFP,,,PWT
07_INA,Indonesia,1963,TFP,,,PWT
07_INA,Indonesia,1964,TFP,0.81554913520813,,PWT
07_INA,Indonesia,1965,TFP,0.808871388435364,-0.008188037341320786,PWT
07_INA,Indonesia,1966,TFP,0.815209805965424,0.00783612527366162,PWT
07_INA,Indonesia,1967,TFP,0.820845186710358,0.006912798035175971,PWT
07_INA,Indonesia,1968,TFP,0.859925985336304,0.04761043770332307,PWT
07_INA,Indonesia,1969,TFP,0.843892276287079,-0.018645452425716025,PWT
07_INA,Indonesia,1970,TFP,0.887252688407898,0.051381453935796406,PWT
07_INA,Indonesia,1971,TFP,0.910791337490082,0.026529814324284917,PWT
07_INA,Indonesia,1972,TFP,0.955363512039185,0.048937855153446064,PWT
07_INA,Indonesia,1973,TFP,0.993321895599365,0.03973187491655339,PWT
07_INA,Indonesia,1974,TFP,1.00966167449951,0.01644963125501797,PWT
07_INA,Indonesia,1975,TFP,1.0095990896225,-6.198598856488324e-05,PWT
07_INA,Indonesia,1976,TFP,1.02140855789185,0.011697185933245757,PWT
07_INA,Indonesia,1977,TFP,1.04682958126068,0.024888202837558104,PWT
07_INA,Indonesia,1978,TFP,1.06195425987244,0.014448081027234272,PWT
07_INA,Indonesia,1979,TFP,1.06141591072083,-0.0005069419389820418,PWT
07_INA,Indonesia,1980,TFP,1.07496654987335,0.012766568708507009,PWT
07_INA,Indonesia,1981,TFP,1.05989634990692,-0.014019226894274595,PWT
07_INA,Indonesia,1982,TFP,1.00806283950806,-0.048904320128484335,PWT
07_INA,Indonesia,1983,TFP,1.01484978199005,0.006732658139944947,PWT
07_INA,Indonesia,1984,TFP,1.01147961616516,-0.0033208518981806545,PWT
07_INA,Indonesia,1985,TFP,0.968225240707398,-0.04276346726763813,PWT
07_INA,Indonesia,1986,TFP,0.957960724830627,-0.010601371917624891,PWT
07_INA,Indonesia,1987,TFP,0.940966427326202,-0.017740077504147966,PWT
07_INA,Indonesia,1988,TFP,0.919975817203522,-0.022307501642035987,PWT
07_INA,Indonesia,1989,TFP,0.918284237384796,-0.0018387220480076127,PWT
07_INA,Indonesia,1990,TFP,0.923026442527771,0.0051642018341515605,PWT
07_INA,Indonesia,1991,TFP,0.94112354516983,0.01960626674193522,PWT
07_INA,Indonesia,1992,TFP,0.954505980014801,0.014219636639264177,PWT
07_INA,Indonesia,1993,TFP,0.970715761184692,0.01698237780515499,PWT
07_INA,Indonesia,1994,TFP,0.963512182235718,-0.007420894186556337,PWT
07_INA,Indonesia,1995,TFP,0.975608289241791,0.012554181700126898,PWT
07_INA,Indonesia,1996,TFP,0.98119843006134,0.0057299029551025615,PWT
07_INA,Indonesia,1997,TFP,0.960353255271912,-0.021244606749039385,PWT
07_INA,Indonesia,1998,TFP,0.792438387870789,-0.174846981024269,PWT
07_INA,Indonesia,1999,TFP,0.775494158267975,-0.021382393713083037,PWT
07_INA,Indonesia,2000,TFP,0.784961819648743,0.012208552804464201,PWT
07_INA,Indonesia,2001,TFP,0.784967422485352,7.137718636363033e-06,PWT
07_INA,Indonesia,2002,TFP,0.801235496997833,0.02072452186738305,PWT
07_INA,Indonesia,2003,TFP,0.810003876686096,0.010943573669810469,PWT
07_INA,Indonesia,2004,TFP,0.81737756729126,0.009103278166187723,PWT
07_INA,Indonesia,2005,TFP,0.837252557277679,0.024315555970398695,PWT
07_INA,Indonesia,2006,TFP,0.851748406887054,0.017313592515630027,PWT
07_INA,Indonesia,2007,TFP,0.856808960437775,0.005941371313174626,PWT
07_INA,Indonesia,2008,TFP,0.86634761095047,0.011132762322911827,PWT
07_INA,Indonesia,2009,TFP,0.868186831474304,0.00212295907622595,PWT
07_INA,Indonesia,2010,TFP,0.876118838787079,0.009136290744361286,PWT
07_INA,Indonesia,2011,TFP,0.902946770191193,0.030621338357768035,PWT
07_INA,Indonesia,2012,TFP,0.920500040054321,0.019439983000782313,PWT
07_INA,Indonesia,2013,TFP,0.959704875946045,0.0425908030263753,PWT
07_INA,Indonesia,2014,TFP,0.95511257648468,-0.004785116316969984,PWT
07_INA,Indonesia,2015,TFP,0.959296584129334,0.004380643442109644,PWT
07_INA,Indonesia,2016,TFP,0.975280702114105,0.01666233180563048,PWT
07_INA,Indonesia,2017,TFP,0.986819267272949,0.011831019658065545,PWT
07_INA,Indonesia,2018,TFP,1.00606346130371,0.019501234591762673,PWT
07_INA,Indonesia,2019,TFP,1.00801563262939,0.001940405750498364,PWT
07_INA,Indonesia,2020,TFP,0.980586409568787,-0.027211108808952167,PWT
07_INA,Indonesia,2021,TFP,1.0,0.01979793952044484,PWT
07_INA,Indonesia,2022,TFP,0.990419328212738,-0.009580671787261963,PWT
07_INA,Indonesia,2023,TFP,0.995515704154968,0.005145674965195468,PWT
07_INA,Indonesia,1950,delta,,,PWT
07_INA,Indonesia,1951,delta,,,PWT
07_INA,Indonesia,1952,delta,,,PWT
07_INA,Indonesia,1953,delta,,,PWT
07_INA,Indonesia,1954,delta,,,PWT
07_INA,Indonesia,1955,delta,,,PWT
07_INA,Indonesia,1956,delta,,,PWT
07_INA,Indonesia,1957,delta,,,PWT
07_INA,Indonesia,1958,delta,,,PWT
07_INA,Indonesia,1959,delta,,,PWT
07_INA,Indonesia,1960,delta,0.0296675805002451,,PWT
07_INA,Indonesia,1961,delta,0.0297124069184065,0.0015109563168127504,PWT
07_INA,Indonesia,1962,delta,0.0299939569085836,0.009475839199101665,PWT
07_INA,Indonesia,1963,delta,0.030056381598115,0.002081242222280233,PWT
07_INA,Indonesia,1964,delta,0.0300850607454777,0.0009541783088253819,PWT
07_INA,Indonesia,1965,delta,0.0302226040512323,0.004571814127889873,PWT
07_INA,Indonesia,1966,delta,0.0304137226194143,0.006323696259197931,PWT
07_INA,Indonesia,1967,delta,0.0304940510541201,0.0026411904820400345,PWT
07_INA,Indonesia,1968,delta,0.0307038240134716,0.006879143705085244,PWT
07_INA,Indonesia,1969,delta,0.0312897004187107,0.019081545184145288,PWT
07_INA,Indonesia,1970,delta,0.0321084707975388,0.02616740869588141,PWT
07_INA,Indonesia,1971,delta,0.0332337394356728,0.035045849589954825,PWT
07_INA,Indonesia,1972,delta,0.0345315039157867,0.03904960748175368,PWT
07_INA,Indonesia,1973,delta,0.0358654744923115,0.03863053806686212,PWT
07_INA,Indonesia,1974,delta,0.0371936298906803,0.03703158586828459,PWT
07_INA,Indonesia,1975,delta,0.0384303443133831,0.03325070519703943,PWT
07_INA,Indonesia,1976,delta,0.0394436754286289,0.026367994701856245,PWT
07_INA,Indonesia,1977,delta,0.0403464958071709,0.022888850208079736,PWT
07_INA,Indonesia,1978,delta,0.0412521511316299,0.022446938856534704,PWT
07_INA,Indonesia,1979,delta,0.0419813469052315,0.017676551491213832,PWT
07_INA,Indonesia,1980,delta,0.0426200665533543,0.015214367694410758,PWT
07_INA,Indonesia,1981,delta,0.0431047864258289,0.01137304353731583,PWT
07_INA,Indonesia,1982,delta,0.0432500056922436,0.003368982390495656,PWT
07_INA,Indonesia,1983,delta,0.0430357754230499,-0.0049533003699030465,PWT
07_INA,Indonesia,1984,delta,0.0423792488873005,-0.015255366710501206,PWT
07_INA,Indonesia,1985,delta,0.0414500087499619,-0.021926772223116342,PWT
07_INA,Indonesia,1986,delta,0.0407460145652294,-0.016984174574707356,PWT
07_INA,Indonesia,1987,delta,0.0404810421168804,-0.006503027380133308,PWT
07_INA,Indonesia,1988,delta,0.0405805744230747,0.0024587387327361654,PWT
07_INA,Indonesia,1989,delta,0.0410573743283749,0.011749461708681075,PWT
07_INA,Indonesia,1990,delta,0.0419182628393173,0.020967938769222316,PWT
07_INA,Indonesia,1991,delta,0.0428557246923447,0.022364043486747365,PWT
07_INA,Indonesia,1992,delta,0.0434764549136162,0.01448418445208044,PWT
07_INA,Indonesia,1993,delta,0.0437464639544487,0.006210465903187856,PWT
07_INA,Indonesia,1994,delta,0.043826911598444,0.0018389519225843198,PWT
07_INA,Indonesia,1995,delta,0.0438294894993305,5.882004440826982e-05,PWT
07_INA,Indonesia,1996,delta,0.0437569655478001,-0.0016546839207768338,PWT
07_INA,Indonesia,1997,delta,0.0434852689504623,-0.006209219353682016,PWT
07_INA,Indonesia,1998,delta,0.0427733734250069,-0.016370958318468243,PWT
07_INA,Indonesia,1999,delta,0.0417204685509205,-0.024615895118312858,PWT
07_INA,Indonesia,2000,delta,0.0407205075025559,-0.02396811644490826,PWT
07_INA,Indonesia,2001,delta,0.0400678403675556,-0.01602797153152724,PWT
07_INA,Indonesia,2002,delta,0.0396237522363663,-0.011083405721784123,PWT
07_INA,Indonesia,2003,delta,0.0390102304518223,-0.015483687180461225,PWT
07_INA,Indonesia,2004,delta,0.0385964401066303,-0.010607226371119105,PWT
07_INA,Indonesia,2005,delta,0.0386478453874588,0.0013318658582628373,PWT
07_INA,Indonesia,2006,delta,0.0386837907135487,0.0009300732221819707,PWT
07_INA,Indonesia,2007,delta,0.0386137776076794,-0.0018098822420931082,PWT
07_INA,Indonesia,2008,delta,0.0387747250497341,0.004168135106850768,PWT
07_INA,Indonesia,2009,delta,0.0389319956302643,0.004056007626836333,PWT
07_INA,Indonesia,2010,delta,0.0389550477266312,0.0005921118605329845,PWT
07_INA,Indonesia,2011,delta,0.0390801653265953,0.0032118456340270995,PWT
07_INA,Indonesia,2012,delta,0.0392579361796379,0.004548876688646564,PWT
07_INA,Indonesia,2013,delta,0.0393154546618462,0.0014651427916410054,PWT
07_INA,Indonesia,2014,delta,0.0391433276236057,-0.0043781011747409115,PWT
07_INA,Indonesia,2015,delta,0.0388168431818485,-0.008340743150316965,PWT
07_INA,Indonesia,2016,delta,0.0384636409580708,-0.009099200110710304,PWT
07_INA,Indonesia,2017,delta,0.0381406210362911,-0.00839805888714018,PWT
07_INA,Indonesia,2018,delta,0.0378776751458645,-0.006894116647351067,PWT
07_INA,Indonesia,2019,delta,0.0379284732043743,0.0013411081412515458,PWT
07_INA,Indonesia,2020,delta,0.0381263643503189,0.005217482519749295,PWT
07_INA,Indonesia,2021,delta,0.0382063798606396,0.0020986923795167645,PWT
07_INA,Indonesia,2022,delta,0.0382599905133247,0.0014031858783964957,PWT
07_INA,Indonesia,2023,delta,0.0383031293749809,0.0011275188800994318,PWT
07_INA,Indonesia,1950,output_to_kstock,,,PWT
07_INA,Indonesia,1951,output_to_kstock,,,PWT
07_INA,Indonesia,1952,output_to_kstock,,,PWT
07_INA,Indonesia,1953,output_to_kstock,,,PWT
07_INA,Indonesia,1954,output_to_kstock,,,PWT
07_INA,Indonesia,1955,output_to_kstock,,,PWT
07_INA,Indonesia,1956,output_to_kstock,,,PWT
07_INA,Indonesia,1957,output_to_kstock,,,PWT
07_INA,Indonesia,1958,output_to_kstock,,,PWT
07_INA,Indonesia,1959,output_to_kstock,,,PWT
07_INA,Indonesia,1960,output_to_kstock,0.2079713692166457,,PWT
07_INA,Indonesia,1961,output_to_kstock,0.22412826832555946,0.07768809317249326,PWT
07_INA,Indonesia,1962,output_to_kstock,0.22394644026689106,-0.0008112678513372273,PWT
07_INA,Indonesia,1963,output_to_kstock,0.21746447550629203,-0.028944263426889383,PWT
07_INA,Indonesia,1964,output_to_kstock,0.2288054600483626,0.05215097553596726,PWT
07_INA,Indonesia,1965,output_to_kstock,0.2325181659208881,0.016226474104860555,PWT
07_INA,Indonesia,1966,output_to_kstock,0.23887992176803322,0.027360253001950996,PWT
07_INA,Indonesia,1967,output_to_kstock,0.24397055109077176,0.02131041104275755,PWT
07_INA,Indonesia,1968,output_to_kstock,0.2594060946299628,0.06326806030555732,PWT
07_INA,Indonesia,1969,output_to_kstock,0.25789178682542496,-0.005837595322106592,PWT
07_INA,Indonesia,1970,output_to_kstock,0.26966474114762923,0.04565075323695256,PWT
07_INA,Indonesia,1971,output_to_kstock,0.27781803519314574,0.030234928047389698,PWT
07_INA,Indonesia,1972,output_to_kstock,0.28987743751491607,0.04340755744452074,PWT
07_INA,Indonesia,1973,output_to_kstock,0.3051700136508919,0.052755317099106636,PWT
07_INA,Indonesia,1974,output_to_kstock,0.3074617455579369,0.007509689040636536,PWT
07_INA,Indonesia,1975,output_to_kstock,0.3003559771967796,-0.0231110649172398,PWT
07_INA,Indonesia,1976,output_to_kstock,0.29982177450904385,-0.0017785651969421945,PWT
07_INA,Indonesia,1977,output_to_kstock,0.30211963650622675,0.0076640931131357615,PWT
07_INA,Indonesia,1978,output_to_kstock,0.29984943605621994,-0.007514243285407951,PWT
07_INA,Indonesia,1979,output_to_kstock,0.2951830403940686,-0.015562462693031076,PWT
07_INA,Indonesia,1980,output_to_kstock,0.29693680733050587,0.005941286240889632,PWT
07_INA,Indonesia,1981,output_to_kstock,0.2929279410708348,-0.013500738745429341,PWT
07_INA,Indonesia,1982,output_to_kstock,0.27252881157881115,-0.06963872895652112,PWT
07_INA,Indonesia,1983,output_to_kstock,0.2718157914167935,-0.0026163111264712047,PWT
07_INA,Indonesia,1984,output_to_kstock,0.2715797505154696,-0.0008683855345327229,PWT
07_INA,Indonesia,1985,output_to_kstock,0.2593849694169006,-0.044903130941916114,PWT
07_INA,Indonesia,1986,output_to_kstock,0.25501724391143066,-0.016838776415181722,PWT
07_INA,Indonesia,1987,output_to_kstock,0.248909485026748,-0.0239503760255676,PWT
07_INA,Indonesia,1988,output_to_kstock,0.24378421584370233,-0.020590895451392366,PWT
07_INA,Indonesia,1989,output_to_kstock,0.24436485832442403,0.0023817886597463644,PWT
07_INA,Indonesia,1990,output_to_kstock,0.24282393462974056,-0.006305831801059147,PWT
07_INA,Indonesia,1991,output_to_kstock,0.24043992136948153,-0.00981786768217141,PWT
07_INA,Indonesia,1992,output_to_kstock,0.23654327491262264,-0.016206320625396287,PWT
07_INA,Indonesia,1993,output_to_kstock,0.23370958203257708,-0.011979596042594354,PWT
07_INA,Indonesia,1994,output_to_kstock,0.23017734434512516,-0.015113790614539546,PWT
07_INA,Indonesia,1995,output_to_kstock,0.22667754080015629,-0.015204813292664099,PWT
07_INA,Indonesia,1996,output_to_kstock,0.22080292062119497,-0.025916198659224454,PWT
07_INA,Indonesia,1997,output_to_kstock,0.2097031497626118,-0.05027003640783223,PWT
07_INA,Indonesia,1998,output_to_kstock,0.17456002610850413,-0.1675851015775891,PWT
07_INA,Indonesia,1999,output_to_kstock,0.17123641040923918,-0.01903995876581177,PWT
07_INA,Indonesia,2000,output_to_kstock,0.17335162082234543,0.012352573895067609,PWT
07_INA,Indonesia,2001,output_to_kstock,0.17308153509850832,-0.0015580224895266337,PWT
07_INA,Indonesia,2002,output_to_kstock,0.17388827430559584,0.004661035659455859,PWT
07_INA,Indonesia,2003,output_to_kstock,0.17534801123693816,0.008394682948989152,PWT
07_INA,Indonesia,2004,output_to_kstock,0.17543327822781962,0.00048627292821845636,PWT
07_INA,Indonesia,2005,output_to_kstock,0.17569923070628876,0.001515975082696519,PWT
07_INA,Indonesia,2006,output_to_kstock,0.17605761102802522,0.002039737569116351,PWT
07_INA,Indonesia,2007,output_to_kstock,0.17716556672658107,0.006293142864351786,PWT
07_INA,Indonesia,2008,output_to_kstock,0.17675480872567287,-0.002318497936690589,PWT
07_INA,Indonesia,2009,output_to_kstock,0.17455139512862083,-0.012465932966337467,PWT
07_INA,Indonesia,2010,output_to_kstock,0.17460809746084144,0.000324846055677952,PWT
07_INA,Indonesia,2011,output_to_kstock,0.17416499422973478,-0.0025377015015356497,PWT
07_INA,Indonesia,2012,output_to_kstock,0.1730648999220362,-0.006316391606498661,PWT
07_INA,Indonesia,2013,output_to_kstock,0.171474423103936,-0.009190060022665869,PWT
07_INA,Indonesia,2014,output_to_kstock,0.16928178746509207,-0.012786954457429056,PWT
07_INA,Indonesia,2015,output_to_kstock,0.1670459969755918,-0.013207507570543009,PWT
07_INA,Indonesia,2016,output_to_kstock,0.16530369047767599,-0.010430100268552955,PWT
07_INA,Indonesia,2017,output_to_kstock,0.16357833653329532,-0.010437479885627043,PWT
07_INA,Indonesia,2018,output_to_kstock,0.1618991859585286,-0.01026511584817924,PWT
07_INA,Indonesia,2019,output_to_kstock,0.16025787331192765,-0.01013786843265152,PWT
07_INA,Indonesia,2020,output_to_kstock,0.14944995781018672,-0.06744077703255358,PWT
07_INA,Indonesia,2021,output_to_kstock,0.1477314707656505,-0.01149874559830144,PWT
07_INA,Indonesia,2022,output_to_kstock,0.14842002911782923,0.004660877933524432,PWT
07_INA,Indonesia,2023,output_to_kstock,0.14878986651768908,0.0024918294522515705,PWT
08_JPN,Japan,1950,Average hours,2076.03,,PWT
08_JPN,Japan,1951,Average hours,2058.21,-0.008583690987124526,PWT
08_JPN,Japan,1952,Average hours,2040.55,-0.008580271206533818,PWT
08_JPN,Japan,1953,Average hours,2023.04,-0.0085810198230869,PWT
08_JPN,Japan,1954,Average hours,2054.08,0.015343245808288497,PWT
08_JPN,Japan,1955,Average hours,2080.22,0.012725891883470952,PWT
08_JPN,Japan,1956,Average hours,2131.8,0.02479545432694641,PWT
08_JPN,Japan,1957,Average hours,2155.4,0.011070456890890368,PWT
08_JPN,Japan,1958,Average hours,2181.06,0.011904982833812694,PWT
08_JPN,Japan,1959,Average hours,2204.68,0.010829596618158188,PWT
08_JPN,Japan,1960,Average hours,2221.71,0.007724477021608722,PWT
08_JPN,Japan,1961,Average hours,2224.18,0.0011117562598177422,PWT
08_JPN,Japan,1962,Average hours,2201.06,-0.010394842144071048,PWT
08_JPN,Japan,1963,Average hours,2194.54,-0.002962209117425285,PWT
08_JPN,Japan,1964,Average hours,2201.91,0.003358334776308425,PWT
08_JPN,Japan,1965,Average hours,2183.09,-0.008547124996026056,PWT
08_JPN,Japan,1966,Average hours,2191.09,0.003664530550733236,PWT
08_JPN,Japan,1967,Average hours,2205.02,0.006357566325436048,PWT
08_JPN,Japan,1968,Average hours,2208.87,0.0017460159091526872,PWT
08_JPN,Japan,1969,Average hours,2195.24,-0.0061705759053272136,PWT
08_JPN,Japan,1970,Average hours,2185.23,-0.004559865891656356,PWT
08_JPN,Japan,1971,Average hours,2177.13,-0.0037067036421795097,PWT
08_JPN,Japan,1972,Average hours,2179.55,0.0011115551207323549,PWT
08_JPN,Japan,1973,Average hours,2165.11,-0.006625220802459197,PWT
08_JPN,Japan,1974,Average hours,2104.96,-0.02778149839961941,PWT
08_JPN,Japan,1975,Average hours,2075.87,-0.013819740042566253,PWT
08_JPN,Japan,1976,Average hours,2103.72,0.013416061699432102,PWT
08_JPN,Japan,1977,Average hours,2110.37,0.003161067062156686,PWT
08_JPN,Japan,1978,Average hours,2114.44,0.0019285717670360913,PWT
08_JPN,Japan,1979,Average hours,2119.27,0.002284292767825047,PWT
08_JPN,Japan,1980,Average hours,2120.53,0.0005945443478179158,PWT
08_JPN,Japan,1981,Average hours,2110.79,-0.004593191324810397,PWT
08_JPN,Japan,1982,Average hours,2105.62,-0.0024493199228725615,PWT
08_JPN,Japan,1983,Average hours,2102.05,-0.00169546261908593,PWT
08_JPN,Japan,1984,Average hours,2114.67,0.006003663090792255,PWT
08_JPN,Japan,1985,Average hours,2097.38,-0.008176216620087273,PWT
08_JPN,Japan,1986,Average hours,2095.29,-0.000996481324318954,PWT
08_JPN,Japan,1987,Average hours,2100.66,0.002562891055653438,PWT
08_JPN,Japan,1988,Average hours,2102.84,0.0010377690820981833,PWT
08_JPN,Japan,1989,Average hours,2076.7,-0.012430807859846849,PWT
08_JPN,Japan,1990,Average hours,2049.07,-0.013304762363364753,PWT
08_JPN,Japan,1991,Average hours,2002.95,-0.022507771818434774,PWT
08_JPN,Japan,1992,Average hours,1960.31,-0.021288599316008905,PWT
08_JPN,Japan,1993,Average hours,1906.05,-0.027679295621610867,PWT
08_JPN,Japan,1994,Average hours,1897.0,-0.0047480391385325005,PWT
08_JPN,Japan,1995,Average hours,1899.48,0.0013073273589878642,PWT
08_JPN,Japan,1996,Average hours,1902.66,0.0016741423968664737,PWT
08_JPN,Japan,1997,Average hours,1875.14,-0.014463960980942492,PWT
08_JPN,Japan,1998,Average hours,1854.67,-0.010916518233305306,PWT
08_JPN,Japan,1999,Average hours,1839.17,-0.008357281888422219,PWT
08_JPN,Japan,2000,Average hours,1846.72,0.0041051126323286,PWT
08_JPN,Japan,2001,Average hours,1831.42,-0.008284959279154402,PWT
08_JPN,Japan,2002,Average hours,1819.0,-0.006781623002915849,PWT
08_JPN,Japan,2003,Average hours,1822.58,0.0019681143485430486,PWT
08_JPN,Japan,2004,Average hours,1831.02,0.004630798099397593,PWT
08_JPN,Japan,2005,Average hours,1818.7,-0.006728490131183706,PWT
08_JPN,Japan,2006,Average hours,1827.1,0.004618683675152502,PWT
08_JPN,Japan,2007,Average hours,1818.5,-0.004706912593727686,PWT
08_JPN,Japan,2008,Average hours,1798.4,-0.011053065713500065,PWT
08_JPN,Japan,2009,Average hours,1754.0,-0.024688612099644125,PWT
08_JPN,Japan,2010,Average hours,1773.4,0.011060433295325023,PWT
08_JPN,Japan,2011,Average hours,1769.3,-0.002311943160031693,PWT
08_JPN,Japan,2012,Average hours,1781.3,0.0067823432996099164,PWT
08_JPN,Japan,2013,Average hours,1762.9,-0.010329534609554769,PWT
08_JPN,Japan,2014,Average hours,1759.6,-0.0018719155936242071,PWT
08_JPN,Japan,2015,Average hours,1752.2,-0.004205501250284072,PWT
08_JPN,Japan,2016,Average hours,1745.5,-0.003823764410455399,PWT
08_JPN,Japan,2017,Average hours,1745.3,-0.00011458034947009477,PWT
08_JPN,Japan,2018,Average hours,1724.6,-0.011860425141809405,PWT
08_JPN,Japan,2019,Average hours,1687.8,-0.021338281340600673,PWT
08_JPN,Japan,2020,Average hours,1646.4,-0.02452897262708842,PWT
08_JPN,Japan,2021,Average hours,1650.9,0.0027332361516034798,PWT
08_JPN,Japan,2022,Average hours,1652.13,0.000745048155551542,PWT
08_JPN,Japan,2023,Average hours,1653.9,0.001071344264676588,PWT
08_JPN,Japan,1950,Capital stock,914236.875,,PWT
08_JPN,Japan,1951,Capital stock,962466.3125,0.05275376526460929,PWT
08_JPN,Japan,1952,Capital stock,998158.3125,0.0370838953389343,PWT
08_JPN,Japan,1953,Capital stock,1030681.9375,0.03258363387120511,PWT
08_JPN,Japan,1954,Capital stock,1071135.25,0.0392490748388612,PWT
08_JPN,Japan,1955,Capital stock,1122651.75,0.048095233538435034,PWT
08_JPN,Japan,1956,Capital stock,1186485.125,0.05685946242902129,PWT
08_JPN,Japan,1957,Capital stock,1269719.5,0.07015205942847369,PWT
08_JPN,Japan,1958,Capital stock,1349985.125,0.06321524163407743,PWT
08_JPN,Japan,1959,Capital stock,1450255.75,0.07427535544141639,PWT
08_JPN,Japan,1960,Capital stock,1594797.875,0.09966664500382083,PWT
08_JPN,Japan,1961,Capital stock,1780165.0,0.11623236267479986,PWT
08_JPN,Japan,1962,Capital stock,1975239.875,0.1095824684790454,PWT
08_JPN,Japan,1963,Capital stock,2191594.25,0.10953321555438933,PWT
08_JPN,Japan,1964,Capital stock,2445867.25,0.11602193243571435,PWT
08_JPN,Japan,1965,Capital stock,2701312.25,0.10443943758599317,PWT
08_JPN,Japan,1966,Capital stock,2993805.25,0.10827811557142275,PWT
08_JPN,Japan,1967,Capital stock,3355750.75,0.12089814459374071,PWT
08_JPN,Japan,1968,Capital stock,3800411.75,0.13250715953799608,PWT
08_JPN,Japan,1969,Capital stock,4324171.0,0.13781644844140906,PWT
08_JPN,Japan,1970,Capital stock,4946291.5,0.14387046673223614,PWT
08_JPN,Japan,1971,Capital stock,5565740.0,0.12523493611324765,PWT
08_JPN,Japan,1972,Capital stock,6228237.5,0.11903134174431429,PWT
08_JPN,Japan,1973,Capital stock,6950573.0,0.11597751370271281,PWT
08_JPN,Japan,1974,Capital stock,7544953.0,0.0855152517641351,PWT
08_JPN,Japan,1975,Capital stock,8109966.5,0.07488628491125127,PWT
08_JPN,Japan,1976,Capital stock,8684773.0,0.07087655664175685,PWT
08_JPN,Japan,1977,Capital stock,9251136.0,0.06521333372789373,PWT
08_JPN,Japan,1978,Capital stock,9869457.0,0.06683730516987318,PWT
08_JPN,Japan,1979,Capital stock,10512650.0,0.06517004937556337,PWT
08_JPN,Japan,1980,Capital stock,11087465.0,0.054678411247401915,PWT
08_JPN,Japan,1981,Capital stock,11661513.0,0.051774503910497094,PWT
08_JPN,Japan,1982,Capital stock,12206848.0,0.04676365751167966,PWT
08_JPN,Japan,1983,Capital stock,12716322.0,0.04173673662521238,PWT
08_JPN,Japan,1984,Capital stock,13244571.0,0.04154102105939117,PWT
08_JPN,Japan,1985,Capital stock,13826276.0,0.04392025985590631,PWT
08_JPN,Japan,1986,Capital stock,14438253.0,0.044261882230616445,PWT
08_JPN,Japan,1987,Capital stock,15114087.0,0.04680857164644503,PWT
08_JPN,Japan,1988,Capital stock,15918733.0,0.053238147960905646,PWT
08_JPN,Japan,1989,Capital stock,16801428.0,0.05545007884735553,PWT
08_JPN,Japan,1990,Capital stock,17753778.0,0.0566826819720323,PWT
08_JPN,Japan,1991,Capital stock,18690502.0,0.052761952976994486,PWT
08_JPN,Japan,1992,Capital stock,19540490.0,0.045477002169337144,PWT
08_JPN,Japan,1993,Capital stock,20300046.0,0.038870877854137786,PWT
08_JPN,Japan,1994,Capital stock,21011250.0,0.03503460041420592,PWT
08_JPN,Japan,1995,Capital stock,21740976.0,0.03473025165090138,PWT
08_JPN,Japan,1996,Capital stock,22544372.0,0.03695307883141963,PWT
08_JPN,Japan,1997,Capital stock,23267166.0,0.032060950733069804,PWT
08_JPN,Japan,1998,Capital stock,23885494.0,0.02657513166837777,PWT
08_JPN,Japan,1999,Capital stock,24457658.0,0.023954455369438854,PWT
08_JPN,Japan,2000,Capital stock,25005568.0,0.022402390286101692,PWT
08_JPN,Japan,2001,Capital stock,25493442.0,0.019510614595917186,PWT
08_JPN,Japan,2002,Capital stock,25875438.0,0.01498408884920277,PWT
08_JPN,Japan,2003,Capital stock,26226804.0,0.013579132457583798,PWT
08_JPN,Japan,2004,Capital stock,26562598.0,0.012803466255362217,PWT
08_JPN,Japan,2005,Capital stock,26921680.0,0.013518331301780151,PWT
08_JPN,Japan,2006,Capital stock,27265270.0,0.012762576481111232,PWT
08_JPN,Japan,2007,Capital stock,27554710.0,0.010615702686971318,PWT
08_JPN,Japan,2008,Capital stock,27765272.0,0.0076415973893393385,PWT
08_JPN,Japan,2009,Capital stock,27817134.0,0.0018678729313366116,PWT
08_JPN,Japan,2010,Capital stock,27857126.0,0.0014376750674602867,PWT
08_JPN,Japan,2011,Capital stock,27924010.0,0.0024009655554559917,PWT
08_JPN,Japan,2012,Capital stock,28024686.0,0.0036053561075217733,PWT
08_JPN,Japan,2013,Capital stock,28176042.0,0.005400809843150389,PWT
08_JPN,Japan,2014,Capital stock,28352516.0,0.006263264371908495,PWT
08_JPN,Japan,2015,Capital stock,28550418.0,0.006980050729889387,PWT
08_JPN,Japan,2016,Capital stock,28752612.0,0.007081997888787495,PWT
08_JPN,Japan,2017,Capital stock,28970244.0,0.007569121024552539,PWT
08_JPN,Japan,2018,Capital stock,29188046.0,0.007518127910831618,PWT
08_JPN,Japan,2019,Capital stock,29401234.0,0.007303949020773803,PWT
08_JPN,Japan,2020,Capital stock,29553106.0,0.005165497475378089,PWT
08_JPN,Japan,2021,Capital stock,29706136.0,0.005178135929265748,PWT
08_JPN,Japan,2022,Capital stock,29845872.0,0.004703943993254356,PWT
08_JPN,Japan,2023,Capital stock,29998940.0,0.00512861544135812,PWT
08_JPN,Japan,1950,Employment,37.316089630127,,PWT
08_JPN,Japan,1951,Employment,38.2412605285645,0.024792814777960137,PWT
08_JPN,Japan,1952,Employment,39.1478271484375,0.02370650463249846,PWT
08_JPN,Japan,1953,Employment,40.0189094543457,0.022251102279707835,PWT
08_JPN,Japan,1954,Employment,40.4956359863281,0.011912531812648508,PWT
08_JPN,Japan,1955,Employment,41.8603096008301,0.03369927601489553,PWT
08_JPN,Japan,1956,Employment,42.8568305969238,0.023805867792099145,PWT
08_JPN,Japan,1957,Employment,44.3096313476563,0.03389893117380405,PWT
08_JPN,Japan,1958,Employment,45.1014022827148,0.017869048127397313,PWT
08_JPN,Japan,1959,Employment,45.6220855712891,0.01154472504669446,PWT
08_JPN,Japan,1960,Employment,47.02001953125,0.030641605758607637,PWT
08_JPN,Japan,1961,Employment,48.1582870483398,0.0242081464116215,PWT
08_JPN,Japan,1962,Employment,49.3443870544434,0.024629198395553997,PWT
08_JPN,Japan,1963,Employment,50.1327743530273,0.015977243728127366,PWT
08_JPN,Japan,1964,Employment,51.1521949768066,0.020334414700465153,PWT
08_JPN,Japan,1965,Employment,52.0738410949707,0.018017723747377756,PWT
08_JPN,Japan,1966,Employment,53.2485618591309,0.022558750026098195,PWT
08_JPN,Japan,1967,Employment,54.6046981811523,0.025468036594284982,PWT
08_JPN,Japan,1968,Employment,55.1676368713379,0.010309345329920783,PWT
08_JPN,Japan,1969,Employment,56.0072250366211,0.015218853170044122,PWT
08_JPN,Japan,1970,Employment,56.3421287536621,0.005979652032787275,PWT
08_JPN,Japan,1971,Employment,56.7890892028809,0.00793297056937603,PWT
08_JPN,Japan,1972,Employment,57.0174560546875,0.004021315626153932,PWT
08_JPN,Japan,1973,Employment,58.438720703125,0.024926833759021383,PWT
08_JPN,Japan,1974,Employment,58.4776344299316,0.0006658894366335932,PWT
08_JPN,Japan,1975,Employment,58.3492622375488,-0.0021952357278852697,PWT
08_JPN,Japan,1976,Employment,58.8584365844727,0.008726320220656225,PWT
08_JPN,Japan,1977,Employment,59.4792976379395,0.010548378269880754,PWT
08_JPN,Japan,1978,Employment,59.867919921875,0.006533740299038193,PWT
08_JPN,Japan,1979,Employment,60.3315696716309,0.0077445441625656475,PWT
08_JPN,Japan,1980,Employment,60.7890777587891,0.007583228642123796,PWT
08_JPN,Japan,1981,Employment,61.2351951599121,0.007338775608559001,PWT
08_JPN,Japan,1982,Employment,61.5547790527344,0.0052189576923487024,PWT
08_JPN,Japan,1983,Employment,62.1243667602539,0.009253346633435688,PWT
08_JPN,Japan,1984,Employment,62.1679039001465,0.0007008061757896034,PWT
08_JPN,Japan,1985,Employment,62.2749061584473,0.0017211816964695092,PWT
08_JPN,Japan,1986,Employment,62.3766136169434,0.0016332013128581568,PWT
08_JPN,Japan,1987,Employment,62.385181427002,0.00013735612694865118,PWT
08_JPN,Japan,1988,Employment,63.0384483337402,0.010471507684923553,PWT
08_JPN,Japan,1989,Employment,63.6374549865723,0.009502242974966935,PWT
08_JPN,Japan,1990,Employment,64.284797668457,0.010172353404473755,PWT
08_JPN,Japan,1991,Employment,65.5926971435547,0.020345393040561044,PWT
08_JPN,Japan,1992,Employment,66.3317489624023,0.011267288143832932,PWT
08_JPN,Japan,1993,Employment,66.5837020874023,0.0037983790408242513,PWT
08_JPN,Japan,1994,Employment,66.6553344726563,0.001075824608850695,PWT
08_JPN,Japan,1995,Employment,66.8673934936523,0.003181426103007423,PWT
08_JPN,Japan,1996,Employment,66.9127349853516,0.0006780807405570854,PWT
08_JPN,Japan,1997,Employment,67.3798828125,0.0069814487070460896,PWT
08_JPN,Japan,1998,Employment,66.5859985351563,-0.011782215168774646,PWT
08_JPN,Japan,1999,Employment,65.6704330444336,-0.013750120308540725,PWT
08_JPN,Japan,2000,Employment,65.2610778808594,-0.006233477450913294,PWT
08_JPN,Japan,2001,Employment,64.7689666748047,-0.007540653970703581,PWT
08_JPN,Japan,2002,Employment,63.7553253173828,-0.015650108523596606,PWT
08_JPN,Japan,2003,Employment,63.5438690185547,-0.0033166844930276884,PWT
08_JPN,Japan,2004,Employment,63.6831855773926,0.002192446903055645,PWT
08_JPN,Japan,2005,Employment,63.9229202270508,0.0037644889696488715,PWT
08_JPN,Japan,2006,Employment,64.2040176391602,0.004397443219285924,PWT
08_JPN,Japan,2007,Employment,64.4457550048828,0.003765143905498425,PWT
08_JPN,Japan,2008,Employment,64.2170867919922,-0.003548227697437456,PWT
08_JPN,Japan,2009,Employment,63.2816162109375,-0.014567315768851619,PWT
08_JPN,Japan,2010,Employment,62.9963493347168,-0.0045078949195895834,PWT
08_JPN,Japan,2011,Employment,62.8651466369629,-0.002082703190573576,PWT
08_JPN,Japan,2012,Employment,62.7342987060547,-0.0020814065966285877,PWT
08_JPN,Japan,2013,Employment,63.2569694519043,0.008331498982695251,PWT
08_JPN,Japan,2014,Employment,63.7834243774414,0.008322480986658443,PWT
08_JPN,Japan,2015,Employment,64.1638793945313,0.005964794471343238,PWT
08_JPN,Japan,2016,Employment,64.8264923095703,0.010326883618814842,PWT
08_JPN,Japan,2017,Employment,65.4842681884766,0.010146714028042458,PWT
08_JPN,Japan,2018,Employment,66.5834808349609,0.01678590410937386,PWT
08_JPN,Japan,2019,Employment,67.2273101806641,0.009669505673622902,PWT
08_JPN,Japan,2020,Employment,66.7847595214844,-0.006582899984997281,PWT
08_JPN,Japan,2021,Employment,67.1171569824219,0.0049771454343647825,PWT
08_JPN,Japan,2022,Employment,67.6910705566406,0.008550922000003736,PWT
08_JPN,Japan,2023,Employment,67.9327163696289,0.003569832933667527,PWT
08_JPN,Japan,1950,Real GDP (PWT),298069.40625,,PWT
08_JPN,Japan,1951,Real GDP (PWT),324736.5,0.0894660545189716,PWT
08_JPN,Japan,1952,Real GDP (PWT),364884.53125,0.1236326413877098,PWT
08_JPN,Japan,1953,Real GDP (PWT),389346.0625,0.06703910183915207,PWT
08_JPN,Japan,1954,Real GDP (PWT),408716.5625,0.04975136996537621,PWT
08_JPN,Japan,1955,Real GDP (PWT),437435.6875,0.07026660437818699,PWT
08_JPN,Japan,1956,Real GDP (PWT),470216.1875,0.07493787301018973,PWT
08_JPN,Japan,1957,Real GDP (PWT),506968.21875,0.07815985971346429,PWT
08_JPN,Japan,1958,Real GDP (PWT),538460.8125,0.06211946347968178,PWT
08_JPN,Japan,1959,Real GDP (PWT),589157.8125,0.09415169836523618,PWT
08_JPN,Japan,1960,Real GDP (PWT),666101.9375,0.13060019466346295,PWT
08_JPN,Japan,1961,Real GDP (PWT),745055.9375,0.11853140721422983,PWT
08_JPN,Japan,1962,Real GDP (PWT),809106.0,0.0859667835342901,PWT
08_JPN,Japan,1963,Real GDP (PWT),880205.1875,0.08787376128714897,PWT
08_JPN,Japan,1964,Real GDP (PWT),978661.9375,0.11185658912059071,PWT
08_JPN,Japan,1965,Real GDP (PWT),1034181.625,0.05673020005439833,PWT
08_JPN,Japan,1966,Real GDP (PWT),1140168.875,0.10248417438281221,PWT
08_JPN,Japan,1967,Real GDP (PWT),1266544.375,0.11083928247032704,PWT
08_JPN,Japan,1968,Real GDP (PWT),1417376.25,0.11908929365384457,PWT
08_JPN,Japan,1969,Real GDP (PWT),1586797.5,0.1195315993195174,PWT
08_JPN,Japan,1970,Real GDP (PWT),1749957.375,0.10282337538343733,PWT
08_JPN,Japan,1971,Real GDP (PWT),1832187.75,0.04698993025472986,PWT
08_JPN,Japan,1972,Real GDP (PWT),1986339.75,0.08413548229432277,PWT
08_JPN,Japan,1973,Real GDP (PWT),2145894.5,0.080326011700667,PWT
08_JPN,Japan,1974,Real GDP (PWT),2119602.25,-0.012252349777680083,PWT
08_JPN,Japan,1975,Real GDP (PWT),2185131.25,0.030915706000972598,PWT
08_JPN,Japan,1976,Real GDP (PWT),2271989.75,0.03974978619705327,PWT
08_JPN,Japan,1977,Real GDP (PWT),2371737.75,0.04390336708165177,PWT
08_JPN,Japan,1978,Real GDP (PWT),2496774.5,0.052719466981541174,PWT
08_JPN,Japan,1979,Real GDP (PWT),2633698.75,0.054840455155241274,PWT
08_JPN,Japan,1980,Real GDP (PWT),2707905.75,0.02817596355695584,PWT
08_JPN,Japan,1981,Real GDP (PWT),2823279.25,0.042606172685293764,PWT
08_JPN,Japan,1982,Real GDP (PWT),2915875.5,0.03279741102478617,PWT
08_JPN,Japan,1983,Real GDP (PWT),3021727.75,0.036302047189600506,PWT
08_JPN,Japan,1984,Real GDP (PWT),3155012.5,0.04410878842410604,PWT
08_JPN,Japan,1985,Real GDP (PWT),3317805.25,0.05159813154464521,PWT
08_JPN,Japan,1986,Real GDP (PWT),3427094.75,0.03294029991663927,PWT
08_JPN,Japan,1987,Real GDP (PWT),3586416.0,0.04648872051173947,PWT
08_JPN,Japan,1988,Real GDP (PWT),3825329.5,0.06661622633849507,PWT
08_JPN,Japan,1989,Real GDP (PWT),4013757.75,0.049258044307032955,PWT
08_JPN,Japan,1990,Real GDP (PWT),4208061.0,0.04840931169799667,PWT
08_JPN,Japan,1991,Real GDP (PWT),4356325.5,0.03523344837444142,PWT
08_JPN,Japan,1992,Real GDP (PWT),4395558.0,0.009005869740449812,PWT
08_JPN,Japan,1993,Real GDP (PWT),4375373.0,-0.0045921359699951925,PWT
08_JPN,Japan,1994,Real GDP (PWT),4422775.0,0.010833819196671923,PWT
08_JPN,Japan,1995,Real GDP (PWT),4539138.0,0.02630995246197232,PWT
08_JPN,Japan,1996,Real GDP (PWT),4681389.0,0.0313387696077978,PWT
08_JPN,Japan,1997,Real GDP (PWT),4727324.0,0.00981225871210456,PWT
08_JPN,Japan,1998,Real GDP (PWT),4667271.5,-0.012703275679856074,PWT
08_JPN,Japan,1999,Real GDP (PWT),4651686.0,-0.003339317200638514,PWT
08_JPN,Japan,2000,Real GDP (PWT),4780288.5,0.02764642755336455,PWT
08_JPN,Japan,2001,Real GDP (PWT),4798745.5,0.00386106403410591,PWT
08_JPN,Japan,2002,Real GDP (PWT),4800759.0,0.00041958882795523067,PWT
08_JPN,Japan,2003,Real GDP (PWT),4874457.0,0.015351322572118242,PWT
08_JPN,Japan,2004,Real GDP (PWT),4981018.0,0.021861101657066673,PWT
08_JPN,Japan,2005,Real GDP (PWT),5070871.0,0.018039083576891324,PWT
08_JPN,Japan,2006,Real GDP (PWT),5140460.5,0.01372338203831247,PWT
08_JPN,Japan,2007,Real GDP (PWT),5216743.5,0.014839721071682188,PWT
08_JPN,Japan,2008,Real GDP (PWT),5152876.0,-0.012242790928862046,PWT
08_JPN,Japan,2009,Real GDP (PWT),4859510.5,-0.05693238106253673,PWT
08_JPN,Japan,2010,Real GDP (PWT),5058649.0,0.04097912742445975,PWT
08_JPN,Japan,2011,Real GDP (PWT),5059853.5,0.00023810705190263626,PWT
08_JPN,Japan,2012,Real GDP (PWT),5129414.0,0.013747532413734831,PWT
08_JPN,Japan,2013,Real GDP (PWT),5232263.5,0.020050925895238825,PWT
08_JPN,Japan,2014,Real GDP (PWT),5247762.0,0.002962102348247564,PWT
08_JPN,Japan,2015,Real GDP (PWT),5329660.0,0.015606271778331404,PWT
08_JPN,Japan,2016,Real GDP (PWT),5369836.5,0.007538285744306483,PWT
08_JPN,Japan,2017,Real GDP (PWT),5459799.0,0.016753303382700757,PWT
08_JPN,Japan,2018,Real GDP (PWT),5494927.5,0.006434028065868347,PWT
08_JPN,Japan,2019,Real GDP (PWT),5472828.0,-0.004021800105642903,PWT
08_JPN,Japan,2020,Real GDP (PWT),5245863.5,-0.041471155314948716,PWT
08_JPN,Japan,2021,Real GDP (PWT),5380121.5,0.025593117319960834,PWT
08_JPN,Japan,2022,Real GDP (PWT),5431488.0,0.009547460963474474,PWT
08_JPN,Japan,2023,Real GDP (PWT),5522683.5,0.016790150323447328,PWT
08_JPN,Japan,1950,TFP,,,PWT
08_JPN,Japan,1951,TFP,,,PWT
08_JPN,Japan,1952,TFP,,,PWT
08_JPN,Japan,1953,TFP,,,PWT
08_JPN,Japan,1954,TFP,0.600435674190521,,PWT
08_JPN,Japan,1955,TFP,0.608387589454651,0.013243575633393734,PWT
08_JPN,Japan,1956,TFP,0.616238236427307,0.012904022219935918,PWT
08_JPN,Japan,1957,TFP,0.622264325618744,0.009778830386075521,PWT
08_JPN,Japan,1958,TFP,0.626826405525208,0.007331418046386817,PWT
08_JPN,Japan,1959,TFP,0.649078786373138,0.035500069320285155,PWT
08_JPN,Japan,1960,TFP,0.680541515350342,0.048472896723383174,PWT
08_JPN,Japan,1961,TFP,0.703593373298645,0.033872816614921586,PWT
08_JPN,Japan,1962,TFP,0.713529050350189,0.014121334038384559,PWT
08_JPN,Japan,1963,TFP,0.726276278495789,0.017865044372536554,PWT
08_JPN,Japan,1964,TFP,0.750613629817963,0.03350977037633629,PWT
08_JPN,Japan,1965,TFP,0.748919606208801,-0.0022568516502594616,PWT
08_JPN,Japan,1966,TFP,0.770209908485413,0.028428020978631174,PWT
08_JPN,Japan,1967,TFP,0.790833055973053,0.02677600905991273,PWT
08_JPN,Japan,1968,TFP,0.821883261203766,0.03926265473628732,PWT
08_JPN,Japan,1969,TFP,0.853713393211365,0.03872828844449172,PWT
08_JPN,Japan,1970,TFP,0.872499406337738,0.022005058460787152,PWT
08_JPN,Japan,1971,TFP,0.855281591415405,-0.019733898725047494,PWT
08_JPN,Japan,1972,TFP,0.872808933258057,0.02049306569739917,PWT
08_JPN,Japan,1973,TFP,0.883806467056274,0.012600161821402223,PWT
08_JPN,Japan,1974,TFP,0.851963996887207,-0.03602878158962308,PWT
08_JPN,Japan,1975,TFP,0.858355760574341,0.007502387085002837,PWT
08_JPN,Japan,1976,TFP,0.854304432868958,-0.00471987011850683,PWT
08_JPN,Japan,1977,TFP,0.858650505542755,0.005087264570548866,PWT
08_JPN,Japan,1978,TFP,0.870685756206513,0.014016471877752457,PWT
08_JPN,Japan,1979,TFP,0.883068859577179,0.014222241816172376,PWT
08_JPN,Japan,1980,TFP,0.875990688800812,-0.008015423372256691,PWT
08_JPN,Japan,1981,TFP,0.886861205101013,0.012409397085124452,PWT
08_JPN,Japan,1982,TFP,0.89205527305603,0.005856686395957045,PWT
08_JPN,Japan,1983,TFP,0.899385809898377,0.00821758142545792,PWT
08_JPN,Japan,1984,TFP,0.912514090538025,0.01459693992851796,PWT
08_JPN,Japan,1985,TFP,0.939042687416077,0.02907198601438643,PWT
08_JPN,Japan,1986,TFP,0.945372641086578,0.006740858275483541,PWT
08_JPN,Japan,1987,TFP,0.961629331111908,0.0171960656769643,PWT
08_JPN,Japan,1988,TFP,0.987880289554596,0.027298416961070382,PWT
08_JPN,Japan,1989,TFP,1.00477111339569,0.0170980472226141,PWT
08_JPN,Japan,1990,TFP,1.02125227451324,0.016402901016780547,PWT
08_JPN,Japan,1991,TFP,1.02722775936127,0.005851134922444157,PWT
08_JPN,Japan,1992,TFP,1.0161464214325,-0.010787615334364009,PWT
08_JPN,Japan,1993,TFP,1.00513887405396,-0.01083263902363818,PWT
08_JPN,Japan,1994,TFP,0.999962449073792,-0.005149959984425134,PWT
08_JPN,Japan,1995,TFP,1.00339877605438,0.0034364560226947116,PWT
08_JPN,Japan,1996,TFP,1.00965857505798,0.006238595414890913,PWT
08_JPN,Japan,1997,TFP,1.00203275680542,-0.007552868307112881,PWT
08_JPN,Japan,1998,TFP,0.984723806381226,-0.017273836914649898,PWT
08_JPN,Japan,1999,TFP,0.977458655834198,-0.0073778561053853275,PWT
08_JPN,Japan,2000,TFP,0.989585041999817,0.012406034867295634,PWT
08_JPN,Japan,2001,TFP,0.98855996131897,-0.0010358692152172555,PWT
08_JPN,Japan,2002,TFP,0.990958333015442,0.0024261266795309044,PWT
08_JPN,Japan,2003,TFP,0.996456146240234,0.005547976177830316,PWT
08_JPN,Japan,2004,TFP,1.00392937660217,0.007499808586793666,PWT
08_JPN,Japan,2005,TFP,1.01189315319061,0.007932606390494978,PWT
08_JPN,Japan,2006,TFP,1.00951302051544,-0.002352158098575141,PWT
08_JPN,Japan,2007,TFP,1.01439166069031,0.0048326669153599955,PWT
08_JPN,Japan,2008,TFP,1.00160491466522,-0.01260533433051736,PWT
08_JPN,Japan,2009,TFP,0.962928235530853,-0.038614705826692464,PWT
08_JPN,Japan,2010,TFP,0.995153784751892,0.03346620031686287,PWT
08_JPN,Japan,2011,TFP,0.994750142097473,-0.00040560831964231436,PWT
08_JPN,Japan,2012,TFP,1.00146508216858,0.006750378599542861,PWT
08_JPN,Japan,2013,TFP,1.01748061180115,0.015992099892179645,PWT
08_JPN,Japan,2014,TFP,1.01058149337769,-0.006780589569414075,PWT
08_JPN,Japan,2015,TFP,1.01847016811371,0.00780607480714246,PWT
08_JPN,Japan,2016,TFP,1.01634430885315,-0.002087306361164498,PWT
08_JPN,Japan,2017,TFP,1.02103507518768,0.0046153319241026836,PWT
08_JPN,Japan,2018,TFP,1.01808106899261,-0.0028931485968068937,PWT
08_JPN,Japan,2019,TFP,1.01419842243195,-0.0038136909514503436,PWT
08_JPN,Japan,2020,TFP,0.985454976558685,-0.02834104770577439,PWT
08_JPN,Japan,2021,TFP,1.0,0.01475970367728796,PWT
08_JPN,Japan,2022,TFP,0.997666299343109,-0.00233370065689098,PWT
08_JPN,Japan,2023,TFP,1.00498747825623,0.00733830431873006,PWT
08_JPN,Japan,1950,delta,0.027380870655179,,PWT
08_JPN,Japan,1951,delta,0.0273974258452654,0.0006046261382586238,PWT
08_JPN,Japan,1952,delta,0.0275698937475681,0.00629504039090234,PWT
08_JPN,Japan,1953,delta,0.0276232827454805,0.0019364963246224498,PWT
08_JPN,Japan,1954,delta,0.0276936553418636,0.0025475826689937975,PWT
08_JPN,Japan,1955,delta,0.0278505738824606,0.0056662271072533965,PWT
08_JPN,Japan,1956,delta,0.0281527154147625,0.010848664504259142,PWT
08_JPN,Japan,1957,delta,0.0286953244358301,0.019273772105942832,PWT
08_JPN,Japan,1958,delta,0.0292270835489035,0.01853121104319788,PWT
08_JPN,Japan,1959,delta,0.02972611784935,0.01707437896126396,PWT
08_JPN,Japan,1960,delta,0.0305130165070295,0.026471625446264024,PWT
08_JPN,Japan,1961,delta,0.0316273905336857,0.03652126712544046,PWT
08_JPN,Japan,1962,delta,0.0326567478477955,0.032546387695610024,PWT
08_JPN,Japan,1963,delta,0.0333456434309483,0.021095045543529256,PWT
08_JPN,Japan,1964,delta,0.033788688480854,0.013286444774207151,PWT
08_JPN,Japan,1965,delta,0.0338320657610893,0.0012837811168633362,PWT
08_JPN,Japan,1966,delta,0.0337140150368214,-0.0034893146963455024,PWT
08_JPN,Japan,1967,delta,0.0337720923125744,0.0017226448908433944,PWT
08_JPN,Japan,1968,delta,0.0339403972029686,0.004983549400388476,PWT
08_JPN,Japan,1969,delta,0.0341659151017666,0.006644527388685928,PWT
08_JPN,Japan,1970,delta,0.0345389321446419,0.010917812145942118,PWT
08_JPN,Japan,1971,delta,0.0348327867686749,0.008507924414177026,PWT
08_JPN,Japan,1972,delta,0.0348666347563267,0.0009717278114034222,PWT
08_JPN,Japan,1973,delta,0.0348135083913803,-0.0015237021099880899,PWT
08_JPN,Japan,1974,delta,0.0346004143357277,-0.006121016395617462,PWT
08_JPN,Japan,1975,delta,0.0342180728912354,-0.011050198439314651,PWT
08_JPN,Japan,1976,delta,0.0338325165212154,-0.011267623727540754,PWT
08_JPN,Japan,1977,delta,0.0335206910967827,-0.009216737520460927,PWT
08_JPN,Japan,1978,delta,0.0333366692066193,-0.0054898000053782425,PWT
08_JPN,Japan,1979,delta,0.0333276242017746,-0.0002713229923673177,PWT
08_JPN,Japan,1980,delta,0.0334431938827038,0.0034676843518612888,PWT
08_JPN,Japan,1981,delta,0.033580157905817,0.0040954229310026236,PWT
08_JPN,Japan,1982,delta,0.0336797498166561,0.0029657963824478717,PWT
08_JPN,Japan,1983,delta,0.0337516814470291,0.00213575310875469,PWT
08_JPN,Japan,1984,delta,0.0338934026658535,0.004198938030593347,PWT
08_JPN,Japan,1985,delta,0.0341413021087647,0.007314091339697404,PWT
08_JPN,Japan,1986,delta,0.0344143733382225,0.00799826639850676,PWT
08_JPN,Japan,1987,delta,0.0346762910485268,0.007610706948814272,PWT
08_JPN,Japan,1988,delta,0.035078264772892,0.011592177600616704,PWT
08_JPN,Japan,1989,delta,0.0356890074908733,0.017410858887560332,PWT
08_JPN,Japan,1990,delta,0.0363697223365307,0.019073515726977686,PWT
08_JPN,Japan,1991,delta,0.0370124839246273,0.017672985846553857,PWT
08_JPN,Japan,1992,delta,0.0375156663358212,0.013594937649107575,PWT
08_JPN,Japan,1993,delta,0.0377857238054276,0.007198525202484207,PWT
08_JPN,Japan,1994,delta,0.0378711372613907,0.0022604689644936116,PWT
08_JPN,Japan,1995,delta,0.0379368178546429,0.001734317952980069,PWT
08_JPN,Japan,1996,delta,0.0380612425506115,0.0032797873676526645,PWT
08_JPN,Japan,1997,delta,0.0382396131753922,0.00468641097419531,PWT
08_JPN,Japan,1998,delta,0.0384013913571835,0.004230643784216115,PWT
08_JPN,Japan,1999,delta,0.0384957976639271,0.0024584084952938845,PWT
08_JPN,Japan,2000,delta,0.0385910198092461,0.00247357247017721,PWT
08_JPN,Japan,2001,delta,0.0387177057564259,0.0032827830880346465,PWT
08_JPN,Japan,2002,delta,0.0388035699725151,0.0022176989677378245,PWT
08_JPN,Japan,2003,delta,0.038854394108057,0.0013097798882397704,PWT
08_JPN,Japan,2004,delta,0.0389457792043686,0.0023519887109151316,PWT
08_JPN,Japan,2005,delta,0.0391341112554073,0.004835749980772519,PWT
08_JPN,Japan,2006,delta,0.0393952950835228,0.0066740707719383785,PWT
08_JPN,Japan,2007,delta,0.0396806225180626,0.007242677937425501,PWT
08_JPN,Japan,2008,delta,0.0399439260363579,0.00663556924227815,PWT
08_JPN,Japan,2009,delta,0.0399823859333992,0.0009628471924940651,PWT
08_JPN,Japan,2010,delta,0.0398728065192699,-0.0027406922216155483,PWT
08_JPN,Japan,2011,delta,0.0397943407297134,-0.001967902347645878,PWT
08_JPN,Japan,2012,delta,0.0397838242352009,-0.00026427110789251085,PWT
08_JPN,Japan,2013,delta,0.0398454330861568,0.0015485904671121986,PWT
08_JPN,Japan,2014,delta,0.0399711355566978,0.003154752271588901,PWT
08_JPN,Japan,2015,delta,0.040183711796999,0.005318243711131654,PWT
08_JPN,Japan,2016,delta,0.0403667017817497,0.004553834789457367,PWT
08_JPN,Japan,2017,delta,0.0405171029269695,0.0037258715372134876,PWT
08_JPN,Japan,2018,delta,0.0407153479754925,0.004892873236280737,PWT
08_JPN,Japan,2019,delta,0.040942057967186,0.00556817030840473,PWT
08_JPN,Japan,2020,delta,0.0410886630415916,0.0035807939728653704,PWT
08_JPN,Japan,2021,delta,0.0411919094622135,0.002512771479505016,PWT
08_JPN,Japan,2022,delta,0.0413820780813694,0.004616649765419201,PWT
08_JPN,Japan,2023,delta,0.0416398905217648,0.006230050600370074,PWT
08_JPN,Japan,1950,output_to_kstock,0.32603082899057206,,PWT
08_JPN,Japan,1951,output_to_kstock,0.3374003804418869,0.034872626881685465,PWT
08_JPN,Japan,1952,output_to_kstock,0.36555777443370235,0.08345394855494304,PWT
08_JPN,Japan,1953,output_to_kstock,0.3777557831704992,0.033368210416788946,PWT
08_JPN,Japan,1954,output_to_kstock,0.38157325370442247,0.010105657422060599,PWT
08_JPN,Japan,1955,output_to_kstock,0.3896450413051064,0.021153965909090022,PWT
08_JPN,Japan,1956,output_to_kstock,0.39631022554960393,0.017105784850161676,PWT
08_JPN,Japan,1957,output_to_kstock,0.3992757603155658,0.0074828620983706795,PWT
08_JPN,Japan,1958,output_to_kstock,0.39886425600430225,-0.0010306268302846533,PWT
08_JPN,Japan,1959,output_to_kstock,0.40624407970801013,0.018502093362881444,PWT
08_JPN,Japan,1960,output_to_kstock,0.4176716986784297,0.028129933557759612,PWT
08_JPN,Japan,1961,output_to_kstock,0.4185319549030567,0.0020596469125129246,PWT
08_JPN,Japan,1962,output_to_kstock,0.40962417286153663,-0.021283397688435457,PWT
08_JPN,Japan,1963,output_to_kstock,0.40162780473620974,-0.019521231057889388,PWT
08_JPN,Japan,1964,output_to_kstock,0.4001288040060228,-0.0037323131329801695,PWT
08_JPN,Japan,1965,output_to_kstock,0.3828441621289801,-0.04319769460231748,PWT
08_JPN,Japan,1966,output_to_kstock,0.3808427001054928,-0.0052278765656428305,PWT
08_JPN,Japan,1967,output_to_kstock,0.3774250441574065,-0.00897393056802609,PWT
08_JPN,Japan,1968,output_to_kstock,0.37295333854285656,-0.011847930294432207,PWT
08_JPN,Japan,1969,output_to_kstock,0.36695993289812084,-0.016070121984032126,PWT
08_JPN,Japan,1970,output_to_kstock,0.3537918003821651,-0.03588438773671676,PWT
08_JPN,Japan,1971,output_to_kstock,0.3291903232993277,-0.069536594845508,PWT
08_JPN,Japan,1972,output_to_kstock,0.31892485634981005,-0.03118398756874574,PWT
08_JPN,Japan,1973,output_to_kstock,0.30873634447116804,-0.031946434013493175,PWT
08_JPN,Japan,1974,output_to_kstock,0.28092981493721697,-0.09006561757923459,PWT
08_JPN,Japan,1975,output_to_kstock,0.26943776524847546,-0.040907191325740166,PWT
08_JPN,Japan,1976,output_to_kstock,0.26160611797222566,-0.02906662794292203,PWT
08_JPN,Japan,1977,output_to_kstock,0.25637259575472676,-0.02000535101420886,PWT
08_JPN,Japan,1978,output_to_kstock,0.25297992584597107,-0.013233356313954392,PWT
08_JPN,Japan,1979,output_to_kstock,0.2505266274440793,-0.009697601079168283,PWT
08_JPN,Japan,1980,output_to_kstock,0.2442312782949033,-0.02512846324321827,PWT
08_JPN,Japan,1981,output_to_kstock,0.2421023112524078,-0.00871701224085153,PWT
08_JPN,Japan,1982,output_to_kstock,0.2388721068698488,-0.013342311214828873,PWT
08_JPN,Japan,1983,output_to_kstock,0.2376259228100704,-0.0052169509287135485,PWT
08_JPN,Japan,1984,output_to_kstock,0.23821175483902046,0.0024653540405956686,PWT
08_JPN,Japan,1985,output_to_kstock,0.23996376536964834,0.0073548449857643305,PWT
08_JPN,Japan,1986,output_to_kstock,0.2373621483153121,-0.010841707915062115,PWT
08_JPN,Japan,1987,output_to_kstock,0.23728962258851627,-0.0003055488303868037,PWT
08_JPN,Japan,1988,output_to_kstock,0.2403036409995695,0.012701855134557904,PWT
08_JPN,Japan,1989,output_to_kstock,0.23889384580882053,-0.005866724219761199,PWT
08_JPN,Japan,1990,output_to_kstock,0.23702340989055964,-0.007829569288100191,PWT
08_JPN,Japan,1991,output_to_kstock,0.2330769660440367,-0.01665001717908432,PWT
08_JPN,Japan,1992,output_to_kstock,0.2249461502756584,-0.034884681684255736,PWT
08_JPN,Japan,1993,output_to_kstock,0.2155351273588247,-0.041836781404353984,PWT
08_JPN,Japan,1994,output_to_kstock,0.21049556785055626,-0.023381615655987953,PWT
08_JPN,Japan,1995,output_to_kstock,0.20878262319042162,-0.008137675665222388,PWT
08_JPN,Japan,1996,output_to_kstock,0.20765222468827252,-0.005414236514875603,PWT
08_JPN,Japan,1997,output_to_kstock,0.2031757541936994,-0.02155753689272144,PWT
08_JPN,Japan,1998,output_to_kstock,0.1954019246995687,-0.03826160028287351,PWT
08_JPN,Japan,1999,output_to_kstock,0.19019343552845494,-0.02665526032623189,PWT
08_JPN,Japan,2000,output_to_kstock,0.19116896284859436,0.005129132440501394,PWT
08_JPN,Japan,2001,output_to_kstock,0.188234507525504,-0.01535006142924178,PWT
08_JPN,Japan,2002,output_to_kstock,0.18553343908613257,-0.014349486047373405,PWT
08_JPN,Japan,2003,output_to_kstock,0.18585783460310298,0.0017484477114650954,PWT
08_JPN,Japan,2004,output_to_kstock,0.18751998580861706,0.00894313230896926,PWT
08_JPN,Japan,2005,output_to_kstock,0.18835641014973806,0.004460454375112111,PWT
08_JPN,Japan,2006,output_to_kstock,0.18853510344845292,0.0009486977298664989,PWT
08_JPN,Japan,2007,output_to_kstock,0.18932311390684206,0.004179648479120335,PWT
08_JPN,Japan,2008,output_to_kstock,0.1855870887920709,-0.019733592151930823,PWT
08_JPN,Japan,2009,output_to_kstock,0.174694866121003,-0.05869062735970487,PWT
08_JPN,Japan,2010,output_to_kstock,0.18159263809195536,0.039484686208091535,PWT
08_JPN,Japan,2011,output_to_kstock,0.18120081965305126,-0.0021576779930124745,PWT
08_JPN,Japan,2012,output_to_kstock,0.18303198829774578,0.010105741509341293,PWT
08_JPN,Japan,2013,output_to_kstock,0.1856990240147995,0.014571418591132534,PWT
08_JPN,Japan,2014,output_to_kstock,0.1850898170730245,-0.0032806146667010427,PWT
08_JPN,Japan,2015,output_to_kstock,0.18667537547086,0.00856642695373111,PWT
08_JPN,Japan,2016,output_to_kstock,0.18675995419129227,0.0004530791499357534,PWT
08_JPN,Japan,2017,output_to_kstock,0.1884623063582067,0.009115188394032137,PWT
08_JPN,Japan,2018,output_to_kstock,0.1882595189825314,-0.0010760102621787393,PWT
08_JPN,Japan,2019,output_to_kstock,0.18614279931243702,-0.011243626253452765,PWT
08_JPN,Japan,2020,output_to_kstock,0.17750633385201542,-0.04639698925944191,PWT
08_JPN,Japan,2021,output_to_kstock,0.18111145454932273,0.02030981441097679,PWT
08_JPN,Japan,2022,output_to_kstock,0.18198456389546935,0.004820840008818106,PWT
08_JPN,Japan,2023,output_to_kstock,0.18409595472373358,0.011602032518961192,PWT
09_ROK,Korea,1950,Average hours,,,PWT
09_ROK,Korea,1951,Average hours,,,PWT
09_ROK,Korea,1952,Average hours,,,PWT
09_ROK,Korea,1953,Average hours,2484.49,,PWT
09_ROK,Korea,1954,Average hours,2520.64,0.014550269874300303,PWT
09_ROK,Korea,1955,Average hours,2557.31,0.014547892598705037,PWT
09_ROK,Korea,1956,Average hours,2594.52,0.014550445585400196,PWT
09_ROK,Korea,1957,Average hours,2632.27,0.014549897476219043,PWT
09_ROK,Korea,1958,Average hours,2670.57,0.014550179122962303,PWT
09_ROK,Korea,1959,Average hours,2709.42,0.014547456161044137,PWT
09_ROK,Korea,1960,Average hours,2748.84,0.0145492393205926,PWT
09_ROK,Korea,1961,Average hours,2788.84,0.014551592671817826,PWT
09_ROK,Korea,1962,Average hours,2829.41,0.014547266964042294,PWT
09_ROK,Korea,1963,Average hours,2870.58,0.014550736726031355,PWT
09_ROK,Korea,1964,Average hours,2779.93,-0.031578984038069025,PWT
09_ROK,Korea,1965,Average hours,2900.8,0.04347951207404521,PWT
09_ROK,Korea,1966,Average hours,2882.67,-0.006250000000000089,PWT
09_ROK,Korea,1967,Average hours,2918.93,0.012578616352201255,PWT
09_ROK,Korea,1968,Average hours,2973.32,0.018633540372670954,PWT
09_ROK,Korea,1969,Average hours,3039.79,0.022355481414714884,PWT
09_ROK,Korea,1970,Average hours,2918.93,-0.03975932547972072,PWT
09_ROK,Korea,1971,Average hours,2913.09,-0.0020007331453647526,PWT
09_ROK,Korea,1972,Average hours,2907.23,-0.0020116096653381987,PWT
09_ROK,Korea,1973,Average hours,2901.45,-0.0019881467926514684,PWT
09_ROK,Korea,1974,Average hours,2895.65,-0.001999000499749992,PWT
09_ROK,Korea,1975,Average hours,2889.85,-0.0020030045067601643,PWT
09_ROK,Korea,1976,Average hours,2884.04,-0.0020104849732685004,PWT
09_ROK,Korea,1977,Average hours,2878.31,-0.001986796299635274,PWT
09_ROK,Korea,1978,Average hours,2872.53,-0.0020081228220726333,PWT
09_ROK,Korea,1979,Average hours,2866.86,-0.0019738697245982317,PWT
09_ROK,Korea,1980,Average hours,2860.94,-0.002064977013178204,PWT
09_ROK,Korea,1981,Average hours,2876.92,0.005585576768474709,PWT
09_ROK,Korea,1982,Average hours,2889.91,0.004515245470850804,PWT
09_ROK,Korea,1983,Average hours,2907.89,0.006221647040911327,PWT
09_ROK,Korea,1984,Average hours,2903.9,-0.001372128931974692,PWT
09_ROK,Korea,1985,Average hours,2878.92,-0.008602224594510877,PWT
09_ROK,Korea,1986,Average hours,2907.89,0.01006280132827575,PWT
09_ROK,Korea,1987,Average hours,2876.92,-0.01065033409104188,PWT
09_ROK,Korea,1988,Average hours,2830.97,-0.015971942215981083,PWT
09_ROK,Korea,1989,Average hours,2728.08,-0.036344433180146685,PWT
09_ROK,Korea,1990,Average hours,2674.14,-0.019772147444356514,PWT
09_ROK,Korea,1991,Average hours,2658.16,-0.005975752952351088,PWT
09_ROK,Korea,1992,Average hours,2636.18,-0.00826887771992657,PWT
09_ROK,Korea,1993,Average hours,2653.16,0.006441138313772132,PWT
09_ROK,Korea,1994,Average hours,2637.18,-0.006023006528064645,PWT
09_ROK,Korea,1995,Average hours,2645.17,0.0030297514769566103,PWT
09_ROK,Korea,1996,Average hours,2634.18,-0.004154742417311619,PWT
09_ROK,Korea,1997,Average hours,2579.24,-0.02085658535103907,PWT
09_ROK,Korea,1998,Average hours,2485.34,-0.03640607310680655,PWT
09_ROK,Korea,1999,Average hours,2492.34,0.002816516050117901,PWT
09_ROK,Korea,2000,Average hours,2509.32,0.006812874647921241,PWT
09_ROK,Korea,2001,Average hours,2496.33,-0.0051767012577113025,PWT
09_ROK,Korea,2002,Average hours,2461.37,-0.014004558692160107,PWT
09_ROK,Korea,2003,Average hours,2421.41,-0.01623486107330474,PWT
09_ROK,Korea,2004,Average hours,2389.45,-0.013198921289661825,PWT
09_ROK,Korea,2005,Average hours,2348.49,-0.017142020130155533,PWT
09_ROK,Korea,2006,Average hours,2343.5,-0.0021247695327635263,PWT
09_ROK,Korea,2007,Average hours,2303.54,-0.017051418818007313,PWT
09_ROK,Korea,2008,Average hours,2216.63,-0.03772888684372744,PWT
09_ROK,Korea,2009,Average hours,2167.46,-0.022182321812842076,PWT
09_ROK,Korea,2010,Average hours,2153.41,-0.006482241886816897,PWT
09_ROK,Korea,2011,Average hours,2126.32,-0.012580047459610388,PWT
09_ROK,Korea,2012,Average hours,2110.26,-0.0075529553406824546,PWT
09_ROK,Korea,2013,Average hours,2100.23,-0.0047529688284856375,PWT
09_ROK,Korea,2014,Average hours,2070.31,-0.014246058764992409,PWT
09_ROK,Korea,2015,Average hours,2077.29,0.0033714757693292796,PWT
09_ROK,Korea,2016,Average hours,2062.33,-0.0072016906642790035,PWT
09_ROK,Korea,2017,Average hours,2012.47,-0.024176538187389962,PWT
09_ROK,Korea,2018,Average hours,1987.54,-0.012387762302046745,PWT
09_ROK,Korea,2019,Average hours,1963.22,-0.012236231723638191,PWT
09_ROK,Korea,2020,Average hours,1904.34,-0.0299915445034179,PWT
09_ROK,Korea,2021,Average hours,1911.72,0.0038753583918837986,PWT
09_ROK,Korea,2022,Average hours,1881.03,-0.01605360617663676,PWT
09_ROK,Korea,2023,Average hours,1910.23,0.015523410046623498,PWT
09_ROK,Korea,1950,Capital stock,,,PWT
09_ROK,Korea,1951,Capital stock,,,PWT
09_ROK,Korea,1952,Capital stock,,,PWT
09_ROK,Korea,1953,Capital stock,186662.53125,,PWT
09_ROK,Korea,1954,Capital stock,184695.375,-0.010538570525250979,PWT
09_ROK,Korea,1955,Capital stock,183347.09375,-0.007300027139282683,PWT
09_ROK,Korea,1956,Capital stock,181791.921875,-0.00848211904095153,PWT
09_ROK,Korea,1957,Capital stock,183034.5,0.0068351668885178185,PWT
09_ROK,Korea,1958,Capital stock,183336.578125,0.0016503889977026454,PWT
09_ROK,Korea,1959,Capital stock,181973.59375,-0.007434328648103783,PWT
09_ROK,Korea,1960,Capital stock,181026.734375,-0.005203278978491932,PWT
09_ROK,Korea,1961,Capital stock,181622.078125,0.003288706234774841,PWT
09_ROK,Korea,1962,Capital stock,182051.1875,0.002362649846483267,PWT
09_ROK,Korea,1963,Capital stock,189762.984375,0.042360596384464655,PWT
09_ROK,Korea,1964,Capital stock,193574.0625,0.020083358920350625,PWT
09_ROK,Korea,1965,Capital stock,197572.375,0.020655207874247017,PWT
09_ROK,Korea,1966,Capital stock,209710.359375,0.06143563529567331,PWT
09_ROK,Korea,1967,Capital stock,222999.515625,0.06336909769076593,PWT
09_ROK,Korea,1968,Capital stock,242367.09375,0.0868503147673596,PWT
09_ROK,Korea,1969,Capital stock,261327.828125,0.07823147144949427,PWT
09_ROK,Korea,1970,Capital stock,278630.4375,0.06621035922253071,PWT
09_ROK,Korea,1971,Capital stock,296659.5,0.06470600506450408,PWT
09_ROK,Korea,1972,Capital stock,314503.53125,0.060149873002550036,PWT
09_ROK,Korea,1973,Capital stock,339852.53125,0.08060004890644601,PWT
09_ROK,Korea,1974,Capital stock,369699.9375,0.08782458126829096,PWT
09_ROK,Korea,1975,Capital stock,402465.5,0.08862744938927669,PWT
09_ROK,Korea,1976,Capital stock,447059.4375,0.1108018886090858,PWT
09_ROK,Korea,1977,Capital stock,509268.3125,0.13915123981696498,PWT
09_ROK,Korea,1978,Capital stock,596594.0625,0.17147296986006766,PWT
09_ROK,Korea,1979,Capital stock,687419.5,0.15223992863656766,PWT
09_ROK,Korea,1980,Capital stock,757855.1875,0.10246390668289163,PWT
09_ROK,Korea,1981,Capital stock,821445.3125,0.08390801573816509,PWT
09_ROK,Korea,1982,Capital stock,894122.125,0.08847431642018155,PWT
09_ROK,Korea,1983,Capital stock,982380.0625,0.0987090410048852,PWT
09_ROK,Korea,1984,Capital stock,1081918.625,0.10132388298546124,PWT
09_ROK,Korea,1985,Capital stock,1185808.25,0.09602351101035911,PWT
09_ROK,Korea,1986,Capital stock,1307673.75,0.10276998831809436,PWT
09_ROK,Korea,1987,Capital stock,1456627.0,0.113907042945536,PWT
09_ROK,Korea,1988,Capital stock,1626340.25,0.11651112467364677,PWT
09_ROK,Korea,1989,Capital stock,1824322.75,0.12173498134846006,PWT
09_ROK,Korea,1990,Capital stock,2081204.375,0.14080930855025509,PWT
09_ROK,Korea,1991,Capital stock,2373699.75,0.1405413992558997,PWT
09_ROK,Korea,1992,Capital stock,2658525.0,0.1199921135771278,PWT
09_ROK,Korea,1993,Capital stock,2961285.0,0.11388269811267526,PWT
09_ROK,Korea,1994,Capital stock,3311433.5,0.11824208071833686,PWT
09_ROK,Korea,1995,Capital stock,3706063.5,0.11917195377772205,PWT
09_ROK,Korea,1996,Capital stock,4126841.0,0.1135375850953444,PWT
09_ROK,Korea,1997,Capital stock,4520410.0,0.09536810359303893,PWT
09_ROK,Korea,1998,Capital stock,4768835.0,0.054956298211887855,PWT
09_ROK,Korea,1999,Capital stock,5055696.0,0.06015326594440773,PWT
09_ROK,Korea,2000,Capital stock,5406002.5,0.06928947072767033,PWT
09_ROK,Korea,2001,Capital stock,5745667.0,0.06283099203154263,PWT
09_ROK,Korea,2002,Capital stock,6112896.5,0.06391416349050516,PWT
09_ROK,Korea,2003,Capital stock,6500600.0,0.06342386133971023,PWT
09_ROK,Korea,2004,Capital stock,6895688.0,0.06077715903147407,PWT
09_ROK,Korea,2005,Capital stock,7286868.5,0.056728277149430184,PWT
09_ROK,Korea,2006,Capital stock,7688607.0,0.05513184435810792,PWT
09_ROK,Korea,2007,Capital stock,8105177.0,0.0541801655358376,PWT
09_ROK,Korea,2008,Capital stock,8495607.0,0.04817044711053198,PWT
09_ROK,Korea,2009,Capital stock,8872521.0,0.04436575279435595,PWT
09_ROK,Korea,2010,Capital stock,9281741.0,0.04612217880352154,PWT
09_ROK,Korea,2011,Capital stock,9679358.0,0.04283862262478566,PWT
09_ROK,Korea,2012,Capital stock,10048379.0,0.03812453263945814,PWT
09_ROK,Korea,2013,Capital stock,10414791.0,0.036464787006939225,PWT
09_ROK,Korea,2014,Capital stock,10792130.0,0.03623106791101227,PWT
09_ROK,Korea,2015,Capital stock,11195962.0,0.03741911930267694,PWT
09_ROK,Korea,2016,Capital stock,11645592.0,0.04016001483391962,PWT
09_ROK,Korea,2017,Capital stock,12173519.0,0.04533277483875442,PWT
09_ROK,Korea,2018,Capital stock,12649840.0,0.03912763433482125,PWT
09_ROK,Korea,2019,Capital stock,13079924.0,0.03399916520683255,PWT
09_ROK,Korea,2020,Capital stock,13517808.0,0.03347756454854012,PWT
09_ROK,Korea,2021,Capital stock,13986308.0,0.03465798596932279,PWT
09_ROK,Korea,2022,Capital stock,14436004.0,0.03215258808829313,PWT
09_ROK,Korea,2023,Capital stock,14877307.0,0.03056960915222806,PWT
09_ROK,Korea,1950,Employment,,,PWT
09_ROK,Korea,1951,Employment,,,PWT
09_ROK,Korea,1952,Employment,,,PWT
09_ROK,Korea,1953,Employment,6.36104202270508,,PWT
09_ROK,Korea,1954,Employment,6.36476612091064,0.0005854541114911349,PWT
09_ROK,Korea,1955,Employment,6.39553070068359,0.004833575843718352,PWT
09_ROK,Korea,1956,Employment,6.47955656051636,0.013138215382781038,PWT
09_ROK,Korea,1957,Employment,6.59046649932861,0.01711690264239496,PWT
09_ROK,Korea,1958,Employment,6.71614646911621,0.019069965654237686,PWT
09_ROK,Korea,1959,Employment,6.86294221878052,0.02185713940863887,PWT
09_ROK,Korea,1960,Employment,7.02718734741211,0.023932174189392308,PWT
09_ROK,Korea,1961,Employment,7.31147336959839,0.04045516479519695,PWT
09_ROK,Korea,1962,Employment,7.5922589302063,0.03840341698780381,PWT
09_ROK,Korea,1963,Employment,7.87166786193848,0.03680181804924132,PWT
09_ROK,Korea,1964,Employment,8.0064001083374,0.01711609899731492,PWT
09_ROK,Korea,1965,Employment,8.40908241271973,0.050295051325626394,PWT
09_ROK,Korea,1966,Employment,8.62733173370361,0.025953999529574334,PWT
09_ROK,Korea,1967,Employment,8.91526222229004,0.033374222468066206,PWT
09_ROK,Korea,1968,Employment,9.3493709564209,0.04869276116696786,PWT
09_ROK,Korea,1969,Employment,9.60801410675049,0.027664230196359885,PWT
09_ROK,Korea,1970,Employment,9.81033897399902,0.021057927788259434,PWT
09_ROK,Korea,1971,Employment,10.2574777603149,0.045578321758398044,PWT
09_ROK,Korea,1972,Employment,10.7887783050537,0.051796412057001584,PWT
09_ROK,Korea,1973,Employment,11.3706092834473,0.053929273727040705,PWT
09_ROK,Korea,1974,Employment,11.8186292648315,0.039401580884183884,PWT
09_ROK,Korea,1975,Employment,12.0539216995239,0.01990860610143308,PWT
09_ROK,Korea,1976,Employment,12.7839546203613,0.06056393421455808,PWT
09_ROK,Korea,1977,Employment,13.1383466720581,0.027721629356564748,PWT
09_ROK,Korea,1978,Employment,13.6826877593994,0.04143147543054049,PWT
09_ROK,Korea,1979,Employment,13.8460216522217,0.01193726669017181,PWT
09_ROK,Korea,1980,Employment,13.8832302093506,0.002687310338195914,PWT
09_ROK,Korea,1981,Employment,14.2054681777954,0.02321059030107886,PWT
09_ROK,Korea,1982,Employment,14.5528717041016,0.024455619621831737,PWT
09_ROK,Korea,1983,Employment,14.6614952087402,0.007464059798450995,PWT
09_ROK,Korea,1984,Employment,14.5727386474609,-0.006053718261039953,PWT
09_ROK,Korea,1985,Employment,15.104549407959,0.036493535866078286,PWT
09_ROK,Korea,1986,Employment,15.6358699798584,0.035176194770790925,PWT
09_ROK,Korea,1987,Employment,16.4838752746582,0.05423460900430688,PWT
09_ROK,Korea,1988,Employment,17.005199432373,0.0316263105021346,PWT
09_ROK,Korea,1989,Employment,17.6594371795654,0.03847280649628382,PWT
09_ROK,Korea,1990,Employment,18.1872406005859,0.029887895953515597,PWT
09_ROK,Korea,1991,Employment,18.7272968292236,0.029694236772801252,PWT
09_ROK,Korea,1992,Employment,19.0754985809326,0.01859327349186013,PWT
09_ROK,Korea,1993,Employment,19.3090763092041,0.012244908162189816,PWT
09_ROK,Korea,1994,Employment,19.9261779785156,0.0319591501649068,PWT
09_ROK,Korea,1995,Employment,20.4982490539551,0.0287095235250987,PWT
09_ROK,Korea,1996,Employment,20.948751449585,0.0219776037672339,PWT
09_ROK,Korea,1997,Employment,21.322509765625,0.017841555709870338,PWT
09_ROK,Korea,1998,Employment,20.0505714416504,-0.059652373850715645,PWT
09_ROK,Korea,1999,Employment,20.4050960540772,0.017681521619396845,PWT
09_ROK,Korea,2000,Employment,21.2578907012939,0.04179321895651156,PWT
09_ROK,Korea,2001,Employment,21.6788730621338,0.019803581021059502,PWT
09_ROK,Korea,2002,Employment,22.2760200500488,0.02754511206387522,PWT
09_ROK,Korea,2003,Employment,22.2679061889648,-0.0003642419546117104,PWT
09_ROK,Korea,2004,Employment,22.6818008422852,0.018587048544578044,PWT
09_ROK,Korea,2005,Employment,22.8313007354736,0.0065911826943516605,PWT
09_ROK,Korea,2006,Employment,23.1881008148193,0.015627672005184,PWT
09_ROK,Korea,2007,Employment,23.560998916626,0.01608144214934515,PWT
09_ROK,Korea,2008,Employment,23.7746028900147,0.009065998183887203,PWT
09_ROK,Korea,2009,Employment,23.6875019073486,-0.003663614617204991,PWT
09_ROK,Korea,2010,Employment,24.032901763916,0.014581523113682548,PWT
09_ROK,Korea,2011,Employment,24.5265998840332,0.020542593023804345,PWT
09_ROK,Korea,2012,Employment,24.9549980163574,0.017466674318892705,PWT
09_ROK,Korea,2013,Employment,25.2992000579834,0.013792909997443425,PWT
09_ROK,Korea,2014,Employment,25.8971004486084,0.023633173746785197,PWT
09_ROK,Korea,2015,Employment,26.2476005554199,0.013534337850179545,PWT
09_ROK,Korea,2016,Employment,26.4659996032715,0.008320724303559235,PWT
09_ROK,Korea,2017,Employment,26.7868995666504,0.012124989351969706,PWT
09_ROK,Korea,2018,Employment,26.8222045898438,0.001317995877259115,PWT
09_ROK,Korea,2019,Employment,27.1275596618652,0.011384413648720892,PWT
09_ROK,Korea,2020,Employment,26.9212226867676,-0.0076061753312687275,PWT
09_ROK,Korea,2021,Employment,27.2961273193359,0.013925988315254934,PWT
09_ROK,Korea,2022,Employment,28.1217231750488,0.030245897011480727,PWT
09_ROK,Korea,2023,Employment,28.4401531219482,0.01132327293449542,PWT
09_ROK,Korea,1950,Real GDP (PWT),,,PWT
09_ROK,Korea,1951,Real GDP (PWT),,,PWT
09_ROK,Korea,1952,Real GDP (PWT),,,PWT
09_ROK,Korea,1953,Real GDP (PWT),36158.44140625,,PWT
09_ROK,Korea,1954,Real GDP (PWT),36962.6015625,0.02223990097402262,PWT
09_ROK,Korea,1955,Real GDP (PWT),39984.89453125,0.0817662404968873,PWT
09_ROK,Korea,1956,Real GDP (PWT),41829.5625,0.0461341211568862,PWT
09_ROK,Korea,1957,Real GDP (PWT),44618.83984375,0.06668196311520114,PWT
09_ROK,Korea,1958,Real GDP (PWT),46175.03515625,0.03487753867984056,PWT
09_ROK,Korea,1959,Real GDP (PWT),46993.40234375,0.017723152450902502,PWT
09_ROK,Korea,1960,Real GDP (PWT),47547.40625,0.01178897203904361,PWT
09_ROK,Korea,1961,Real GDP (PWT),49691.703125,0.045098083031605896,PWT
09_ROK,Korea,1962,Real GDP (PWT),50846.296875,0.023235141429860162,PWT
09_ROK,Korea,1963,Real GDP (PWT),54808.1796875,0.07791880738610812,PWT
09_ROK,Korea,1964,Real GDP (PWT),59139.61328125,0.07902896280165761,PWT
09_ROK,Korea,1965,Real GDP (PWT),62101.00390625,0.050074568646848006,PWT
09_ROK,Korea,1966,Real GDP (PWT),69185.953125,0.11408751506570991,PWT
09_ROK,Korea,1967,Real GDP (PWT),73039.8046875,0.055702803653469246,PWT
09_ROK,Korea,1968,Real GDP (PWT),80798.703125,0.10622835686234877,PWT
09_ROK,Korea,1969,Real GDP (PWT),92374.953125,0.14327272038130245,PWT
09_ROK,Korea,1970,Real GDP (PWT),100146.109375,0.08412622672169823,PWT
09_ROK,Korea,1971,Real GDP (PWT),110813.078125,0.10651406047195722,PWT
09_ROK,Korea,1972,Real GDP (PWT),118943.2421875,0.07336827204934204,PWT
09_ROK,Korea,1973,Real GDP (PWT),136754.625,0.14974690856688144,PWT
09_ROK,Korea,1974,Real GDP (PWT),149949.9375,0.09648896700934251,PWT
09_ROK,Korea,1975,Real GDP (PWT),161843.25,0.07931522145516068,PWT
09_ROK,Korea,1976,Real GDP (PWT),183308.828125,0.13263190231906496,PWT
09_ROK,Korea,1977,Real GDP (PWT),205997.5,0.12377293612683182,PWT
09_ROK,Korea,1978,Real GDP (PWT),228800.296875,0.11069453209383617,PWT
09_ROK,Korea,1979,Real GDP (PWT),248790.40625,0.08736924579219907,PWT
09_ROK,Korea,1980,Real GDP (PWT),244998.171875,-0.015242687337345795,PWT
09_ROK,Korea,1981,Real GDP (PWT),263137.40625,0.07403824378026291,PWT
09_ROK,Korea,1982,Real GDP (PWT),285420.59375,0.08468270557789626,PWT
09_ROK,Korea,1983,Real GDP (PWT),323857.625,0.1346680375967091,PWT
09_ROK,Korea,1984,Real GDP (PWT),358305.0625,0.10636599184595386,PWT
09_ROK,Korea,1985,Real GDP (PWT),386750.1875,0.07938800753059416,PWT
09_ROK,Korea,1986,Real GDP (PWT),431238.0,0.11502984080647671,PWT
09_ROK,Korea,1987,Real GDP (PWT),486834.125,0.1289221381232637,PWT
09_ROK,Korea,1988,Real GDP (PWT),545902.6875,0.12133200913144693,PWT
09_ROK,Korea,1989,Real GDP (PWT),585016.625,0.07165001820951833,PWT
09_ROK,Korea,1990,Real GDP (PWT),643663.9375,0.10024896728362198,PWT
09_ROK,Korea,1991,Real GDP (PWT),713662.25,0.10874978140281466,PWT
09_ROK,Korea,1992,Real GDP (PWT),758991.1875,0.06351595239905161,PWT
09_ROK,Korea,1993,Real GDP (PWT),812080.4375,0.06994712306854023,PWT
09_ROK,Korea,1994,Real GDP (PWT),888187.25,0.09371831777440143,PWT
09_ROK,Korea,1995,Real GDP (PWT),974660.25,0.09735897469818444,PWT
09_ROK,Korea,1996,Real GDP (PWT),1052539.875,0.07990438206544281,PWT
09_ROK,Korea,1997,Real GDP (PWT),1118662.375,0.0628218479608671,PWT
09_ROK,Korea,1998,Real GDP (PWT),1063412.5,-0.049389231491762664,PWT
09_ROK,Korea,1999,Real GDP (PWT),1186951.875,0.11617258119497365,PWT
09_ROK,Korea,2000,Real GDP (PWT),1296173.625,0.09201868441380578,PWT
09_ROK,Korea,2001,Real GDP (PWT),1357429.75,0.047259197239104545,PWT
09_ROK,Korea,2002,Real GDP (PWT),1462549.125,0.07744001116816546,PWT
09_ROK,Korea,2003,Real GDP (PWT),1507518.625,0.03074734327299944,PWT
09_ROK,Korea,2004,Real GDP (PWT),1585662.875,0.05183634132546788,PWT
09_ROK,Korea,2005,Real GDP (PWT),1654769.875,0.043582403983570606,PWT
09_ROK,Korea,2006,Real GDP (PWT),1741562.625,0.05245004233594708,PWT
09_ROK,Korea,2007,Real GDP (PWT),1843304.0,0.0584195902803093,PWT
09_ROK,Korea,2008,Real GDP (PWT),1898684.25,0.03004401335862128,PWT
09_ROK,Korea,2009,Real GDP (PWT),1914250.875,0.008198638083188436,PWT
09_ROK,Korea,2010,Real GDP (PWT),2047897.5,0.06981667175677786,PWT
09_ROK,Korea,2011,Real GDP (PWT),2123424.5,0.036880263782733236,PWT
09_ROK,Korea,2012,Real GDP (PWT),2177522.25,0.0254766533964359,PWT
09_ROK,Korea,2013,Real GDP (PWT),2249193.25,0.032914015000305996,PWT
09_ROK,Korea,2014,Real GDP (PWT),2321497.5,0.032146748617532195,PWT
09_ROK,Korea,2015,Real GDP (PWT),2389292.25,0.029203025202482413,PWT
09_ROK,Korea,2016,Real GDP (PWT),2465069.25,0.031715249568151416,PWT
09_ROK,Korea,2017,Real GDP (PWT),2549699.75,0.03433189554411098,PWT
09_ROK,Korea,2018,Real GDP (PWT),2630681.25,0.03176119070490557,PWT
09_ROK,Korea,2019,Real GDP (PWT),2691549.75,0.023137922923957444,PWT
09_ROK,Korea,2020,Real GDP (PWT),2672702.75,-0.007002285579153833,PWT
09_ROK,Korea,2021,Real GDP (PWT),2795993.5,0.04612961542393745,PWT
09_ROK,Korea,2022,Real GDP (PWT),2872256.25,0.02727572506874565,PWT
09_ROK,Korea,2023,Real GDP (PWT),2912586.0,0.014041139261164348,PWT
09_ROK,Korea,1950,TFP,,,PWT
09_ROK,Korea,1951,TFP,,,PWT
09_ROK,Korea,1952,TFP,,,PWT
09_ROK,Korea,1953,TFP,,,PWT
09_ROK,Korea,1954,TFP,,,PWT
09_ROK,Korea,1955,TFP,,,PWT
09_ROK,Korea,1956,TFP,,,PWT
09_ROK,Korea,1957,TFP,0.391713052988052,,PWT
09_ROK,Korea,1958,TFP,0.404373735189438,0.03232131813021866,PWT
09_ROK,Korea,1959,TFP,0.41418781876564,0.024269834368951804,PWT
09_ROK,Korea,1960,TFP,0.420573711395264,0.015417866823450366,PWT
09_ROK,Korea,1961,TFP,0.424026757478714,0.008210323160699806,PWT
09_ROK,Korea,1962,TFP,0.419051736593246,-0.011732799399381544,PWT
09_ROK,Korea,1963,TFP,0.425475001335144,0.015328094793537916,PWT
09_ROK,Korea,1964,TFP,0.452656924724579,0.06388606452585455,PWT
09_ROK,Korea,1965,TFP,0.447831362485886,-0.010660528924039236,PWT
09_ROK,Korea,1966,TFP,0.470032900571823,0.04957566607818076,PWT
09_ROK,Korea,1967,TFP,0.461156904697418,-0.018883775717841944,PWT
09_ROK,Korea,1968,TFP,0.463471263647079,0.005018593294574103,PWT
09_ROK,Korea,1969,TFP,0.48815056681633,0.0532488313839532,PWT
09_ROK,Korea,1970,TFP,0.510123252868652,0.04501210803794753,PWT
09_ROK,Korea,1971,TFP,0.529416561126709,0.037820875934515996,PWT
09_ROK,Korea,1972,TFP,0.53289270401001,0.006565988181221671,PWT
09_ROK,Korea,1973,TFP,0.567700207233429,0.06531803299518457,PWT
09_ROK,Korea,1974,TFP,0.577303946018219,0.016916919638962025,PWT
09_ROK,Korea,1975,TFP,0.582184255123138,0.008453621594966432,PWT
09_ROK,Korea,1976,TFP,0.5978963971138,0.02698826334171267,PWT
09_ROK,Korea,1977,TFP,0.608146846294403,0.017144189578804037,PWT
09_ROK,Korea,1978,TFP,0.597756862640381,-0.01708466255696439,PWT
09_ROK,Korea,1979,TFP,0.590019464492798,-0.012944055737655225,PWT
09_ROK,Korea,1980,TFP,0.546217083930969,-0.07423887379627903,PWT
09_ROK,Korea,1981,TFP,0.548212587833405,0.003653316531359474,PWT
09_ROK,Korea,1982,TFP,0.555014073848724,0.012406657866429693,PWT
09_ROK,Korea,1983,TFP,0.590065121650696,0.0631534396216511,PWT
09_ROK,Korea,1984,TFP,0.619361221790314,0.049648926982267305,PWT
09_ROK,Korea,1985,TFP,0.624336361885071,0.00803269549290797,PWT
09_ROK,Korea,1986,TFP,0.641073703765869,0.02680821253188359,PWT
09_ROK,Korea,1987,TFP,0.664446651935577,0.036459065521496026,PWT
09_ROK,Korea,1988,TFP,0.693101227283478,0.04312547179585957,PWT
09_ROK,Korea,1989,TFP,0.696232318878174,0.004517509811615694,PWT
09_ROK,Korea,1990,TFP,0.710959017276764,0.021151989069279065,PWT
09_ROK,Korea,1991,TFP,0.727991044521332,0.023956412156929785,PWT
09_ROK,Korea,1992,TFP,0.726634621620178,-0.0018632411914433211,PWT
09_ROK,Korea,1993,TFP,0.729353845119476,0.00374221571390998,PWT
09_ROK,Korea,1994,TFP,0.741595983505249,0.016784909639802725,PWT
09_ROK,Korea,1995,TFP,0.753956496715546,0.016667448968471277,PWT
09_ROK,Korea,1996,TFP,0.762214362621307,0.010952708732844263,PWT
09_ROK,Korea,1997,TFP,0.774204969406128,0.01573127898506721,PWT
09_ROK,Korea,1998,TFP,0.755802989006043,-0.023768874041457888,PWT
09_ROK,Korea,1999,TFP,0.804575800895691,0.0645311180282433,PWT
09_ROK,Korea,2000,TFP,0.818933725357056,0.01784533470355565,PWT
09_ROK,Korea,2001,TFP,0.820868313312531,0.002362325418496347,PWT
09_ROK,Korea,2002,TFP,0.847418367862701,0.032343865781625736,PWT
09_ROK,Korea,2003,TFP,0.851898908615112,0.005287283026106149,PWT
09_ROK,Korea,2004,TFP,0.8644739985466,0.014761246674128037,PWT
09_ROK,Korea,2005,TFP,0.879054725170136,0.016866587830345336,PWT
09_ROK,Korea,2006,TFP,0.890057265758514,0.01251633177473499,PWT
09_ROK,Korea,2007,TFP,0.913276493549347,0.026087341437570855,PWT
09_ROK,Korea,2008,TFP,0.928429543972015,0.0165919636930294,PWT
09_ROK,Korea,2009,TFP,0.924860417842865,-0.0038442616915017602,PWT
09_ROK,Korea,2010,TFP,0.956678032875061,0.034402612997977755,PWT
09_ROK,Korea,2011,TFP,0.961033284664154,0.004552473914347432,PWT
09_ROK,Korea,2012,TFP,0.956438481807709,-0.004781106887521425,PWT
09_ROK,Korea,2013,TFP,0.961220502853394,0.004999820831808055,PWT
09_ROK,Korea,2014,TFP,0.965267717838287,0.004210495898577804,PWT
09_ROK,Korea,2015,TFP,0.962718307971954,-0.0026411427826907863,PWT
09_ROK,Korea,2016,TFP,0.968788385391235,0.006305143850508177,PWT
09_ROK,Korea,2017,TFP,0.980870187282562,0.012471043288207806,PWT
09_ROK,Korea,2018,TFP,0.993110656738281,0.012479194101750135,PWT
09_ROK,Korea,2019,TFP,0.99475109577179,0.0016518189814787032,PWT
09_ROK,Korea,2020,TFP,0.987356901168823,-0.0074332108146411,PWT
09_ROK,Korea,2021,TFP,1.0,0.0128049936311887,PWT
09_ROK,Korea,2022,TFP,0.99735951423645,-0.0026404857635500267,PWT
09_ROK,Korea,2023,TFP,0.976855278015137,-0.0205585207025476,PWT
09_ROK,Korea,1950,delta,,,PWT
09_ROK,Korea,1951,delta,,,PWT
09_ROK,Korea,1952,delta,,,PWT
09_ROK,Korea,1953,delta,0.0294177886098623,,PWT
09_ROK,Korea,1954,delta,0.0287928190082312,-0.021244615287689506,PWT
09_ROK,Korea,1955,delta,0.0282368864864111,-0.01930802682645183,PWT
09_ROK,Korea,1956,delta,0.0277981124818325,-0.015539036316548516,PWT
09_ROK,Korea,1957,delta,0.0275901835411787,-0.0074799661592021005,PWT
09_ROK,Korea,1958,delta,0.0274888165295124,-0.003674024549891408,PWT
09_ROK,Korea,1959,delta,0.0272579248994589,-0.008399475103106457,PWT
09_ROK,Korea,1960,delta,0.0269683636724949,-0.010623010666881316,PWT
09_ROK,Korea,1961,delta,0.0268260072916746,-0.0052786436192080455,PWT
09_ROK,Korea,1962,delta,0.0268040262162685,-0.0008193942231917717,PWT
09_ROK,Korea,1963,delta,0.0272181313484907,0.015449363050199505,PWT
09_ROK,Korea,1964,delta,0.0276443883776665,0.015660774934111554,PWT
09_ROK,Korea,1965,delta,0.0276931691914797,0.0017645828566281718,PWT
09_ROK,Korea,1966,delta,0.0282941646873951,0.021701939989602348,PWT
09_ROK,Korea,1967,delta,0.0295642241835594,0.04488768303275292,PWT
09_ROK,Korea,1968,delta,0.0310702808201313,0.05094186227316633,PWT
09_ROK,Korea,1969,delta,0.0325212180614471,0.046698555758649674,PWT
09_ROK,Korea,1970,delta,0.0331671945750713,0.019863232441160728,PWT
09_ROK,Korea,1971,delta,0.0333334989845753,0.005014123492645295,PWT
09_ROK,Korea,1972,delta,0.0337378680706024,0.012131012295295562,PWT
09_ROK,Korea,1973,delta,0.034215971827507,0.014171131261290215,PWT
09_ROK,Korea,1974,delta,0.0347592160105705,0.015876918118887806,PWT
09_ROK,Korea,1975,delta,0.0353230237960815,0.016220382684682733,PWT
09_ROK,Korea,1976,delta,0.0361830666661263,0.024347940170971638,PWT
09_ROK,Korea,1977,delta,0.0373951569199562,0.03349882598438314,PWT
09_ROK,Korea,1978,delta,0.0388379245996475,0.038581672027196534,PWT
09_ROK,Korea,1979,delta,0.040231816470623,0.03588996799762456,PWT
09_ROK,Korea,1980,delta,0.0409422889351845,0.017659467726998557,PWT
09_ROK,Korea,1981,delta,0.0412169732153416,0.0067090601747243905,PWT
09_ROK,Korea,1982,delta,0.0413343720138073,0.002848311977018181,PWT
09_ROK,Korea,1983,delta,0.0411798618733883,-0.0037380546235802337,PWT
09_ROK,Korea,1984,delta,0.0411289855837822,-0.0012354652806393362,PWT
09_ROK,Korea,1985,delta,0.0413143485784531,0.004506870082980674,PWT
09_ROK,Korea,1986,delta,0.0417545586824417,0.010655138447909218,PWT
09_ROK,Korea,1987,delta,0.0424439050257206,0.016509486988513844,PWT
09_ROK,Korea,1988,delta,0.0431212745606899,0.01595917092357113,PWT
09_ROK,Korea,1989,delta,0.0436811037361622,0.01298266763159761,PWT
09_ROK,Korea,1990,delta,0.0440799929201603,0.009131847638453205,PWT
09_ROK,Korea,1991,delta,0.0443603023886681,0.006359108746126774,PWT
09_ROK,Korea,1992,delta,0.0446450784802437,0.0064196156527629444,PWT
09_ROK,Korea,1993,delta,0.0447342582046986,0.001997526434954322,PWT
09_ROK,Korea,1994,delta,0.0450517535209656,0.007097364056293909,PWT
09_ROK,Korea,1995,delta,0.0456867106258869,0.014093948743322926,PWT
09_ROK,Korea,1996,delta,0.0461880564689636,0.010973559623980167,PWT
09_ROK,Korea,1997,delta,0.0463029034435749,0.0024865080583866828,PWT
09_ROK,Korea,1998,delta,0.045565702021122,-0.01592127852956904,PWT
09_ROK,Korea,1999,delta,0.0448276214301586,-0.01619816129731222,PWT
09_ROK,Korea,2000,delta,0.0450460575520992,0.004872801968333729,PWT
09_ROK,Korea,2001,delta,0.045466598123312,0.009335790834223756,PWT
09_ROK,Korea,2002,delta,0.0457127913832665,0.005414815933375561,PWT
09_ROK,Korea,2003,delta,0.0458621494472027,0.003267314452183756,PWT
09_ROK,Korea,2004,delta,0.0458993688225746,0.0008115488659061754,PWT
09_ROK,Korea,2005,delta,0.0459666438400745,0.0014657068109138471,PWT
09_ROK,Korea,2006,delta,0.046163521707058,0.004283059421707591,PWT
09_ROK,Korea,2007,delta,0.0465740598738194,0.00889312928434216,PWT
09_ROK,Korea,2008,delta,0.0470747239887714,0.010749849085701868,PWT
09_ROK,Korea,2009,delta,0.0474284887313843,0.007514961589520697,PWT
09_ROK,Korea,2010,delta,0.0478986501693726,0.009913059651786682,PWT
09_ROK,Korea,2011,delta,0.0486392267048359,0.015461323708383823,PWT
09_ROK,Korea,2012,delta,0.0493796057999134,0.015221851687125865,PWT
09_ROK,Korea,2013,delta,0.0499462820589542,0.011475917028114235,PWT
09_ROK,Korea,2014,delta,0.0503950230777264,0.008984472923180276,PWT
09_ROK,Korea,2015,delta,0.050788763910532,0.007813089641774962,PWT
09_ROK,Korea,2016,delta,0.0510403588414192,0.0049537518048363705,PWT
09_ROK,Korea,2017,delta,0.0513227134943008,0.005531988004999544,PWT
09_ROK,Korea,2018,delta,0.0516657829284668,0.0066845536957840235,PWT
09_ROK,Korea,2019,delta,0.0519371628761292,0.005252604959807394,PWT
09_ROK,Korea,2020,delta,0.0521524734795094,0.004145598093098002,PWT
09_ROK,Korea,2021,delta,0.0524390749633312,0.005495453325610855,PWT
09_ROK,Korea,2022,delta,0.0528405494987965,0.007656018641557516,PWT
09_ROK,Korea,2023,delta,0.0531527064740658,0.005907527045615035,PWT
09_ROK,Korea,1950,output_to_kstock,,,PWT
09_ROK,Korea,1951,output_to_kstock,,,PWT
09_ROK,Korea,1952,output_to_kstock,,,PWT
09_ROK,Korea,1953,output_to_kstock,0.1937102275647513,,PWT
09_ROK,Korea,1954,output_to_kstock,0.2001273803553554,0.033127588931560537,PWT
09_ROK,Korea,1955,output_to_kstock,0.21808305609561918,0.08972123508727714,PWT
09_ROK,Korea,1956,output_to_kstock,0.23009582641830464,0.05508346470263348,PWT
09_ROK,Korea,1957,output_to_kstock,0.24377283978566883,0.05944051041803755,PWT
09_ROK,Korea,1958,output_to_kstock,0.25185937050034596,0.03317240231433094,PWT
09_ROK,Korea,1959,output_to_kstock,0.25824297567212273,0.025345910930751003,PWT
09_ROK,Korea,1960,output_to_kstock,0.26265405722618146,0.017081128896451636,PWT
09_ROK,Korea,1961,output_to_kstock,0.2735994634462891,0.041672328749455145,PWT
09_ROK,Korea,1962,output_to_kstock,0.27929670535656353,0.02082329343234579,PWT
09_ROK,Korea,1963,output_to_kstock,0.2888243978034771,0.03411315731329534,PWT
09_ROK,Korea,1964,output_to_kstock,0.30551414025962287,0.05778508527351578,PWT
09_ROK,Korea,1965,output_to_kstock,0.3143202783600187,0.028823995160788485,PWT
09_ROK,Korea,1966,output_to_kstock,0.3299119477511505,0.04960440183014003,PWT
09_ROK,Korea,1967,output_to_kstock,0.327533467876787,-0.007209438429182313,PWT
09_ROK,Korea,1968,output_to_kstock,0.3333732392250547,0.017829540859209292,PWT
09_ROK,Korea,1969,output_to_kstock,0.35348303235740597,0.060322157768564866,PWT
09_ROK,Korea,1970,output_to_kstock,0.3594227187580682,0.016803314040422235,PWT
09_ROK,Korea,1971,output_to_kstock,0.37353625326342155,0.03926722983488795,PWT
09_ROK,Korea,1972,output_to_kstock,0.37819366197497983,0.012468424874074735,PWT
09_ROK,Korea,1973,output_to_kstock,0.4023940163017397,0.06398931753742843,PWT
09_ROK,Korea,1974,output_to_kstock,0.4055990339462797,0.007964874015762513,PWT
09_ROK,Korea,1975,output_to_kstock,0.4021294992986977,-0.00855409987993605,PWT
09_ROK,Korea,1976,output_to_kstock,0.41003234189637255,0.019652481629567564,PWT
09_ROK,Korea,1977,output_to_kstock,0.4044969909648561,-0.013499791030911923,PWT
09_ROK,Korea,1978,output_to_kstock,0.38351085144264235,-0.05188206585209698,PWT
09_ROK,Korea,1979,output_to_kstock,0.36191933200905707,-0.05629963103355495,PWT
09_ROK,Korea,1980,output_to_kstock,0.32327834646510223,-0.10676684588649676,PWT
09_ROK,Korea,1981,output_to_kstock,0.3203346616577108,-0.009105728359413034,PWT
09_ROK,Korea,1982,output_to_kstock,0.3192188021854397,-0.0034834178308916774,PWT
09_ROK,Korea,1983,output_to_kstock,0.3296663250431144,0.032728406930133014,PWT
09_ROK,Korea,1984,output_to_kstock,0.33117561175176186,0.0045782252962904835,PWT
09_ROK,Korea,1985,output_to_kstock,0.32614901060099727,-0.015178053493058452,PWT
09_ROK,Korea,1986,output_to_kstock,0.3297749151881347,0.011117325116074772,PWT
09_ROK,Korea,1987,output_to_kstock,0.33422017098406115,0.013479666254755829,PWT
09_ROK,Korea,1988,output_to_kstock,0.3356632706470863,0.004317811395931459,PWT
09_ROK,Korea,1989,output_to_kstock,0.3206760563611894,-0.044649550893682166,PWT
09_ROK,Korea,1990,output_to_kstock,0.3092747378546136,-0.03555400623280103,PWT
09_ROK,Korea,1991,output_to_kstock,0.30065396855689097,-0.027874146325443383,PWT
09_ROK,Korea,1992,output_to_kstock,0.2854933421728214,-0.050425498977575645,PWT
09_ROK,Korea,1993,output_to_kstock,0.274232448919979,-0.03944362823713665,PWT
09_ROK,Korea,1994,output_to_kstock,0.26821835618924555,-0.02193063860392519,PWT
09_ROK,Korea,1995,output_to_kstock,0.2629907042877166,-0.01949028387095364,PWT
09_ROK,Korea,1996,output_to_kstock,0.2550473534114835,-0.030203922597746735,PWT
09_ROK,Korea,1997,output_to_kstock,0.24746922845494104,-0.029712619461360168,PWT
09_ROK,Korea,1998,output_to_kstock,0.22299209345678767,-0.09890981254911924,PWT
09_ROK,Korea,1999,output_to_kstock,0.23477516745468874,0.052840770339619425,PWT
09_ROK,Korea,2000,output_to_kstock,0.2397656355134871,0.02125637099060529,PWT
09_ROK,Korea,2001,output_to_kstock,0.2362527710011736,-0.014651242680337684,PWT
09_ROK,Korea,2002,output_to_kstock,0.2392563206329438,0.012713288479292872,PWT
09_ROK,Korea,2003,output_to_kstock,0.2319045357351629,-0.03072765174325187,PWT
09_ROK,Korea,2004,output_to_kstock,0.2299499158024551,-0.008428554131170496,PWT
09_ROK,Korea,2005,output_to_kstock,0.22708930111748277,-0.012440164089600358,PWT
09_ROK,Korea,2006,output_to_kstock,0.2265121139629064,-0.0025416748025384184,PWT
09_ROK,Korea,2007,output_to_kstock,0.2274230408540122,0.0040215371936132005,PWT
09_ROK,Korea,2008,output_to_kstock,0.22349012260101014,-0.017293402806651703,PWT
09_ROK,Korea,2009,output_to_kstock,0.21575050371816534,-0.034630697736302674,PWT
09_ROK,Korea,2010,output_to_kstock,0.2206372166601072,0.022649833292279764,PWT
09_ROK,Korea,2011,output_to_kstock,0.21937658468671167,-0.005713596248531072,PWT
09_ROK,Korea,2012,output_to_kstock,0.21670383352379524,-0.012183393076035665,PWT
09_ROK,Korea,2013,output_to_kstock,0.21596143888053057,-0.0034258491471640395,PWT
09_ROK,Korea,2014,output_to_kstock,0.21511022383903827,-0.003941514030952442,PWT
09_ROK,Korea,2015,output_to_kstock,0.21340660588165627,-0.007919744245428184,PWT
09_ROK,Korea,2016,output_to_kstock,0.21167401794601767,-0.008118717452445745,PWT
09_ROK,Korea,2017,output_to_kstock,0.20944640165263634,-0.010523805968238542,PWT
09_ROK,Korea,2018,output_to_kstock,0.20796162243949332,-0.007089065276019935,PWT
09_ROK,Korea,2019,output_to_kstock,0.20577717041780977,-0.010504111268506366,PWT
09_ROK,Korea,2020,output_to_kstock,0.19771717056493182,-0.03916858141509538,PWT
09_ROK,Korea,2021,output_to_kstock,0.1999093327560068,0.011087363757084745,PWT
09_ROK,Korea,2022,output_to_kstock,0.19896477238438007,-0.004724943846316498,PWT
09_ROK,Korea,2023,output_to_kstock,0.19577373781424287,-0.016038188730075453,PWT
10_MAS,Malaysia,1950,Average hours,,,PWT
10_MAS,Malaysia,1951,Average hours,,,PWT
10_MAS,Malaysia,1952,Average hours,,,PWT
10_MAS,Malaysia,1953,Average hours,,,PWT
10_MAS,Malaysia,1954,Average hours,,,PWT
10_MAS,Malaysia,1955,Average hours,,,PWT
10_MAS,Malaysia,1956,Average hours,,,PWT
10_MAS,Malaysia,1957,Average hours,,,PWT
10_MAS,Malaysia,1958,Average hours,,,PWT
10_MAS,Malaysia,1959,Average hours,,,PWT
10_MAS,Malaysia,1960,Average hours,,,PWT
10_MAS,Malaysia,1961,Average hours,,,PWT
10_MAS,Malaysia,1962,Average hours,,,PWT
10_MAS,Malaysia,1963,Average hours,,,PWT
10_MAS,Malaysia,1964,Average hours,,,PWT
10_MAS,Malaysia,1965,Average hours,,,PWT
10_MAS,Malaysia,1966,Average hours,,,PWT
10_MAS,Malaysia,1967,Average hours,,,PWT
10_MAS,Malaysia,1968,Average hours,,,PWT
10_MAS,Malaysia,1969,Average hours,,,PWT
10_MAS,Malaysia,1970,Average hours,2402.93,,PWT
10_MAS,Malaysia,1971,Average hours,2403.88,0.0003953506760496772,PWT
10_MAS,Malaysia,1972,Average hours,2404.71,0.0003452751385260022,PWT
10_MAS,Malaysia,1973,Average hours,2405.46,0.00031188791995706566,PWT
10_MAS,Malaysia,1974,Average hours,2406.17,0.00029516184014699576,PWT
10_MAS,Malaysia,1975,Average hours,2406.82,0.0002701388513697278,PWT
10_MAS,Malaysia,1976,Average hours,2407.82,0.00041548599396712405,PWT
10_MAS,Malaysia,1977,Average hours,2408.72,0.0003737820933455982,PWT
10_MAS,Malaysia,1978,Average hours,2409.52,0.00033212660666248617,PWT
10_MAS,Malaysia,1979,Average hours,2410.22,0.000290514293303179,PWT
10_MAS,Malaysia,1980,Average hours,2410.81,0.00024479093194829105,PWT
10_MAS,Malaysia,1981,Average hours,2411.49,0.0002820628751332155,PWT
10_MAS,Malaysia,1982,Average hours,2411.75,0.00010781715868612984,PWT
10_MAS,Malaysia,1983,Average hours,2411.3,-0.00018658650357616935,PWT
10_MAS,Malaysia,1984,Average hours,2412.46,0.00048106830340466367,PWT
10_MAS,Malaysia,1985,Average hours,2412.95,0.00020311217595314623,PWT
10_MAS,Malaysia,1986,Average hours,2411.46,-0.0006175013987027578,PWT
10_MAS,Malaysia,1987,Average hours,2409.2,-0.0009371915768870975,PWT
10_MAS,Malaysia,1988,Average hours,2409.04,-6.641208699975643e-05,PWT
10_MAS,Malaysia,1989,Average hours,2413.43,0.0018223026599806236,PWT
10_MAS,Malaysia,1990,Average hours,2415.43,0.0008286960881400685,PWT
10_MAS,Malaysia,1991,Average hours,2420.41,0.002061744699701551,PWT
10_MAS,Malaysia,1992,Average hours,2424.21,0.0015699819452077435,PWT
10_MAS,Malaysia,1993,Average hours,2425.41,0.0004950066207134451,PWT
10_MAS,Malaysia,1994,Average hours,2424.77,-0.0002638729122086403,PWT
10_MAS,Malaysia,1995,Average hours,2424.5,-0.00011135076728929771,PWT
10_MAS,Malaysia,1996,Average hours,2426.21,0.0007053000618684191,PWT
10_MAS,Malaysia,1997,Average hours,2426.75,0.00022256935714559667,PWT
10_MAS,Malaysia,1998,Average hours,2425.72,-0.00042443597403940547,PWT
10_MAS,Malaysia,1999,Average hours,2424.59,-0.0004658410698678006,PWT
10_MAS,Malaysia,2000,Average hours,2422.82,-0.0007300203333346911,PWT
10_MAS,Malaysia,2001,Average hours,2423.37,0.00022700819705945285,PWT
10_MAS,Malaysia,2002,Average hours,2452.13,0.011867770914057774,PWT
10_MAS,Malaysia,2003,Average hours,2442.08,-0.00409847765004312,PWT
10_MAS,Malaysia,2004,Average hours,2437.73,-0.0017812684269147283,PWT
10_MAS,Malaysia,2005,Average hours,2488.87,0.020978533307626224,PWT
10_MAS,Malaysia,2006,Average hours,2468.85,-0.008043811046780314,PWT
10_MAS,Malaysia,2007,Average hours,2443.11,-0.010425906798711915,PWT
10_MAS,Malaysia,2008,Average hours,2414.35,-0.01177188092226722,PWT
10_MAS,Malaysia,2009,Average hours,2419.85,0.00227804585085023,PWT
10_MAS,Malaysia,2010,Average hours,2401.76,-0.007475669979544075,PWT
10_MAS,Malaysia,2011,Average hours,2399.66,-0.0008743588035442507,PWT
10_MAS,Malaysia,2012,Average hours,2376.47,-0.009663869048115226,PWT
10_MAS,Malaysia,2013,Average hours,2339.6,-0.015514607800645397,PWT
10_MAS,Malaysia,2014,Average hours,2350.53,0.004671738758762256,PWT
10_MAS,Malaysia,2015,Average hours,2337.55,-0.005522158832263369,PWT
10_MAS,Malaysia,2016,Average hours,2341.18,0.0015529079591878325,PWT
10_MAS,Malaysia,2017,Average hours,2342.97,0.0007645717117008566,PWT
10_MAS,Malaysia,2018,Average hours,2316.81,-0.011165315817103894,PWT
10_MAS,Malaysia,2019,Average hours,2315.55,-0.0005438512437359044,PWT
10_MAS,Malaysia,2020,Average hours,2117.78,-0.08540951393837315,PWT
10_MAS,Malaysia,2021,Average hours,2213.21,0.045061337816014735,PWT
10_MAS,Malaysia,2022,Average hours,2291.71,0.03546884389642191,PWT
10_MAS,Malaysia,2023,Average hours,2307.51,0.006894415087423944,PWT
10_MAS,Malaysia,1950,Capital stock,,,PWT
10_MAS,Malaysia,1951,Capital stock,,,PWT
10_MAS,Malaysia,1952,Capital stock,,,PWT
10_MAS,Malaysia,1953,Capital stock,,,PWT
10_MAS,Malaysia,1954,Capital stock,,,PWT
10_MAS,Malaysia,1955,Capital stock,50984.10546875,,PWT
10_MAS,Malaysia,1956,Capital stock,51556.60546875,0.011228989794690225,PWT
10_MAS,Malaysia,1957,Capital stock,52409.08984375,0.016534920545083542,PWT
10_MAS,Malaysia,1958,Capital stock,53203.5234375,0.015158316927817106,PWT
10_MAS,Malaysia,1959,Capital stock,53912.796875,0.01333132453780439,PWT
10_MAS,Malaysia,1960,Capital stock,56100.07421875,0.040570652433805865,PWT
10_MAS,Malaysia,1961,Capital stock,58623.33203125,0.04497779811593672,PWT
10_MAS,Malaysia,1962,Capital stock,61950.19921875,0.05674988220946853,PWT
10_MAS,Malaysia,1963,Capital stock,65452.140625,0.056528331634325024,PWT
10_MAS,Malaysia,1964,Capital stock,68931.3046875,0.053155848369168535,PWT
10_MAS,Malaysia,1965,Capital stock,72890.1484375,0.057431725221906316,PWT
10_MAS,Malaysia,1966,Capital stock,77079.6875,0.057477439027200594,PWT
10_MAS,Malaysia,1967,Capital stock,81564.65625,0.05818613042508769,PWT
10_MAS,Malaysia,1968,Capital stock,86174.859375,0.05652206895679779,PWT
10_MAS,Malaysia,1969,Capital stock,90167.7578125,0.04633484135000954,PWT
10_MAS,Malaysia,1970,Capital stock,96548.515625,0.0707654040346497,PWT
10_MAS,Malaysia,1971,Capital stock,107665.1015625,0.11513989485532283,PWT
10_MAS,Malaysia,1972,Capital stock,120356.3359375,0.1178769553998209,PWT
10_MAS,Malaysia,1973,Capital stock,135089.40625,0.12241208738816,PWT
10_MAS,Malaysia,1974,Capital stock,153241.203125,0.1343687664257538,PWT
10_MAS,Malaysia,1975,Capital stock,168698.96875,0.1008721238790522,PWT
10_MAS,Malaysia,1976,Capital stock,184534.515625,0.09386866435720287,PWT
10_MAS,Malaysia,1977,Capital stock,203032.859375,0.10024327257883403,PWT
10_MAS,Malaysia,1978,Capital stock,222914.203125,0.09792180345191959,PWT
10_MAS,Malaysia,1979,Capital stock,247099.515625,0.10849605884663172,PWT
10_MAS,Malaysia,1980,Capital stock,278447.84375,0.12686519455818956,PWT
10_MAS,Malaysia,1981,Capital stock,315623.65625,0.13351086508458554,PWT
10_MAS,Malaysia,1982,Capital stock,354195.78125,0.12220923316802246,PWT
10_MAS,Malaysia,1983,Capital stock,394865.78125,0.11482350200917302,PWT
10_MAS,Malaysia,1984,Capital stock,434749.03125,0.10100457394344042,PWT
10_MAS,Malaysia,1985,Capital stock,466634.75,0.07334281725325864,PWT
10_MAS,Malaysia,1986,Capital stock,487228.28125,0.04413201385023302,PWT
10_MAS,Malaysia,1987,Capital stock,504538.6875,0.03552832812904372,PWT
10_MAS,Malaysia,1988,Capital stock,528107.5,0.04671358824193228,PWT
10_MAS,Malaysia,1989,Capital stock,565729.5625,0.07123940201568812,PWT
10_MAS,Malaysia,1990,Capital stock,618126.125,0.09261768515057933,PWT
10_MAS,Malaysia,1991,Capital stock,685051.6875,0.10827169374211443,PWT
10_MAS,Malaysia,1992,Capital stock,758292.875,0.10691337432841519,PWT
10_MAS,Malaysia,1993,Capital stock,846785.875,0.11670029208701194,PWT
10_MAS,Malaysia,1994,Capital stock,950351.5625,0.12230445801897671,PWT
10_MAS,Malaysia,1995,Capital stock,1082474.25,0.13902506473755594,PWT
10_MAS,Malaysia,1996,Capital stock,1221952.75,0.12885156390556163,PWT
10_MAS,Malaysia,1997,Capital stock,1371837.25,0.1226598164290722,PWT
10_MAS,Malaysia,1998,Capital stock,1412740.625,0.029816492444712406,PWT
10_MAS,Malaysia,1999,Capital stock,1445193.125,0.02297130798514413,PWT
10_MAS,Malaysia,2000,Capital stock,1511946.375,0.04618984746415822,PWT
10_MAS,Malaysia,2001,Capital stock,1574704.125,0.04150792054380892,PWT
10_MAS,Malaysia,2002,Capital stock,1636063.25,0.0389654945496507,PWT
10_MAS,Malaysia,2003,Capital stock,1701002.625,0.03969245993392989,PWT
10_MAS,Malaysia,2004,Capital stock,1768553.625,0.03971246076119361,PWT
10_MAS,Malaysia,2005,Capital stock,1845415.875,0.04346051423801178,PWT
10_MAS,Malaysia,2006,Capital stock,1926295.375,0.04382724842442354,PWT
10_MAS,Malaysia,2007,Capital stock,2021489.75,0.04941836866529359,PWT
10_MAS,Malaysia,2008,Capital stock,2114925.75,0.04622135729355037,PWT
10_MAS,Malaysia,2009,Capital stock,2201213.75,0.04079954107135908,PWT
10_MAS,Malaysia,2010,Capital stock,2307528.0,0.048298012857679096,PWT
10_MAS,Malaysia,2011,Capital stock,2421476.0,0.04938098259262724,PWT
10_MAS,Malaysia,2012,Capital stock,2576247.0,0.06391597521511683,PWT
10_MAS,Malaysia,2013,Capital stock,2746272.5,0.06599735972521259,PWT
10_MAS,Malaysia,2014,Capital stock,2923039.5,0.06436615448758265,PWT
10_MAS,Malaysia,2015,Capital stock,3104790.25,0.06217868420868067,PWT
10_MAS,Malaysia,2016,Capital stock,3288805.75,0.05926825491673715,PWT
10_MAS,Malaysia,2017,Capital stock,3486282.5,0.06004512428257591,PWT
10_MAS,Malaysia,2018,Capital stock,3681222.0,0.0559161513732751,PWT
10_MAS,Malaysia,2019,Capital stock,3861843.0,0.0490655005321603,PWT
10_MAS,Malaysia,2020,Capital stock,3979777.75,0.03053846311204267,PWT
10_MAS,Malaysia,2021,Capital stock,4084713.5,0.026367238723318254,PWT
10_MAS,Malaysia,2022,Capital stock,4200586.5,0.028367473018609424,PWT
10_MAS,Malaysia,2023,Capital stock,4323859.5,0.029346616240375045,PWT
10_MAS,Malaysia,1950,Employment,,,PWT
10_MAS,Malaysia,1951,Employment,,,PWT
10_MAS,Malaysia,1952,Employment,,,PWT
10_MAS,Malaysia,1953,Employment,,,PWT
10_MAS,Malaysia,1954,Employment,,,PWT
10_MAS,Malaysia,1955,Employment,2.32291102409363,,PWT
10_MAS,Malaysia,1956,Employment,2.36477065086365,0.018020331530499867,PWT
10_MAS,Malaysia,1957,Employment,2.40890073776245,0.018661465915386977,PWT
10_MAS,Malaysia,1958,Employment,2.45381760597229,0.018646209661408397,PWT
10_MAS,Malaysia,1959,Employment,2.49821734428406,0.018094147749085465,PWT
10_MAS,Malaysia,1960,Employment,2.54203701019287,0.017540373742528814,PWT
10_MAS,Malaysia,1961,Employment,2.61175203323364,0.02742486547647882,PWT
10_MAS,Malaysia,1962,Employment,2.68384385108948,0.027602856985845747,PWT
10_MAS,Malaysia,1963,Employment,2.75559234619141,0.026733483422593407,PWT
10_MAS,Malaysia,1964,Employment,2.82936835289001,0.026773193357344294,PWT
10_MAS,Malaysia,1965,Employment,2.90342879295349,0.026175609120612453,PWT
10_MAS,Malaysia,1966,Employment,2.97801375389099,0.02568857935090918,PWT
10_MAS,Malaysia,1967,Employment,3.05341649055481,0.02531980806512424,PWT
10_MAS,Malaysia,1968,Employment,3.12856340408325,0.02461076429006437,PWT
10_MAS,Malaysia,1969,Employment,3.20320510864258,0.023858140276751705,PWT
10_MAS,Malaysia,1970,Employment,3.27625107765198,0.022804024885048735,PWT
10_MAS,Malaysia,1971,Employment,3.40006566047668,0.03779154280002106,PWT
10_MAS,Malaysia,1972,Employment,3.52888202667236,0.037886434868913854,PWT
10_MAS,Malaysia,1973,Employment,3.66169905662537,0.037637140870433905,PWT
10_MAS,Malaysia,1974,Employment,3.79895806312561,0.03748505936114199,PWT
10_MAS,Malaysia,1975,Employment,3.94047665596008,0.03725194921421027,PWT
10_MAS,Malaysia,1976,Employment,4.28352308273315,0.08705708895755104,PWT
10_MAS,Malaysia,1977,Employment,4.36809015274048,0.019742410248288378,PWT
10_MAS,Malaysia,1978,Employment,4.44390869140625,0.01735736580853353,PWT
10_MAS,Malaysia,1979,Employment,4.602707862854,0.035734121125134743,PWT
10_MAS,Malaysia,1980,Employment,4.76912784576416,0.036156972779707974,PWT
10_MAS,Malaysia,1981,Employment,5.0182409286499,0.05223451560582437,PWT
10_MAS,Malaysia,1982,Employment,5.21817970275879,0.039842402338120086,PWT
10_MAS,Malaysia,1983,Employment,5.41180086135864,0.03710511512232606,PWT
10_MAS,Malaysia,1984,Employment,5.54932260513306,0.02541145679552881,PWT
10_MAS,Malaysia,1985,Employment,5.60472202301025,0.009983095563041555,PWT
10_MAS,Malaysia,1986,Employment,5.68880462646484,0.015002100569731613,PWT
10_MAS,Malaysia,1987,Employment,5.85304594039917,0.02887097109474701,PWT
10_MAS,Malaysia,1988,Employment,6.04969501495361,0.0335977329679098,PWT
10_MAS,Malaysia,1989,Employment,6.29833602905273,0.04109976015064065,PWT
10_MAS,Malaysia,1990,Employment,6.57248115539551,0.04352659576723328,PWT
10_MAS,Malaysia,1991,Employment,6.75363969802856,0.027563189357238782,PWT
10_MAS,Malaysia,1992,Employment,6.93309354782105,0.02657142782503996,PWT
10_MAS,Malaysia,1993,Employment,7.1979284286499,0.038198659660676704,PWT
10_MAS,Malaysia,1994,Employment,7.38139009475708,0.02548812035653869,PWT
10_MAS,Malaysia,1995,Employment,7.6687126159668,0.038925258998816714,PWT
10_MAS,Malaysia,1996,Employment,7.90168571472168,0.030379688276466643,PWT
10_MAS,Malaysia,1997,Employment,8.1280403137207,0.02864636827775846,PWT
10_MAS,Malaysia,1998,Employment,8.12622547149658,-0.0002232816465065346,PWT
10_MAS,Malaysia,1999,Employment,8.3655309677124,0.029448542506629316,PWT
10_MAS,Malaysia,2000,Employment,8.81299018859863,0.05348844234911598,PWT
10_MAS,Malaysia,2001,Employment,8.87453079223633,0.006982942488386712,PWT
10_MAS,Malaysia,2002,Employment,9.1381254196167,0.029702373404458582,PWT
10_MAS,Malaysia,2003,Employment,9.41619110107422,0.030429181991812104,PWT
10_MAS,Malaysia,2004,Employment,9.55192375183106,0.014414814790808084,PWT
10_MAS,Malaysia,2005,Employment,9.58206844329834,0.00315587647582527,PWT
10_MAS,Malaysia,2006,Employment,9.87366771697998,0.030431766941258376,PWT
10_MAS,Malaysia,2007,Employment,10.1433639526367,0.027314696360797752,PWT
10_MAS,Malaysia,2008,Employment,10.1788272857666,0.003496210260766741,PWT
10_MAS,Malaysia,2009,Employment,10.3842296600342,0.020179375138314803,PWT
10_MAS,Malaysia,2010,Employment,11.215950012207,0.08009456448886554,PWT
10_MAS,Malaysia,2011,Employment,12.313549041748,0.0978605493378999,PWT
10_MAS,Malaysia,2012,Employment,12.5110750198364,0.016041352287525124,PWT
10_MAS,Malaysia,2013,Employment,13.2360506057739,0.057946706001526405,PWT
10_MAS,Malaysia,2014,Employment,13.6337747573853,0.030048551751373997,PWT
10_MAS,Malaysia,2015,Employment,14.0659990310669,0.031702465485390796,PWT
10_MAS,Malaysia,2016,Employment,14.1628017425537,0.006882035984290713,PWT
10_MAS,Malaysia,2017,Employment,14.4767990112305,0.0221705616151755,PWT
10_MAS,Malaysia,2018,Employment,14.7758989334106,0.020660639271711245,PWT
10_MAS,Malaysia,2019,Employment,15.073296546936,0.0201272095095979,PWT
10_MAS,Malaysia,2020,Employment,14.9566974639893,-0.007735473297670992,PWT
10_MAS,Malaysia,2021,Employment,15.064094543457,0.007180534320913701,PWT
10_MAS,Malaysia,2022,Employment,15.3916921615601,0.021746917291181722,PWT
10_MAS,Malaysia,2023,Employment,15.5549440383911,0.010606493107932158,PWT
10_MAS,Malaysia,1950,Real GDP (PWT),,,PWT
10_MAS,Malaysia,1951,Real GDP (PWT),,,PWT
10_MAS,Malaysia,1952,Real GDP (PWT),,,PWT
10_MAS,Malaysia,1953,Real GDP (PWT),,,PWT
10_MAS,Malaysia,1954,Real GDP (PWT),,,PWT
10_MAS,Malaysia,1955,Real GDP (PWT),19974.095703125,,PWT
10_MAS,Malaysia,1956,Real GDP (PWT),20948.96484375,0.04880667215750245,PWT
10_MAS,Malaysia,1957,Real GDP (PWT),21269.912109375,0.015320435545088662,PWT
10_MAS,Malaysia,1958,Real GDP (PWT),20982.521484375,-0.013511603786709014,PWT
10_MAS,Malaysia,1959,Real GDP (PWT),23126.48828125,0.10217870137635954,PWT
10_MAS,Malaysia,1960,Real GDP (PWT),24908.861328125,0.07707063109620815,PWT
10_MAS,Malaysia,1961,Real GDP (PWT),26723.14453125,0.07283685830618292,PWT
10_MAS,Malaysia,1962,Real GDP (PWT),28362.501953125,0.06134597745253889,PWT
10_MAS,Malaysia,1963,Real GDP (PWT),30242.884765625,0.06629819948916094,PWT
10_MAS,Malaysia,1964,Real GDP (PWT),31753.6953125,0.049955900655093366,PWT
10_MAS,Malaysia,1965,Real GDP (PWT),34096.2265625,0.07377192565924284,PWT
10_MAS,Malaysia,1966,Real GDP (PWT),36537.40625,0.07159676989549557,PWT
10_MAS,Malaysia,1967,Real GDP (PWT),37804.10546875,0.034668558848508946,PWT
10_MAS,Malaysia,1968,Real GDP (PWT),40558.9609375,0.07287185967215248,PWT
10_MAS,Malaysia,1969,Real GDP (PWT),42603.625,0.0504121411209415,PWT
10_MAS,Malaysia,1970,Real GDP (PWT),45081.1796875,0.05815361222196458,PWT
10_MAS,Malaysia,1971,Real GDP (PWT),55419.01953125,0.2293160896722597,PWT
10_MAS,Malaysia,1972,Real GDP (PWT),60622.0,0.09388438324528847,PWT
10_MAS,Malaysia,1973,Real GDP (PWT),67715.4296875,0.11701081599914231,PWT
10_MAS,Malaysia,1974,Real GDP (PWT),73348.453125,0.08318670447039689,PWT
10_MAS,Malaysia,1975,Real GDP (PWT),73936.03125,0.008010777323397056,PWT
10_MAS,Malaysia,1976,Real GDP (PWT),82485.609375,0.11563479916972152,PWT
10_MAS,Malaysia,1977,Real GDP (PWT),88880.765625,0.07753056925270485,PWT
10_MAS,Malaysia,1978,Real GDP (PWT),94794.8046875,0.06653902023585312,PWT
10_MAS,Malaysia,1979,Real GDP (PWT),103657.2578125,0.09349091602874138,PWT
10_MAS,Malaysia,1980,Real GDP (PWT),111373.75,0.07444237239478158,PWT
10_MAS,Malaysia,1981,Real GDP (PWT),119105.2578125,0.0694194800166108,PWT
10_MAS,Malaysia,1982,Real GDP (PWT),126221.2578125,0.059745473295580886,PWT
10_MAS,Malaysia,1983,Real GDP (PWT),134067.875,0.06216557593773975,PWT
10_MAS,Malaysia,1984,Real GDP (PWT),144474.109375,0.07761914906908163,PWT
10_MAS,Malaysia,1985,Real GDP (PWT),142920.296875,-0.010754954688572571,PWT
10_MAS,Malaysia,1986,Real GDP (PWT),144496.625,0.011029421009240314,PWT
10_MAS,Malaysia,1987,Real GDP (PWT),152285.6875,0.05390480573508194,PWT
10_MAS,Malaysia,1988,Real GDP (PWT),165684.46875,0.08798450773648714,PWT
10_MAS,Malaysia,1989,Real GDP (PWT),180894.78125,0.091802886623916,PWT
10_MAS,Malaysia,1990,Real GDP (PWT),197192.765625,0.09009648737448028,PWT
10_MAS,Malaysia,1991,Real GDP (PWT),216015.734375,0.0954546617891423,PWT
10_MAS,Malaysia,1992,Real GDP (PWT),235208.984375,0.08885116658530445,PWT
10_MAS,Malaysia,1993,Real GDP (PWT),258482.78125,0.09894943824889757,PWT
10_MAS,Malaysia,1994,Real GDP (PWT),282294.3125,0.092120376973853,PWT
10_MAS,Malaysia,1995,Real GDP (PWT),310041.25,0.09829081306765608,PWT
10_MAS,Malaysia,1996,Real GDP (PWT),341053.75,0.10002701253462232,PWT
10_MAS,Malaysia,1997,Real GDP (PWT),366028.28125,0.07322755210872178,PWT
10_MAS,Malaysia,1998,Real GDP (PWT),339090.6875,-0.07359429620576619,PWT
10_MAS,Malaysia,1999,Real GDP (PWT),359902.78125,0.06137618789663746,PWT
10_MAS,Malaysia,2000,Real GDP (PWT),391786.09375,0.08858868050217383,PWT
10_MAS,Malaysia,2001,Real GDP (PWT),393814.28125,0.005176772561239051,PWT
10_MAS,Malaysia,2002,Real GDP (PWT),415044.75,0.0539098497967434,PWT
10_MAS,Malaysia,2003,Real GDP (PWT),439069.65625,0.05788509853455559,PWT
10_MAS,Malaysia,2004,Real GDP (PWT),468853.625,0.06783426803933224,PWT
10_MAS,Malaysia,2005,Real GDP (PWT),493853.59375,0.05332147906502804,PWT
10_MAS,Malaysia,2006,Real GDP (PWT),521434.5625,0.05584847229837542,PWT
10_MAS,Malaysia,2007,Real GDP (PWT),554278.625,0.06298788930010746,PWT
10_MAS,Malaysia,2008,Real GDP (PWT),581060.0625,0.048317644397706916,PWT
10_MAS,Malaysia,2009,Real GDP (PWT),572265.5625,-0.015135268395769286,PWT
10_MAS,Malaysia,2010,Real GDP (PWT),614755.375,0.07424841766535617,PWT
10_MAS,Malaysia,2011,Real GDP (PWT),647300.0,0.052939146729705344,PWT
10_MAS,Malaysia,2012,Real GDP (PWT),682729.6875,0.05473457052371389,PWT
10_MAS,Malaysia,2013,Real GDP (PWT),714775.125,0.04693722579626369,PWT
10_MAS,Malaysia,2014,Real GDP (PWT),757709.6875,0.06006723093504407,PWT
10_MAS,Malaysia,2015,Real GDP (PWT),796288.5625,0.050915113844311355,PWT
10_MAS,Malaysia,2016,Real GDP (PWT),831721.5,0.04449760949567838,PWT
10_MAS,Malaysia,2017,Real GDP (PWT),880067.4375,0.05812755531749514,PWT
10_MAS,Malaysia,2018,Real GDP (PWT),922689.6875,0.048430663587641254,PWT
10_MAS,Malaysia,2019,Real GDP (PWT),963409.9375,0.04413211781994697,PWT
10_MAS,Malaysia,2020,Real GDP (PWT),910838.0625,-0.054568541338094745,PWT
10_MAS,Malaysia,2021,Real GDP (PWT),940874.625,0.032976841588677086,PWT
10_MAS,Malaysia,2022,Real GDP (PWT),1022263.1875,0.08650309014338653,PWT
10_MAS,Malaysia,2023,Real GDP (PWT),1059885.5,0.03680296127263216,PWT
10_MAS,Malaysia,1950,TFP,,,PWT
10_MAS,Malaysia,1951,TFP,,,PWT
10_MAS,Malaysia,1952,TFP,,,PWT
10_MAS,Malaysia,1953,TFP,,,PWT
10_MAS,Malaysia,1954,TFP,,,PWT
10_MAS,Malaysia,1955,TFP,,,PWT
10_MAS,Malaysia,1956,TFP,,,PWT
10_MAS,Malaysia,1957,TFP,,,PWT
10_MAS,Malaysia,1958,TFP,,,PWT
10_MAS,Malaysia,1959,TFP,1.34751510620117,,PWT
10_MAS,Malaysia,1960,TFP,1.40705597400665,0.04418567742318946,PWT
10_MAS,Malaysia,1961,TFP,1.45249974727631,0.03229706145964961,PWT
10_MAS,Malaysia,1962,TFP,1.46090757846832,0.005788525063619598,PWT
10_MAS,Malaysia,1963,TFP,1.48394417762756,0.015768690298254562,PWT
10_MAS,Malaysia,1964,TFP,1.4828850030899,-0.0007137563215844356,PWT
10_MAS,Malaysia,1965,TFP,1.50888526439667,0.01753356548389995,PWT
10_MAS,Malaysia,1966,TFP,1.53447020053864,0.016956183976122308,PWT
10_MAS,Malaysia,1967,TFP,1.51333093643188,-0.013776262386418048,PWT
10_MAS,Malaysia,1968,TFP,1.54532098770142,0.02113883387923443,PWT
10_MAS,Malaysia,1969,TFP,1.55694437026978,0.007521662270082219,PWT
10_MAS,Malaysia,1970,TFP,1.56188440322876,0.003172902676107814,PWT
10_MAS,Malaysia,1971,TFP,1.74101984500885,0.11469186926367758,PWT
10_MAS,Malaysia,1972,TFP,1.72570514678955,-0.008796394976889221,PWT
10_MAS,Malaysia,1973,TFP,1.73970830440521,0.008114455497633122,PWT
10_MAS,Malaysia,1974,TFP,1.68814325332642,-0.029640055719811875,PWT
10_MAS,Malaysia,1975,TFP,1.56303310394287,-0.07411109758429879,PWT
10_MAS,Malaysia,1976,TFP,1.58456015586853,0.013772614202064215,PWT
10_MAS,Malaysia,1977,TFP,1.57202970981598,-0.007907838655504928,PWT
10_MAS,Malaysia,1978,TFP,1.54142022132874,-0.019471316792621596,PWT
10_MAS,Malaysia,1979,TFP,1.52902328968048,-0.008042538612587746,PWT
10_MAS,Malaysia,1980,TFP,1.46780478954315,-0.04003765053841846,PWT
10_MAS,Malaysia,1981,TFP,1.38158810138702,-0.05873852488447384,PWT
10_MAS,Malaysia,1982,TFP,1.30608940124512,-0.05464631612425175,PWT
10_MAS,Malaysia,1983,TFP,1.25607562065125,-0.03829276965741468,PWT
10_MAS,Malaysia,1984,TFP,1.23143184185028,-0.019619661743130234,PWT
10_MAS,Malaysia,1985,TFP,1.13877439498901,-0.07524366652891512,PWT
10_MAS,Malaysia,1986,TFP,1.10047233104706,-0.03363446184818675,PWT
10_MAS,Malaysia,1987,TFP,1.11375439167023,0.01206941805663786,PWT
10_MAS,Malaysia,1988,TFP,1.14670312404633,0.02958348144126166,PWT
10_MAS,Malaysia,1989,TFP,1.15763056278229,0.009529440102509668,PWT
10_MAS,Malaysia,1990,TFP,1.14993822574615,-0.00664489802139645,PWT
10_MAS,Malaysia,1991,TFP,1.14179193973541,-0.007084107501039161,PWT
10_MAS,Malaysia,1992,TFP,1.13025534152985,-0.010103940835519798,PWT
10_MAS,Malaysia,1993,TFP,1.12020146846771,-0.008895222780837875,PWT
10_MAS,Malaysia,1994,TFP,1.10536849498749,-0.013241344434684166,PWT
10_MAS,Malaysia,1995,TFP,1.0813592672348,-0.021720564555227084,PWT
10_MAS,Malaysia,1996,TFP,1.07292127609253,-0.007803133887081981,PWT
10_MAS,Malaysia,1997,TFP,1.04548275470734,-0.025573657636018043,PWT
10_MAS,Malaysia,1998,TFP,0.948293149471283,-0.09296146186864951,PWT
10_MAS,Malaysia,1999,TFP,0.985847532749176,0.03960208222407946,PWT
10_MAS,Malaysia,2000,TFP,1.02266049385071,0.037341434530830275,PWT
10_MAS,Malaysia,2001,TFP,0.993512451648712,-0.02850216897715918,PWT
10_MAS,Malaysia,2002,TFP,1.00054848194122,0.0070819749474018145,PWT
10_MAS,Malaysia,2003,TFP,1.01508796215057,0.014531509938569886,PWT
10_MAS,Malaysia,2004,TFP,1.04360044002533,0.0280886769796318,PWT
10_MAS,Malaysia,2005,TFP,1.04936039447784,0.005519310103367037,PWT
10_MAS,Malaysia,2006,TFP,1.0601350069046,0.010267790249622877,PWT
10_MAS,Malaysia,2007,TFP,1.07682847976685,0.01574655374412326,PWT
10_MAS,Malaysia,2008,TFP,1.09282350540161,0.014853828567222838,PWT
10_MAS,Malaysia,2009,TFP,1.03613662719727,-0.05187194265510209,PWT
10_MAS,Malaysia,2010,TFP,1.04681062698364,0.010301730009528498,PWT
10_MAS,Malaysia,2011,TFP,1.02950596809387,-0.01653083990906057,PWT
10_MAS,Malaysia,2012,TFP,1.03636658191681,0.006663986451328929,PWT
10_MAS,Malaysia,2013,TFP,1.02228558063507,-0.013586892444656606,PWT
10_MAS,Malaysia,2014,TFP,1.02585685253143,0.003493419024986677,PWT
10_MAS,Malaysia,2015,TFP,1.02677083015442,0.0008909407006782999,PWT
10_MAS,Malaysia,2016,TFP,1.03030121326447,0.003438336000954667,PWT
10_MAS,Malaysia,2017,TFP,1.04043245315552,0.009833279589130717,PWT
10_MAS,Malaysia,2018,TFP,1.04954409599304,0.008757553467200418,PWT
10_MAS,Malaysia,2019,TFP,1.05466365814209,0.004877891427902403,PWT
10_MAS,Malaysia,2020,TFP,1.01114749908447,-0.041260698348399294,PWT
10_MAS,Malaysia,2021,TFP,1.0,-0.011024602339978484,PWT
10_MAS,Malaysia,2022,TFP,1.03659212589264,0.03659212589264005,PWT
10_MAS,Malaysia,2023,TFP,1.03953576087952,0.0028397234682300265,PWT
10_MAS,Malaysia,1950,delta,,,PWT
10_MAS,Malaysia,1951,delta,,,PWT
10_MAS,Malaysia,1952,delta,,,PWT
10_MAS,Malaysia,1953,delta,,,PWT
10_MAS,Malaysia,1954,delta,,,PWT
10_MAS,Malaysia,1955,delta,0.0347308591008186,,PWT
10_MAS,Malaysia,1956,delta,0.0335587412118912,-0.033748600503227144,PWT
10_MAS,Malaysia,1957,delta,0.0325432829558849,-0.030259128302657756,PWT
10_MAS,Malaysia,1958,delta,0.0316055454313755,-0.02881508684236256,PWT
10_MAS,Malaysia,1959,delta,0.03083754517138,-0.024299541410004788,PWT
10_MAS,Malaysia,1960,delta,0.0303682684898376,-0.015217705525338965,PWT
10_MAS,Malaysia,1961,delta,0.0300759691745043,-0.009625155791516904,PWT
10_MAS,Malaysia,1962,delta,0.0300447233021259,-0.0010388982711450057,PWT
10_MAS,Malaysia,1963,delta,0.0302701145410538,0.0075018577026453315,PWT
10_MAS,Malaysia,1964,delta,0.0304586756974459,0.0062292845352918125,PWT
10_MAS,Malaysia,1965,delta,0.0306343827396631,0.0057687026173607325,PWT
10_MAS,Malaysia,1966,delta,0.0308343097567558,0.006526229654820304,PWT
10_MAS,Malaysia,1967,delta,0.0310731045901775,0.007744452050507888,PWT
10_MAS,Malaysia,1968,delta,0.0313021056354046,0.007369751051508722,PWT
10_MAS,Malaysia,1969,delta,0.0312905684113503,-0.00036857661234301897,PWT
10_MAS,Malaysia,1970,delta,0.031553078442812,0.008389429939741122,PWT
10_MAS,Malaysia,1971,delta,0.0326345451176167,0.03427452179554491,PWT
10_MAS,Malaysia,1972,delta,0.0338979437947273,0.03871353722128612,PWT
10_MAS,Malaysia,1973,delta,0.0352360680699348,0.03947508684628964,PWT
10_MAS,Malaysia,1974,delta,0.0367611907422543,0.04328299824181592,PWT
10_MAS,Malaysia,1975,delta,0.0375657975673676,0.021887398336867925,PWT
10_MAS,Malaysia,1976,delta,0.0376406461000443,0.0019924648889051433,PWT
10_MAS,Malaysia,1977,delta,0.0377333499491215,0.0024628655106186947,PWT
10_MAS,Malaysia,1978,delta,0.0380524359643459,0.008456339435927163,PWT
10_MAS,Malaysia,1979,delta,0.0385909005999565,0.014150595670540778,PWT
10_MAS,Malaysia,1980,delta,0.039435837417841,0.021894716234879708,PWT
10_MAS,Malaysia,1981,delta,0.0406029708683491,0.02959575672609116,PWT
10_MAS,Malaysia,1982,delta,0.0417571738362312,0.028426564440924285,PWT
10_MAS,Malaysia,1983,delta,0.0421831607818604,0.010201527222601259,PWT
10_MAS,Malaysia,1984,delta,0.0424398481845856,0.0060850680216353314,PWT
10_MAS,Malaysia,1985,delta,0.0426718555390835,0.005466733846191563,PWT
10_MAS,Malaysia,1986,delta,0.0422845371067524,-0.00907667190559247,PWT
10_MAS,Malaysia,1987,delta,0.0417506620287895,-0.012625775626089353,PWT
10_MAS,Malaysia,1988,delta,0.0417576469480991,0.00016730080363247524,PWT
10_MAS,Malaysia,1989,delta,0.0427873395383358,0.024658779061868863,PWT
10_MAS,Malaysia,1990,delta,0.0446721278131008,0.04405013948287917,PWT
10_MAS,Malaysia,1991,delta,0.0469795204699039,0.05165172938385121,PWT
10_MAS,Malaysia,1992,delta,0.0489520728588104,0.0419874951718624,PWT
10_MAS,Malaysia,1993,delta,0.0504319034516811,0.030230192644525866,PWT
10_MAS,Malaysia,1994,delta,0.0520789474248886,0.03265877074787649,PWT
10_MAS,Malaysia,1995,delta,0.0539384596049786,0.03570564060980508,PWT
10_MAS,Malaysia,1996,delta,0.0552812665700913,0.02489516710241313,PWT
10_MAS,Malaysia,1997,delta,0.0559794344007969,0.012629374723540199,PWT
10_MAS,Malaysia,1998,delta,0.0559122934937477,-0.0011993852343789024,PWT
10_MAS,Malaysia,1999,delta,0.0544161237776279,-0.026759226328054275,PWT
10_MAS,Malaysia,2000,delta,0.0525485537946224,-0.03432015831626212,PWT
10_MAS,Malaysia,2001,delta,0.0512358993291855,-0.024979839988883423,PWT
10_MAS,Malaysia,2002,delta,0.0503835454583168,-0.016635872152695352,PWT
10_MAS,Malaysia,2003,delta,0.0497462972998619,-0.012647941955218456,PWT
10_MAS,Malaysia,2004,delta,0.0492640994489193,-0.009693140537395006,PWT
10_MAS,Malaysia,2005,delta,0.0494466871023178,0.0037063024685515256,PWT
10_MAS,Malaysia,2006,delta,0.0500390790402889,0.011980417145951217,PWT
10_MAS,Malaysia,2007,delta,0.0507422313094139,0.014052062560121481,PWT
10_MAS,Malaysia,2008,delta,0.0512221977114677,0.009458913998619423,PWT
10_MAS,Malaysia,2009,delta,0.0513017438352108,0.0015529619441785325,PWT
10_MAS,Malaysia,2010,delta,0.0515104159712791,0.004067544696698677,PWT
10_MAS,Malaysia,2011,delta,0.0519297383725643,0.008140536110580188,PWT
10_MAS,Malaysia,2012,delta,0.0524290837347508,0.009615788136732029,PWT
10_MAS,Malaysia,2013,delta,0.0529674552381039,0.010268565937120444,PWT
10_MAS,Malaysia,2014,delta,0.0531952269375324,0.004300219793542892,PWT
10_MAS,Malaysia,2015,delta,0.0530077256262302,-0.003524776979001998,PWT
10_MAS,Malaysia,2016,delta,0.0526005774736404,-0.007680920993681117,PWT
10_MAS,Malaysia,2017,delta,0.0522440709173679,-0.0067776167752370275,PWT
10_MAS,Malaysia,2018,delta,0.0519649870693684,-0.005341923841289398,PWT
10_MAS,Malaysia,2019,delta,0.0516009368002415,-0.007005683820163866,PWT
10_MAS,Malaysia,2020,delta,0.0520205348730087,0.008131597966749338,PWT
10_MAS,Malaysia,2021,delta,0.0532811731100082,0.0242334731866356,PWT
10_MAS,Malaysia,2022,delta,0.054694626480341,0.026528195379904362,PWT
10_MAS,Malaysia,2023,delta,0.056249100714922,0.02842096810259287,PWT
10_MAS,Malaysia,1950,output_to_kstock,,,PWT
10_MAS,Malaysia,1951,output_to_kstock,,,PWT
10_MAS,Malaysia,1952,output_to_kstock,,,PWT
10_MAS,Malaysia,1953,output_to_kstock,,,PWT
10_MAS,Malaysia,1954,output_to_kstock,,,PWT
10_MAS,Malaysia,1955,output_to_kstock,0.3917710337267336,,PWT
10_MAS,Malaysia,1956,output_to_kstock,0.40632940538429735,0.03716040851483271,PWT
10_MAS,Malaysia,1957,output_to_kstock,0.40584395136011936,-0.0011947302305597152,PWT
10_MAS,Malaysia,1958,output_to_kstock,0.3943821786356666,-0.028241822222656032,PWT
10_MAS,Malaysia,1959,output_to_kstock,0.4289610189371204,0.08767850621718387,PWT
10_MAS,Malaysia,1960,output_to_kstock,0.4440076359079015,0.0350768864920723,PWT
10_MAS,Malaysia,1961,output_to_kstock,0.4558448591254562,0.026659954154504728,PWT
10_MAS,Malaysia,1962,output_to_kstock,0.4578274535159321,0.004349274431392214,PWT
10_MAS,Malaysia,1963,output_to_kstock,0.46206104913967433,0.009247142326721303,PWT
10_MAS,Malaysia,1964,output_to_kstock,0.4606571057439772,-0.003038437016734341,PWT
10_MAS,Malaysia,1965,output_to_kstock,0.46777551278738266,0.015452723847402705,PWT
10_MAS,Malaysia,1966,output_to_kstock,0.47402120370558065,0.013351897966999537,PWT
10_MAS,Malaysia,1967,output_to_kstock,0.4634863580234852,-0.022224418654146816,PWT
10_MAS,Malaysia,1968,output_to_kstock,0.4706588584148763,0.015475105722588811,PWT
10_MAS,Malaysia,1969,output_to_kstock,0.4724928958374724,0.003896744722436285,PWT
10_MAS,Malaysia,1970,output_to_kstock,0.4669277346800224,-0.011778295941542116,PWT
10_MAS,Malaysia,1971,output_to_kstock,0.5147352180695157,0.1023873285707797,PWT
10_MAS,Malaysia,1972,output_to_kstock,0.5036876499088546,-0.021462623447632723,PWT
10_MAS,Malaysia,1973,output_to_kstock,0.5012638042259513,-0.0048121999484044276,PWT
10_MAS,Malaysia,1974,output_to_kstock,0.47864707160494635,-0.04511942101211475,PWT
10_MAS,Malaysia,1975,output_to_kstock,0.4382719811379997,-0.08435252791073256,PWT
10_MAS,Malaysia,1976,output_to_kstock,0.44699285169297176,0.01989830728473163,PWT
10_MAS,Malaysia,1977,output_to_kstock,0.43776542328470075,-0.020643346696311626,PWT
10_MAS,Malaysia,1978,output_to_kstock,0.42525242159802373,-0.0285838054380535,PWT
10_MAS,Malaysia,1979,output_to_kstock,0.41949599759560435,-0.013536487295681354,PWT
10_MAS,Malaysia,1980,output_to_kstock,0.39998065167276053,-0.04652093472809882,PWT
10_MAS,Malaysia,1981,output_to_kstock,0.3773647996719194,-0.05654236500255527,PWT
10_MAS,Malaysia,1982,output_to_kstock,0.35636013892387375,-0.055661420371765136,PWT
10_MAS,Malaysia,1983,output_to_kstock,0.33952771135445153,-0.047234316442496316,PWT
10_MAS,Malaysia,1984,output_to_kstock,0.3323161157130238,-0.021240079676145163,PWT
10_MAS,Malaysia,1985,output_to_kstock,0.30627872629503056,-0.07835126912857326,PWT
10_MAS,Malaysia,1986,output_to_kstock,0.2965686323242346,-0.0317034555036072,PWT
10_MAS,Malaysia,1987,output_to_kstock,0.301831536952258,0.01774599217313577,PWT
10_MAS,Malaysia,1988,output_to_kstock,0.313732466874642,0.039429047218039415,PWT
10_MAS,Malaysia,1989,output_to_kstock,0.3197548674151176,0.019195974839550045,PWT
10_MAS,Malaysia,1990,output_to_kstock,0.31901703818941485,-0.002307483953777889,PWT
10_MAS,Malaysia,1991,output_to_kstock,0.31532764361667237,-0.011564882533176557,PWT
10_MAS,Malaysia,1992,output_to_kstock,0.31018224241524095,-0.016317634389474645,PWT
10_MAS,Malaysia,1993,output_to_kstock,0.3052516449332601,-0.015895808359590813,PWT
10_MAS,Malaysia,1994,output_to_kstock,0.29704198281885813,-0.026894735051131158,PWT
10_MAS,Malaysia,1995,output_to_kstock,0.2864190533862584,-0.035762383929000996,PWT
10_MAS,Malaysia,1996,output_to_kstock,0.27910551369518993,-0.025534403541253137,PWT
10_MAS,Malaysia,1997,output_to_kstock,0.26681611193310284,-0.044031382968336086,PWT
10_MAS,Malaysia,1998,output_to_kstock,0.24002331461233373,-0.10041671444296707,PWT
10_MAS,Malaysia,1999,output_to_kstock,0.24903438511029452,0.037542480039969295,PWT
10_MAS,Malaysia,2000,output_to_kstock,0.25912697713898747,0.040526901633375134,PWT
10_MAS,Malaysia,2001,output_to_kstock,0.2500877942705586,-0.034883218135873695,PWT
10_MAS,Malaysia,2002,output_to_kstock,0.25368502715283164,0.014383880239998259,PWT
10_MAS,Malaysia,2003,output_to_kstock,0.2581240321425136,0.017498096121406848,PWT
10_MAS,Malaysia,2004,output_to_kstock,0.26510568770568094,0.027047677448772678,PWT
10_MAS,Malaysia,2005,output_to_kstock,0.26761100326504994,0.009450252014775229,PWT
10_MAS,Malaysia,2006,output_to_kstock,0.27069294214549,0.011516487897874628,PWT
10_MAS,Malaysia,2007,output_to_kstock,0.27419314146905766,0.012930515645606988,PWT
10_MAS,Malaysia,2008,output_to_kstock,0.27474253528758635,0.0020036745470188855,PWT
10_MAS,Malaysia,2009,output_to_kstock,0.2599772795804133,-0.05374215423803075,PWT
10_MAS,Malaysia,2010,output_to_kstock,0.2664129644364012,0.02475479728988139,PWT
10_MAS,Malaysia,2011,output_to_kstock,0.26731629799345524,0.003390726719944004,PWT
10_MAS,Malaysia,2012,output_to_kstock,0.26500940612449037,-0.008629821250260461,PWT
10_MAS,Malaysia,2013,output_to_kstock,0.2602710128000772,-0.017880094875527774,PWT
10_MAS,Malaysia,2014,output_to_kstock,0.25921979073495244,-0.004038951759611553,PWT
10_MAS,Malaysia,2015,output_to_kstock,0.25647096852999973,-0.010604214273760126,PWT
10_MAS,Malaysia,2016,output_to_kstock,0.25289468677193844,-0.013944197187538476,PWT
10_MAS,Malaysia,2017,output_to_kstock,0.2524372128477827,-0.0018089503183920108,PWT
10_MAS,Malaysia,2018,output_to_kstock,0.2506476619720299,-0.007089092988963763,PWT
10_MAS,Malaysia,2019,output_to_kstock,0.2494689549782319,-0.004702645077653056,PWT
10_MAS,Malaysia,2020,output_to_kstock,0.2288665648477481,-0.08258498590448471,PWT
10_MAS,Malaysia,2021,output_to_kstock,0.23034042044809264,0.006439803041239367,PWT
10_MAS,Malaysia,2022,output_to_kstock,0.24336201325695828,0.05653194859822741,PWT
10_MAS,Malaysia,2023,output_to_kstock,0.24512487050053314,0.007243765039507188,PWT
11_MEX,Mexico,1950,Average hours,1817.09,,PWT
11_MEX,Mexico,1951,Average hours,1816.75,-0.00018711236097268547,PWT
11_MEX,Mexico,1952,Average hours,1816.41,-0.0001871473785606259,PWT
11_MEX,Mexico,1953,Average hours,1816.07,-0.00018718240925785778,PWT
11_MEX,Mexico,1954,Average hours,1815.74,-0.0001817110573931746,PWT
11_MEX,Mexico,1955,Average hours,1815.4,-0.00018725147873588366,PWT
11_MEX,Mexico,1956,Average hours,1815.06,-0.00018728654841915215,PWT
11_MEX,Mexico,1957,Average hours,1814.72,-0.00018732163124079992,PWT
11_MEX,Mexico,1958,Average hours,1814.39,-0.00018184623523187504,PWT
11_MEX,Mexico,1959,Average hours,1814.05,-0.00018739080352081494,PWT
11_MEX,Mexico,1960,Average hours,1813.71,-0.0001874259254154298,PWT
11_MEX,Mexico,1961,Average hours,1806.5,-0.003975277194259275,PWT
11_MEX,Mexico,1962,Average hours,1799.31,-0.003980071962358167,PWT
11_MEX,Mexico,1963,Average hours,1792.16,-0.003973745491327119,PWT
11_MEX,Mexico,1964,Average hours,1785.03,-0.003978439425051383,PWT
11_MEX,Mexico,1965,Average hours,1777.93,-0.0039775241872684886,PWT
11_MEX,Mexico,1966,Average hours,1770.86,-0.003976534509232743,PWT
11_MEX,Mexico,1967,Average hours,1763.81,-0.003981116519657046,PWT
11_MEX,Mexico,1968,Average hours,1756.8,-0.003974350978846908,PWT
11_MEX,Mexico,1969,Average hours,1749.81,-0.003978825136612074,PWT
11_MEX,Mexico,1970,Average hours,1742.85,-0.00397757470811122,PWT
11_MEX,Mexico,1971,Average hours,1741.44,-0.0008090197090970808,PWT
11_MEX,Mexico,1972,Average hours,1740.04,-0.0008039323778022966,PWT
11_MEX,Mexico,1973,Average hours,1738.63,-0.0008103261993975819,PWT
11_MEX,Mexico,1974,Average hours,1737.43,-0.0006901986046484732,PWT
11_MEX,Mexico,1975,Average hours,1736.22,-0.0006964309353471032,PWT
11_MEX,Mexico,1976,Average hours,1735.01,-0.0006969162894103764,PWT
11_MEX,Mexico,1977,Average hours,1733.81,-0.0006916386649068462,PWT
11_MEX,Mexico,1978,Average hours,1732.6,-0.0006978850047006935,PWT
11_MEX,Mexico,1979,Average hours,1731.4,-0.0006926007156873304,PWT
11_MEX,Mexico,1980,Average hours,1730.2,-0.0006930807439067266,PWT
11_MEX,Mexico,1981,Average hours,1730.95,0.00043347589874009884,PWT
11_MEX,Mexico,1982,Average hours,1731.69,0.000427510904416728,PWT
11_MEX,Mexico,1983,Average hours,1732.44,0.0004331029225785876,PWT
11_MEX,Mexico,1984,Average hours,1733.19,0.0004329154256423884,PWT
11_MEX,Mexico,1985,Average hours,1733.94,0.0004327280909768305,PWT
11_MEX,Mexico,1986,Average hours,1734.69,0.00043254091837097164,PWT
11_MEX,Mexico,1987,Average hours,1735.44,0.0004323539076145355,PWT
11_MEX,Mexico,1988,Average hours,1736.19,0.0004321670584981341,PWT
11_MEX,Mexico,1989,Average hours,1736.95,0.00043774010908936845,PWT
11_MEX,Mexico,1990,Average hours,1803.14,0.03810702668470589,PWT
11_MEX,Mexico,1991,Average hours,1783.68,-0.010792284570249722,PWT
11_MEX,Mexico,1992,Average hours,1784.13,0.00025228740581262343,PWT
11_MEX,Mexico,1993,Average hours,1750.55,-0.01882149843341019,PWT
11_MEX,Mexico,1994,Average hours,1714.17,-0.020782039930307583,PWT
11_MEX,Mexico,1995,Average hours,1648.89,-0.03808257057351372,PWT
11_MEX,Mexico,1996,Average hours,1655.48,0.003996628034617089,PWT
11_MEX,Mexico,1997,Average hours,1655.02,-0.0002778650300819807,PWT
11_MEX,Mexico,1998,Average hours,1670.33,0.009250643496755195,PWT
11_MEX,Mexico,1999,Average hours,1724.06,0.032167296282770375,PWT
11_MEX,Mexico,2000,Average hours,1713.18,-0.006310685242972958,PWT
11_MEX,Mexico,2001,Average hours,1685.26,-0.016297178346700303,PWT
11_MEX,Mexico,2002,Average hours,1632.98,-0.031021919466432513,PWT
11_MEX,Mexico,2003,Average hours,1642.92,0.006087031072027793,PWT
11_MEX,Mexico,2004,Average hours,1660.3,0.010578725683539014,PWT
11_MEX,Mexico,2005,Average hours,1660.96,0.0003975185207492071,PWT
11_MEX,Mexico,2006,Average hours,1653.09,-0.004738223677873132,PWT
11_MEX,Mexico,2007,Average hours,1636.34,-0.010132539668136653,PWT
11_MEX,Mexico,2008,Average hours,1645.49,0.005591747436351824,PWT
11_MEX,Mexico,2009,Average hours,1632.75,-0.007742374611817815,PWT
11_MEX,Mexico,2010,Average hours,1633.49,0.00045322308987905124,PWT
11_MEX,Mexico,2011,Average hours,1634.78,0.0007897201696980272,PWT
11_MEX,Mexico,2012,Average hours,1631.57,-0.0019635669631388186,PWT
11_MEX,Mexico,2013,Average hours,1635.84,0.0026171111260933078,PWT
11_MEX,Mexico,2014,Average hours,1633.2,-0.0016138497652581352,PWT
11_MEX,Mexico,2015,Average hours,1637.1,0.0023879500367376405,PWT
11_MEX,Mexico,2016,Average hours,1645.09,0.004880581516095495,PWT
11_MEX,Mexico,2017,Average hours,1648.54,0.0020971497000163986,PWT
11_MEX,Mexico,2018,Average hours,1648.55,6.065973528146529e-06,PWT
11_MEX,Mexico,2019,Average hours,1639.34,-0.005586727730429786,PWT
11_MEX,Mexico,2020,Average hours,1587.37,-0.031701782424634284,PWT
11_MEX,Mexico,2021,Average hours,1626.72,0.024789431575499288,PWT
11_MEX,Mexico,2022,Average hours,1639.79,0.008034572636962611,PWT
11_MEX,Mexico,2023,Average hours,1628.87,-0.006659389312046127,PWT
11_MEX,Mexico,1950,Capital stock,415028.5625,,PWT
11_MEX,Mexico,1951,Capital stock,443939.5,0.06966011526013949,PWT
11_MEX,Mexico,1952,Capital stock,475898.03125,0.07198848322800733,PWT
11_MEX,Mexico,1953,Capital stock,505845.21875,0.06292773983817579,PWT
11_MEX,Mexico,1954,Capital stock,540322.9375,0.06815863325781413,PWT
11_MEX,Mexico,1955,Capital stock,579527.6875,0.07255799685535291,PWT
11_MEX,Mexico,1956,Capital stock,631771.375,0.09014873426560821,PWT
11_MEX,Mexico,1957,Capital stock,686973.0,0.08737595146662036,PWT
11_MEX,Mexico,1958,Capital stock,733574.9375,0.06783663622878922,PWT
11_MEX,Mexico,1959,Capital stock,778208.5,0.06084390321745414,PWT
11_MEX,Mexico,1960,Capital stock,830701.125,0.06745316325894657,PWT
11_MEX,Mexico,1961,Capital stock,884701.9375,0.06500630717214939,PWT
11_MEX,Mexico,1962,Capital stock,935840.625,0.05780329547430196,PWT
11_MEX,Mexico,1963,Capital stock,1000840.375,0.0694560037933809,PWT
11_MEX,Mexico,1964,Capital stock,1084370.25,0.083459737523079,PWT
11_MEX,Mexico,1965,Capital stock,1179670.5,0.08788534174558915,PWT
11_MEX,Mexico,1966,Capital stock,1281582.75,0.08639043699066806,PWT
11_MEX,Mexico,1967,Capital stock,1385075.0,0.08075346675819417,PWT
11_MEX,Mexico,1968,Capital stock,1508512.125,0.08911945201523386,PWT
11_MEX,Mexico,1969,Capital stock,1611524.25,0.06828723700182393,PWT
11_MEX,Mexico,1970,Capital stock,1720407.25,0.06756522590336456,PWT
11_MEX,Mexico,1971,Capital stock,1821928.125,0.05900979259416639,PWT
11_MEX,Mexico,1972,Capital stock,1941039.875,0.06537675573782575,PWT
11_MEX,Mexico,1973,Capital stock,2083733.0,0.0735137525188656,PWT
11_MEX,Mexico,1974,Capital stock,2237338.75,0.07371661820396369,PWT
11_MEX,Mexico,1975,Capital stock,2405505.5,0.07516374085059763,PWT
11_MEX,Mexico,1976,Capital stock,2567267.0,0.06724636464144429,PWT
11_MEX,Mexico,1977,Capital stock,2705042.0,0.05366601915577918,PWT
11_MEX,Mexico,1978,Capital stock,2875234.25,0.06291667560060055,PWT
11_MEX,Mexico,1979,Capital stock,3094565.0,0.0762827411366569,PWT
11_MEX,Mexico,1980,Capital stock,3351841.0,0.08313801778279006,PWT
11_MEX,Mexico,1981,Capital stock,3657681.0,0.09124537828614177,PWT
11_MEX,Mexico,1982,Capital stock,3874959.75,0.059403417083119026,PWT
11_MEX,Mexico,1983,Capital stock,3974376.0,0.025656072943725405,PWT
11_MEX,Mexico,1984,Capital stock,4090092.75,0.02911570269144148,PWT
11_MEX,Mexico,1985,Capital stock,4230042.0,0.03421664459809626,PWT
11_MEX,Mexico,1986,Capital stock,4328456.0,0.02326549003532352,PWT
11_MEX,Mexico,1987,Capital stock,4424549.0,0.022200294978163004,PWT
11_MEX,Mexico,1988,Capital stock,4539001.5,0.02586760820142353,PWT
11_MEX,Mexico,1989,Capital stock,4658385.5,0.02630181990466407,PWT
11_MEX,Mexico,1990,Capital stock,4776021.0,0.025252418461288784,PWT
11_MEX,Mexico,1991,Capital stock,4913728.0,0.028832997174844888,PWT
11_MEX,Mexico,1992,Capital stock,5070182.0,0.03184018325800686,PWT
11_MEX,Mexico,1993,Capital stock,5253452.0,0.03614663142269836,PWT
11_MEX,Mexico,1994,Capital stock,5472600.5,0.04171514272900945,PWT
11_MEX,Mexico,1995,Capital stock,5543877.5,0.013024338246506284,PWT
11_MEX,Mexico,1996,Capital stock,5671429.5,0.02300772338494128,PWT
11_MEX,Mexico,1997,Capital stock,5844027.0,0.030432803581530887,PWT
11_MEX,Mexico,1998,Capital stock,6043366.5,0.034109955344148846,PWT
11_MEX,Mexico,1999,Capital stock,6246603.0,0.03362968305827563,PWT
11_MEX,Mexico,2000,Capital stock,6454623.5,0.0333013799660391,PWT
11_MEX,Mexico,2001,Capital stock,6614301.0,0.024738468479222675,PWT
11_MEX,Mexico,2002,Capital stock,6760300.0,0.022073231925792358,PWT
11_MEX,Mexico,2003,Capital stock,6905019.5,0.02140726003283877,PWT
11_MEX,Mexico,2004,Capital stock,7068316.5,0.023649028072983747,PWT
11_MEX,Mexico,2005,Capital stock,7243768.0,0.024822247277693332,PWT
11_MEX,Mexico,2006,Capital stock,7449402.5,0.02838778105538453,PWT
11_MEX,Mexico,2007,Capital stock,7676115.0,0.03043364887318134,PWT
11_MEX,Mexico,2008,Capital stock,7925027.0,0.032426820077604335,PWT
11_MEX,Mexico,2009,Capital stock,8104519.0,0.02264875564461799,PWT
11_MEX,Mexico,2010,Capital stock,8304676.5,0.02469702396897344,PWT
11_MEX,Mexico,2011,Capital stock,8536764.0,0.027946603338492526,PWT
11_MEX,Mexico,2012,Capital stock,8777368.0,0.028184450220247292,PWT
11_MEX,Mexico,2013,Capital stock,8984429.0,0.02359032912827619,PWT
11_MEX,Mexico,2014,Capital stock,9194518.0,0.023383678584359746,PWT
11_MEX,Mexico,2015,Capital stock,9423436.0,0.024897226804058592,PWT
11_MEX,Mexico,2016,Capital stock,9648700.0,0.023904656433173743,PWT
11_MEX,Mexico,2017,Capital stock,9855634.0,0.021446827033693605,PWT
11_MEX,Mexico,2018,Capital stock,10053732.0,0.020099975303466078,PWT
11_MEX,Mexico,2019,Capital stock,10215500.0,0.01609034336702031,PWT
11_MEX,Mexico,2020,Capital stock,10279037.0,0.006219666193529427,PWT
11_MEX,Mexico,2021,Capital stock,10393107.0,0.011097343068227072,PWT
11_MEX,Mexico,2022,Capital stock,10544608.0,0.01457706535687553,PWT
11_MEX,Mexico,2023,Capital stock,10777758.0,0.02211082668981157,PWT
11_MEX,Mexico,1950,Employment,7.77186441421509,,PWT
11_MEX,Mexico,1951,Employment,7.86822080612183,0.012398105109824087,PWT
11_MEX,Mexico,1952,Employment,7.95734739303589,0.011327413034051492,PWT
11_MEX,Mexico,1953,Employment,8.0521764755249,0.0119171726211178,PWT
11_MEX,Mexico,1954,Employment,8.14266967773438,0.011238353069451312,PWT
11_MEX,Mexico,1955,Employment,8.24021339416504,0.011979328683489054,PWT
11_MEX,Mexico,1956,Employment,8.36039924621582,0.014585283936443094,PWT
11_MEX,Mexico,1957,Employment,8.48048210144043,0.0143632919539054,PWT
11_MEX,Mexico,1958,Employment,8.6017484664917,0.014299465950252,PWT
11_MEX,Mexico,1959,Employment,8.72589778900147,0.014433033352858171,PWT
11_MEX,Mexico,1960,Employment,8.85681915283203,0.015003770041356557,PWT
11_MEX,Mexico,1961,Employment,9.10601902008057,0.02813649719480349,PWT
11_MEX,Mexico,1962,Employment,9.35822868347168,0.02769702795864326,PWT
11_MEX,Mexico,1963,Employment,9.62547969818115,0.02855786321844045,PWT
11_MEX,Mexico,1964,Employment,9.90282726287842,0.028813895347956198,PWT
11_MEX,Mexico,1965,Employment,10.2033271789551,0.030344860927053574,PWT
11_MEX,Mexico,1966,Employment,10.5249328613281,0.03151968732673094,PWT
11_MEX,Mexico,1967,Employment,10.8569936752319,0.031549922292036126,PWT
11_MEX,Mexico,1968,Employment,11.193302154541,0.03097620661567868,PWT
11_MEX,Mexico,1969,Employment,11.538106918335,0.03080456142731003,PWT
11_MEX,Mexico,1970,Employment,11.9223976135254,0.033306217207931255,PWT
11_MEX,Mexico,1971,Employment,12.5797271728516,0.055134007490279524,PWT
11_MEX,Mexico,1972,Employment,13.2585277557373,0.053959881129268306,PWT
11_MEX,Mexico,1973,Employment,13.9747619628906,0.054020643946939506,PWT
11_MEX,Mexico,1974,Employment,14.7440032958984,0.05504504012665756,PWT
11_MEX,Mexico,1975,Employment,15.656982421875,0.06192206469667427,PWT
11_MEX,Mexico,1976,Employment,16.33518409729,0.043316244289030914,PWT
11_MEX,Mexico,1977,Employment,17.0368366241455,0.042953450825932604,PWT
11_MEX,Mexico,1978,Employment,17.8510246276855,0.04778985802951774,PWT
11_MEX,Mexico,1979,Employment,18.9527683258057,0.06171879324010798,PWT
11_MEX,Mexico,1980,Employment,20.1380939483643,0.06254102842299214,PWT
11_MEX,Mexico,1981,Employment,20.8153858184814,0.03363237215268389,PWT
11_MEX,Mexico,1982,Employment,21.531551361084,0.034405585793501725,PWT
11_MEX,Mexico,1983,Employment,21.6673717498779,0.0063079704065998055,PWT
11_MEX,Mexico,1984,Employment,22.5863094329834,0.04241112829527549,PWT
11_MEX,Mexico,1985,Employment,23.7038650512695,0.0494793371002924,PWT
11_MEX,Mexico,1986,Employment,24.4803237915039,0.03275663013415686,PWT
11_MEX,Mexico,1987,Employment,25.35378074646,0.035679959235638936,PWT
11_MEX,Mexico,1988,Employment,26.2646102905273,0.03592480163710787,PWT
11_MEX,Mexico,1989,Employment,27.2572727203369,0.0377946757568155,PWT
11_MEX,Mexico,1990,Employment,28.222749710083,0.03542089480675559,PWT
11_MEX,Mexico,1991,Employment,29.140775680542,0.03252787130557366,PWT
11_MEX,Mexico,1992,Employment,30.0727043151855,0.03198022746064977,PWT
11_MEX,Mexico,1993,Employment,30.8355884552002,0.025367992582877585,PWT
11_MEX,Mexico,1994,Employment,31.7028961181641,0.02812684000579324,PWT
11_MEX,Mexico,1995,Employment,32.0049438476563,0.009527449112737063,PWT
11_MEX,Mexico,1996,Employment,33.0913467407227,0.033944846091206404,PWT
11_MEX,Mexico,1997,Employment,33.926212310791,0.025229120368223112,PWT
11_MEX,Mexico,1998,Employment,35.2431602478027,0.03881800670665525,PWT
11_MEX,Mexico,1999,Employment,36.6365661621094,0.03953691736238607,PWT
11_MEX,Mexico,2000,Employment,37.8793334960938,0.03392150149895068,PWT
11_MEX,Mexico,2001,Employment,38.7622032165527,0.02330742489304738,PWT
11_MEX,Mexico,2002,Employment,39.6087493896484,0.021839475129066033,PWT
11_MEX,Mexico,2003,Employment,40.2793235778809,0.016929951047829572,PWT
11_MEX,Mexico,2004,Employment,41.6296081542969,0.03352302016207398,PWT
11_MEX,Mexico,2005,Employment,42.0791358947754,0.01079826979904186,PWT
11_MEX,Mexico,2006,Employment,43.3784561157227,0.03087801575099891,PWT
11_MEX,Mexico,2007,Employment,44.2312469482422,0.01965931729438397,PWT
11_MEX,Mexico,2008,Employment,44.9435234069824,0.016103467749251532,PWT
11_MEX,Mexico,2009,Employment,45.4353485107422,0.010943180829551702,PWT
11_MEX,Mexico,2010,Employment,46.1216239929199,0.015104439707674722,PWT
11_MEX,Mexico,2011,Employment,47.1388893127441,0.022056147025099504,PWT
11_MEX,Mexico,2012,Employment,48.7067375183106,0.03326018555856436,PWT
11_MEX,Mexico,2013,Employment,49.2273101806641,0.010687898407439,PWT
11_MEX,Mexico,2014,Employment,49.4154167175293,0.0038211825138292355,PWT
11_MEX,Mexico,2015,Employment,50.6113319396973,0.024201257453805303,PWT
11_MEX,Mexico,2016,Employment,51.5947532653809,0.019430852498711904,PWT
11_MEX,Mexico,2017,Employment,52.340747833252,0.014458729243921997,PWT
11_MEX,Mexico,2018,Employment,53.7211952209473,0.026374238902606928,PWT
11_MEX,Mexico,2019,Employment,55.1892433166504,0.027327167418097043,PWT
11_MEX,Mexico,2020,Employment,51.3814849853516,-0.06899457398702935,PWT
11_MEX,Mexico,2021,Employment,53.8702697753906,0.048437385387918086,PWT
11_MEX,Mexico,2022,Employment,57.884391784668,0.07451460751939942,PWT
11_MEX,Mexico,2023,Employment,59.4779663085938,0.027530297456591635,PWT
11_MEX,Mexico,1950,Real GDP (PWT),168484.8125,,PWT
11_MEX,Mexico,1951,Real GDP (PWT),184758.921875,0.09659095756776304,PWT
11_MEX,Mexico,1952,Real GDP (PWT),191773.15625,0.03796425257203828,PWT
11_MEX,Mexico,1953,Real GDP (PWT),190364.984375,-0.007342903994155825,PWT
11_MEX,Mexico,1954,Real GDP (PWT),211174.09375,0.10931164385782277,PWT
11_MEX,Mexico,1955,Real GDP (PWT),228525.203125,0.08216495246590827,PWT
11_MEX,Mexico,1956,Real GDP (PWT),246876.265625,0.08030213844712009,PWT
11_MEX,Mexico,1957,Real GDP (PWT),266786.0625,0.08064686503822349,PWT
11_MEX,Mexico,1958,Real GDP (PWT),278705.03125,0.04467612977345836,PWT
11_MEX,Mexico,1959,Real GDP (PWT),284479.6875,0.020719598150419127,PWT
11_MEX,Mexico,1960,Real GDP (PWT),309941.28125,0.08950232606677755,PWT
11_MEX,Mexico,1961,Real GDP (PWT),318761.5,0.028457708874493504,PWT
11_MEX,Mexico,1962,Real GDP (PWT),331232.71875,0.039123980625012766,PWT
11_MEX,Mexico,1963,Real GDP (PWT),363111.71875,0.09624351157187738,PWT
11_MEX,Mexico,1964,Real GDP (PWT),412760.96875,0.13673271182465796,PWT
11_MEX,Mexico,1965,Real GDP (PWT),435792.21875,0.05579803262345173,PWT
11_MEX,Mexico,1966,Real GDP (PWT),462774.125,0.06191461226038708,PWT
11_MEX,Mexico,1967,Real GDP (PWT),489038.375,0.05675392936024681,PWT
11_MEX,Mexico,1968,Real GDP (PWT),533368.5625,0.09064766645357847,PWT
11_MEX,Mexico,1969,Real GDP (PWT),552843.5625,0.036513213131116995,PWT
11_MEX,Mexico,1970,Real GDP (PWT),589416.4375,0.0661541120866358,PWT
11_MEX,Mexico,1971,Real GDP (PWT),614003.4375,0.041714140352592466,PWT
11_MEX,Mexico,1972,Real GDP (PWT),666119.1875,0.08487859646551255,PWT
11_MEX,Mexico,1973,Real GDP (PWT),722133.6875,0.08409080694736781,PWT
11_MEX,Mexico,1974,Real GDP (PWT),766261.5625,0.061107625587679015,PWT
11_MEX,Mexico,1975,Real GDP (PWT),809257.125,0.05611081725112621,PWT
11_MEX,Mexico,1976,Real GDP (PWT),843559.625,0.04238764039303322,PWT
11_MEX,Mexico,1977,Real GDP (PWT),872601.4375,0.034427693833734674,PWT
11_MEX,Mexico,1978,Real GDP (PWT),944589.5,0.08249821671878688,PWT
11_MEX,Mexico,1979,Real GDP (PWT),1031064.4375,0.09154763788926301,PWT
11_MEX,Mexico,1980,Real GDP (PWT),1116891.375,0.08324109956512782,PWT
11_MEX,Mexico,1981,Real GDP (PWT),1215111.125,0.0879402887321965,PWT
11_MEX,Mexico,1982,Real GDP (PWT),1206519.5,-0.007070649608281743,PWT
11_MEX,Mexico,1983,Real GDP (PWT),1154689.125,-0.042958588733957526,PWT
11_MEX,Mexico,1984,Real GDP (PWT),1196253.125,0.03599583567568465,PWT
11_MEX,Mexico,1985,Real GDP (PWT),1229416.375,0.027722602605531277,PWT
11_MEX,Mexico,1986,Real GDP (PWT),1183265.0,-0.03753925516080747,PWT
11_MEX,Mexico,1987,Real GDP (PWT),1205223.5,0.018557550506437703,PWT
11_MEX,Mexico,1988,Real GDP (PWT),1220233.75,0.012454329010345377,PWT
11_MEX,Mexico,1989,Real GDP (PWT),1271462.75,0.041982939744126924,PWT
11_MEX,Mexico,1990,Real GDP (PWT),1335904.375,0.05068306169409986,PWT
11_MEX,Mexico,1991,Real GDP (PWT),1392309.625,0.042222520605189384,PWT
11_MEX,Mexico,1992,Real GDP (PWT),1442831.75,0.03628655874586806,PWT
11_MEX,Mexico,1993,Real GDP (PWT),1490523.0,0.03305392330048185,PWT
11_MEX,Mexico,1994,Real GDP (PWT),1556018.625,0.043941371585678235,PWT
11_MEX,Mexico,1995,Real GDP (PWT),1464053.0,-0.05910316465524312,PWT
11_MEX,Mexico,1996,Real GDP (PWT),1555092.375,0.06218311427250245,PWT
11_MEX,Mexico,1997,Real GDP (PWT),1667041.5,0.0719887299299502,PWT
11_MEX,Mexico,1998,Real GDP (PWT),1770149.25,0.061850739768626095,PWT
11_MEX,Mexico,1999,Real GDP (PWT),1818917.5,0.027550360513385996,PWT
11_MEX,Mexico,2000,Real GDP (PWT),1910395.875,0.05029275654338372,PWT
11_MEX,Mexico,2001,Real GDP (PWT),1901783.0,-0.004508424202915529,PWT
11_MEX,Mexico,2002,Real GDP (PWT),1897283.75,-0.002365806193451059,PWT
11_MEX,Mexico,2003,Real GDP (PWT),1919776.875,0.011855435435000228,PWT
11_MEX,Mexico,2004,Real GDP (PWT),1988225.25,0.0356543387366306,PWT
11_MEX,Mexico,2005,Real GDP (PWT),2030241.5,0.02113254018879407,PWT
11_MEX,Mexico,2006,Real GDP (PWT),2127794.75,0.048050071875685774,PWT
11_MEX,Mexico,2007,Real GDP (PWT),2172007.5,0.02077867237899711,PWT
11_MEX,Mexico,2008,Real GDP (PWT),2192496.75,0.009433323779959313,PWT
11_MEX,Mexico,2009,Real GDP (PWT),2054473.375,-0.06295260186816698,PWT
11_MEX,Mexico,2010,Real GDP (PWT),2156608.25,0.049713408916774116,PWT
11_MEX,Mexico,2011,Real GDP (PWT),2230883.0,0.03444053874875053,PWT
11_MEX,Mexico,2012,Real GDP (PWT),2310150.75,0.03553200683316882,PWT
11_MEX,Mexico,2013,Real GDP (PWT),2329835.75,0.008521088937594179,PWT
11_MEX,Mexico,2014,Real GDP (PWT),2388169.25,0.02503760189961879,PWT
11_MEX,Mexico,2015,Real GDP (PWT),2452705.25,0.027023210352448812,PWT
11_MEX,Mexico,2016,Real GDP (PWT),2496179.25,0.017724918230594522,PWT
11_MEX,Mexico,2017,Real GDP (PWT),2542901.0,0.018717305658237482,PWT
11_MEX,Mexico,2018,Real GDP (PWT),2593049.0,0.01972078346738626,PWT
11_MEX,Mexico,2019,Real GDP (PWT),2582866.5,-0.003926844421374254,PWT
11_MEX,Mexico,2020,Real GDP (PWT),2367093.0,-0.08354032235115516,PWT
11_MEX,Mexico,2021,Real GDP (PWT),2510266.25,0.06048484364577145,PWT
11_MEX,Mexico,2022,Real GDP (PWT),2603422.0,0.03710990816213222,PWT
11_MEX,Mexico,2023,Real GDP (PWT),2689214.75,0.03295383921623163,PWT
11_MEX,Mexico,1950,TFP,,,PWT
11_MEX,Mexico,1951,TFP,,,PWT
11_MEX,Mexico,1952,TFP,,,PWT
11_MEX,Mexico,1953,TFP,,,PWT
11_MEX,Mexico,1954,TFP,1.44424748420715,,PWT
11_MEX,Mexico,1955,TFP,1.48904526233673,0.03101807593189121,PWT
11_MEX,Mexico,1956,TFP,1.51335144042969,0.016323330598303487,PWT
11_MEX,Mexico,1957,TFP,1.54137945175171,0.018520490728883177,PWT
11_MEX,Mexico,1958,TFP,1.53617966175079,-0.0033734652392121145,PWT
11_MEX,Mexico,1959,TFP,1.5019474029541,-0.02228402031939103,PWT
11_MEX,Mexico,1960,TFP,1.56177377700806,0.03983253603707482,PWT
11_MEX,Mexico,1961,TFP,1.52657723426819,-0.02253626181846713,PWT
11_MEX,Mexico,1962,TFP,1.51453197002411,-0.007890373296346342,PWT
11_MEX,Mexico,1963,TFP,1.57399904727936,0.039264326162955276,PWT
11_MEX,Mexico,1964,TFP,1.68111145496368,0.06805112612327369,PWT
11_MEX,Mexico,1965,TFP,1.66074812412262,-0.012113016528996212,PWT
11_MEX,Mexico,1966,TFP,1.65216159820557,-0.005170275848775274,PWT
11_MEX,Mexico,1967,TFP,1.64105045795441,-0.00672521396407455,PWT
11_MEX,Mexico,1968,TFP,1.67338061332703,0.01970089049724888,PWT
11_MEX,Mexico,1969,TFP,1.6449658870697,-0.016980432324261052,PWT
11_MEX,Mexico,1970,TFP,1.66196918487549,0.010336565602633518,PWT
11_MEX,Mexico,1971,TFP,1.63222932815552,-0.01789434905930465,PWT
11_MEX,Mexico,1972,TFP,1.66293561458588,0.01881248296466964,PWT
11_MEX,Mexico,1973,TFP,1.68382227420807,0.01256011323528683,PWT
11_MEX,Mexico,1974,TFP,1.66766500473022,-0.009595590773051721,PWT
11_MEX,Mexico,1975,TFP,1.63777732849121,-0.017921870492116576,PWT
11_MEX,Mexico,1976,TFP,1.60788869857788,-0.018249507667116638,PWT
11_MEX,Mexico,1977,TFP,1.58041632175446,-0.017085994103769875,PWT
11_MEX,Mexico,1978,TFP,1.61213803291321,0.020071743579270995,PWT
11_MEX,Mexico,1979,TFP,1.63339972496033,0.013188505954852436,PWT
11_MEX,Mexico,1980,TFP,1.63481044769287,0.0008636726889212909,PWT
11_MEX,Mexico,1981,TFP,1.65114796161652,0.009993521846344056,PWT
11_MEX,Mexico,1982,TFP,1.55618727207184,-0.057511920041200315,PWT
11_MEX,Mexico,1983,TFP,1.45986342430115,-0.06189733684330201,PWT
11_MEX,Mexico,1984,TFP,1.45809388160706,-0.001212128932497114,PWT
11_MEX,Mexico,1985,TFP,1.43494260311127,-0.015877769454922586,PWT
11_MEX,Mexico,1986,TFP,1.33949077129364,-0.06651961661091499,PWT
11_MEX,Mexico,1987,TFP,1.32311856746674,-0.012222707448061088,PWT
11_MEX,Mexico,1988,TFP,1.29606592655182,-0.020446119932180706,PWT
11_MEX,Mexico,1989,TFP,1.29086911678314,-0.004009680111339731,PWT
11_MEX,Mexico,1990,TFP,1.27513456344605,-0.012189115947169538,PWT
11_MEX,Mexico,1991,TFP,1.2739200592041,-0.0009524518249022229,PWT
11_MEX,Mexico,1992,TFP,1.2563089132309,-0.013824372923527783,PWT
11_MEX,Mexico,1993,TFP,1.25289046764374,-0.0027210231107639427,PWT
11_MEX,Mexico,1994,TFP,1.26366746425629,0.008601706925600361,PWT
11_MEX,Mexico,1995,TFP,1.1894189119339,-0.058756401048979834,PWT
11_MEX,Mexico,1996,TFP,1.22439348697662,0.02940475781224472,PWT
11_MEX,Mexico,1997,TFP,1.26761698722839,0.03530196845337796,PWT
11_MEX,Mexico,1998,TFP,1.28535234928131,0.013991104751363226,PWT
11_MEX,Mexico,1999,TFP,1.25178873538971,-0.02611238382251113,PWT
11_MEX,Mexico,2000,TFP,1.26312029361725,0.009052292856759347,PWT
11_MEX,Mexico,2001,TFP,1.22626578807831,-0.029177352090035913,PWT
11_MEX,Mexico,2002,TFP,1.20410788059235,-0.018069416680607242,PWT
11_MEX,Mexico,2003,TFP,1.18599653244019,-0.015041300239020283,PWT
11_MEX,Mexico,2004,TFP,1.18501901626587,-0.0008242150356955191,PWT
11_MEX,Mexico,2005,TFP,1.17951595783234,-0.004643856645331179,PWT
11_MEX,Mexico,2006,TFP,1.19623112678528,0.01417121052237258,PWT
11_MEX,Mexico,2007,TFP,1.18715393543243,-0.007588158466703465,PWT
11_MEX,Mexico,2008,TFP,1.15977847576141,-0.023059738803837937,PWT
11_MEX,Mexico,2009,TFP,1.0677661895752,-0.0793360871142248,PWT
11_MEX,Mexico,2010,TFP,1.09385406970978,0.02443220284485581,PWT
11_MEX,Mexico,2011,TFP,1.09738671779633,0.0032295423899526554,PWT
11_MEX,Mexico,2012,TFP,1.09892416000366,0.001401003112574184,PWT
11_MEX,Mexico,2013,TFP,1.08203828334808,-0.015365825295463487,PWT
11_MEX,Mexico,2014,TFP,1.08731949329376,0.004880797682443205,PWT
11_MEX,Mexico,2015,TFP,1.08345293998718,-0.003556041559475087,PWT
11_MEX,Mexico,2016,TFP,1.07127821445465,-0.011236967553638344,PWT
11_MEX,Mexico,2017,TFP,1.06555926799774,-0.005338432518971148,PWT
11_MEX,Mexico,2018,TFP,1.05838358402252,-0.006734195075515204,PWT
11_MEX,Mexico,2019,TFP,1.0322597026825,-0.02468281040483722,PWT
11_MEX,Mexico,2020,TFP,0.977147042751312,-0.053390304579330694,PWT
11_MEX,Mexico,2021,TFP,1.0,0.02338742916761216,PWT
11_MEX,Mexico,2022,TFP,0.994988083839417,-0.005011916160583052,PWT
11_MEX,Mexico,2023,TFP,1.0007426738739,0.0057835768366969464,PWT
11_MEX,Mexico,1950,delta,0.0326582118868828,,PWT
11_MEX,Mexico,1951,delta,0.0330312624573708,0.011422871888397301,PWT
11_MEX,Mexico,1952,delta,0.0332815051078796,0.0075759335820648754,PWT
11_MEX,Mexico,1953,delta,0.033403605222702,0.003668707723001763,PWT
11_MEX,Mexico,1954,delta,0.0335937365889549,0.005691941483121132,PWT
11_MEX,Mexico,1955,delta,0.0338416248559952,0.007379002522803768,PWT
11_MEX,Mexico,1956,delta,0.0341059379279614,0.0078102949574945235,PWT
11_MEX,Mexico,1957,delta,0.0343124940991402,0.006056311121397373,PWT
11_MEX,Mexico,1958,delta,0.0343532562255859,0.0011879674595476342,PWT
11_MEX,Mexico,1959,delta,0.0342496819794178,-0.0030149760909989887,PWT
11_MEX,Mexico,1960,delta,0.0340899527072907,-0.004663671686735427,PWT
11_MEX,Mexico,1961,delta,0.0339193493127823,-0.005004506634939121,PWT
11_MEX,Mexico,1962,delta,0.0337558388710022,-0.004820565402723909,PWT
11_MEX,Mexico,1963,delta,0.033596221357584,-0.004728589742005074,PWT
11_MEX,Mexico,1964,delta,0.0335588455200195,-0.00111250122942963,PWT
11_MEX,Mexico,1965,delta,0.0337292551994324,0.005077936286909779,PWT
11_MEX,Mexico,1966,delta,0.0339113213121891,0.005397869347549822,PWT
11_MEX,Mexico,1967,delta,0.0339885726571083,0.0022780399562736253,PWT
11_MEX,Mexico,1968,delta,0.0341161079704762,0.0037522997701178173,PWT
11_MEX,Mexico,1969,delta,0.03415921702981,0.001263598396719523,PWT
11_MEX,Mexico,1970,delta,0.0340970978140831,-0.001818519893845627,PWT
11_MEX,Mexico,1971,delta,0.0340160802006722,-0.0023760853153149686,PWT
11_MEX,Mexico,1972,delta,0.0339426435530186,-0.0021588803654146727,PWT
11_MEX,Mexico,1973,delta,0.0339903607964516,0.0014058198902060504,PWT
11_MEX,Mexico,1974,delta,0.0341161116957665,0.0036996047222901396,PWT
11_MEX,Mexico,1975,delta,0.0342709086835384,0.004537357280112175,PWT
11_MEX,Mexico,1976,delta,0.0343358889222145,0.0018960757438950537,PWT
11_MEX,Mexico,1977,delta,0.0341981574892998,-0.004011296554072619,PWT
11_MEX,Mexico,1978,delta,0.0340638011693955,-0.003928759025872641,PWT
11_MEX,Mexico,1979,delta,0.0341876521706581,0.003635853809934364,PWT
11_MEX,Mexico,1980,delta,0.0345112159848213,0.009464347318968613,PWT
11_MEX,Mexico,1981,delta,0.0349088720977306,0.011522518160014927,PWT
11_MEX,Mexico,1982,delta,0.0349585227668285,0.0014222937068519848,PWT
11_MEX,Mexico,1983,delta,0.0344728417694569,-0.013893064092297958,PWT
11_MEX,Mexico,1984,delta,0.0338840968906879,-0.017078513071429713,PWT
11_MEX,Mexico,1985,delta,0.0334574207663536,-0.012592223594176999,PWT
11_MEX,Mexico,1986,delta,0.0330894291400909,-0.010998804385805139,PWT
11_MEX,Mexico,1987,delta,0.0326780118048191,-0.01243349752363454,PWT
11_MEX,Mexico,1988,delta,0.0323156788945198,-0.011087972930038159,PWT
11_MEX,Mexico,1989,delta,0.0322038233280182,-0.003461340449219641,PWT
11_MEX,Mexico,1990,delta,0.0323491841554642,0.004513775459683789,PWT
11_MEX,Mexico,1991,delta,0.0326780527830124,0.010166210868494119,PWT
11_MEX,Mexico,1992,delta,0.0331727378070354,0.015138142633766671,PWT
11_MEX,Mexico,1993,delta,0.0336097776889801,0.013174670251425935,PWT
11_MEX,Mexico,1994,delta,0.0338905863463879,0.008354969199926288,PWT
11_MEX,Mexico,1995,delta,0.0337235517799854,-0.0049286419743604926,PWT
11_MEX,Mexico,1996,delta,0.0333089008927345,-0.012295587663959884,PWT
11_MEX,Mexico,1997,delta,0.0332626700401306,-0.0013879429030929646,PWT
11_MEX,Mexico,1998,delta,0.0335173420608044,0.00765639139511487,PWT
11_MEX,Mexico,1999,delta,0.0338449962437153,0.00977566127757079,PWT
11_MEX,Mexico,2000,delta,0.0342078469693661,0.010720956298471362,PWT
11_MEX,Mexico,2001,delta,0.0344969145953655,0.00845033089215641,PWT
11_MEX,Mexico,2002,delta,0.0346204787492752,0.003581890014195732,PWT
11_MEX,Mexico,2003,delta,0.0346406474709511,0.0005825662268268417,PWT
11_MEX,Mexico,2004,delta,0.0346426144242287,5.6781654536042225e-05,PWT
11_MEX,Mexico,2005,delta,0.0347758680582047,0.0038465236007938497,PWT
11_MEX,Mexico,2006,delta,0.0350384749472141,0.007551411472169978,PWT
11_MEX,Mexico,2007,delta,0.0353541783988476,0.009010193854301907,PWT
11_MEX,Mexico,2008,delta,0.0356873162090778,0.009422869525404165,PWT
11_MEX,Mexico,2009,delta,0.0357308946549892,0.0012211186085300252,PWT
11_MEX,Mexico,2010,delta,0.035663403570652,-0.0018888719409038135,PWT
11_MEX,Mexico,2011,delta,0.0359103828668594,0.006925286749990489,PWT
11_MEX,Mexico,2012,delta,0.0363385006785393,0.011921839242627241,PWT
11_MEX,Mexico,2013,delta,0.0367451682686806,0.011191094364040977,PWT
11_MEX,Mexico,2014,delta,0.037078071385622,0.009059779356763498,PWT
11_MEX,Mexico,2015,delta,0.037473276257515,0.010658722450333613,PWT
11_MEX,Mexico,2016,delta,0.0379331521689892,0.01227210314662508,PWT
11_MEX,Mexico,2017,delta,0.0383128263056278,0.010009032071660817,PWT
11_MEX,Mexico,2018,delta,0.0386075340211391,0.007692142395352652,PWT
11_MEX,Mexico,2019,delta,0.0387732982635498,0.0042935723975514595,PWT
11_MEX,Mexico,2020,delta,0.0385839939117432,-0.004882338111136697,PWT
11_MEX,Mexico,2021,delta,0.0382701233029366,-0.008134736116860886,PWT
11_MEX,Mexico,2022,delta,0.0380753800272942,-0.005088650331770861,PWT
11_MEX,Mexico,2023,delta,0.038299985229969,0.005898961547167403,PWT
11_MEX,Mexico,1950,output_to_kstock,0.40595955971102593,,PWT
11_MEX,Mexico,1951,output_to_kstock,0.4161804071838618,0.025177008961462466,PWT
11_MEX,Mexico,1952,output_to_kstock,0.4029711065336541,-0.03173936211843831,PWT
11_MEX,Mexico,1953,output_to_kstock,0.3763305005539306,-0.06611046188617653,PWT
11_MEX,Mexico,1954,output_to_kstock,0.39082940792236864,0.03852705892054131,PWT
11_MEX,Mexico,1955,output_to_kstock,0.39433008647235684,0.008957050004495981,PWT
11_MEX,Mexico,1956,output_to_kstock,0.3907683624079993,-0.00903234165117972,PWT
11_MEX,Mexico,1957,output_to_kstock,0.3883501425820229,-0.006188371574082363,PWT
11_MEX,Mexico,1958,output_to_kstock,0.37992714445754905,-0.02168918509588247,PWT
11_MEX,Mexico,1959,output_to_kstock,0.3655571578824955,-0.0378230057648834,PWT
11_MEX,Mexico,1960,output_to_kstock,0.373108055258743,0.02065585972925943,PWT
11_MEX,Mexico,1961,output_to_kstock,0.3603038339678102,-0.03431772943645872,PWT
11_MEX,Mexico,1962,output_to_kstock,0.35394137623593763,-0.017658590145452013,PWT
11_MEX,Mexico,1963,output_to_kstock,0.3628068249644705,0.025047788486371125,PWT
11_MEX,Mexico,1964,output_to_kstock,0.3806457884195919,0.04916931608678632,PWT
11_MEX,Mexico,1965,output_to_kstock,0.369418595065317,-0.02949512038709068,PWT
11_MEX,Mexico,1966,output_to_kstock,0.3610957817589227,-0.022529492065559764,PWT
11_MEX,Mexico,1967,output_to_kstock,0.35307717993610455,-0.022206301562867847,PWT
11_MEX,Mexico,1968,output_to_kstock,0.35357260552347236,0.0014031651308008541,PWT
11_MEX,Mexico,1969,output_to_kstock,0.34305630988798336,-0.029742959356026444,PWT
11_MEX,Mexico,1970,output_to_kstock,0.3426028560970084,-0.0013218057149947393,PWT
11_MEX,Mexico,1971,output_to_kstock,0.3370074972084862,-0.01633190964099218,PWT
11_MEX,Mexico,1972,output_to_kstock,0.3431764571554719,0.018305111898354376,PWT
11_MEX,Mexico,1973,output_to_kstock,0.34655768637344614,0.009852742364673484,PWT
11_MEX,Mexico,1974,output_to_kstock,0.34248795024892853,-0.01174331513782123,PWT
11_MEX,Mexico,1975,output_to_kstock,0.3364187381820578,-0.017720950656685774,PWT
11_MEX,Mexico,1976,output_to_kstock,0.3285827399331663,-0.023292395338130545,PWT
11_MEX,Mexico,1977,output_to_kstock,0.32258332310551924,-0.018258466129010054,PWT
11_MEX,Mexico,1978,output_to_kstock,0.32852610182979003,0.01842246110883683,PWT
11_MEX,Mexico,1979,output_to_kstock,0.3331855810105782,0.014182980149328506,PWT
11_MEX,Mexico,1980,output_to_kstock,0.33321729013995594,9.516957270938597e-05,PWT
11_MEX,Mexico,1981,output_to_kstock,0.33220806434459427,-0.003028731777206972,PWT
11_MEX,Mexico,1982,output_to_kstock,0.31136310512644677,-0.06274669839599478,PWT
11_MEX,Mexico,1983,output_to_kstock,0.29053343845675395,-0.0668983136625444,PWT
11_MEX,Mexico,1984,output_to_kstock,0.29247579410026825,0.006685480521043008,PWT
11_MEX,Mexico,1985,output_to_kstock,0.2906392832506155,-0.006279189207101132,PWT
11_MEX,Mexico,1986,output_to_kstock,0.2733688409908753,-0.05942225726192729,PWT
11_MEX,Mexico,1987,output_to_kstock,0.27239465536487445,-0.003563630816407981,PWT
11_MEX,Mexico,1988,output_to_kstock,0.26883307925762967,-0.013075058695531383,PWT
11_MEX,Mexico,1989,output_to_kstock,0.2729406464965169,0.015279247815150221,PWT
11_MEX,Mexico,1990,output_to_kstock,0.27971074143099456,0.0248042752934714,PWT
11_MEX,Mexico,1991,output_to_kstock,0.2833509760817042,0.013014282655311238,PWT
11_MEX,Mexico,1992,output_to_kstock,0.28457198380649845,0.004309170702987863,PWT
11_MEX,Mexico,1993,output_to_kstock,0.28372258849990445,-0.002984817040779242,PWT
11_MEX,Mexico,1994,output_to_kstock,0.2843289264399987,0.0021370802490561225,PWT
11_MEX,Mexico,1995,output_to_kstock,0.2640846591577826,-0.07120016783268857,PWT
11_MEX,Mexico,1996,output_to_kstock,0.27419760309107255,0.03829432563611257,PWT
11_MEX,Mexico,1997,output_to_kstock,0.2852556122687318,0.040328613572841565,PWT
11_MEX,Mexico,1998,output_to_kstock,0.2929078105721372,0.026825758983477943,PWT
11_MEX,Mexico,1999,output_to_kstock,0.29118506490647794,-0.005881528602102559,PWT
11_MEX,Mexico,2000,output_to_kstock,0.29597324692911986,0.0164437761400289,PWT
11_MEX,Mexico,2001,output_to_kstock,0.2875259229962471,-0.02854083610771674,PWT
11_MEX,Mexico,2002,output_to_kstock,0.2806508217090958,-0.02391123977799048,PWT
11_MEX,Mexico,2003,output_to_kstock,0.2780262785644559,-0.009351631784496717,PWT
11_MEX,Mexico,2004,output_to_kstock,0.28128695849994834,0.011727955905205922,PWT
11_MEX,Mexico,2005,output_to_kstock,0.2802742302072623,-0.0036003385940348576,PWT
11_MEX,Mexico,2006,output_to_kstock,0.2856329417023714,0.01911952979461007,PWT
11_MEX,Mexico,2007,output_to_kstock,0.28295661281781215,-0.009369818721217338,PWT
11_MEX,Mexico,2008,output_to_kstock,0.27665479877860355,-0.02227130858138371,PWT
11_MEX,Mexico,2009,output_to_kstock,0.2534972618362669,-0.08370553138631343,PWT
11_MEX,Mexico,2010,output_to_kstock,0.25968600342228865,0.02441344549914315,PWT
11_MEX,Mexico,2011,output_to_kstock,0.2613265401269146,0.006317385931494224,PWT
11_MEX,Mexico,2012,output_to_kstock,0.26319401784225066,0.007146146405294873,PWT
11_MEX,Mexico,2013,output_to_kstock,0.2593192900739713,-0.014721944670496812,PWT
11_MEX,Mexico,2014,output_to_kstock,0.25973838432857493,0.0016161321993595212,PWT
11_MEX,Mexico,2015,output_to_kstock,0.2602771696014065,0.002074338277818777,PWT
11_MEX,Mexico,2016,output_to_kstock,0.2587062764932063,-0.006035462544048298,PWT
11_MEX,Mexico,2017,output_to_kstock,0.25801495875354136,-0.0026722109298462637,PWT
11_MEX,Mexico,2018,output_to_kstock,0.2579190493639576,-0.0003717202678755749,PWT
11_MEX,Mexico,2019,output_to_kstock,0.25283799128774903,-0.01970020472988998,PWT
11_MEX,Mexico,2020,output_to_kstock,0.23028353726132128,-0.08920516221298025,PWT
11_MEX,Mexico,2021,output_to_kstock,0.24153183932389036,0.0488454459069938,PWT
11_MEX,Mexico,2022,output_to_kstock,0.246896043930699,0.022209099313053038,PWT
11_MEX,Mexico,2023,output_to_kstock,0.24951522849186258,0.010608450906968603,PWT
12_NZ,New Zealand,1950,Average hours,,,PWT
12_NZ,New Zealand,1951,Average hours,,,PWT
12_NZ,New Zealand,1952,Average hours,,,PWT
12_NZ,New Zealand,1953,Average hours,,,PWT
12_NZ,New Zealand,1954,Average hours,,,PWT
12_NZ,New Zealand,1955,Average hours,,,PWT
12_NZ,New Zealand,1956,Average hours,,,PWT
12_NZ,New Zealand,1957,Average hours,,,PWT
12_NZ,New Zealand,1958,Average hours,,,PWT
12_NZ,New Zealand,1959,Average hours,,,PWT
12_NZ,New Zealand,1960,Average hours,,,PWT
12_NZ,New Zealand,1961,Average hours,,,PWT
12_NZ,New Zealand,1962,Average hours,,,PWT
12_NZ,New Zealand,1963,Average hours,,,PWT
12_NZ,New Zealand,1964,Average hours,,,PWT
12_NZ,New Zealand,1965,Average hours,,,PWT
12_NZ,New Zealand,1966,Average hours,,,PWT
12_NZ,New Zealand,1967,Average hours,,,PWT
12_NZ,New Zealand,1968,Average hours,,,PWT
12_NZ,New Zealand,1969,Average hours,,,PWT
12_NZ,New Zealand,1970,Average hours,1835.4,,PWT
12_NZ,New Zealand,1971,Average hours,1832.24,-0.0017216955432058922,PWT
12_NZ,New Zealand,1972,Average hours,1818.02,-0.007760992009780421,PWT
12_NZ,New Zealand,1973,Average hours,1815.74,-0.0012541116159338062,PWT
12_NZ,New Zealand,1974,Average hours,1824.04,0.0045711390397302765,PWT
12_NZ,New Zealand,1975,Average hours,1808.53,-0.008503103002127088,PWT
12_NZ,New Zealand,1976,Average hours,1805.37,-0.0017472754115220868,PWT
12_NZ,New Zealand,1977,Average hours,1810.71,0.0029578424367304734,PWT
12_NZ,New Zealand,1978,Average hours,1802.01,-0.004804745099988406,PWT
12_NZ,New Zealand,1979,Average hours,1792.93,-0.00503881776460724,PWT
12_NZ,New Zealand,1980,Average hours,1782.26,-0.005951152582644115,PWT
12_NZ,New Zealand,1981,Average hours,1764.48,-0.009976097763513714,PWT
12_NZ,New Zealand,1982,Average hours,1771.69,0.0040861896989481394,PWT
12_NZ,New Zealand,1983,Average hours,1824.43,0.029768187436854054,PWT
12_NZ,New Zealand,1984,Average hours,1818.02,-0.0035134261111690046,PWT
12_NZ,New Zealand,1985,Average hours,1812.09,-0.0032617902993367087,PWT
12_NZ,New Zealand,1986,Average hours,1805.87,-0.0034325005932376307,PWT
12_NZ,New Zealand,1987,Average hours,1810.16,0.00237558628251211,PWT
12_NZ,New Zealand,1988,Average hours,1801.66,-0.004695717505634911,PWT
12_NZ,New Zealand,1989,Average hours,1789.06,-0.006993550392416004,PWT
12_NZ,New Zealand,1990,Average hours,1778.02,-0.006170838317328675,PWT
12_NZ,New Zealand,1991,Average hours,1765.94,-0.006794074307375553,PWT
12_NZ,New Zealand,1992,Average hours,1774.56,0.004881253043704792,PWT
12_NZ,New Zealand,1993,Average hours,1826.01,0.028993102515553204,PWT
12_NZ,New Zealand,1994,Average hours,1820.51,-0.003012031697526285,PWT
12_NZ,New Zealand,1995,Average hours,1814.67,-0.0032078922939176024,PWT
12_NZ,New Zealand,1996,Average hours,1808.2,-0.003565386544109983,PWT
12_NZ,New Zealand,1997,Average hours,1792.97,-0.008422740847251475,PWT
12_NZ,New Zealand,1998,Average hours,1793.66,0.0003848363330116733,PWT
12_NZ,New Zealand,1999,Average hours,1809.46,0.008808804344190069,PWT
12_NZ,New Zealand,2000,Average hours,1805.71,-0.00207244150188457,PWT
12_NZ,New Zealand,2001,Average hours,1790.54,-0.008401127534321762,PWT
12_NZ,New Zealand,2002,Average hours,1790.37,-9.494342488858276e-05,PWT
12_NZ,New Zealand,2003,Average hours,1787.81,-0.0014298720376234586,PWT
12_NZ,New Zealand,2004,Average hours,1802.16,0.00802658000570533,PWT
12_NZ,New Zealand,2005,Average hours,1782.46,-0.010931326852221757,PWT
12_NZ,New Zealand,2006,Average hours,1766.32,-0.009054901652772118,PWT
12_NZ,New Zealand,2007,Average hours,1748.36,-0.01016803297250779,PWT
12_NZ,New Zealand,2008,Average hours,1730.16,-0.010409755427943757,PWT
12_NZ,New Zealand,2009,Average hours,1712.64,-0.010126231100013872,PWT
12_NZ,New Zealand,2010,Average hours,1734.3,0.012647141255605288,PWT
12_NZ,New Zealand,2011,Average hours,1721.7,-0.007265179034768976,PWT
12_NZ,New Zealand,2012,Average hours,1700.58,-0.012266945460881806,PWT
12_NZ,New Zealand,2013,Average hours,1732.22,0.01860541697538487,PWT
12_NZ,New Zealand,2014,Average hours,1736.06,0.0022168084885292316,PWT
12_NZ,New Zealand,2015,Average hours,1730.22,-0.00336393903436516,PWT
12_NZ,New Zealand,2016,Average hours,1718.05,-0.0070337876108240716,PWT
12_NZ,New Zealand,2017,Average hours,1715.77,-0.001327085940455719,PWT
12_NZ,New Zealand,2018,Average hours,1715.51,-0.0001515354622122489,PWT
12_NZ,New Zealand,2019,Average hours,1742.29,0.01561051815495107,PWT
12_NZ,New Zealand,2020,Average hours,1698.4,-0.025190984279310435,PWT
12_NZ,New Zealand,2021,Average hours,1687.95,-0.006152849740932664,PWT
12_NZ,New Zealand,2022,Average hours,1704.64,0.009887733641399388,PWT
12_NZ,New Zealand,2023,Average hours,1707.52,0.0016895062887178902,PWT
12_NZ,New Zealand,1950,Capital stock,57280.44921875,,PWT
12_NZ,New Zealand,1951,Capital stock,60577.140625,0.05755351871735792,PWT
12_NZ,New Zealand,1952,Capital stock,63445.8125,0.04735568310756655,PWT
12_NZ,New Zealand,1953,Capital stock,65667.3984375,0.03501548565557422,PWT
12_NZ,New Zealand,1954,Capital stock,70105.4140625,0.06758324116074066,PWT
12_NZ,New Zealand,1955,Capital stock,74073.171875,0.056597024146561425,PWT
12_NZ,New Zealand,1956,Capital stock,77524.0078125,0.04658685256955586,PWT
12_NZ,New Zealand,1957,Capital stock,81362.7578125,0.04951691880126252,PWT
12_NZ,New Zealand,1958,Capital stock,84949.3359375,0.04408132444656365,PWT
12_NZ,New Zealand,1959,Capital stock,88552.421875,0.04241452740903018,PWT
12_NZ,New Zealand,1960,Capital stock,92429.6640625,0.043784710857181164,PWT
12_NZ,New Zealand,1961,Capital stock,96892.796875,0.04828680118843742,PWT
12_NZ,New Zealand,1962,Capital stock,100683.8515625,0.039126279865682845,PWT
12_NZ,New Zealand,1963,Capital stock,105124.3203125,0.04410308784466355,PWT
12_NZ,New Zealand,1964,Capital stock,110771.09375,0.05371519569129202,PWT
12_NZ,New Zealand,1965,Capital stock,118000.5078125,0.0652644459647218,PWT
12_NZ,New Zealand,1966,Capital stock,125698.7890625,0.06523939085272734,PWT
12_NZ,New Zealand,1967,Capital stock,130429.9609375,0.0376389614433561,PWT
12_NZ,New Zealand,1968,Capital stock,133248.484375,0.02160947850663386,PWT
12_NZ,New Zealand,1969,Capital stock,138185.109375,0.03704826379943582,PWT
12_NZ,New Zealand,1970,Capital stock,143061.0,0.0352852101579777,PWT
12_NZ,New Zealand,1971,Capital stock,149116.921875,0.0423310467213287,PWT
12_NZ,New Zealand,1972,Capital stock,156638.421875,0.05044028474719342,PWT
12_NZ,New Zealand,1973,Capital stock,164777.625,0.05196172833952084,PWT
12_NZ,New Zealand,1974,Capital stock,173742.375,0.05440514147476039,PWT
12_NZ,New Zealand,1975,Capital stock,181612.875,0.04529982970475688,PWT
12_NZ,New Zealand,1976,Capital stock,188196.765625,0.03625233412003426,PWT
12_NZ,New Zealand,1977,Capital stock,192819.5625,0.024563636147771906,PWT
12_NZ,New Zealand,1978,Capital stock,197113.953125,0.02227155050722618,PWT
12_NZ,New Zealand,1979,Capital stock,200266.5625,0.015993841760155725,PWT
12_NZ,New Zealand,1980,Capital stock,203981.09375,0.018547935329943144,PWT
12_NZ,New Zealand,1981,Capital stock,209854.171875,0.028792267052936138,PWT
12_NZ,New Zealand,1982,Capital stock,216112.765625,0.02982353743116417,PWT
12_NZ,New Zealand,1983,Capital stock,223383.65625,0.03364396639861833,PWT
12_NZ,New Zealand,1984,Capital stock,231444.734375,0.03608624847638109,PWT
12_NZ,New Zealand,1985,Capital stock,240487.796875,0.03907223261924764,PWT
12_NZ,New Zealand,1986,Capital stock,248510.359375,0.0333595409174543,PWT
12_NZ,New Zealand,1987,Capital stock,256919.40625,0.033837812218969976,PWT
12_NZ,New Zealand,1988,Capital stock,264294.09375,0.028704283602554836,PWT
12_NZ,New Zealand,1989,Capital stock,272115.25,0.029592625922992166,PWT
12_NZ,New Zealand,1990,Capital stock,278878.71875,0.02485516247251862,PWT
12_NZ,New Zealand,1991,Capital stock,282354.25,0.012462518709129622,PWT
12_NZ,New Zealand,1992,Capital stock,286232.21875,0.013734408991541658,PWT
12_NZ,New Zealand,1993,Capital stock,292726.65625,0.022689400684387406,PWT
12_NZ,New Zealand,1994,Capital stock,301599.53125,0.030311127499171864,PWT
12_NZ,New Zealand,1995,Capital stock,312022.28125,0.03455824336597013,PWT
12_NZ,New Zealand,1996,Capital stock,322797.0,0.03453188889855929,PWT
12_NZ,New Zealand,1997,Capital stock,333166.96875,0.032125356648295966,PWT
12_NZ,New Zealand,1998,Capital stock,342165.6875,0.027009636590812347,PWT
12_NZ,New Zealand,1999,Capital stock,353088.09375,0.0319213955373594,PWT
12_NZ,New Zealand,2000,Capital stock,363208.125,0.02866149108150151,PWT
12_NZ,New Zealand,2001,Capital stock,374910.53125,0.03221956075459498,PWT
12_NZ,New Zealand,2002,Capital stock,387885.53125,0.03460825695330483,PWT
12_NZ,New Zealand,2003,Capital stock,403946.3125,0.04140598180664923,PWT
12_NZ,New Zealand,2004,Capital stock,421278.96875,0.04290831656001326,PWT
12_NZ,New Zealand,2005,Capital stock,439062.96875,0.04221430766593426,PWT
12_NZ,New Zealand,2006,Capital stock,455095.0,0.036514195892317636,PWT
12_NZ,New Zealand,2007,Capital stock,472601.375,0.03846751777101476,PWT
12_NZ,New Zealand,2008,Capital stock,486612.09375,0.029645954267483843,PWT
12_NZ,New Zealand,2009,Capital stock,496847.5,0.021034015351165003,PWT
12_NZ,New Zealand,2010,Capital stock,507669.9375,0.02178221184568696,PWT
12_NZ,New Zealand,2011,Capital stock,519665.3125,0.02362829490962315,PWT
12_NZ,New Zealand,2012,Capital stock,532750.0625,0.025179186844417334,PWT
12_NZ,New Zealand,2013,Capital stock,547969.875,0.02856839176813808,PWT
12_NZ,New Zealand,2014,Capital stock,565233.1875,0.031504126937635046,PWT
12_NZ,New Zealand,2015,Capital stock,582916.6875,0.03128531797330103,PWT
12_NZ,New Zealand,2016,Capital stock,600555.375,0.030259362749843977,PWT
12_NZ,New Zealand,2017,Capital stock,619907.75,0.03222413087219467,PWT
12_NZ,New Zealand,2018,Capital stock,640527.8125,0.03326311455212494,PWT
12_NZ,New Zealand,2019,Capital stock,661301.5625,0.03243223728087519,PWT
12_NZ,New Zealand,2020,Capital stock,680507.25,0.02904225332145649,PWT
12_NZ,New Zealand,2021,Capital stock,703719.4375,0.03411012520439716,PWT
12_NZ,New Zealand,2022,Capital stock,727229.3125,0.033408022781806324,PWT
12_NZ,New Zealand,2023,Capital stock,748664.75,0.029475486110854376,PWT
12_NZ,New Zealand,1950,Employment,0.843784153461456,,PWT
12_NZ,New Zealand,1951,Employment,0.851836919784546,0.009543633037021548,PWT
12_NZ,New Zealand,1952,Employment,0.88105833530426,0.034304002140579826,PWT
12_NZ,New Zealand,1953,Employment,0.892343521118164,0.012808670392984611,PWT
12_NZ,New Zealand,1954,Employment,0.912081480026245,0.022119238209235892,PWT
12_NZ,New Zealand,1955,Employment,0.926570951938629,0.015886159547902512,PWT
12_NZ,New Zealand,1956,Employment,0.943236708641052,0.0179864873462241,PWT
12_NZ,New Zealand,1957,Employment,0.961897015571594,0.019783270476640302,PWT
12_NZ,New Zealand,1958,Employment,0.977876365184784,0.016612328923480968,PWT
12_NZ,New Zealand,1959,Employment,0.993822693824768,0.01630710098711785,PWT
12_NZ,New Zealand,1960,Employment,1.00962722301483,0.015902765441225375,PWT
12_NZ,New Zealand,1961,Employment,1.03056538105011,0.02073850383387743,PWT
12_NZ,New Zealand,1962,Employment,1.05403649806976,0.02277499074899425,PWT
12_NZ,New Zealand,1963,Employment,1.06991350650787,0.015063053762545353,PWT
12_NZ,New Zealand,1964,Employment,1.09971153736115,0.027850878292525527,PWT
12_NZ,New Zealand,1965,Employment,1.13353109359741,0.03075311578290174,PWT
12_NZ,New Zealand,1966,Employment,1.17517447471619,0.036737749280982834,PWT
12_NZ,New Zealand,1967,Employment,1.2098023891449,0.029466190062605424,PWT
12_NZ,New Zealand,1968,Employment,1.21096003055573,0.0009568847120959845,PWT
12_NZ,New Zealand,1969,Employment,1.21556055545807,0.0037990724600784898,PWT
12_NZ,New Zealand,1970,Employment,1.24569773674011,0.024792825949081054,PWT
12_NZ,New Zealand,1971,Employment,1.27879166603088,0.02656658057144279,PWT
12_NZ,New Zealand,1972,Employment,1.29316020011902,0.01123602418581382,PWT
12_NZ,New Zealand,1973,Employment,1.31768178939819,0.01896253014662297,PWT
12_NZ,New Zealand,1974,Employment,1.3708211183548,0.040327892048109604,PWT
12_NZ,New Zealand,1975,Employment,1.41210234165192,0.0301142306201585,PWT
12_NZ,New Zealand,1976,Employment,1.42749083042145,0.010897573295946872,PWT
12_NZ,New Zealand,1977,Employment,1.43056678771973,0.0021548000398516898,PWT
12_NZ,New Zealand,1978,Employment,1.52037239074707,0.06277623931874365,PWT
12_NZ,New Zealand,1979,Employment,1.52696573734283,0.0043366655668617415,PWT
12_NZ,New Zealand,1980,Employment,1.53563261032105,0.005675879141402218,PWT
12_NZ,New Zealand,1981,Employment,1.50902950763702,-0.017323871937356294,PWT
12_NZ,New Zealand,1982,Employment,1.52042353153229,0.007550564013232508,PWT
12_NZ,New Zealand,1983,Employment,1.51326811313629,-0.004706200770773883,PWT
12_NZ,New Zealand,1984,Employment,1.52173340320587,0.005594045097557343,PWT
12_NZ,New Zealand,1985,Employment,1.56870257854462,0.030865574245658944,PWT
12_NZ,New Zealand,1986,Employment,1.58282423019409,0.00900212178051718,PWT
12_NZ,New Zealand,1987,Employment,1.59140050411224,0.005418336259041423,PWT
12_NZ,New Zealand,1988,Employment,1.54402887821198,-0.029767255808861415,PWT
12_NZ,New Zealand,1989,Employment,1.49733984470367,-0.030238445774652067,PWT
12_NZ,New Zealand,1990,Employment,1.5205112695694,0.015475060620133041,PWT
12_NZ,New Zealand,1991,Employment,1.48591232299805,-0.022754811005871955,PWT
12_NZ,New Zealand,1992,Employment,1.49689412117004,0.007390609797105929,PWT
12_NZ,New Zealand,1993,Employment,1.52791833877563,0.020725726133081546,PWT
12_NZ,New Zealand,1994,Employment,1.59326553344727,0.042768774360025574,PWT
12_NZ,New Zealand,1995,Employment,1.66743862628937,0.0465541313014004,PWT
12_NZ,New Zealand,1996,Employment,1.71915376186371,0.031014716079490245,PWT
12_NZ,New Zealand,1997,Employment,1.72850382328033,0.005438758082048301,PWT
12_NZ,New Zealand,1998,Employment,1.71724033355713,-0.006516323291564596,PWT
12_NZ,New Zealand,1999,Employment,1.74578499794006,0.016622405044378397,PWT
12_NZ,New Zealand,2000,Employment,1.77863597869873,0.018817311866829334,PWT
12_NZ,New Zealand,2001,Employment,1.82897984981537,0.028304763717571957,PWT
12_NZ,New Zealand,2002,Employment,1.88450598716736,0.030359075501895205,PWT
12_NZ,New Zealand,2003,Employment,1.92874574661255,0.023475520771195635,PWT
12_NZ,New Zealand,2004,Employment,1.99816763401032,0.035993280876805755,PWT
12_NZ,New Zealand,2005,Employment,2.05929923057556,0.030593827827422704,PWT
12_NZ,New Zealand,2006,Employment,2.10610342025757,0.02272821209617426,PWT
12_NZ,New Zealand,2007,Employment,2.14300775527954,0.01752256544811881,PWT
12_NZ,New Zealand,2008,Employment,2.16062164306641,0.008219236604942726,PWT
12_NZ,New Zealand,2009,Employment,2.12187838554382,-0.01793153264335734,PWT
12_NZ,New Zealand,2010,Employment,2.12953305244446,0.0036074955816460808,PWT
12_NZ,New Zealand,2011,Employment,2.16234827041626,0.015409583774307789,PWT
12_NZ,New Zealand,2012,Employment,2.15902996063232,-0.0015345861854627607,PWT
12_NZ,New Zealand,2013,Employment,2.20480275154114,0.021200627940991756,PWT
12_NZ,New Zealand,2014,Employment,2.283935546875,0.03589109968161419,PWT
12_NZ,New Zealand,2015,Employment,2.34109854698181,0.025028289517637026,PWT
12_NZ,New Zealand,2016,Employment,2.4279670715332,0.03710588119555336,PWT
12_NZ,New Zealand,2017,Employment,2.54534101486206,0.04834247741866671,PWT
12_NZ,New Zealand,2018,Employment,2.60500574111938,0.02344075937524348,PWT
12_NZ,New Zealand,2019,Employment,2.63707518577576,0.012310700183946421,PWT
12_NZ,New Zealand,2020,Employment,2.66865992546082,0.011977185882081187,PWT
12_NZ,New Zealand,2021,Employment,2.7111439704895,0.01591961741672443,PWT
12_NZ,New Zealand,2022,Employment,2.78850507736206,0.02853448865668029,PWT
12_NZ,New Zealand,2023,Employment,2.88284850120544,0.03383297545673791,PWT
12_NZ,New Zealand,1950,Real GDP (PWT),30486.548828125,,PWT
12_NZ,New Zealand,1951,Real GDP (PWT),29910.55859375,-0.01889325806021136,PWT
12_NZ,New Zealand,1952,Real GDP (PWT),29907.884765625,-8.939412203279318e-05,PWT
12_NZ,New Zealand,1953,Real GDP (PWT),30544.080078125,0.021271825723737647,PWT
12_NZ,New Zealand,1954,Real GDP (PWT),34144.85546875,0.11788783232020772,PWT
12_NZ,New Zealand,1955,Real GDP (PWT),35522.05859375,0.04033413250966733,PWT
12_NZ,New Zealand,1956,Real GDP (PWT),36023.5390625,0.014117438251121994,PWT
12_NZ,New Zealand,1957,Real GDP (PWT),37902.109375,0.052148410772209886,PWT
12_NZ,New Zealand,1958,Real GDP (PWT),38153.05078125,0.006620776795486671,PWT
12_NZ,New Zealand,1959,Real GDP (PWT),39616.109375,0.03834709318891494,PWT
12_NZ,New Zealand,1960,Real GDP (PWT),45901.046875,0.15864600535372486,PWT
12_NZ,New Zealand,1961,Real GDP (PWT),48307.7421875,0.052432253213179125,PWT
12_NZ,New Zealand,1962,Real GDP (PWT),49313.8046875,0.020826113050266493,PWT
12_NZ,New Zealand,1963,Real GDP (PWT),52450.87109375,0.0636143657162429,PWT
12_NZ,New Zealand,1964,Real GDP (PWT),55171.63671875,0.05187264898111876,PWT
12_NZ,New Zealand,1965,Real GDP (PWT),59005.22265625,0.06948472377287951,PWT
12_NZ,New Zealand,1966,Real GDP (PWT),62724.69140625,0.06303626327568868,PWT
12_NZ,New Zealand,1967,Real GDP (PWT),59368.4296875,-0.05350782353017003,PWT
12_NZ,New Zealand,1968,Real GDP (PWT),59163.96875,-0.0034439337300351536,PWT
12_NZ,New Zealand,1969,Real GDP (PWT),64966.0078125,0.09806710376406258,PWT
12_NZ,New Zealand,1970,Real GDP (PWT),64679.78125,-0.004405789614256195,PWT
12_NZ,New Zealand,1971,Real GDP (PWT),67128.203125,0.037854516939944016,PWT
12_NZ,New Zealand,1972,Real GDP (PWT),70564.5703125,0.05119110936279814,PWT
12_NZ,New Zealand,1973,Real GDP (PWT),76068.796875,0.07800269367650303,PWT
12_NZ,New Zealand,1974,Real GDP (PWT),80627.9375,0.05993443845959345,PWT
12_NZ,New Zealand,1975,Real GDP (PWT),79231.7109375,-0.017316907833590522,PWT
12_NZ,New Zealand,1976,Real GDP (PWT),79967.6328125,0.009288223948369811,PWT
12_NZ,New Zealand,1977,Real GDP (PWT),76819.84375,-0.03936328926830457,PWT
12_NZ,New Zealand,1978,Real GDP (PWT),77064.1796875,0.003180635700004375,PWT
12_NZ,New Zealand,1979,Real GDP (PWT),78753.2734375,0.02191801374970037,PWT
12_NZ,New Zealand,1980,Real GDP (PWT),79764.6875,0.012842819331220223,PWT
12_NZ,New Zealand,1981,Real GDP (PWT),83477.4609375,0.04654658037116999,PWT
12_NZ,New Zealand,1982,Real GDP (PWT),84253.9140625,0.009301350523602148,PWT
12_NZ,New Zealand,1983,Real GDP (PWT),87196.203125,0.03492168993261724,PWT
12_NZ,New Zealand,1984,Real GDP (PWT),91375.5234375,0.04793007221322165,PWT
12_NZ,New Zealand,1985,Real GDP (PWT),92850.9296875,0.01614662433106795,PWT
12_NZ,New Zealand,1986,Real GDP (PWT),89495.71875,-0.036135458727148295,PWT
12_NZ,New Zealand,1987,Real GDP (PWT),91123.515625,0.01818854463359454,PWT
12_NZ,New Zealand,1988,Real GDP (PWT),93060.359375,0.02125514733178946,PWT
12_NZ,New Zealand,1989,Real GDP (PWT),93480.9296875,0.004519328265274014,PWT
12_NZ,New Zealand,1990,Real GDP (PWT),94105.828125,0.0066847691779381435,PWT
12_NZ,New Zealand,1991,Real GDP (PWT),92605.7421875,-0.01594041482220898,PWT
12_NZ,New Zealand,1992,Real GDP (PWT),93821.484375,0.013128151222399076,PWT
12_NZ,New Zealand,1993,Real GDP (PWT),99886.5625,0.06464487494951765,PWT
12_NZ,New Zealand,1994,Real GDP (PWT),105682.609375,0.0580262923253565,PWT
12_NZ,New Zealand,1995,Real GDP (PWT),109860.21875,0.039529771262330815,PWT
12_NZ,New Zealand,1996,Real GDP (PWT),113612.171875,0.03415206311884389,PWT
12_NZ,New Zealand,1997,Real GDP (PWT),117200.6484375,0.03158531786935792,PWT
12_NZ,New Zealand,1998,Real GDP (PWT),118659.03125,0.012443470509275523,PWT
12_NZ,New Zealand,1999,Real GDP (PWT),124814.3515625,0.05187401454113938,PWT
12_NZ,New Zealand,2000,Real GDP (PWT),127648.5390625,0.022707224485966293,PWT
12_NZ,New Zealand,2001,Real GDP (PWT),132600.875,0.0387966519152656,PWT
12_NZ,New Zealand,2002,Real GDP (PWT),139297.671875,0.05050341391035307,PWT
12_NZ,New Zealand,2003,Real GDP (PWT),145805.46875,0.04671863346603411,PWT
12_NZ,New Zealand,2004,Real GDP (PWT),150531.359375,0.03241230020736108,PWT
12_NZ,New Zealand,2005,Real GDP (PWT),155325.375,0.0318472884647063,PWT
12_NZ,New Zealand,2006,Real GDP (PWT),158875.53125,0.022856254169674406,PWT
12_NZ,New Zealand,2007,Real GDP (PWT),164930.390625,0.038110710487396116,PWT
12_NZ,New Zealand,2008,Real GDP (PWT),162118.359375,-0.01704980652349075,PWT
12_NZ,New Zealand,2009,Real GDP (PWT),165424.1875,0.02039144818479932,PWT
12_NZ,New Zealand,2010,Real GDP (PWT),166943.015625,0.00918141505153236,PWT
12_NZ,New Zealand,2011,Real GDP (PWT),171298.5625,0.026090021548333286,PWT
12_NZ,New Zealand,2012,Real GDP (PWT),175731.578125,0.025878883980710476,PWT
12_NZ,New Zealand,2013,Real GDP (PWT),179275.796875,0.020168365798655552,PWT
12_NZ,New Zealand,2014,Real GDP (PWT),185796.359375,0.03637168325932172,PWT
12_NZ,New Zealand,2015,Real GDP (PWT),193688.453125,0.04247711729416115,PWT
12_NZ,New Zealand,2016,Real GDP (PWT),201116.546875,0.03835073092976882,PWT
12_NZ,New Zealand,2017,Real GDP (PWT),209798.71875,0.04316985354962477,PWT
12_NZ,New Zealand,2018,Real GDP (PWT),217913.03125,0.03867665421574462,PWT
12_NZ,New Zealand,2019,Real GDP (PWT),223309.78125,0.02476561391965859,PWT
12_NZ,New Zealand,2020,Real GDP (PWT),223460.484375,0.0006748612808469279,PWT
12_NZ,New Zealand,2021,Real GDP (PWT),233868.359375,0.046575908170565006,PWT
12_NZ,New Zealand,2022,Real GDP (PWT),240093.46875,0.026618005922803167,PWT
12_NZ,New Zealand,2023,Real GDP (PWT),241854.109375,0.007333146687273251,PWT
12_NZ,New Zealand,1950,TFP,,,PWT
12_NZ,New Zealand,1951,TFP,,,PWT
12_NZ,New Zealand,1952,TFP,,,PWT
12_NZ,New Zealand,1953,TFP,,,PWT
12_NZ,New Zealand,1954,TFP,0.866346716880798,,PWT
12_NZ,New Zealand,1955,TFP,0.8697469830513,0.003924832984586679,PWT
12_NZ,New Zealand,1956,TFP,0.859255313873291,-0.01206289804099292,PWT
12_NZ,New Zealand,1957,TFP,0.882922053337097,0.0275433146373254,PWT
12_NZ,New Zealand,1958,TFP,0.873344838619232,-0.010847180316390204,PWT
12_NZ,New Zealand,1959,TFP,0.874692440032959,0.0015430347259595134,PWT
12_NZ,New Zealand,1960,TFP,0.991703987121582,0.13377450373780975,PWT
12_NZ,New Zealand,1961,TFP,1.01462662220001,0.023114392375249926,PWT
12_NZ,New Zealand,1962,TFP,0.998223125934601,-0.016167027265499234,PWT
12_NZ,New Zealand,1963,TFP,1.03587698936462,0.0377208886988718,PWT
12_NZ,New Zealand,1964,TFP,1.04400932788849,0.007850679769282554,PWT
12_NZ,New Zealand,1965,TFP,1.05916523933411,0.014517026850969561,PWT
12_NZ,New Zealand,1966,TFP,1.06324338912964,0.0038503433119594366,PWT
12_NZ,New Zealand,1967,TFP,0.975574970245361,-0.08245376343796829,PWT
12_NZ,New Zealand,1968,TFP,0.959847092628479,-0.016121649382749514,PWT
12_NZ,New Zealand,1969,TFP,1.02984189987183,0.07292287259179453,PWT
12_NZ,New Zealand,1970,TFP,1.00375270843506,-0.02533320060100197,PWT
12_NZ,New Zealand,1971,TFP,1.00287199020386,-0.0008774255090907568,PWT
12_NZ,New Zealand,1972,TFP,1.02180206775665,0.018875866249830953,PWT
12_NZ,New Zealand,1973,TFP,1.05894362926483,0.036349076479874176,PWT
12_NZ,New Zealand,1974,TFP,1.06114113330841,0.0020751851022566825,PWT
12_NZ,New Zealand,1975,TFP,1.00475490093231,-0.05313735431242761,PWT
12_NZ,New Zealand,1976,TFP,0.994796931743622,-0.00991084410680454,PWT
12_NZ,New Zealand,1977,TFP,0.944539844989777,-0.050519945478478046,PWT
12_NZ,New Zealand,1978,TFP,0.90720134973526,-0.03953088422111106,PWT
12_NZ,New Zealand,1979,TFP,0.921993970870972,0.016305775052064098,PWT
12_NZ,New Zealand,1980,TFP,0.926982641220093,0.005410740749647536,PWT
12_NZ,New Zealand,1981,TFP,0.971483469009399,0.048006106922060754,PWT
12_NZ,New Zealand,1982,TFP,0.956581056118012,-0.015339852263860587,PWT
12_NZ,New Zealand,1983,TFP,0.954969942569733,-0.0016842415370603714,PWT
12_NZ,New Zealand,1984,TFP,0.976962924003601,0.02303002477197036,PWT
12_NZ,New Zealand,1985,TFP,0.954803824424744,-0.022681617730229586,PWT
12_NZ,New Zealand,1986,TFP,0.902148246765137,-0.055148059017601,PWT
12_NZ,New Zealand,1987,TFP,0.899961054325104,-0.0024244268587516604,PWT
12_NZ,New Zealand,1988,TFP,0.925428926944733,0.028298860819847116,PWT
12_NZ,New Zealand,1989,TFP,0.935866296291351,0.011278412682729222,PWT
12_NZ,New Zealand,1990,TFP,0.925588607788086,-0.010982005168893583,PWT
12_NZ,New Zealand,1991,TFP,0.921440064907074,-0.004482059141723838,PWT
12_NZ,New Zealand,1992,TFP,0.92037171125412,-0.0011594391145361982,PWT
12_NZ,New Zealand,1993,TFP,0.941036701202393,0.022452873872138568,PWT
12_NZ,New Zealand,1994,TFP,0.956931173801422,0.016890385442693168,PWT
12_NZ,New Zealand,1995,TFP,0.952280938625336,-0.004859529403366425,PWT
12_NZ,New Zealand,1996,TFP,0.950945258140564,-0.0014026118035085355,PWT
12_NZ,New Zealand,1997,TFP,0.964029788970947,0.013759499527836061,PWT
12_NZ,New Zealand,1998,TFP,0.963047206401825,-0.001019245027864657,PWT
12_NZ,New Zealand,1999,TFP,0.980023741722107,0.01762793683158126,PWT
12_NZ,New Zealand,2000,TFP,0.976820290088654,-0.0032687490078801007,PWT
12_NZ,New Zealand,2001,TFP,0.985389590263367,0.008772647601264838,PWT
12_NZ,New Zealand,2002,TFP,0.998131930828095,0.012931271743313655,PWT
12_NZ,New Zealand,2003,TFP,1.00820207595825,0.010088992065207636,PWT
12_NZ,New Zealand,2004,TFP,0.99058872461319,-0.017470060581177838,PWT
12_NZ,New Zealand,2005,TFP,0.985882937908173,-0.004750494920941595,PWT
12_NZ,New Zealand,2006,TFP,0.983065843582153,-0.0028574328834590768,PWT
12_NZ,New Zealand,2007,TFP,0.998040020465851,0.015232119986118509,PWT
12_NZ,New Zealand,2008,TFP,0.969582676887512,-0.028513228923481626,PWT
12_NZ,New Zealand,2009,TFP,0.998831212520599,0.0301661078836295,PWT
12_NZ,New Zealand,2010,TFP,0.990898430347443,-0.00794206475900694,PWT
12_NZ,New Zealand,2011,TFP,0.995582640171051,0.004727235082979897,PWT
12_NZ,New Zealand,2012,TFP,1.01177513599396,0.016264341270682436,PWT
12_NZ,New Zealand,2013,TFP,0.990889966487885,-0.02064210590187865,PWT
12_NZ,New Zealand,2014,TFP,0.98473048210144,-0.006216113387722211,PWT
12_NZ,New Zealand,2015,TFP,0.993432343006134,0.008836794496423162,PWT
12_NZ,New Zealand,2016,TFP,0.995882749557495,0.002466606375977287,PWT
12_NZ,New Zealand,2017,TFP,0.992282271385193,-0.0036153635293932895,PWT
12_NZ,New Zealand,2018,TFP,0.995964467525482,0.003710835360535736,PWT
12_NZ,New Zealand,2019,TFP,0.984908521175385,-0.011100743762039955,PWT
12_NZ,New Zealand,2020,TFP,0.975765228271484,-0.009283393033283294,PWT
12_NZ,New Zealand,2021,TFP,1.0,0.024836683073290677,PWT
12_NZ,New Zealand,2022,TFP,0.99078357219696,-0.009216427803039995,PWT
12_NZ,New Zealand,2023,TFP,0.967833995819092,-0.023163057020595956,PWT
12_NZ,New Zealand,1950,delta,0.0240390580147505,,PWT
12_NZ,New Zealand,1951,delta,0.0243499968200922,0.012934733347325977,PWT
12_NZ,New Zealand,1952,delta,0.024545393884182,0.008024521133759288,PWT
12_NZ,New Zealand,1953,delta,0.0246807336807251,0.005513857189731963,PWT
12_NZ,New Zealand,1954,delta,0.0249952524900436,0.012743495124058146,PWT
12_NZ,New Zealand,1955,delta,0.0253293924033642,0.013368135147012294,PWT
12_NZ,New Zealand,1956,delta,0.0255036782473326,0.00688077476131066,PWT
12_NZ,New Zealand,1957,delta,0.0256822910159826,0.007003412092868588,PWT
12_NZ,New Zealand,1958,delta,0.0258195828646421,0.00534577887050891,PWT
12_NZ,New Zealand,1959,delta,0.0259054228663445,0.003324608385519179,PWT
12_NZ,New Zealand,1960,delta,0.0259413812309504,0.0013880632171658913,PWT
12_NZ,New Zealand,1961,delta,0.025964917615056,0.0009072910920224775,PWT
12_NZ,New Zealand,1962,delta,0.0259718298912048,0.00026621598617326825,PWT
12_NZ,New Zealand,1963,delta,0.0260049663484097,0.0012758614754413422,PWT
12_NZ,New Zealand,1964,delta,0.026129050180316,0.004771543644542575,PWT
12_NZ,New Zealand,1965,delta,0.0263250973075628,0.00750303305684219,PWT
12_NZ,New Zealand,1966,delta,0.0265620052814484,0.008999319968991726,PWT
12_NZ,New Zealand,1967,delta,0.0266344454139471,0.002727208722802743,PWT
12_NZ,New Zealand,1968,delta,0.0264672785997391,-0.006276339214499438,PWT
12_NZ,New Zealand,1969,delta,0.0263424497097731,-0.004716347753532579,PWT
12_NZ,New Zealand,1970,delta,0.0263548512011766,0.00047077973157905184,PWT
12_NZ,New Zealand,1971,delta,0.0264508780092001,0.00364361032777194,PWT
12_NZ,New Zealand,1972,delta,0.0267592947930098,0.011659982844517636,PWT
12_NZ,New Zealand,1973,delta,0.027132423594594,0.013943895176253607,PWT
12_NZ,New Zealand,1974,delta,0.0273275971412659,0.0071933694382830815,PWT
12_NZ,New Zealand,1975,delta,0.0273938868194819,0.002425741197564113,PWT
12_NZ,New Zealand,1976,delta,0.0273766405880451,-0.0006295649664631586,PWT
12_NZ,New Zealand,1977,delta,0.0272013042122126,-0.006404597937011536,PWT
12_NZ,New Zealand,1978,delta,0.0270186774432659,-0.0067138975220425445,PWT
12_NZ,New Zealand,1979,delta,0.0269034206867218,-0.004265817850859666,PWT
12_NZ,New Zealand,1980,delta,0.0268016662448645,-0.0037822120481326715,PWT
12_NZ,New Zealand,1981,delta,0.0268264971673489,0.000926469356701265,PWT
12_NZ,New Zealand,1982,delta,0.0269299577921629,0.0038566579963306147,PWT
12_NZ,New Zealand,1983,delta,0.0270497370511293,0.004447807155541161,PWT
12_NZ,New Zealand,1984,delta,0.0271944478154182,0.00534980299495591,PWT
12_NZ,New Zealand,1985,delta,0.0273683294653893,0.006394012893783385,PWT
12_NZ,New Zealand,1986,delta,0.0275205876678228,0.005563299090872498,PWT
12_NZ,New Zealand,1987,delta,0.0276036486029625,0.0030181381350666836,PWT
12_NZ,New Zealand,1988,delta,0.0276253633201122,0.0007866611208551255,PWT
12_NZ,New Zealand,1989,delta,0.0276839081197977,0.0021192408949379793,PWT
12_NZ,New Zealand,1990,delta,0.0277670454233885,0.0030030912987804026,PWT
12_NZ,New Zealand,1991,delta,0.0276933815330267,-0.002652925049769661,PWT
12_NZ,New Zealand,1992,delta,0.0275685582309961,-0.004507333345396436,PWT
12_NZ,New Zealand,1993,delta,0.0275999922305346,0.0011402119499726027,PWT
12_NZ,New Zealand,1994,delta,0.0277998130768538,0.0072398877742485546,PWT
12_NZ,New Zealand,1995,delta,0.0280970111489296,0.010690650014594683,PWT
12_NZ,New Zealand,1996,delta,0.028420502319932,0.011513365933754294,PWT
12_NZ,New Zealand,1997,delta,0.0286767594516277,0.00901662922108093,PWT
12_NZ,New Zealand,1998,delta,0.0288711674511433,0.00677928759152624,PWT
12_NZ,New Zealand,1999,delta,0.0291374698281288,0.009223817410090707,PWT
12_NZ,New Zealand,2000,delta,0.0293862074613571,0.008536692948821978,PWT
12_NZ,New Zealand,2001,delta,0.0296699162572622,0.009654488292787589,PWT
12_NZ,New Zealand,2002,delta,0.0301408115774393,0.015871137488021825,PWT
12_NZ,New Zealand,2003,delta,0.0306633524596691,0.01733665601164258,PWT
12_NZ,New Zealand,2004,delta,0.0312730334699154,0.01988305130850243,PWT
12_NZ,New Zealand,2005,delta,0.0319666117429733,0.022178157860033743,PWT
12_NZ,New Zealand,2006,delta,0.0325175039470196,0.017233362374333927,PWT
12_NZ,New Zealand,2007,delta,0.0329684764146805,0.013868606532520644,PWT
12_NZ,New Zealand,2008,delta,0.0333565473556519,0.01177096982251169,PWT
12_NZ,New Zealand,2009,delta,0.0334164462983608,0.0017957177063396834,PWT
12_NZ,New Zealand,2010,delta,0.0333861708641052,-0.0009060040072867981,PWT
12_NZ,New Zealand,2011,delta,0.0336520224809647,0.00796292626493833,PWT
12_NZ,New Zealand,2012,delta,0.0340679548680782,0.012359803555604065,PWT
12_NZ,New Zealand,2013,delta,0.0344928652048111,0.012472434532049048,PWT
12_NZ,New Zealand,2014,delta,0.0350295267999172,0.015558626165716127,PWT
12_NZ,New Zealand,2015,delta,0.0356348343193531,0.017279922817493798,PWT
12_NZ,New Zealand,2016,delta,0.0360590778291225,0.0119053032762102,PWT
12_NZ,New Zealand,2017,delta,0.0364218652248383,0.010060917182491025,PWT
12_NZ,New Zealand,2018,delta,0.0369205065071583,0.013690712412497419,PWT
12_NZ,New Zealand,2019,delta,0.037402305752039,0.013049638005028008,PWT
12_NZ,New Zealand,2020,delta,0.0376625247299671,0.006957297757342662,PWT
12_NZ,New Zealand,2021,delta,0.0381065532565117,0.01178966438729745,PWT
12_NZ,New Zealand,2022,delta,0.0387854464352131,0.01781565428212506,PWT
12_NZ,New Zealand,2023,delta,0.0392140857875347,0.011051551334792409,PWT
12_NZ,New Zealand,1950,output_to_kstock,0.5322330610868469,,PWT
12_NZ,New Zealand,1951,output_to_kstock,0.4937598289577571,-0.0722864379197442,PWT
12_NZ,New Zealand,1952,output_to_kstock,0.47139257245109756,-0.045299870898515615,PWT
12_NZ,New Zealand,1953,output_to_kstock,0.46513309198925884,-0.013278699809144867,PWT
12_NZ,New Zealand,1954,output_to_kstock,0.48705019327479276,0.0471200644783194,PWT
12_NZ,New Zealand,1955,output_to_kstock,0.4795536318290002,-0.01539176361965433,PWT
12_NZ,New Zealand,1956,output_to_kstock,0.46467591239125217,-0.031024099183661558,PWT
12_NZ,New Zealand,1957,output_to_kstock,0.4658410112197179,0.0025073363981147345,PWT
12_NZ,New Zealand,1958,output_to_kstock,0.44912712218633993,-0.03587895576135669,PWT
12_NZ,New Zealand,1959,output_to_kstock,0.44737465713723595,-0.0039019354711268273,PWT
12_NZ,New Zealand,1960,output_to_kstock,0.49660514663303523,0.11004308963504261,PWT
12_NZ,New Zealand,1961,output_to_kstock,0.49856897257100674,0.003954501783330677,PWT
12_NZ,New Zealand,1962,output_to_kstock,0.48978861974592036,-0.017611109611992304,PWT
12_NZ,New Zealand,1963,output_to_kstock,0.49894135760241615,0.018687118253674084,PWT
12_NZ,New Zealand,1964,output_to_kstock,0.4980688991233329,-0.0017486192831872582,PWT
12_NZ,New Zealand,1965,output_to_kstock,0.5000421078696364,0.003961718448545204,PWT
12_NZ,New Zealand,1966,output_to_kstock,0.4990079210314588,-0.0020681995014052434,PWT
12_NZ,New Zealand,1967,output_to_kstock,0.4551747869950557,-0.08784055761239051,PWT
12_NZ,New Zealand,1968,output_to_kstock,0.44401232049660977,-0.024523472778748556,PWT
12_NZ,New Zealand,1969,output_to_kstock,0.4701375430850398,0.05883895870098832,PWT
12_NZ,New Zealand,1970,output_to_kstock,0.4521133030665241,-0.03833822736265813,PWT
12_NZ,New Zealand,1971,output_to_kstock,0.4501715987758348,-0.004294729390883711,PWT
12_NZ,New Zealand,1972,output_to_kstock,0.4504933685351584,0.0007147713454127569,PWT
12_NZ,New Zealand,1973,output_to_kstock,0.4616451831673141,0.024754669904281545,PWT
12_NZ,New Zealand,1974,output_to_kstock,0.46406604894171616,0.0052439966075084055,PWT
12_NZ,New Zealand,1975,output_to_kstock,0.43626703744159107,-0.05990313569268779,PWT
12_NZ,New Zealand,1976,output_to_kstock,0.4249150220351987,-0.026020795595661284,PWT
12_NZ,New Zealand,1977,output_to_kstock,0.3984027489430695,-0.06239429466424706,PWT
12_NZ,New Zealand,1978,output_to_kstock,0.39096258010020063,-0.018674993740899204,PWT
12_NZ,New Zealand,1979,output_to_kstock,0.3932422490025014,0.005830913285144845,PWT
12_NZ,New Zealand,1980,output_to_kstock,0.3910396107482388,-0.005601224842574304,PWT
12_NZ,New Zealand,1981,output_to_kstock,0.39778795051653054,0.01725743270708313,PWT
12_NZ,New Zealand,1982,output_to_kstock,0.3898608849821386,-0.019927867407996125,PWT
12_NZ,New Zealand,1983,output_to_kstock,0.39034280568590163,0.001236135047980147,PWT
12_NZ,New Zealand,1984,output_to_kstock,0.39480493554650564,0.011431310621347945,PWT
12_NZ,New Zealand,1985,output_to_kstock,0.3860941423807952,-0.02206353665172045,PWT
12_NZ,New Zealand,1986,output_to_kstock,0.36012872451305633,-0.06725151981749,PWT
12_NZ,New Zealand,1987,output_to_kstock,0.35467743349963465,-0.015137062506726084,PWT
12_NZ,New Zealand,1988,output_to_kstock,0.35210911471607564,-0.007241280501601666,PWT
12_NZ,New Zealand,1989,output_to_kstock,0.34353432851521554,-0.02435263911805985,PWT
12_NZ,New Zealand,1990,output_to_kstock,0.337443561655778,-0.01772971826647529,PWT
12_NZ,New Zealand,1991,output_to_kstock,0.3279771499366487,-0.028053318524375426,PWT
12_NZ,New Zealand,1992,output_to_kstock,0.327781005173793,-0.0005980439884107902,PWT
12_NZ,New Zealand,1993,output_to_kstock,0.3412281060413336,0.04102464955347496,PWT
12_NZ,New Zealand,1994,output_to_kstock,0.35040707436444335,0.026899801512827004,PWT
12_NZ,New Zealand,1995,output_to_kstock,0.352090941422152,0.004805459652214017,PWT
12_NZ,New Zealand,1996,output_to_kstock,0.3519616721190098,-0.0003671474836020039,PWT
12_NZ,New Zealand,1997,output_to_kstock,0.35177751527176265,-0.000523229833914618,PWT
12_NZ,New Zealand,1998,output_to_kstock,0.3467882244913877,-0.014183086080759133,PWT
12_NZ,New Zealand,1999,output_to_kstock,0.3534935155612281,0.01933540586527882,PWT
12_NZ,New Zealand,2000,output_to_kstock,0.351447366609709,-0.005788363467631119,PWT
12_NZ,New Zealand,2001,output_to_kstock,0.3536867170892522,0.006371794733150082,PWT
12_NZ,New Zealand,2002,output_to_kstock,0.3591205669004959,0.015363454573479096,PWT
12_NZ,New Zealand,2003,output_to_kstock,0.3609525925552297,0.005101422262015598,PWT
12_NZ,New Zealand,2004,output_to_kstock,0.3573199009237273,-0.010064179358807546,PWT
12_NZ,New Zealand,2005,output_to_kstock,0.35376560096199183,-0.00994710888631456,PWT
12_NZ,New Zealand,2006,output_to_kstock,0.349104101890814,-0.013176801414557793,PWT
12_NZ,New Zealand,2007,output_to_kstock,0.3489841531353987,-0.00034359022069807565,PWT
12_NZ,New Zealand,2008,output_to_kstock,0.3331572754915732,-0.045351278852151844,PWT
12_NZ,New Zealand,2009,output_to_kstock,0.33294760967902626,-0.0006293298329972385,PWT
12_NZ,New Zealand,2010,output_to_kstock,0.3288416415734682,-0.01233217475120596,PWT
12_NZ,New Zealand,2011,output_to_kstock,0.3296324737857118,0.002404902884134641,PWT
12_NZ,New Zealand,2012,output_to_kstock,0.3298574519172393,0.0006825120381608318,PWT
12_NZ,New Zealand,2013,output_to_kstock,0.3271635997781812,-0.008166716026576148,PWT
12_NZ,New Zealand,2014,output_to_kstock,0.32870744939229174,0.004718891756776422,PWT
12_NZ,New Zealand,2015,output_to_kstock,0.332274675401191,0.010852282220845,PWT
12_NZ,New Zealand,2016,output_to_kstock,0.33488426754152356,0.00785371962874315,PWT
12_NZ,New Zealand,2017,output_to_kstock,0.3384353861522138,0.0106040174319324,PWT
12_NZ,New Zealand,2018,output_to_kstock,0.34020853895395836,0.005239265379144209,PWT
12_NZ,New Zealand,2019,output_to_kstock,0.3376822223219834,-0.0074257884288931875,PWT
12_NZ,New Zealand,2020,output_to_kstock,0.32837340730021614,-0.027566790332513413,PWT
12_NZ,New Zealand,2021,output_to_kstock,0.3323318170744715,0.012054599082185646,PWT
12_NZ,New Zealand,2022,output_to_kstock,0.3301482278328818,-0.006570509139967262,PWT
12_NZ,New Zealand,2023,output_to_kstock,0.32304727767001185,-0.021508369769182467,PWT
13_PNG,Papua New Guinea,1950,Average hours,,,PWT
13_PNG,Papua New Guinea,1951,Average hours,,,PWT
13_PNG,Papua New Guinea,1952,Average hours,,,PWT
13_PNG,Papua New Guinea,1953,Average hours,,,PWT
13_PNG,Papua New Guinea,1954,Average hours,,,PWT
13_PNG,Papua New Guinea,1955,Average hours,,,PWT
13_PNG,Papua New Guinea,1956,Average hours,,,PWT
13_PNG,Papua New Guinea,1957,Average hours,,,PWT
13_PNG,Papua New Guinea,1958,Average hours,,,PWT
13_PNG,Papua New Guinea,1959,Average hours,,,PWT
13_PNG,Papua New Guinea,1960,Average hours,,,PWT
13_PNG,Papua New Guinea,1961,Average hours,,,PWT
13_PNG,Papua New Guinea,1962,Average hours,,,PWT
13_PNG,Papua New Guinea,1963,Average hours,,,PWT
13_PNG,Papua New Guinea,1964,Average hours,,,PWT
13_PNG,Papua New Guinea,1965,Average hours,,,PWT
13_PNG,Papua New Guinea,1966,Average hours,,,PWT
13_PNG,Papua New Guinea,1967,Average hours,,,PWT
13_PNG,Papua New Guinea,1968,Average hours,,,PWT
13_PNG,Papua New Guinea,1969,Average hours,,,PWT
13_PNG,Papua New Guinea,1970,Average hours,,,PWT
13_PNG,Papua New Guinea,1971,Average hours,,,PWT
13_PNG,Papua New Guinea,1972,Average hours,,,PWT
13_PNG,Papua New Guinea,1973,Average hours,,,PWT
13_PNG,Papua New Guinea,1974,Average hours,,,PWT
13_PNG,Papua New Guinea,1975,Average hours,,,PWT
13_PNG,Papua New Guinea,1976,Average hours,,,PWT
13_PNG,Papua New Guinea,1977,Average hours,,,PWT
13_PNG,Papua New Guinea,1978,Average hours,,,PWT
13_PNG,Papua New Guinea,1979,Average hours,,,PWT
13_PNG,Papua New Guinea,1980,Average hours,,,PWT
13_PNG,Papua New Guinea,1981,Average hours,,,PWT
13_PNG,Papua New Guinea,1982,Average hours,,,PWT
13_PNG,Papua New Guinea,1983,Average hours,,,PWT
13_PNG,Papua New Guinea,1984,Average hours,,,PWT
13_PNG,Papua New Guinea,1985,Average hours,,,PWT
13_PNG,Papua New Guinea,1986,Average hours,,,PWT
13_PNG,Papua New Guinea,1987,Average hours,,,PWT
13_PNG,Papua New Guinea,1988,Average hours,,,PWT
13_PNG,Papua New Guinea,1989,Average hours,,,PWT
13_PNG,Papua New Guinea,1990,Average hours,,,PWT
13_PNG,Papua New Guinea,1991,Average hours,,,PWT
13_PNG,Papua New Guinea,1992,Average hours,,,PWT
13_PNG,Papua New Guinea,1993,Average hours,,,PWT
13_PNG,Papua New Guinea,1994,Average hours,,,PWT
13_PNG,Papua New Guinea,1995,Average hours,,,PWT
13_PNG,Papua New Guinea,1996,Average hours,,,PWT
13_PNG,Papua New Guinea,1997,Average hours,,,PWT
13_PNG,Papua New Guinea,1998,Average hours,,,PWT
13_PNG,Papua New Guinea,1999,Average hours,,,PWT
13_PNG,Papua New Guinea,2000,Average hours,,,PWT
13_PNG,Papua New Guinea,2001,Average hours,,,PWT
13_PNG,Papua New Guinea,2002,Average hours,,,PWT
13_PNG,Papua New Guinea,2003,Average hours,,,PWT
13_PNG,Papua New Guinea,2004,Average hours,,,PWT
13_PNG,Papua New Guinea,2005,Average hours,,,PWT
13_PNG,Papua New Guinea,2006,Average hours,,,PWT
13_PNG,Papua New Guinea,2007,Average hours,,,PWT
13_PNG,Papua New Guinea,2008,Average hours,,,PWT
13_PNG,Papua New Guinea,2009,Average hours,,,PWT
13_PNG,Papua New Guinea,2010,Average hours,,,PWT
13_PNG,Papua New Guinea,2011,Average hours,,,PWT
13_PNG,Papua New Guinea,2012,Average hours,,,PWT
13_PNG,Papua New Guinea,2013,Average hours,,,PWT
13_PNG,Papua New Guinea,2014,Average hours,,,PWT
13_PNG,Papua New Guinea,2015,Average hours,,,PWT
13_PNG,Papua New Guinea,2016,Average hours,,,PWT
13_PNG,Papua New Guinea,2017,Average hours,,,PWT
13_PNG,Papua New Guinea,2018,Average hours,,,PWT
13_PNG,Papua New Guinea,2019,Average hours,,,PWT
13_PNG,Papua New Guinea,2020,Average hours,,,PWT
13_PNG,Papua New Guinea,2021,Average hours,,,PWT
13_PNG,Papua New Guinea,2022,Average hours,,,PWT
13_PNG,Papua New Guinea,2023,Average hours,,,PWT
13_PNG,Papua New Guinea,1950,Capital stock,,,PWT
13_PNG,Papua New Guinea,1951,Capital stock,,,PWT
13_PNG,Papua New Guinea,1952,Capital stock,,,PWT
13_PNG,Papua New Guinea,1953,Capital stock,,,PWT
13_PNG,Papua New Guinea,1954,Capital stock,,,PWT
13_PNG,Papua New Guinea,1955,Capital stock,,,PWT
13_PNG,Papua New Guinea,1956,Capital stock,,,PWT
13_PNG,Papua New Guinea,1957,Capital stock,,,PWT
13_PNG,Papua New Guinea,1958,Capital stock,,,PWT
13_PNG,Papua New Guinea,1959,Capital stock,,,PWT
13_PNG,Papua New Guinea,1960,Capital stock,,,PWT
13_PNG,Papua New Guinea,1961,Capital stock,,,PWT
13_PNG,Papua New Guinea,1962,Capital stock,,,PWT
13_PNG,Papua New Guinea,1963,Capital stock,,,PWT
13_PNG,Papua New Guinea,1964,Capital stock,,,PWT
13_PNG,Papua New Guinea,1965,Capital stock,,,PWT
13_PNG,Papua New Guinea,1966,Capital stock,,,PWT
13_PNG,Papua New Guinea,1967,Capital stock,,,PWT
13_PNG,Papua New Guinea,1968,Capital stock,,,PWT
13_PNG,Papua New Guinea,1969,Capital stock,,,PWT
13_PNG,Papua New Guinea,1970,Capital stock,,,PWT
13_PNG,Papua New Guinea,1971,Capital stock,,,PWT
13_PNG,Papua New Guinea,1972,Capital stock,,,PWT
13_PNG,Papua New Guinea,1973,Capital stock,,,PWT
13_PNG,Papua New Guinea,1974,Capital stock,,,PWT
13_PNG,Papua New Guinea,1975,Capital stock,,,PWT
13_PNG,Papua New Guinea,1976,Capital stock,,,PWT
13_PNG,Papua New Guinea,1977,Capital stock,,,PWT
13_PNG,Papua New Guinea,1978,Capital stock,,,PWT
13_PNG,Papua New Guinea,1979,Capital stock,,,PWT
13_PNG,Papua New Guinea,1980,Capital stock,,,PWT
13_PNG,Papua New Guinea,1981,Capital stock,,,PWT
13_PNG,Papua New Guinea,1982,Capital stock,,,PWT
13_PNG,Papua New Guinea,1983,Capital stock,,,PWT
13_PNG,Papua New Guinea,1984,Capital stock,,,PWT
13_PNG,Papua New Guinea,1985,Capital stock,,,PWT
13_PNG,Papua New Guinea,1986,Capital stock,,,PWT
13_PNG,Papua New Guinea,1987,Capital stock,,,PWT
13_PNG,Papua New Guinea,1988,Capital stock,,,PWT
13_PNG,Papua New Guinea,1989,Capital stock,,,PWT
13_PNG,Papua New Guinea,1990,Capital stock,,,PWT
13_PNG,Papua New Guinea,1991,Capital stock,,,PWT
13_PNG,Papua New Guinea,1992,Capital stock,,,PWT
13_PNG,Papua New Guinea,1993,Capital stock,,,PWT
13_PNG,Papua New Guinea,1994,Capital stock,,,PWT
13_PNG,Papua New Guinea,1995,Capital stock,,,PWT
13_PNG,Papua New Guinea,1996,Capital stock,,,PWT
13_PNG,Papua New Guinea,1997,Capital stock,,,PWT
13_PNG,Papua New Guinea,1998,Capital stock,,,PWT
13_PNG,Papua New Guinea,1999,Capital stock,,,PWT
13_PNG,Papua New Guinea,2000,Capital stock,,,PWT
13_PNG,Papua New Guinea,2001,Capital stock,,,PWT
13_PNG,Papua New Guinea,2002,Capital stock,,,PWT
13_PNG,Papua New Guinea,2003,Capital stock,,,PWT
13_PNG,Papua New Guinea,2004,Capital stock,,,PWT
13_PNG,Papua New Guinea,2005,Capital stock,,,PWT
13_PNG,Papua New Guinea,2006,Capital stock,,,PWT
13_PNG,Papua New Guinea,2007,Capital stock,,,PWT
13_PNG,Papua New Guinea,2008,Capital stock,,,PWT
13_PNG,Papua New Guinea,2009,Capital stock,,,PWT
13_PNG,Papua New Guinea,2010,Capital stock,,,PWT
13_PNG,Papua New Guinea,2011,Capital stock,,,PWT
13_PNG,Papua New Guinea,2012,Capital stock,,,PWT
13_PNG,Papua New Guinea,2013,Capital stock,,,PWT
13_PNG,Papua New Guinea,2014,Capital stock,,,PWT
13_PNG,Papua New Guinea,2015,Capital stock,,,PWT
13_PNG,Papua New Guinea,2016,Capital stock,,,PWT
13_PNG,Papua New Guinea,2017,Capital stock,,,PWT
13_PNG,Papua New Guinea,2018,Capital stock,,,PWT
13_PNG,Papua New Guinea,2019,Capital stock,,,PWT
13_PNG,Papua New Guinea,2020,Capital stock,,,PWT
13_PNG,Papua New Guinea,2021,Capital stock,,,PWT
13_PNG,Papua New Guinea,2022,Capital stock,,,PWT
13_PNG,Papua New Guinea,2023,Capital stock,,,PWT
13_PNG,Papua New Guinea,1950,Employment,,,PWT
13_PNG,Papua New Guinea,1951,Employment,,,PWT
13_PNG,Papua New Guinea,1952,Employment,,,PWT
13_PNG,Papua New Guinea,1953,Employment,,,PWT
13_PNG,Papua New Guinea,1954,Employment,,,PWT
13_PNG,Papua New Guinea,1955,Employment,,,PWT
13_PNG,Papua New Guinea,1956,Employment,,,PWT
13_PNG,Papua New Guinea,1957,Employment,,,PWT
13_PNG,Papua New Guinea,1958,Employment,,,PWT
13_PNG,Papua New Guinea,1959,Employment,,,PWT
13_PNG,Papua New Guinea,1960,Employment,,,PWT
13_PNG,Papua New Guinea,1961,Employment,,,PWT
13_PNG,Papua New Guinea,1962,Employment,,,PWT
13_PNG,Papua New Guinea,1963,Employment,,,PWT
13_PNG,Papua New Guinea,1964,Employment,,,PWT
13_PNG,Papua New Guinea,1965,Employment,,,PWT
13_PNG,Papua New Guinea,1966,Employment,,,PWT
13_PNG,Papua New Guinea,1967,Employment,,,PWT
13_PNG,Papua New Guinea,1968,Employment,,,PWT
13_PNG,Papua New Guinea,1969,Employment,,,PWT
13_PNG,Papua New Guinea,1970,Employment,,,PWT
13_PNG,Papua New Guinea,1971,Employment,,,PWT
13_PNG,Papua New Guinea,1972,Employment,,,PWT
13_PNG,Papua New Guinea,1973,Employment,,,PWT
13_PNG,Papua New Guinea,1974,Employment,,,PWT
13_PNG,Papua New Guinea,1975,Employment,,,PWT
13_PNG,Papua New Guinea,1976,Employment,,,PWT
13_PNG,Papua New Guinea,1977,Employment,,,PWT
13_PNG,Papua New Guinea,1978,Employment,,,PWT
13_PNG,Papua New Guinea,1979,Employment,,,PWT
13_PNG,Papua New Guinea,1980,Employment,,,PWT
13_PNG,Papua New Guinea,1981,Employment,,,PWT
13_PNG,Papua New Guinea,1982,Employment,,,PWT
13_PNG,Papua New Guinea,1983,Employment,,,PWT
13_PNG,Papua New Guinea,1984,Employment,,,PWT
13_PNG,Papua New Guinea,1985,Employment,,,PWT
13_PNG,Papua New Guinea,1986,Employment,,,PWT
13_PNG,Papua New Guinea,1987,Employment,,,PWT
13_PNG,Papua New Guinea,1988,Employment,,,PWT
13_PNG,Papua New Guinea,1989,Employment,,,PWT
13_PNG,Papua New Guinea,1990,Employment,,,PWT
13_PNG,Papua New Guinea,1991,Employment,,,PWT
13_PNG,Papua New Guinea,1992,Employment,,,PWT
13_PNG,Papua New Guinea,1993,Employment,,,PWT
13_PNG,Papua New Guinea,1994,Employment,,,PWT
13_PNG,Papua New Guinea,1995,Employment,,,PWT
13_PNG,Papua New Guinea,1996,Employment,,,PWT
13_PNG,Papua New Guinea,1997,Employment,,,PWT
13_PNG,Papua New Guinea,1998,Employment,,,PWT
13_PNG,Papua New Guinea,1999,Employment,,,PWT
13_PNG,Papua New Guinea,2000,Employment,,,PWT
13_PNG,Papua New Guinea,2001,Employment,,,PWT
13_PNG,Papua New Guinea,2002,Employment,,,PWT
13_PNG,Papua New Guinea,2003,Employment,,,PWT
13_PNG,Papua New Guinea,2004,Employment,,,PWT
13_PNG,Papua New Guinea,2005,Employment,,,PWT
13_PNG,Papua New Guinea,2006,Employment,,,PWT
13_PNG,Papua New Guinea,2007,Employment,,,PWT
13_PNG,Papua New Guinea,2008,Employment,,,PWT
13_PNG,Papua New Guinea,2009,Employment,,,PWT
13_PNG,Papua New Guinea,2010,Employment,,,PWT
13_PNG,Papua New Guinea,2011,Employment,,,PWT
13_PNG,Papua New Guinea,2012,Employment,,,PWT
13_PNG,Papua New Guinea,2013,Employment,,,PWT
13_PNG,Papua New Guinea,2014,Employment,,,PWT
13_PNG,Papua New Guinea,2015,Employment,,,PWT
13_PNG,Papua New Guinea,2016,Employment,,,PWT
13_PNG,Papua New Guinea,2017,Employment,,,PWT
13_PNG,Papua New Guinea,2018,Employment,,,PWT
13_PNG,Papua New Guinea,2019,Employment,,,PWT
13_PNG,Papua New Guinea,2020,Employment,,,PWT
13_PNG,Papua New Guinea,2021,Employment,,,PWT
13_PNG,Papua New Guinea,2022,Employment,,,PWT
13_PNG,Papua New Guinea,2023,Employment,,,PWT
13_PNG,Papua New Guinea,1950,Real GDP (PWT),,,PWT
13_PNG,Papua New Guinea,1951,Real GDP (PWT),,,PWT
13_PNG,Papua New Guinea,1952,Real GDP (PWT),,,PWT
13_PNG,Papua New Guinea,1953,Real GDP (PWT),,,PWT
13_PNG,Papua New Guinea,1954,Real GDP (PWT),,,PWT
13_PNG,Papua New Guinea,1955,Real GDP (PWT),,,PWT
13_PNG,Papua New Guinea,1956,Real GDP (PWT),,,PWT
13_PNG,Papua New Guinea,1957,Real GDP (PWT),,,PWT
13_PNG,Papua New Guinea,1958,Real GDP (PWT),,,PWT
13_PNG,Papua New Guinea,1959,Real GDP (PWT),,,PWT
13_PNG,Papua New Guinea,1960,Real GDP (PWT),,,PWT
13_PNG,Papua New Guinea,1961,Real GDP (PWT),,,PWT
13_PNG,Papua New Guinea,1962,Real GDP (PWT),,,PWT
13_PNG,Papua New Guinea,1963,Real GDP (PWT),,,PWT
13_PNG,Papua New Guinea,1964,Real GDP (PWT),,,PWT
13_PNG,Papua New Guinea,1965,Real GDP (PWT),,,PWT
13_PNG,Papua New Guinea,1966,Real GDP (PWT),,,PWT
13_PNG,Papua New Guinea,1967,Real GDP (PWT),,,PWT
13_PNG,Papua New Guinea,1968,Real GDP (PWT),,,PWT
13_PNG,Papua New Guinea,1969,Real GDP (PWT),,,PWT
13_PNG,Papua New Guinea,1970,Real GDP (PWT),,,PWT
13_PNG,Papua New Guinea,1971,Real GDP (PWT),,,PWT
13_PNG,Papua New Guinea,1972,Real GDP (PWT),,,PWT
13_PNG,Papua New Guinea,1973,Real GDP (PWT),,,PWT
13_PNG,Papua New Guinea,1974,Real GDP (PWT),,,PWT
13_PNG,Papua New Guinea,1975,Real GDP (PWT),,,PWT
13_PNG,Papua New Guinea,1976,Real GDP (PWT),,,PWT
13_PNG,Papua New Guinea,1977,Real GDP (PWT),,,PWT
13_PNG,Papua New Guinea,1978,Real GDP (PWT),,,PWT
13_PNG,Papua New Guinea,1979,Real GDP (PWT),,,PWT
13_PNG,Papua New Guinea,1980,Real GDP (PWT),,,PWT
13_PNG,Papua New Guinea,1981,Real GDP (PWT),,,PWT
13_PNG,Papua New Guinea,1982,Real GDP (PWT),,,PWT
13_PNG,Papua New Guinea,1983,Real GDP (PWT),,,PWT
13_PNG,Papua New Guinea,1984,Real GDP (PWT),,,PWT
13_PNG,Papua New Guinea,1985,Real GDP (PWT),,,PWT
13_PNG,Papua New Guinea,1986,Real GDP (PWT),,,PWT
13_PNG,Papua New Guinea,1987,Real GDP (PWT),,,PWT
13_PNG,Papua New Guinea,1988,Real GDP (PWT),,,PWT
13_PNG,Papua New Guinea,1989,Real GDP (PWT),,,PWT
13_PNG,Papua New Guinea,1990,Real GDP (PWT),,,PWT
13_PNG,Papua New Guinea,1991,Real GDP (PWT),,,PWT
13_PNG,Papua New Guinea,1992,Real GDP (PWT),,,PWT
13_PNG,Papua New Guinea,1993,Real GDP (PWT),,,PWT
13_PNG,Papua New Guinea,1994,Real GDP (PWT),,,PWT
13_PNG,Papua New Guinea,1995,Real GDP (PWT),,,PWT
13_PNG,Papua New Guinea,1996,Real GDP (PWT),,,PWT
13_PNG,Papua New Guinea,1997,Real GDP (PWT),,,PWT
13_PNG,Papua New Guinea,1998,Real GDP (PWT),,,PWT
13_PNG,Papua New Guinea,1999,Real GDP (PWT),,,PWT
13_PNG,Papua New Guinea,2000,Real GDP (PWT),,,PWT
13_PNG,Papua New Guinea,2001,Real GDP (PWT),,,PWT
13_PNG,Papua New Guinea,2002,Real GDP (PWT),,,PWT
13_PNG,Papua New Guinea,2003,Real GDP (PWT),,,PWT
13_PNG,Papua New Guinea,2004,Real GDP (PWT),,,PWT
13_PNG,Papua New Guinea,2005,Real GDP (PWT),,,PWT
13_PNG,Papua New Guinea,2006,Real GDP (PWT),,,PWT
13_PNG,Papua New Guinea,2007,Real GDP (PWT),,,PWT
13_PNG,Papua New Guinea,2008,Real GDP (PWT),,,PWT
13_PNG,Papua New Guinea,2009,Real GDP (PWT),,,PWT
13_PNG,Papua New Guinea,2010,Real GDP (PWT),,,PWT
13_PNG,Papua New Guinea,2011,Real GDP (PWT),,,PWT
13_PNG,Papua New Guinea,2012,Real GDP (PWT),,,PWT
13_PNG,Papua New Guinea,2013,Real GDP (PWT),,,PWT
13_PNG,Papua New Guinea,2014,Real GDP (PWT),,,PWT
13_PNG,Papua New Guinea,2015,Real GDP (PWT),,,PWT
13_PNG,Papua New Guinea,2016,Real GDP (PWT),,,PWT
13_PNG,Papua New Guinea,2017,Real GDP (PWT),,,PWT
13_PNG,Papua New Guinea,2018,Real GDP (PWT),,,PWT
13_PNG,Papua New Guinea,2019,Real GDP (PWT),,,PWT
13_PNG,Papua New Guinea,2020,Real GDP (PWT),,,PWT
13_PNG,Papua New Guinea,2021,Real GDP (PWT),,,PWT
13_PNG,Papua New Guinea,2022,Real GDP (PWT),,,PWT
13_PNG,Papua New Guinea,2023,Real GDP (PWT),,,PWT
13_PNG,Papua New Guinea,1950,TFP,,,PWT
13_PNG,Papua New Guinea,1951,TFP,,,PWT
13_PNG,Papua New Guinea,1952,TFP,,,PWT
13_PNG,Papua New Guinea,1953,TFP,,,PWT
13_PNG,Papua New Guinea,1954,TFP,,,PWT
13_PNG,Papua New Guinea,1955,TFP,,,PWT
13_PNG,Papua New Guinea,1956,TFP,,,PWT
13_PNG,Papua New Guinea,1957,TFP,,,PWT
13_PNG,Papua New Guinea,1958,TFP,,,PWT
13_PNG,Papua New Guinea,1959,TFP,,,PWT
13_PNG,Papua New Guinea,1960,TFP,,,PWT
13_PNG,Papua New Guinea,1961,TFP,,,PWT
13_PNG,Papua New Guinea,1962,TFP,,,PWT
13_PNG,Papua New Guinea,1963,TFP,,,PWT
13_PNG,Papua New Guinea,1964,TFP,,,PWT
13_PNG,Papua New Guinea,1965,TFP,,,PWT
13_PNG,Papua New Guinea,1966,TFP,,,PWT
13_PNG,Papua New Guinea,1967,TFP,,,PWT
13_PNG,Papua New Guinea,1968,TFP,,,PWT
13_PNG,Papua New Guinea,1969,TFP,,,PWT
13_PNG,Papua New Guinea,1970,TFP,,,PWT
13_PNG,Papua New Guinea,1971,TFP,,,PWT
13_PNG,Papua New Guinea,1972,TFP,,,PWT
13_PNG,Papua New Guinea,1973,TFP,,,PWT
13_PNG,Papua New Guinea,1974,TFP,,,PWT
13_PNG,Papua New Guinea,1975,TFP,,,PWT
13_PNG,Papua New Guinea,1976,TFP,,,PWT
13_PNG,Papua New Guinea,1977,TFP,,,PWT
13_PNG,Papua New Guinea,1978,TFP,,,PWT
13_PNG,Papua New Guinea,1979,TFP,,,PWT
13_PNG,Papua New Guinea,1980,TFP,,,PWT
13_PNG,Papua New Guinea,1981,TFP,,,PWT
13_PNG,Papua New Guinea,1982,TFP,,,PWT
13_PNG,Papua New Guinea,1983,TFP,,,PWT
13_PNG,Papua New Guinea,1984,TFP,,,PWT
13_PNG,Papua New Guinea,1985,TFP,,,PWT
13_PNG,Papua New Guinea,1986,TFP,,,PWT
13_PNG,Papua New Guinea,1987,TFP,,,PWT
13_PNG,Papua New Guinea,1988,TFP,,,PWT
13_PNG,Papua New Guinea,1989,TFP,,,PWT
13_PNG,Papua New Guinea,1990,TFP,,,PWT
13_PNG,Papua New Guinea,1991,TFP,,,PWT
13_PNG,Papua New Guinea,1992,TFP,,,PWT
13_PNG,Papua New Guinea,1993,TFP,,,PWT
13_PNG,Papua New Guinea,1994,TFP,,,PWT
13_PNG,Papua New Guinea,1995,TFP,,,PWT
13_PNG,Papua New Guinea,1996,TFP,,,PWT
13_PNG,Papua New Guinea,1997,TFP,,,PWT
13_PNG,Papua New Guinea,1998,TFP,,,PWT
13_PNG,Papua New Guinea,1999,TFP,,,PWT
13_PNG,Papua New Guinea,2000,TFP,,,PWT
13_PNG,Papua New Guinea,2001,TFP,,,PWT
13_PNG,Papua New Guinea,2002,TFP,,,PWT
13_PNG,Papua New Guinea,2003,TFP,,,PWT
13_PNG,Papua New Guinea,2004,TFP,,,PWT
13_PNG,Papua New Guinea,2005,TFP,,,PWT
13_PNG,Papua New Guinea,2006,TFP,,,PWT
13_PNG,Papua New Guinea,2007,TFP,,,PWT
13_PNG,Papua New Guinea,2008,TFP,,,PWT
13_PNG,Papua New Guinea,2009,TFP,,,PWT
13_PNG,Papua New Guinea,2010,TFP,,,PWT
13_PNG,Papua New Guinea,2011,TFP,,,PWT
13_PNG,Papua New Guinea,2012,TFP,,,PWT
13_PNG,Papua New Guinea,2013,TFP,,,PWT
13_PNG,Papua New Guinea,2014,TFP,,,PWT
13_PNG,Papua New Guinea,2015,TFP,,,PWT
13_PNG,Papua New Guinea,2016,TFP,,,PWT
13_PNG,Papua New Guinea,2017,TFP,,,PWT
13_PNG,Papua New Guinea,2018,TFP,,,PWT
13_PNG,Papua New Guinea,2019,TFP,,,PWT
13_PNG,Papua New Guinea,2020,TFP,,,PWT
13_PNG,Papua New Guinea,2021,TFP,,,PWT
13_PNG,Papua New Guinea,2022,TFP,,,PWT
13_PNG,Papua New Guinea,2023,TFP,,,PWT
13_PNG,Papua New Guinea,1950,delta,0.06,,PWT
13_PNG,Papua New Guinea,1951,delta,0.06,0.0,PWT
13_PNG,Papua New Guinea,1952,delta,0.06,0.0,PWT
13_PNG,Papua New Guinea,1953,delta,0.06,0.0,PWT
13_PNG,Papua New Guinea,1954,delta,0.06,0.0,PWT
13_PNG,Papua New Guinea,1955,delta,0.06,0.0,PWT
13_PNG,Papua New Guinea,1956,delta,0.06,0.0,PWT
13_PNG,Papua New Guinea,1957,delta,0.06,0.0,PWT
13_PNG,Papua New Guinea,1958,delta,0.06,0.0,PWT
13_PNG,Papua New Guinea,1959,delta,0.06,0.0,PWT
13_PNG,Papua New Guinea,1960,delta,0.06,0.0,PWT
13_PNG,Papua New Guinea,1961,delta,0.06,0.0,PWT
13_PNG,Papua New Guinea,1962,delta,0.06,0.0,PWT
13_PNG,Papua New Guinea,1963,delta,0.06,0.0,PWT
13_PNG,Papua New Guinea,1964,delta,0.06,0.0,PWT
13_PNG,Papua New Guinea,1965,delta,0.06,0.0,PWT
13_PNG,Papua New Guinea,1966,delta,0.06,0.0,PWT
13_PNG,Papua New Guinea,1967,delta,0.06,0.0,PWT
13_PNG,Papua New Guinea,1968,delta,0.06,0.0,PWT
13_PNG,Papua New Guinea,1969,delta,0.06,0.0,PWT
13_PNG,Papua New Guinea,1970,delta,0.06,0.0,PWT
13_PNG,Papua New Guinea,1971,delta,0.06,0.0,PWT
13_PNG,Papua New Guinea,1972,delta,0.06,0.0,PWT
13_PNG,Papua New Guinea,1973,delta,0.06,0.0,PWT
13_PNG,Papua New Guinea,1974,delta,0.06,0.0,PWT
13_PNG,Papua New Guinea,1975,delta,0.06,0.0,PWT
13_PNG,Papua New Guinea,1976,delta,0.06,0.0,PWT
13_PNG,Papua New Guinea,1977,delta,0.06,0.0,PWT
13_PNG,Papua New Guinea,1978,delta,0.06,0.0,PWT
13_PNG,Papua New Guinea,1979,delta,0.06,0.0,PWT
13_PNG,Papua New Guinea,1980,delta,0.06,0.0,PWT
13_PNG,Papua New Guinea,1981,delta,0.06,0.0,PWT
13_PNG,Papua New Guinea,1982,delta,0.06,0.0,PWT
13_PNG,Papua New Guinea,1983,delta,0.06,0.0,PWT
13_PNG,Papua New Guinea,1984,delta,0.06,0.0,PWT
13_PNG,Papua New Guinea,1985,delta,0.06,0.0,PWT
13_PNG,Papua New Guinea,1986,delta,0.06,0.0,PWT
13_PNG,Papua New Guinea,1987,delta,0.06,0.0,PWT
13_PNG,Papua New Guinea,1988,delta,0.06,0.0,PWT
13_PNG,Papua New Guinea,1989,delta,0.06,0.0,PWT
13_PNG,Papua New Guinea,1990,delta,0.06,0.0,PWT
13_PNG,Papua New Guinea,1991,delta,0.06,0.0,PWT
13_PNG,Papua New Guinea,1992,delta,0.06,0.0,PWT
13_PNG,Papua New Guinea,1993,delta,0.06,0.0,PWT
13_PNG,Papua New Guinea,1994,delta,0.06,0.0,PWT
13_PNG,Papua New Guinea,1995,delta,0.06,0.0,PWT
13_PNG,Papua New Guinea,1996,delta,0.06,0.0,PWT
13_PNG,Papua New Guinea,1997,delta,0.06,0.0,PWT
13_PNG,Papua New Guinea,1998,delta,0.06,0.0,PWT
13_PNG,Papua New Guinea,1999,delta,0.06,0.0,PWT
13_PNG,Papua New Guinea,2000,delta,0.06,0.0,PWT
13_PNG,Papua New Guinea,2001,delta,0.06,0.0,PWT
13_PNG,Papua New Guinea,2002,delta,0.06,0.0,PWT
13_PNG,Papua New Guinea,2003,delta,0.06,0.0,PWT
13_PNG,Papua New Guinea,2004,delta,0.06,0.0,PWT
13_PNG,Papua New Guinea,2005,delta,0.06,0.0,PWT
13_PNG,Papua New Guinea,2006,delta,0.06,0.0,PWT
13_PNG,Papua New Guinea,2007,delta,0.06,0.0,PWT
13_PNG,Papua New Guinea,2008,delta,0.06,0.0,PWT
13_PNG,Papua New Guinea,2009,delta,0.06,0.0,PWT
13_PNG,Papua New Guinea,2010,delta,0.06,0.0,PWT
13_PNG,Papua New Guinea,2011,delta,0.06,0.0,PWT
13_PNG,Papua New Guinea,2012,delta,0.06,0.0,PWT
13_PNG,Papua New Guinea,2013,delta,0.06,0.0,PWT
13_PNG,Papua New Guinea,2014,delta,0.06,0.0,PWT
13_PNG,Papua New Guinea,2015,delta,0.06,0.0,PWT
13_PNG,Papua New Guinea,2016,delta,0.06,0.0,PWT
13_PNG,Papua New Guinea,2017,delta,0.06,0.0,PWT
13_PNG,Papua New Guinea,2018,delta,0.06,0.0,PWT
13_PNG,Papua New Guinea,2019,delta,0.06,0.0,PWT
13_PNG,Papua New Guinea,2020,delta,0.06,0.0,PWT
13_PNG,Papua New Guinea,2021,delta,0.06,0.0,PWT
13_PNG,Papua New Guinea,2022,delta,0.06,0.0,PWT
13_PNG,Papua New Guinea,2023,delta,0.06,0.0,PWT
13_PNG,Papua New Guinea,1950,output_to_kstock,0.5,,PWT
13_PNG,Papua New Guinea,1951,output_to_kstock,0.5,0.0,PWT
13_PNG,Papua New Guinea,1952,output_to_kstock,0.5,0.0,PWT
13_PNG,Papua New Guinea,1953,output_to_kstock,0.5,0.0,PWT
13_PNG,Papua New Guinea,1954,output_to_kstock,0.5,0.0,PWT
13_PNG,Papua New Guinea,1955,output_to_kstock,0.5,0.0,PWT
13_PNG,Papua New Guinea,1956,output_to_kstock,0.5,0.0,PWT
13_PNG,Papua New Guinea,1957,output_to_kstock,0.5,0.0,PWT
13_PNG,Papua New Guinea,1958,output_to_kstock,0.5,0.0,PWT
13_PNG,Papua New Guinea,1959,output_to_kstock,0.5,0.0,PWT
13_PNG,Papua New Guinea,1960,output_to_kstock,0.5,0.0,PWT
13_PNG,Papua New Guinea,1961,output_to_kstock,0.5,0.0,PWT
13_PNG,Papua New Guinea,1962,output_to_kstock,0.5,0.0,PWT
13_PNG,Papua New Guinea,1963,output_to_kstock,0.5,0.0,PWT
13_PNG,Papua New Guinea,1964,output_to_kstock,0.5,0.0,PWT
13_PNG,Papua New Guinea,1965,output_to_kstock,0.5,0.0,PWT
13_PNG,Papua New Guinea,1966,output_to_kstock,0.5,0.0,PWT
13_PNG,Papua New Guinea,1967,output_to_kstock,0.5,0.0,PWT
13_PNG,Papua New Guinea,1968,output_to_kstock,0.5,0.0,PWT
13_PNG,Papua New Guinea,1969,output_to_kstock,0.5,0.0,PWT
13_PNG,Papua New Guinea,1970,output_to_kstock,0.5,0.0,PWT
13_PNG,Papua New Guinea,1971,output_to_kstock,0.5,0.0,PWT
13_PNG,Papua New Guinea,1972,output_to_kstock,0.5,0.0,PWT
13_PNG,Papua New Guinea,1973,output_to_kstock,0.5,0.0,PWT
13_PNG,Papua New Guinea,1974,output_to_kstock,0.5,0.0,PWT
13_PNG,Papua New Guinea,1975,output_to_kstock,0.5,0.0,PWT
13_PNG,Papua New Guinea,1976,output_to_kstock,0.5,0.0,PWT
13_PNG,Papua New Guinea,1977,output_to_kstock,0.5,0.0,PWT
13_PNG,Papua New Guinea,1978,output_to_kstock,0.5,0.0,PWT
13_PNG,Papua New Guinea,1979,output_to_kstock,0.5,0.0,PWT
13_PNG,Papua New Guinea,1980,output_to_kstock,0.5,0.0,PWT
13_PNG,Papua New Guinea,1981,output_to_kstock,0.5,0.0,PWT
13_PNG,Papua New Guinea,1982,output_to_kstock,0.5,0.0,PWT
13_PNG,Papua New Guinea,1983,output_to_kstock,0.5,0.0,PWT
13_PNG,Papua New Guinea,1984,output_to_kstock,0.5,0.0,PWT
13_PNG,Papua New Guinea,1985,output_to_kstock,0.5,0.0,PWT
13_PNG,Papua New Guinea,1986,output_to_kstock,0.5,0.0,PWT
13_PNG,Papua New Guinea,1987,output_to_kstock,0.5,0.0,PWT
13_PNG,Papua New Guinea,1988,output_to_kstock,0.5,0.0,PWT
13_PNG,Papua New Guinea,1989,output_to_kstock,0.5,0.0,PWT
13_PNG,Papua New Guinea,1990,output_to_kstock,0.5,0.0,PWT
13_PNG,Papua New Guinea,1991,output_to_kstock,0.5,0.0,PWT
13_PNG,Papua New Guinea,1992,output_to_kstock,0.5,0.0,PWT
13_PNG,Papua New Guinea,1993,output_to_kstock,0.5,0.0,PWT
13_PNG,Papua New Guinea,1994,output_to_kstock,0.5,0.0,PWT
13_PNG,Papua New Guinea,1995,output_to_kstock,0.5,0.0,PWT
13_PNG,Papua New Guinea,1996,output_to_kstock,0.5,0.0,PWT
13_PNG,Papua New Guinea,1997,output_to_kstock,0.5,0.0,PWT
13_PNG,Papua New Guinea,1998,output_to_kstock,0.5,0.0,PWT
13_PNG,Papua New Guinea,1999,output_to_kstock,0.5,0.0,PWT
13_PNG,Papua New Guinea,2000,output_to_kstock,0.5,0.0,PWT
13_PNG,Papua New Guinea,2001,output_to_kstock,0.5,0.0,PWT
13_PNG,Papua New Guinea,2002,output_to_kstock,0.5,0.0,PWT
13_PNG,Papua New Guinea,2003,output_to_kstock,0.5,0.0,PWT
13_PNG,Papua New Guinea,2004,output_to_kstock,0.5,0.0,PWT
13_PNG,Papua New Guinea,2005,output_to_kstock,0.5,0.0,PWT
13_PNG,Papua New Guinea,2006,output_to_kstock,0.5,0.0,PWT
13_PNG,Papua New Guinea,2007,output_to_kstock,0.5,0.0,PWT
13_PNG,Papua New Guinea,2008,output_to_kstock,0.5,0.0,PWT
13_PNG,Papua New Guinea,2009,output_to_kstock,0.5,0.0,PWT
13_PNG,Papua New Guinea,2010,output_to_kstock,0.5,0.0,PWT
13_PNG,Papua New Guinea,2011,output_to_kstock,0.5,0.0,PWT
13_PNG,Papua New Guinea,2012,output_to_kstock,0.5,0.0,PWT
13_PNG,Papua New Guinea,2013,output_to_kstock,0.5,0.0,PWT
13_PNG,Papua New Guinea,2014,output_to_kstock,0.5,0.0,PWT
13_PNG,Papua New Guinea,2015,output_to_kstock,0.5,0.0,PWT
13_PNG,Papua New Guinea,2016,output_to_kstock,0.5,0.0,PWT
13_PNG,Papua New Guinea,2017,output_to_kstock,0.5,0.0,PWT
13_PNG,Papua New Guinea,2018,output_to_kstock,0.5,0.0,PWT
13_PNG,Papua New Guinea,2019,output_to_kstock,0.5,0.0,PWT
13_PNG,Papua New Guinea,2020,output_to_kstock,0.5,0.0,PWT
13_PNG,Papua New Guinea,2021,output_to_kstock,0.5,0.0,PWT
13_PNG,Papua New Guinea,2022,output_to_kstock,0.5,0.0,PWT
13_PNG,Papua New Guinea,2023,output_to_kstock,0.5,0.0,PWT
14_PE,Peru,1950,Average hours,2508.68,,PWT
14_PE,Peru,1951,Average hours,2496.58,-0.0048232536632810685,PWT
14_PE,Peru,1952,Average hours,2484.54,-0.004822597313124288,PWT
14_PE,Peru,1953,Average hours,2472.56,-0.004821818123274313,PWT
14_PE,Peru,1954,Average hours,2460.64,-0.004820914355971206,PWT
14_PE,Peru,1955,Average hours,2448.77,-0.004823948241107989,PWT
14_PE,Peru,1956,Average hours,2436.96,-0.004822829420484509,PWT
14_PE,Peru,1957,Average hours,2425.2,-0.004825684459326518,PWT
14_PE,Peru,1958,Average hours,2413.51,-0.004820221012699855,PWT
14_PE,Peru,1959,Average hours,2401.87,-0.0048228513658531424,PWT
14_PE,Peru,1960,Average hours,2390.28,-0.0048254068704799424,PWT
14_PE,Peru,1961,Average hours,2378.75,-0.0048237026624496915,PWT
14_PE,Peru,1962,Average hours,2367.28,-0.004821860220704077,PWT
14_PE,Peru,1963,Average hours,2355.86,-0.004824101922881963,PWT
14_PE,Peru,1964,Average hours,2344.5,-0.004822018286315899,PWT
14_PE,Peru,1965,Average hours,2333.19,-0.004824056301983348,PWT
14_PE,Peru,1966,Average hours,2321.94,-0.004821724763092616,PWT
14_PE,Peru,1967,Average hours,2310.74,-0.004823552718847268,PWT
14_PE,Peru,1968,Average hours,2299.6,-0.004820966443650043,PWT
14_PE,Peru,1969,Average hours,2288.51,-0.0048225778396241425,PWT
14_PE,Peru,1970,Average hours,2277.47,-0.004824099523270786,PWT
14_PE,Peru,1971,Average hours,2266.48,-0.004825530083821028,PWT
14_PE,Peru,1972,Average hours,2255.55,-0.004822455966961958,PWT
14_PE,Peru,1973,Average hours,2244.67,-0.004823657201126208,PWT
14_PE,Peru,1974,Average hours,2237.43,-0.003225418435672145,PWT
14_PE,Peru,1975,Average hours,2230.21,-0.003226916596273277,PWT
14_PE,Peru,1976,Average hours,2223.02,-0.0032239116495755837,PWT
14_PE,Peru,1977,Average hours,2215.84,-0.0032298404872650455,PWT
14_PE,Peru,1978,Average hours,2208.69,-0.0032267672756156607,PWT
14_PE,Peru,1979,Average hours,2201.57,-0.003223630296691704,PWT
14_PE,Peru,1980,Average hours,2194.46,-0.0032295134835594874,PWT
14_PE,Peru,1981,Average hours,2187.38,-0.003226306243905075,PWT
14_PE,Peru,1982,Average hours,2180.33,-0.003223033949291021,PWT
14_PE,Peru,1983,Average hours,2173.29,-0.003228869024413772,PWT
14_PE,Peru,1984,Average hours,2166.28,-0.0032255244353029955,PWT
14_PE,Peru,1985,Average hours,2159.29,-0.0032267296932991796,PWT
14_PE,Peru,1986,Average hours,2152.32,-0.0032279128787702227,PWT
14_PE,Peru,1987,Average hours,2145.38,-0.0032244275944097733,PWT
14_PE,Peru,1988,Average hours,2138.46,-0.003225535802515167,PWT
14_PE,Peru,1989,Average hours,2131.56,-0.003226621026346077,PWT
14_PE,Peru,1990,Average hours,2124.68,-0.003227683011503335,PWT
14_PE,Peru,1991,Average hours,2120.48,-0.0019767682662800157,PWT
14_PE,Peru,1992,Average hours,2126.33,0.0027588093261903257,PWT
14_PE,Peru,1993,Average hours,2119.63,-0.003150969040553342,PWT
14_PE,Peru,1994,Average hours,2117.72,-0.000901100663795229,PWT
14_PE,Peru,1995,Average hours,2117.34,-0.00017943826379296368,PWT
14_PE,Peru,1996,Average hours,2112.01,-0.002517309454315275,PWT
14_PE,Peru,1997,Average hours,2111.5,-0.00024147612937452934,PWT
14_PE,Peru,1998,Average hours,2104.99,-0.0030831162680560187,PWT
14_PE,Peru,1999,Average hours,2101.36,-0.0017244737504689134,PWT
14_PE,Peru,2000,Average hours,2101.23,-6.186469714852816e-05,PWT
14_PE,Peru,2001,Average hours,2100.58,-0.00030934262313031535,PWT
14_PE,Peru,2002,Average hours,2098.31,-0.0010806539146330785,PWT
14_PE,Peru,2003,Average hours,2100.92,0.0012438581525133774,PWT
14_PE,Peru,2004,Average hours,2099.54,-0.000656855092054931,PWT
14_PE,Peru,2005,Average hours,2100.57,0.000490583651657106,PWT
14_PE,Peru,2006,Average hours,2100.76,9.045163931697964e-05,PWT
14_PE,Peru,2007,Average hours,2116.98,0.0077210152516231645,PWT
14_PE,Peru,2008,Average hours,2123.13,0.002905081767423434,PWT
14_PE,Peru,2009,Average hours,2123.4,0.00012717073377510602,PWT
14_PE,Peru,2010,Average hours,2132.46,0.004266742017519087,PWT
14_PE,Peru,2011,Average hours,2132.88,0.00019695562871047123,PWT
14_PE,Peru,2012,Average hours,2134.47,0.0007454709125687131,PWT
14_PE,Peru,2013,Average hours,2137.36,0.0013539660899428707,PWT
14_PE,Peru,2014,Average hours,2134.61,-0.0012866339783658143,PWT
14_PE,Peru,2015,Average hours,2133.84,-0.0003607216306491523,PWT
14_PE,Peru,2016,Average hours,2139.42,0.002615003936565108,PWT
14_PE,Peru,2017,Average hours,2139.83,0.0001916407250561747,PWT
14_PE,Peru,2018,Average hours,2138.79,-0.0004860199174701041,PWT
14_PE,Peru,2019,Average hours,2111.94,-0.012553827163957143,PWT
14_PE,Peru,2020,Average hours,2060.09,-0.0245508868623161,PWT
14_PE,Peru,2021,Average hours,2095.22,0.017052653039430155,PWT
14_PE,Peru,2022,Average hours,2138.61,0.020709042487185192,PWT
14_PE,Peru,2023,Average hours,2142.96,0.002034031450334428,PWT
14_PE,Peru,1950,Capital stock,72489.90625,,PWT
14_PE,Peru,1951,Capital stock,80270.9765625,0.10734005208483777,PWT
14_PE,Peru,1952,Capital stock,88611.359375,0.10390284471008115,PWT
14_PE,Peru,1953,Capital stock,97025.5,0.09495555292625268,PWT
14_PE,Peru,1954,Capital stock,102867.8515625,0.06021459886833869,PWT
14_PE,Peru,1955,Capital stock,110074.7578125,0.07005984999717096,PWT
14_PE,Peru,1956,Capital stock,119140.578125,0.08236057469181635,PWT
14_PE,Peru,1957,Capital stock,129392.03125,0.08604501746033466,PWT
14_PE,Peru,1958,Capital stock,136622.125,0.05587742676386798,PWT
14_PE,Peru,1959,Capital stock,141108.8125,0.03284012380864376,PWT
14_PE,Peru,1960,Capital stock,148237.859375,0.05052162759147305,PWT
14_PE,Peru,1961,Capital stock,155563.78125,0.04942004630859831,PWT
14_PE,Peru,1962,Capital stock,163829.46875,0.05313375281561572,PWT
14_PE,Peru,1963,Capital stock,170948.8125,0.04345581905575213,PWT
14_PE,Peru,1964,Capital stock,178340.453125,0.04323891179413719,PWT
14_PE,Peru,1965,Capital stock,186953.578125,0.048295969024834795,PWT
14_PE,Peru,1966,Capital stock,198704.25,0.06285342058092791,PWT
14_PE,Peru,1967,Capital stock,208895.671875,0.05128940057900122,PWT
14_PE,Peru,1968,Capital stock,212690.765625,0.018167412067163102,PWT
14_PE,Peru,1969,Capital stock,217536.09375,0.02278109306138343,PWT
14_PE,Peru,1970,Capital stock,223465.53125,0.02725725831417347,PWT
14_PE,Peru,1971,Capital stock,231961.765625,0.038020335071250466,PWT
14_PE,Peru,1972,Capital stock,238739.25,0.029218109961952843,PWT
14_PE,Peru,1973,Capital stock,254852.09375,0.06749138966466561,PWT
14_PE,Peru,1974,Capital stock,279658.5,0.09733648205509393,PWT
14_PE,Peru,1975,Capital stock,301304.9375,0.07740310950677354,PWT
14_PE,Peru,1976,Capital stock,315645.03125,0.047593291596822906,PWT
14_PE,Peru,1977,Capital stock,324859.03125,0.02919101866901319,PWT
14_PE,Peru,1978,Capital stock,331448.90625,0.020285337226560562,PWT
14_PE,Peru,1979,Capital stock,343081.0,0.03509468135407379,PWT
14_PE,Peru,1980,Capital stock,367001.625,0.0697229662965888,PWT
14_PE,Peru,1981,Capital stock,398966.0,0.08709600400270712,PWT
14_PE,Peru,1982,Capital stock,424407.40625,0.06376835682739879,PWT
14_PE,Peru,1983,Capital stock,430703.65625,0.014835391435867429,PWT
14_PE,Peru,1984,Capital stock,435262.84375,0.010585439510069072,PWT
14_PE,Peru,1985,Capital stock,436062.34375,0.0018368211564119274,PWT
14_PE,Peru,1986,Capital stock,446335.125,0.023558056312905418,PWT
14_PE,Peru,1987,Capital stock,465018.1875,0.0418588218885978,PWT
14_PE,Peru,1988,Capital stock,477973.15625,0.027859058200814912,PWT
14_PE,Peru,1989,Capital stock,480663.75,0.005629173343351335,PWT
14_PE,Peru,1990,Capital stock,483632.65625,0.0061766801636278235,PWT
14_PE,Peru,1991,Capital stock,490478.59375,0.01415524243768429,PWT
14_PE,Peru,1992,Capital stock,499556.0,0.01850724244782609,PWT
14_PE,Peru,1993,Capital stock,513169.5,0.02725119906476947,PWT
14_PE,Peru,1994,Capital stock,539402.0625,0.051118709315343125,PWT
14_PE,Peru,1995,Capital stock,572993.125,0.06227462747234114,PWT
14_PE,Peru,1996,Capital stock,603844.75,0.05384292350802644,PWT
14_PE,Peru,1997,Capital stock,641876.5625,0.06298276585165308,PWT
14_PE,Peru,1998,Capital stock,677592.9375,0.05564368149055143,PWT
14_PE,Peru,1999,Capital stock,705034.75,0.0404989647637819,PWT
14_PE,Peru,2000,Capital stock,728714.6875,0.03358690830487432,PWT
14_PE,Peru,2001,Capital stock,747611.8125,0.025932131359710064,PWT
14_PE,Peru,2002,Capital stock,766828.375,0.025703931075861552,PWT
14_PE,Peru,2003,Capital stock,788982.0,0.028889939029707934,PWT
14_PE,Peru,2004,Capital stock,814781.625,0.032699890491798334,PWT
14_PE,Peru,2005,Capital stock,846175.25,0.038530109217914665,PWT
14_PE,Peru,2006,Capital stock,887886.3125,0.04929364514029455,PWT
14_PE,Peru,2007,Capital stock,943838.5,0.06301728803821383,PWT
14_PE,Peru,2008,Capital stock,1019967.75,0.0806591911645902,PWT
14_PE,Peru,2009,Capital stock,1087148.875,0.0658659305649616,PWT
14_PE,Peru,2010,Capital stock,1173913.0,0.07980887162303318,PWT
14_PE,Peru,2011,Capital stock,1267724.375,0.07991339647827389,PWT
14_PE,Peru,2012,Capital stock,1376378.75,0.08570820057001738,PWT
14_PE,Peru,2013,Capital stock,1487837.75,0.08097989016468032,PWT
14_PE,Peru,2014,Capital stock,1590777.5,0.06918748364867078,PWT
14_PE,Peru,2015,Capital stock,1677864.5,0.05474492818763155,PWT
14_PE,Peru,2016,Capital stock,1754756.25,0.04582715111977165,PWT
14_PE,Peru,2017,Capital stock,1830841.25,0.04335929847806508,PWT
14_PE,Peru,2018,Capital stock,1912172.0,0.044422611736544715,PWT
14_PE,Peru,2019,Capital stock,1995610.0,0.04363519599701271,PWT
14_PE,Peru,2020,Capital stock,2050502.625,0.027506689683856056,PWT
14_PE,Peru,2021,Capital stock,2149082.25,0.04807583457738818,PWT
14_PE,Peru,2022,Capital stock,2245606.5,0.044914172084386195,PWT
14_PE,Peru,2023,Capital stock,2327965.5,0.036675615251380966,PWT
14_PE,Peru,1950,Employment,2.52790188789368,,PWT
14_PE,Peru,1951,Employment,2.573162317276,0.017904345733936955,PWT
14_PE,Peru,1952,Employment,2.62418270111084,0.019827891731622582,PWT
14_PE,Peru,1953,Employment,2.67671394348145,0.020018134540850996,PWT
14_PE,Peru,1954,Employment,2.73125147819519,0.02037480876376563,PWT
14_PE,Peru,1955,Employment,2.78809690475464,0.020812959558382804,PWT
14_PE,Peru,1956,Employment,2.84696698188782,0.02111478874094619,PWT
14_PE,Peru,1957,Employment,2.90747046470642,0.021251908857221835,PWT
14_PE,Peru,1958,Employment,2.97006940841675,0.021530379919663556,PWT
14_PE,Peru,1959,Employment,3.03505396842957,0.021879811908995572,PWT
14_PE,Peru,1960,Employment,3.10287356376648,0.02234543307709358,PWT
14_PE,Peru,1961,Employment,3.1657600402832,0.02026717338762074,PWT
14_PE,Peru,1962,Employment,3.2373902797699,0.022626553679126138,PWT
14_PE,Peru,1963,Employment,3.30067849159241,0.01954914494492388,PWT
14_PE,Peru,1964,Employment,3.36638188362122,0.019906026047726844,PWT
14_PE,Peru,1965,Employment,3.4336884021759,0.019993726464057282,PWT
14_PE,Peru,1966,Employment,3.50261831283569,0.02007459693084246,PWT
14_PE,Peru,1967,Employment,3.5700147151947,0.019241720432977116,PWT
14_PE,Peru,1968,Employment,3.63387203216553,0.01788712990426644,PWT
14_PE,Peru,1969,Employment,3.69861459732056,0.017816413066270798,PWT
14_PE,Peru,1970,Employment,3.87067794799805,0.046521027306316354,PWT
14_PE,Peru,1971,Employment,4.02240085601807,0.03919801907014575,PWT
14_PE,Peru,1972,Employment,4.19636964797974,0.04324998879745867,PWT
14_PE,Peru,1973,Employment,4.365882396698,0.04039509455509216,PWT
14_PE,Peru,1974,Employment,4.55026531219482,0.04223268030221616,PWT
14_PE,Peru,1975,Employment,4.67280912399292,0.026931135525148253,PWT
14_PE,Peru,1976,Employment,4.81312322616577,0.030027783812609732,PWT
14_PE,Peru,1977,Employment,4.91679239273071,0.021538855685505842,PWT
14_PE,Peru,1978,Employment,5.04304122924805,0.025677072862379635,PWT
14_PE,Peru,1979,Employment,5.17312812805176,0.02579532724207101,PWT
14_PE,Peru,1980,Employment,5.37688636779785,0.0393878200389417,PWT
14_PE,Peru,1981,Employment,5.60239267349243,0.04193994261160827,PWT
14_PE,Peru,1982,Employment,5.78530836105347,0.03264956568048172,PWT
14_PE,Peru,1983,Employment,6.08304643630981,0.051464512636993254,PWT
14_PE,Peru,1984,Employment,6.30303812026978,0.03616472211141364,PWT
14_PE,Peru,1985,Employment,6.44682550430298,0.022812393212536364,PWT
14_PE,Peru,1986,Employment,7.00191211700439,0.08610231692030657,PWT
14_PE,Peru,1987,Employment,7.275315284729,0.039046929346719494,PWT
14_PE,Peru,1988,Employment,7.32308626174927,0.0065661727568757655,PWT
14_PE,Peru,1989,Employment,7.49943399429321,0.024081067222307295,PWT
14_PE,Peru,1990,Employment,7.72327852249146,0.029848189659191338,PWT
14_PE,Peru,1991,Employment,8.24771308898926,0.06790310163883895,PWT
14_PE,Peru,1992,Employment,8.24919414520264,0.00017957174278504517,PWT
14_PE,Peru,1993,Employment,8.50446319580078,0.0309447257641029,PWT
14_PE,Peru,1994,Employment,8.96049690246582,0.053622867918367234,PWT
14_PE,Peru,1995,Employment,9.45002937316895,0.05463229060080543,PWT
14_PE,Peru,1996,Employment,9.83863830566406,0.04112251053932914,PWT
14_PE,Peru,1997,Employment,10.0837860107422,0.024916832742698736,PWT
14_PE,Peru,1998,Employment,10.5295600891113,0.044207014894427576,PWT
14_PE,Peru,1999,Employment,10.854040145874,0.03081610760721598,PWT
14_PE,Peru,2000,Employment,11.3204860687256,0.04297440552851772,PWT
14_PE,Peru,2001,Employment,11.4839658737183,0.014441058802619366,PWT
14_PE,Peru,2002,Employment,11.7225522994995,0.020775612571891866,PWT
14_PE,Peru,2003,Employment,11.9215965270996,0.016979598172370602,PWT
14_PE,Peru,2004,Employment,12.2204704284668,0.025069956082460543,PWT
14_PE,Peru,2005,Employment,12.4795579910278,0.021201112025726276,PWT
14_PE,Peru,2006,Employment,12.9000043869019,0.03369080829436277,PWT
14_PE,Peru,2007,Employment,13.2694931030273,0.028642526393290346,PWT
14_PE,Peru,2008,Employment,13.5634441375732,0.022152393634300882,PWT
14_PE,Peru,2009,Employment,13.8672952651978,0.022402210275108247,PWT
14_PE,Peru,2010,Employment,14.2233390808105,0.02567507281007053,PWT
14_PE,Peru,2011,Employment,14.5786247253418,0.02497906029749619,PWT
14_PE,Peru,2012,Employment,14.9419994354248,0.024925170715955902,PWT
14_PE,Peru,2013,Employment,15.20725440979,0.01775230788299509,PWT
14_PE,Peru,2014,Employment,15.5599174499512,0.023190447838773887,PWT
14_PE,Peru,2015,Employment,15.8877515792847,0.021069143225726394,PWT
14_PE,Peru,2016,Employment,16.0555419921875,0.010560991721545676,PWT
14_PE,Peru,2017,Employment,16.34743309021,0.01818008374706581,PWT
14_PE,Peru,2018,Employment,16.6498985290527,0.018502320038479736,PWT
14_PE,Peru,2019,Employment,17.3162326812744,0.04002031310034737,PWT
14_PE,Peru,2020,Employment,17.9068508148193,0.034107773002125974,PWT
14_PE,Peru,2021,Employment,18.4664611816406,0.03125118830823004,PWT
14_PE,Peru,2022,Employment,19.0347537994385,0.030774310909276847,PWT
14_PE,Peru,2023,Employment,18.9144153594971,-0.0063220381628972255,PWT
14_PE,Peru,1950,Real GDP (PWT),34803.93359375,,PWT
14_PE,Peru,1951,Real GDP (PWT),37653.52734375,0.0818756231195581,PWT
14_PE,Peru,1952,Real GDP (PWT),40002.125,0.062373908154977675,PWT
14_PE,Peru,1953,Real GDP (PWT),42136.8125,0.05336435251877236,PWT
14_PE,Peru,1954,Real GDP (PWT),44855.33203125,0.06451649685770611,PWT
14_PE,Peru,1955,Real GDP (PWT),46997.65625,0.047760748203969916,PWT
14_PE,Peru,1956,Real GDP (PWT),49013.32421875,0.0428886912578752,PWT
14_PE,Peru,1957,Real GDP (PWT),52322.50390625,0.06751592021652919,PWT
14_PE,Peru,1958,Real GDP (PWT),52025.36328125,-0.00567902150731181,PWT
14_PE,Peru,1959,Real GDP (PWT),53938.09765625,0.0367654208325221,PWT
14_PE,Peru,1960,Real GDP (PWT),60503.796875,0.12172656256053949,PWT
14_PE,Peru,1961,Real GDP (PWT),64969.78515625,0.07381335572173553,PWT
14_PE,Peru,1962,Real GDP (PWT),70399.1796875,0.08356799269371917,PWT
14_PE,Peru,1963,Real GDP (PWT),73001.09375,0.03695943722710715,PWT
14_PE,Peru,1964,Real GDP (PWT),77820.125,0.06601313764562611,PWT
14_PE,Peru,1965,Real GDP (PWT),81660.0625,0.049343759085455074,PWT
14_PE,Peru,1966,Real GDP (PWT),88522.09375,0.08403166786701877,PWT
14_PE,Peru,1967,Real GDP (PWT),91873.890625,0.03786395839739165,PWT
14_PE,Peru,1968,Real GDP (PWT),92199.984375,0.0035493625858407096,PWT
14_PE,Peru,1969,Real GDP (PWT),95670.8125,0.03764456304985142,PWT
14_PE,Peru,1970,Real GDP (PWT),101269.8828125,0.05852433115376754,PWT
14_PE,Peru,1971,Real GDP (PWT),105918.71875,0.04590541440743312,PWT
14_PE,Peru,1972,Real GDP (PWT),109602.078125,0.03477533922680687,PWT
14_PE,Peru,1973,Real GDP (PWT),116481.734375,0.06276939605245291,PWT
14_PE,Peru,1974,Real GDP (PWT),127415.6875,0.09386839218756271,PWT
14_PE,Peru,1975,Real GDP (PWT),132895.65625,0.043008587541467413,PWT
14_PE,Peru,1976,Real GDP (PWT),134818.796875,0.014471057062860115,PWT
14_PE,Peru,1977,Real GDP (PWT),135289.40625,0.0034906807204067025,PWT
14_PE,Peru,1978,Real GDP (PWT),131714.375,-0.026425064231516693,PWT
14_PE,Peru,1979,Real GDP (PWT),137102.484375,0.04090752717765245,PWT
14_PE,Peru,1980,Real GDP (PWT),145250.953125,0.059433414260477324,PWT
14_PE,Peru,1981,Real GDP (PWT),153315.34375,0.055520397295155455,PWT
14_PE,Peru,1982,Real GDP (PWT),152973.875,-0.0022272314149900385,PWT
14_PE,Peru,1983,Real GDP (PWT),137052.203125,-0.10408098686785572,PWT
14_PE,Peru,1984,Real GDP (PWT),141997.453125,0.03608296610518269,PWT
14_PE,Peru,1985,Real GDP (PWT),144924.203125,0.02061128517159805,PWT
14_PE,Peru,1986,Real GDP (PWT),158584.703125,0.09425961782392922,PWT
14_PE,Peru,1987,Real GDP (PWT),174008.90625,0.09726160733700961,PWT
14_PE,Peru,1988,Real GDP (PWT),157580.25,-0.09441273210692336,PWT
14_PE,Peru,1989,Real GDP (PWT),138178.890625,-0.12312050130013119,PWT
14_PE,Peru,1990,Real GDP (PWT),131294.046875,-0.04982558275623006,PWT
14_PE,Peru,1991,Real GDP (PWT),134207.796875,0.02219255228513184,PWT
14_PE,Peru,1992,Real GDP (PWT),133482.390625,-0.005405097668622294,PWT
14_PE,Peru,1993,Real GDP (PWT),140481.640625,0.052435755512226345,PWT
14_PE,Peru,1994,Real GDP (PWT),157772.640625,0.12308369921558926,PWT
14_PE,Peru,1995,Real GDP (PWT),169465.796875,0.07411396680488314,PWT
14_PE,Peru,1996,Real GDP (PWT),174209.09375,0.027989700355280034,PWT
14_PE,Peru,1997,Real GDP (PWT),185492.3125,0.06476825352293059,PWT
14_PE,Peru,1998,Real GDP (PWT),184766.03125,-0.003915425066470024,PWT
14_PE,Peru,1999,Real GDP (PWT),187528.125,0.014949142606536236,PWT
14_PE,Peru,2000,Real GDP (PWT),192580.8125,0.026943625122898274,PWT
14_PE,Peru,2001,Real GDP (PWT),193770.78125,0.006179061841895539,PWT
14_PE,Peru,2002,Real GDP (PWT),204338.125,0.0545352796837113,PWT
14_PE,Peru,2003,Real GDP (PWT),212848.84375,0.04165017541391269,PWT
14_PE,Peru,2004,Real GDP (PWT),223402.328125,0.04958206109588037,PWT
14_PE,Peru,2005,Real GDP (PWT),237443.296875,0.06285059277512839,PWT
14_PE,Peru,2006,Real GDP (PWT),255320.1875,0.07528909369217174,PWT
14_PE,Peru,2007,Real GDP (PWT),277069.3125,0.08518372641411287,PWT
14_PE,Peru,2008,Real GDP (PWT),302356.25,0.09126574600353843,PWT
14_PE,Peru,2009,Real GDP (PWT),305669.53125,0.010958203278417455,PWT
14_PE,Peru,2010,Real GDP (PWT),331139.34375,0.08332466895160984,PWT
14_PE,Peru,2011,Real GDP (PWT),352091.15625,0.06327189111003961,PWT
14_PE,Peru,2012,Real GDP (PWT),373708.59375,0.06139727487120039,PWT
14_PE,Peru,2013,Real GDP (PWT),395579.90625,0.05852504562587413,PWT
14_PE,Peru,2014,Real GDP (PWT),405003.3125,0.023821751562994153,PWT
14_PE,Peru,2015,Real GDP (PWT),418174.96875,0.03252234202405435,PWT
14_PE,Peru,2016,Real GDP (PWT),434706.78125,0.03953324262668456,PWT
14_PE,Peru,2017,Real GDP (PWT),445656.3125,0.02518831479581385,PWT
14_PE,Peru,2018,Real GDP (PWT),463345.96875,0.03969349418785573,PWT
14_PE,Peru,2019,Real GDP (PWT),473727.84375,0.022406313424950808,PWT
14_PE,Peru,2020,Real GDP (PWT),421933.75,-0.10933301564037523,PWT
14_PE,Peru,2021,Real GDP (PWT),478283.96875,0.13355229049584216,PWT
14_PE,Peru,2022,Real GDP (PWT),491319.59375,0.02725499044860058,PWT
14_PE,Peru,2023,Real GDP (PWT),488616.46875,-0.00550176511253786,PWT
14_PE,Peru,1950,TFP,,,PWT
14_PE,Peru,1951,TFP,,,PWT
14_PE,Peru,1952,TFP,,,PWT
14_PE,Peru,1953,TFP,,,PWT
14_PE,Peru,1954,TFP,1.40422177314758,,PWT
14_PE,Peru,1955,TFP,1.41364586353302,0.006711254992376237,PWT
14_PE,Peru,1956,TFP,1.40640497207642,-0.005122139599024744,PWT
14_PE,Peru,1957,TFP,1.42976760864258,0.016611599809454036,PWT
14_PE,Peru,1958,TFP,1.37361252307892,-0.03927567335014215,PWT
14_PE,Peru,1959,TFP,1.38762962818146,0.010204555409207394,PWT
14_PE,Peru,1960,TFP,1.50427305698395,0.08405948275647268,PWT
14_PE,Peru,1961,TFP,1.56029856204987,0.03724423887392514,PWT
14_PE,Peru,1962,TFP,1.62622284889221,0.042251071971591614,PWT
14_PE,Peru,1963,TFP,1.63013827800751,0.002407683004802985,PWT
14_PE,Peru,1964,TFP,1.6825875043869,0.0321747100150902,PWT
14_PE,Peru,1965,TFP,1.70562815666199,0.013693583373832086,PWT
14_PE,Peru,1966,TFP,1.77218568325043,0.0390222958787787,PWT
14_PE,Peru,1967,TFP,1.77367925643921,0.0008427859466964005,PWT
14_PE,Peru,1968,TFP,1.74348556995392,-0.01702319423067844,PWT
14_PE,Peru,1969,TFP,1.76888203620911,0.014566490651173769,PWT
14_PE,Peru,1970,TFP,1.79482758045197,0.0146677639954238,PWT
14_PE,Peru,1971,TFP,1.78770565986633,-0.0039680249307549875,PWT
14_PE,Peru,1972,TFP,1.76423919200897,-0.013126583634083588,PWT
14_PE,Peru,1973,TFP,1.765944480896,0.0009665859905811924,PWT
14_PE,Peru,1974,TFP,1.79608142375946,0.01706562306430448,PWT
14_PE,Peru,1975,TFP,1.7728443145752,-0.012937670239705157,PWT
14_PE,Peru,1976,TFP,1.72015631198883,-0.02971947516947926,PWT
14_PE,Peru,1977,TFP,1.67334675788879,-0.02721238399893966,PWT
14_PE,Peru,1978,TFP,1.58251285552979,-0.054282773089782244,PWT
14_PE,Peru,1979,TFP,1.58995032310486,0.004699783353469211,PWT
14_PE,Peru,1980,TFP,1.58258414268494,-0.004632962623344894,PWT
14_PE,Peru,1981,TFP,1.56007266044617,-0.014224508910204325,PWT
14_PE,Peru,1982,TFP,1.48042225837708,-0.05105557201823574,PWT
14_PE,Peru,1983,TFP,1.28413057327271,-0.13259168726600734,PWT
14_PE,Peru,1984,TFP,1.30268394947052,0.014448200661187682,PWT
14_PE,Peru,1985,TFP,1.31809687614441,0.011831670053319199,PWT
14_PE,Peru,1986,TFP,1.36337733268738,0.03435290483004594,PWT
14_PE,Peru,1987,TFP,1.43451166152954,0.05217508545630989,PWT
14_PE,Peru,1988,TFP,1.2785804271698,-0.10869987225721056,PWT
14_PE,Peru,1989,TFP,1.10626113414764,-0.1347739175106858,PWT
14_PE,Peru,1990,TFP,1.03391110897064,-0.06540049446168483,PWT
14_PE,Peru,1991,TFP,1.01499605178833,-0.01829466481034503,PWT
14_PE,Peru,1992,TFP,0.99759566783905,-0.017143302103118763,PWT
14_PE,Peru,1993,TFP,1.02006852626801,0.022527020869727465,PWT
14_PE,Peru,1994,TFP,1.08512341976166,0.0637750227738696,PWT
14_PE,Peru,1995,TFP,1.09405887126923,0.008234502495147344,PWT
14_PE,Peru,1996,TFP,1.06503891944885,-0.02652503679871776,PWT
14_PE,Peru,1997,TFP,1.07407402992249,0.008483361789553667,PWT
14_PE,Peru,1998,TFP,1.01040637493134,-0.05927678466980968,PWT
14_PE,Peru,1999,TFP,0.983200788497925,-0.026925390722384868,PWT
14_PE,Peru,2000,TFP,0.96728903055191,-0.0161836301721483,PWT
14_PE,Peru,2001,TFP,0.949655830860138,-0.018229504455055,PWT
14_PE,Peru,2002,TFP,0.975710868835449,0.02743629547529025,PWT
14_PE,Peru,2003,TFP,0.98863297700882,0.01324378828411965,PWT
14_PE,Peru,2004,TFP,1.003821849823,0.015363510187708984,PWT
14_PE,Peru,2005,TFP,1.02888906002045,0.02497177183567989,PWT
14_PE,Peru,2006,TFP,1.0625901222229,0.03275480662782049,PWT
14_PE,Peru,2007,TFP,1.09504532814026,0.030543485431113293,PWT
14_PE,Peru,2008,TFP,1.12510931491852,0.027454559191004924,PWT
14_PE,Peru,2009,TFP,1.08807599544525,-0.0329153078569544,PWT
14_PE,Peru,2010,TFP,1.11317884922028,0.023070864425014603,PWT
14_PE,Peru,2011,TFP,1.1119521856308,-0.0011019465473489642,PWT
14_PE,Peru,2012,TFP,1.10623824596405,-0.005138655906781087,PWT
14_PE,Peru,2013,TFP,1.10641896724701,0.00016336560738094974,PWT
14_PE,Peru,2014,TFP,1.07780575752258,-0.02586109834652006,PWT
14_PE,Peru,2015,TFP,1.06816065311432,-0.008948833628825592,PWT
14_PE,Peru,2016,TFP,1.07538378238678,0.006762212455027505,PWT
14_PE,Peru,2017,TFP,1.06674265861511,-0.008035385983310328,PWT
14_PE,Peru,2018,TFP,1.07237017154694,0.005275417539911453,PWT
14_PE,Peru,2019,TFP,1.05596232414246,-0.015300544382739534,PWT
14_PE,Peru,2020,TFP,0.922110736370087,-0.12675791996752628,PWT
14_PE,Peru,2021,TFP,1.0,0.08446844891593619,PWT
14_PE,Peru,2022,TFP,0.983376979827881,-0.01662302017211903,PWT
14_PE,Peru,2023,TFP,0.962297022342682,-0.02143629342318809,PWT
14_PE,Peru,1950,delta,0.0367465019226074,,PWT
14_PE,Peru,1951,delta,0.042898278683424,0.16741122117618135,PWT
14_PE,Peru,1952,delta,0.0485923811793327,0.13273498775858594,PWT
14_PE,Peru,1953,delta,0.0528824999928474,0.08828789018759542,PWT
14_PE,Peru,1954,delta,0.0552301667630672,0.04439402014914817,PWT
14_PE,Peru,1955,delta,0.0562136396765709,0.01780680688006453,PWT
14_PE,Peru,1956,delta,0.0579222030937672,0.03039410767611983,PWT
14_PE,Peru,1957,delta,0.0604818463325501,0.04419105458815542,PWT
14_PE,Peru,1958,delta,0.0619081594049931,0.023582498864215262,PWT
14_PE,Peru,1959,delta,0.0621260367333889,0.0035193636911490245,PWT
14_PE,Peru,1960,delta,0.0626579374074936,0.008561638599084098,PWT
14_PE,Peru,1961,delta,0.063604399561882,0.015105223592553285,PWT
14_PE,Peru,1962,delta,0.0648042559623718,0.018864361722689127,PWT
14_PE,Peru,1963,delta,0.0662907734513283,0.022938578136282306,PWT
14_PE,Peru,1964,delta,0.0674051195383072,0.016809972624577618,PWT
14_PE,Peru,1965,delta,0.0683010742068291,0.013292086337933329,PWT
14_PE,Peru,1966,delta,0.0697904527187347,0.021806077418277114,PWT
14_PE,Peru,1967,delta,0.071304589509964,0.021695471690540424,PWT
14_PE,Peru,1968,delta,0.0713525116443634,0.0006720764361556331,PWT
14_PE,Peru,1969,delta,0.0703921988606453,-0.013458710304474208,PWT
14_PE,Peru,1970,delta,0.0696472823619843,-0.010582372915153626,PWT
14_PE,Peru,1971,delta,0.0693545565009117,-0.004202976069492381,PWT
14_PE,Peru,1972,delta,0.0689466521143913,-0.005881436016608954,PWT
14_PE,Peru,1973,delta,0.069821909070015,0.012694698419461137,PWT
14_PE,Peru,1974,delta,0.0729617476463318,0.04496924558691573,PWT
14_PE,Peru,1975,delta,0.0760349109768868,0.04212019900416286,PWT
14_PE,Peru,1976,delta,0.0772750303149223,0.016309867692387625,PWT
14_PE,Peru,1977,delta,0.0766488090157509,-0.008103798815986774,PWT
14_PE,Peru,1978,delta,0.0745873004198074,-0.026895507215511483,PWT
14_PE,Peru,1979,delta,0.0723874345421791,-0.02949383963820351,PWT
14_PE,Peru,1980,delta,0.072291299700737,-0.0013280597944947958,PWT
14_PE,Peru,1981,delta,0.073445051908493,0.015959765732974418,PWT
14_PE,Peru,1982,delta,0.0732852518558502,-0.0021757769719040754,PWT
14_PE,Peru,1983,delta,0.0708058923482895,-0.033831629758706794,PWT
14_PE,Peru,1984,delta,0.0670415386557579,-0.053164412843142994,PWT
14_PE,Peru,1985,delta,0.0632838308811188,-0.056050440517691924,PWT
14_PE,Peru,1986,delta,0.0598118454217911,-0.05486370548347441,PWT
14_PE,Peru,1987,delta,0.0570168420672417,-0.04672993008055726,PWT
14_PE,Peru,1988,delta,0.0542765855789185,-0.04806047457155793,PWT
14_PE,Peru,1989,delta,0.0510976128280163,-0.058569873491396196,PWT
14_PE,Peru,1990,delta,0.0480562187731266,-0.05952125523214524,PWT
14_PE,Peru,1991,delta,0.0455189049243927,-0.05279886585984972,PWT
14_PE,Peru,1992,delta,0.0433610677719116,-0.04740529580105868,PWT
14_PE,Peru,1993,delta,0.0414986871182919,-0.042950525651633265,PWT
14_PE,Peru,1994,delta,0.0402068831026554,-0.031128792386954873,PWT
14_PE,Peru,1995,delta,0.0395908169448376,-0.015322405276849471,PWT
14_PE,Peru,1996,delta,0.0391334556043148,-0.011552207704126127,PWT
14_PE,Peru,1997,delta,0.0387667119503021,-0.009371614347603363,PWT
14_PE,Peru,1998,delta,0.0385345369577408,-0.005989029785630207,PWT
14_PE,Peru,1999,delta,0.038076002150774,-0.01189932053600773,PWT
14_PE,Peru,2000,delta,0.0374568179249764,-0.016261797216675977,PWT
14_PE,Peru,2001,delta,0.0367823876440525,-0.018005541268207526,PWT
14_PE,Peru,2002,delta,0.0359437949955463,-0.022798755116752,PWT
14_PE,Peru,2003,delta,0.0351389274001122,-0.022392393333364735,PWT
14_PE,Peru,2004,delta,0.0346237197518349,-0.014662019771145895,PWT
14_PE,Peru,2005,delta,0.0344466120004654,-0.005115214443708438,PWT
14_PE,Peru,2006,delta,0.0346829257905483,0.006860291226310045,PWT
14_PE,Peru,2007,delta,0.03550024330616,0.02356541430638015,PWT
14_PE,Peru,2008,delta,0.0372102148830891,0.048167883306658554,PWT
14_PE,Peru,2009,delta,0.0385717190802097,0.03658952794006454,PWT
14_PE,Peru,2010,delta,0.0395215190947056,0.024624259357505007,PWT
14_PE,Peru,2011,delta,0.0409217588603497,0.03542980628575276,PWT
14_PE,Peru,2012,delta,0.042380191385746,0.035639536667360305,PWT
14_PE,Peru,2013,delta,0.043476577848196,0.02587025746228111,PWT
14_PE,Peru,2014,delta,0.0438980013132095,0.009693114910859668,PWT
14_PE,Peru,2015,delta,0.0438335426151753,-0.0014683743247052572,PWT
14_PE,Peru,2016,delta,0.0434715487062931,-0.008258376742674711,PWT
14_PE,Peru,2017,delta,0.0429333262145519,-0.012381028690226725,PWT
14_PE,Peru,2018,delta,0.0424220226705074,-0.011909246012977048,PWT
14_PE,Peru,2019,delta,0.0420266874134541,-0.009319104374722609,PWT
14_PE,Peru,2020,delta,0.0415250211954117,-0.011936848914763543,PWT
14_PE,Peru,2021,delta,0.0411817170679569,-0.008267404027062608,PWT
14_PE,Peru,2022,delta,0.041138581931591,-0.0010474341391525366,PWT
14_PE,Peru,2023,delta,0.0409559160470963,-0.0044402571969653915,PWT
14_PE,Peru,1950,output_to_kstock,0.4801211009118942,,PWT
14_PE,Peru,1951,output_to_kstock,0.46908021997754673,-0.022996033528577486,PWT
14_PE,Peru,1952,output_to_kstock,0.45143337470665,-0.037620101038882914,PWT
14_PE,Peru,1953,output_to_kstock,0.4342859609071842,-0.03798437324357895,PWT
14_PE,Peru,1954,output_to_kstock,0.43604810783859904,0.004057572866813075,PWT
14_PE,Peru,1955,output_to_kstock,0.4269612505535123,-0.020839116422562642,PWT
14_PE,Peru,1956,output_to_kstock,0.4113906864487947,-0.03646833075491507,PWT
14_PE,Peru,1957,output_to_kstock,0.4043719184310278,-0.017061076609084735,PWT
14_PE,Peru,1958,output_to_kstock,0.38079749733983426,-0.058298858097423856,PWT
14_PE,Peru,1959,output_to_kstock,0.3822447138533605,0.0038004885106550645,PWT
14_PE,Peru,1960,output_to_kstock,0.40815347125286294,0.0677805512032319,PWT
14_PE,Peru,1961,output_to_kstock,0.4176408199530699,0.023244562078780673,PWT
14_PE,Peru,1962,output_to_kstock,0.4297101139656842,0.028898741301127018,PWT
14_PE,Peru,1963,output_to_kstock,0.4270348104933458,-0.006225833149815174,PWT
14_PE,Peru,1964,output_to_kstock,0.43635711156041174,0.021830307127177928,PWT
14_PE,Peru,1965,output_to_kstock,0.4367932580857096,0.0009995173992656259,PWT
14_PE,Peru,1966,output_to_kstock,0.44549673069398366,0.019925840079166646,PWT
14_PE,Peru,1967,output_to_kstock,0.4398075355049766,-0.012770453287377803,PWT
14_PE,Peru,1968,output_to_kstock,0.433493123709752,-0.014357216021718466,PWT
14_PE,Peru,1969,output_to_kstock,0.43979282173719736,0.014532405897315526,PWT
14_PE,Peru,1970,output_to_kstock,0.4531789857971664,0.030437431895985023,PWT
14_PE,Peru,1971,output_to_kstock,0.45662145424963285,0.007596266729824164,PWT
14_PE,Peru,1972,output_to_kstock,0.4590869667430052,0.0053994670430541625,PWT
14_PE,Peru,1973,output_to_kstock,0.4570562190054599,-0.004423448898914439,PWT
14_PE,Peru,1974,output_to_kstock,0.45561171035387804,-0.0031604616489522286,PWT
14_PE,Peru,1975,output_to_kstock,0.44106697139671003,-0.03192354065234837,PWT
14_PE,Peru,1976,output_to_kstock,0.42712155594877593,-0.03161745574322572,PWT
14_PE,Peru,1977,output_to_kstock,0.41645573382839424,-0.02497139742031851,PWT
14_PE,Peru,1978,output_to_kstock,0.3973896806304516,-0.04578170415057614,PWT
14_PE,Peru,1979,output_to_kstock,0.39962132666921224,0.005615762430519533,PWT
14_PE,Peru,1980,output_to_kstock,0.3957774114079195,-0.009618894199994843,PWT
14_PE,Peru,1981,output_to_kstock,0.38428172764095186,-0.029045830902964975,PWT
14_PE,Peru,1982,output_to_kstock,0.3604411062277498,-0.06203943538912482,PWT
14_PE,Peru,1983,output_to_kstock,0.3182053394165957,-0.117177996852742,PWT
14_PE,Peru,1984,output_to_kstock,0.3262338036980672,0.025230451180332514,PWT
14_PE,Peru,1985,output_to_kstock,0.332347438851741,0.01874004190973433,PWT
14_PE,Peru,1986,output_to_kstock,0.35530410725573075,0.06907430514074342,PWT
14_PE,Peru,1987,output_to_kstock,0.37419806564017455,0.05317686454675519,PWT
14_PE,Peru,1988,output_to_kstock,0.32968430954641087,-0.11895773971361923,PWT
14_PE,Peru,1989,output_to_kstock,0.2874751645511025,-0.12802897733708019,PWT
14_PE,Peru,1990,output_to_kstock,0.271474734342859,-0.05565847830099846,PWT
14_PE,Peru,1991,output_to_kstock,0.27362620629149526,0.007925127742897109,PWT
14_PE,Peru,1992,output_to_kstock,0.26720205667632857,-0.02347783022041028,PWT
14_PE,Peru,1993,output_to_kstock,0.27375290352407927,0.02451645368765254,PWT
14_PE,Peru,1994,output_to_kstock,0.29249543447008974,0.06846514029525852,PWT
14_PE,Peru,1995,output_to_kstock,0.295755375555335,0.011145271689970926,PWT
14_PE,Peru,1996,output_to_kstock,0.2884998068626083,-0.02453233074497141,PWT
14_PE,Peru,1997,output_to_kstock,0.28898439877215487,0.0016796957849520844,PWT
14_PE,Peru,1998,output_to_kstock,0.2726799838435447,-0.05641970638513649,PWT
14_PE,Peru,1999,output_to_kstock,0.26598422985533693,-0.024555355673079315,PWT
14_PE,Peru,2000,output_to_kstock,0.26427464109538756,-0.006427406470222552,PWT
14_PE,Peru,2001,output_to_kstock,0.2591863558201871,-0.01925377801710404,PWT
14_PE,Peru,2002,output_to_kstock,0.26647178385906756,0.028108840898765308,PWT
14_PE,Peru,2003,output_to_kstock,0.2697765522534101,0.012401944950728216,PWT
14_PE,Peru,2004,output_to_kstock,0.27418675295359046,0.016347605688272537,PWT
14_PE,Peru,2005,output_to_kstock,0.2806077072982222,0.02341817857888473,PWT
14_PE,Peru,2006,output_to_kstock,0.28755954890339636,0.02477423614664276,PWT
14_PE,Peru,2007,output_to_kstock,0.2935558493322745,0.02085237806132656,PWT
14_PE,Peru,2008,output_to_kstock,0.29643706872104536,0.009814893470269759,PWT
14_PE,Peru,2009,output_to_kstock,0.2811662121712631,-0.05151466588057696,PWT
14_PE,Peru,2010,output_to_kstock,0.28208167364191383,0.0032559441036006387,PWT
14_PE,Peru,2011,output_to_kstock,0.27773478462146,-0.015410036973801944,PWT
14_PE,Peru,2012,output_to_kstock,0.27151581187227714,-0.022391767591009692,PWT
14_PE,Peru,2013,output_to_kstock,0.26587570200446925,-0.020772675554015407,PWT
14_PE,Peru,2014,output_to_kstock,0.25459456932223395,-0.0424301002204619,PWT
14_PE,Peru,2015,output_to_kstock,0.24923047644788957,-0.021069156693421798,PWT
14_PE,Peru,2016,output_to_kstock,0.24773057867723794,-0.006018115408792046,PWT
14_PE,Peru,2017,output_to_kstock,0.24341614135032189,-0.017415844866439434,PWT
14_PE,Peru,2018,output_to_kstock,0.24231395959673083,-0.004527973155259324,PWT
14_PE,Peru,2019,output_to_kstock,0.23738498191029309,-0.020341286546762483,PWT
14_PE,Peru,2020,output_to_kstock,0.20577088995435935,-0.13317646171854536,PWT
14_PE,Peru,2021,output_to_kstock,0.22255265881517564,0.0815556022746391,PWT
14_PE,Peru,2022,output_to_kstock,0.21879149073980683,-0.01690012644824146,PWT
14_PE,Peru,2023,output_to_kstock,0.20988990977314742,-0.04068522471582514,PWT
15_PHL,Philippines,1950,Average hours,,,PWT
15_PHL,Philippines,1951,Average hours,,,PWT
15_PHL,Philippines,1952,Average hours,,,PWT
15_PHL,Philippines,1953,Average hours,,,PWT
15_PHL,Philippines,1954,Average hours,,,PWT
15_PHL,Philippines,1955,Average hours,,,PWT
15_PHL,Philippines,1956,Average hours,,,PWT
15_PHL,Philippines,1957,Average hours,,,PWT
15_PHL,Philippines,1958,Average hours,,,PWT
15_PHL,Philippines,1959,Average hours,,,PWT
15_PHL,Philippines,1960,Average hours,,,PWT
15_PHL,Philippines,1961,Average hours,,,PWT
15_PHL,Philippines,1962,Average hours,,,PWT
15_PHL,Philippines,1963,Average hours,,,PWT
15_PHL,Philippines,1964,Average hours,,,PWT
15_PHL,Philippines,1965,Average hours,,,PWT
15_PHL,Philippines,1966,Average hours,,,PWT
15_PHL,Philippines,1967,Average hours,,,PWT
15_PHL,Philippines,1968,Average hours,,,PWT
15_PHL,Philippines,1969,Average hours,,,PWT
15_PHL,Philippines,1970,Average hours,2311.28,,PWT
15_PHL,Philippines,1971,Average hours,2346.12,0.015073898445882694,PWT
15_PHL,Philippines,1972,Average hours,2337.68,-0.003597428946515935,PWT
15_PHL,Philippines,1973,Average hours,2283.67,-0.02310410321344225,PWT
15_PHL,Philippines,1974,Average hours,2338.81,0.024145344992928086,PWT
15_PHL,Philippines,1975,Average hours,2304.46,-0.014686956187120792,PWT
15_PHL,Philippines,1976,Average hours,2281.92,-0.00978103330064306,PWT
15_PHL,Philippines,1977,Average hours,2308.76,0.01176202496143608,PWT
15_PHL,Philippines,1978,Average hours,2255.3,-0.02315528682063095,PWT
15_PHL,Philippines,1979,Average hours,2242.83,-0.005529197889416193,PWT
15_PHL,Philippines,1980,Average hours,2229.46,-0.005961218638951604,PWT
15_PHL,Philippines,1981,Average hours,2216.98,-0.005597768069397935,PWT
15_PHL,Philippines,1982,Average hours,2194.38,-0.010194047758662617,PWT
15_PHL,Philippines,1983,Average hours,2189.88,-0.0020506931342794132,PWT
15_PHL,Philippines,1984,Average hours,2218.39,0.01301897820885145,PWT
15_PHL,Philippines,1985,Average hours,2206.66,-0.0052876184981,PWT
15_PHL,Philippines,1986,Average hours,2189.46,-0.0077945854821313,PWT
15_PHL,Philippines,1987,Average hours,2188.97,-0.00022379947566986136,PWT
15_PHL,Philippines,1988,Average hours,2188.49,-0.0002192812144524714,PWT
15_PHL,Philippines,1989,Average hours,2217.59,0.013296839373266645,PWT
15_PHL,Philippines,1990,Average hours,2213.17,-0.0019931547310368947,PWT
15_PHL,Philippines,1991,Average hours,2203.91,-0.004184043702020301,PWT
15_PHL,Philippines,1992,Average hours,2193.71,-0.004628138172611318,PWT
15_PHL,Philippines,1993,Average hours,2155.34,-0.017490917213305313,PWT
15_PHL,Philippines,1994,Average hours,2170.53,0.007047611977692547,PWT
15_PHL,Philippines,1995,Average hours,2151.24,-0.00888723030780525,PWT
15_PHL,Philippines,1996,Average hours,2117.35,-0.01575370483999916,PWT
15_PHL,Philippines,1997,Average hours,2171.27,0.025465794507285144,PWT
15_PHL,Philippines,1998,Average hours,2131.39,-0.018367130757575123,PWT
15_PHL,Philippines,1999,Average hours,2180.85,0.023205513772702302,PWT
15_PHL,Philippines,2000,Average hours,2188.56,0.0035353187977165135,PWT
15_PHL,Philippines,2001,Average hours,2072.87,-0.052861242095259,PWT
15_PHL,Philippines,2002,Average hours,2087.51,0.007062671561651301,PWT
15_PHL,Philippines,2003,Average hours,2104.95,0.008354450996641782,PWT
15_PHL,Philippines,2004,Average hours,2113.49,0.004057103494144787,PWT
15_PHL,Philippines,2005,Average hours,2131.12,0.008341652905857089,PWT
15_PHL,Philippines,2006,Average hours,2103.09,-0.01315270843500116,PWT
15_PHL,Philippines,2007,Average hours,2124.33,0.01009942513159201,PWT
15_PHL,Philippines,2008,Average hours,2143.82,0.00917465742139889,PWT
15_PHL,Philippines,2009,Average hours,2108.65,-0.016405295220680904,PWT
15_PHL,Philippines,2010,Average hours,2140.05,0.014891044032912193,PWT
15_PHL,Philippines,2011,Average hours,2111.29,-0.013438938342562157,PWT
15_PHL,Philippines,2012,Average hours,2113.98,0.0012741025628881797,PWT
15_PHL,Philippines,2013,Average hours,2144.1,0.014248006130616053,PWT
15_PHL,Philippines,2014,Average hours,2095.17,-0.02282076395690491,PWT
15_PHL,Philippines,2015,Average hours,2106.03,0.005183350277065957,PWT
15_PHL,Philippines,2016,Average hours,2175.19,0.032839038380269914,PWT
15_PHL,Philippines,2017,Average hours,2132.94,-0.01942359058289156,PWT
15_PHL,Philippines,2018,Average hours,2170.86,0.017778277869982206,PWT
15_PHL,Philippines,2019,Average hours,2169.85,-0.0004652534018777521,PWT
15_PHL,Philippines,2020,Average hours,1851.51,-0.14671060211535358,PWT
15_PHL,Philippines,2021,Average hours,2036.63,0.0999832569092256,PWT
15_PHL,Philippines,2022,Average hours,2094.34,0.02833602568949689,PWT
15_PHL,Philippines,2023,Average hours,2095.96,0.0007735133741417766,PWT
15_PHL,Philippines,1950,Capital stock,95670.140625,,PWT
15_PHL,Philippines,1951,Capital stock,101070.96875,0.05645259941834646,PWT
15_PHL,Philippines,1952,Capital stock,105934.640625,0.04812135408566576,PWT
15_PHL,Philippines,1953,Capital stock,112974.09375,0.06645090863071967,PWT
15_PHL,Philippines,1954,Capital stock,120733.4609375,0.0686827123806868,PWT
15_PHL,Philippines,1955,Capital stock,128645.9375,0.06553673274218519,PWT
15_PHL,Philippines,1956,Capital stock,135774.71875,0.05541396322756009,PWT
15_PHL,Philippines,1957,Capital stock,144740.6875,0.06603562749048231,PWT
15_PHL,Philippines,1958,Capital stock,153184.9375,0.05834054090699281,PWT
15_PHL,Philippines,1959,Capital stock,163164.34375,0.06514613259544522,PWT
15_PHL,Philippines,1960,Capital stock,170747.671875,0.04647662565676214,PWT
15_PHL,Philippines,1961,Capital stock,180481.125,0.05700489510700679,PWT
15_PHL,Philippines,1962,Capital stock,189606.890625,0.05056354577244582,PWT
15_PHL,Philippines,1963,Capital stock,201619.765625,0.06335674278715309,PWT
15_PHL,Philippines,1964,Capital stock,215265.21875,0.06767914387114038,PWT
15_PHL,Philippines,1965,Capital stock,229643.140625,0.06679166266844949,PWT
15_PHL,Philippines,1966,Capital stock,243357.65625,0.059720989652355394,PWT
15_PHL,Philippines,1967,Capital stock,259002.5,0.06428745243144585,PWT
15_PHL,Philippines,1968,Capital stock,273920.96875,0.05759970946226378,PWT
15_PHL,Philippines,1969,Capital stock,289248.4375,0.05595580659613164,PWT
15_PHL,Philippines,1970,Capital stock,302261.84375,0.044990411573096134,PWT
15_PHL,Philippines,1971,Capital stock,316847.9375,0.048256483746139445,PWT
15_PHL,Philippines,1972,Capital stock,331025.375,0.04474524155613291,PWT
15_PHL,Philippines,1973,Capital stock,345630.71875,0.04412152316117757,PWT
15_PHL,Philippines,1974,Capital stock,364635.90625,0.05498697444698708,PWT
15_PHL,Philippines,1975,Capital stock,393897.78125,0.08024957086902362,PWT
15_PHL,Philippines,1976,Capital stock,430646.53125,0.09329514343386514,PWT
15_PHL,Philippines,1977,Capital stock,466970.9375,0.08434854019272908,PWT
15_PHL,Philippines,1978,Capital stock,505985.6875,0.08354856130634469,PWT
15_PHL,Philippines,1979,Capital stock,550332.0625,0.08764353635990929,PWT
15_PHL,Philippines,1980,Capital stock,598669.5625,0.08783333426080375,PWT
15_PHL,Philippines,1981,Capital stock,653874.375,0.09221249242982843,PWT
15_PHL,Philippines,1982,Capital stock,710716.75,0.08693164493561922,PWT
15_PHL,Philippines,1983,Capital stock,772513.625,0.08695007539923605,PWT
15_PHL,Philippines,1984,Capital stock,800477.375,0.036198390675633796,PWT
15_PHL,Philippines,1985,Capital stock,802065.1875,0.001983581984437821,PWT
15_PHL,Philippines,1986,Capital stock,806125.8125,0.005062711938236264,PWT
15_PHL,Philippines,1987,Capital stock,815902.5625,0.012128069649177675,PWT
15_PHL,Philippines,1988,Capital stock,836183.625,0.024857211427130377,PWT
15_PHL,Philippines,1989,Capital stock,870623.9375,0.041187499336643896,PWT
15_PHL,Philippines,1990,Capital stock,914828.625,0.050773572372629694,PWT
15_PHL,Philippines,1991,Capital stock,943901.625,0.031779722677567124,PWT
15_PHL,Philippines,1992,Capital stock,976158.125,0.03417358244297963,PWT
15_PHL,Philippines,1993,Capital stock,1014623.75,0.039405116870793844,PWT
15_PHL,Philippines,1994,Capital stock,1056984.25,0.04174995903653933,PWT
15_PHL,Philippines,1995,Capital stock,1102221.5,0.04279841445130339,PWT
15_PHL,Philippines,1996,Capital stock,1156417.75,0.04917001709728952,PWT
15_PHL,Philippines,1997,Capital stock,1220719.25,0.05560404101372529,PWT
15_PHL,Philippines,1998,Capital stock,1266595.0,0.037580917971105965,PWT
15_PHL,Philippines,1999,Capital stock,1304015.625,0.029544270267922945,PWT
15_PHL,Philippines,2000,Capital stock,1353212.375,0.03772711695843367,PWT
15_PHL,Philippines,2001,Capital stock,1394382.875,0.030424270987028157,PWT
15_PHL,Philippines,2002,Capital stock,1438285.875,0.031485613304021776,PWT
15_PHL,Philippines,2003,Capital stock,1496990.75,0.04081586005980897,PWT
15_PHL,Philippines,2004,Capital stock,1559137.5,0.04151445157560252,PWT
15_PHL,Philippines,2005,Capital stock,1617175.0,0.03722410627670758,PWT
15_PHL,Philippines,2006,Capital stock,1679301.125,0.03841645152812778,PWT
15_PHL,Philippines,2007,Capital stock,1754317.25,0.04467103837615771,PWT
15_PHL,Philippines,2008,Capital stock,1839130.75,0.04834558857584059,PWT
15_PHL,Philippines,2009,Capital stock,1924186.25,0.04624766346819009,PWT
15_PHL,Philippines,2010,Capital stock,2040067.625,0.060223575030743604,PWT
15_PHL,Philippines,2011,Capital stock,2140090.25,0.04902907323966765,PWT
15_PHL,Philippines,2012,Capital stock,2259451.0,0.055773699263383936,PWT
15_PHL,Philippines,2013,Capital stock,2398919.25,0.06172660969412491,PWT
15_PHL,Philippines,2014,Capital stock,2551761.0,0.06371275314915237,PWT
15_PHL,Philippines,2015,Capital stock,2732495.5,0.07082736196689265,PWT
15_PHL,Philippines,2016,Capital stock,2963657.0,0.0845972115965059,PWT
15_PHL,Philippines,2017,Capital stock,3217270.75,0.08557459584560556,PWT
15_PHL,Philippines,2018,Capital stock,3504728.5,0.08934832419683669,PWT
15_PHL,Philippines,2019,Capital stock,3793039.75,0.08226350486207412,PWT
15_PHL,Philippines,2020,Capital stock,3943967.25,0.03979064548427158,PWT
15_PHL,Philippines,2021,Capital stock,4124357.75,0.04573833618927736,PWT
15_PHL,Philippines,2022,Capital stock,4335171.0,0.051114200750407734,PWT
15_PHL,Philippines,2023,Capital stock,4571109.0,0.05442415074284268,PWT
15_PHL,Philippines,1950,Employment,6.57990407943726,,PWT
15_PHL,Philippines,1951,Employment,6.76772308349609,0.02854433769722875,PWT
15_PHL,Philippines,1952,Employment,6.96088409423828,0.028541506258321414,PWT
15_PHL,Philippines,1953,Employment,7.15953731536865,0.028538504368259776,PWT
15_PHL,Philippines,1954,Employment,7.36382722854614,0.028533954664774486,PWT
15_PHL,Philippines,1955,Employment,7.57390785217285,0.028528727943578636,PWT
15_PHL,Philippines,1956,Employment,7.78996849060059,0.02852696951755962,PWT
15_PHL,Philippines,1957,Employment,7.88139820098877,0.011736852401713849,PWT
15_PHL,Philippines,1958,Employment,8.32201671600342,0.05590613540619871,PWT
15_PHL,Philippines,1959,Employment,8.46790790557861,0.017530749402922652,PWT
15_PHL,Philippines,1960,Employment,8.30547428131104,-0.019182261554894664,PWT
15_PHL,Philippines,1961,Employment,8.99216842651367,0.0826797028012991,PWT
15_PHL,Philippines,1962,Employment,9.37831401824951,0.042942433172990624,PWT
15_PHL,Philippines,1963,Employment,9.76542663574219,0.041277421159004346,PWT
15_PHL,Philippines,1964,Employment,10.2828731536865,0.05298759974811729,PWT
15_PHL,Philippines,1965,Employment,10.0397186279297,-0.02364655501654489,PWT
15_PHL,Philippines,1966,Employment,10.6836080551147,0.06413421043431944,PWT
15_PHL,Philippines,1967,Employment,11.2107887268066,0.04934481581243677,PWT
15_PHL,Philippines,1968,Employment,11.1621580123901,-0.00433784951278382,PWT
15_PHL,Philippines,1969,Employment,10.9277496337891,-0.0210002741710702,PWT
15_PHL,Philippines,1970,Employment,11.0473861694336,0.01094795723307751,PWT
15_PHL,Philippines,1971,Employment,12.1999788284302,0.10433170718569107,PWT
15_PHL,Philippines,1972,Employment,12.2563028335571,0.004616729743468495,PWT
15_PHL,Philippines,1973,Employment,13.523063659668,0.10335586867538682,PWT
15_PHL,Philippines,1974,Employment,13.484637260437,-0.0028415453922329137,PWT
15_PHL,Philippines,1975,Employment,14.1705360412598,0.05086520071512646,PWT
15_PHL,Philippines,1976,Employment,13.906439781189,-0.01863699857943557,PWT
15_PHL,Philippines,1977,Employment,13.9547748565674,0.003475733267387593,PWT
15_PHL,Philippines,1978,Employment,15.6959733963013,0.12477439139152113,PWT
15_PHL,Philippines,1979,Employment,15.8419752120972,0.009301864376904723,PWT
15_PHL,Philippines,1980,Employment,16.0088863372803,0.010536004693129541,PWT
15_PHL,Philippines,1981,Employment,16.9640197753906,0.05966270345027436,PWT
15_PHL,Philippines,1982,Employment,16.8753814697266,-0.00522507677057682,PWT
15_PHL,Philippines,1983,Employment,18.6602172851563,0.10576565742419408,PWT
15_PHL,Philippines,1984,Employment,19.0395069122314,0.020326109888163746,PWT
15_PHL,Philippines,1985,Employment,19.171236038208,0.00691872570985419,PWT
15_PHL,Philippines,1986,Employment,19.9527473449707,0.04076478455563115,PWT
15_PHL,Philippines,1987,Employment,20.1273593902588,0.00875127832118383,PWT
15_PHL,Philippines,1988,Employment,20.7961273193359,0.033226809146199576,PWT
15_PHL,Philippines,1989,Employment,21.1202278137207,0.015584656191417912,PWT
15_PHL,Philippines,1990,Employment,21.7438411712647,0.029526829115871234,PWT
15_PHL,Philippines,1991,Employment,22.3285694122314,0.026891671823809915,PWT
15_PHL,Philippines,1992,Employment,23.0420551300049,0.03195393778262656,PWT
15_PHL,Philippines,1993,Employment,23.721248626709,0.029476255172207422,PWT
15_PHL,Philippines,1994,Employment,24.3191795349121,0.025206552893251022,PWT
15_PHL,Philippines,1995,Employment,24.9914436340332,0.027643370869317785,PWT
15_PHL,Philippines,1996,Employment,25.6164016723633,0.025006880253969577,PWT
15_PHL,Philippines,1997,Employment,26.2625102996826,0.025222458469503328,PWT
15_PHL,Philippines,1998,Employment,26.9991245269775,0.028048127116919286,PWT
15_PHL,Philippines,1999,Employment,27.6236591339111,0.02313166141033829,PWT
15_PHL,Philippines,2000,Employment,28.3119487762451,0.024916671574803928,PWT
15_PHL,Philippines,2001,Employment,29.1507472991943,0.029627014713059507,PWT
15_PHL,Philippines,2002,Employment,29.9237480163574,0.026517355086278283,PWT
15_PHL,Philippines,2003,Employment,30.6417503356934,0.02399439799264158,PWT
15_PHL,Philippines,2004,Employment,31.6117515563965,0.0316561948999754,PWT
15_PHL,Philippines,2005,Employment,31.799165725708,0.0059286233784656694,PWT
15_PHL,Philippines,2006,Employment,32.5893135070801,0.024848066398588164,PWT
15_PHL,Philippines,2007,Employment,33.7635002136231,0.03602980793958421,PWT
15_PHL,Philippines,2008,Employment,34.0890007019043,0.009640602609970683,PWT
15_PHL,Philippines,2009,Employment,35.0970649719238,0.02957154065132772,PWT
15_PHL,Philippines,2010,Employment,36.1472244262695,0.029921574786546667,PWT
15_PHL,Philippines,2011,Employment,37.080078125,0.025807063018995047,PWT
15_PHL,Philippines,2012,Employment,37.7127990722656,0.017063635765076857,PWT
15_PHL,Philippines,2013,Employment,38.1180000305176,0.010744388330220511,PWT
15_PHL,Philippines,2014,Employment,38.5736999511719,0.011954979807163646,PWT
15_PHL,Philippines,2015,Employment,38.7410011291504,0.004337182541220397,PWT
15_PHL,Philippines,2016,Employment,40.9946975708008,0.05817341772189333,PWT
15_PHL,Philippines,2017,Employment,40.3339881896973,-0.01611694731891622,PWT
15_PHL,Philippines,2018,Employment,41.153003692627,0.02030583980631273,PWT
15_PHL,Philippines,2019,Employment,42.4247245788574,0.030902261612030024,PWT
15_PHL,Philippines,2020,Employment,39.3744621276856,-0.07189822636331078,PWT
15_PHL,Philippines,2021,Employment,41.0566253662109,0.04272218965354502,PWT
15_PHL,Philippines,2022,Employment,45.8335838317871,0.11635048967048278,PWT
15_PHL,Philippines,2023,Employment,47.4341087341309,0.034920352469443694,PWT
15_PHL,Philippines,1950,Real GDP (PWT),45417.96484375,,PWT
15_PHL,Philippines,1951,Real GDP (PWT),50198.796875,0.10526301756798984,PWT
15_PHL,Philippines,1952,Real GDP (PWT),53386.0234375,0.06349209066576855,PWT
15_PHL,Philippines,1953,Real GDP (PWT),58166.86328125,0.08955227484487605,PWT
15_PHL,Philippines,1954,Real GDP (PWT),62549.30078125,0.07534251037072281,PWT
15_PHL,Philippines,1955,Real GDP (PWT),66931.734375,0.07006367040099182,PWT
15_PHL,Philippines,1956,Real GDP (PWT),71712.578125,0.07142865480243277,PWT
15_PHL,Philippines,1957,Real GDP (PWT),75298.1953125,0.049999836587244495,PWT
15_PHL,Philippines,1958,Real GDP (PWT),78087.0234375,0.03703711773470664,PWT
15_PHL,Philippines,1959,Real GDP (PWT),83266.2578125,0.06632644128310772,PWT
15_PHL,Philippines,1960,Real GDP (PWT),84461.4765625,0.014354178768204218,PWT
15_PHL,Philippines,1961,Real GDP (PWT),89242.3046875,0.05660365316325322,PWT
15_PHL,Philippines,1962,Real GDP (PWT),93624.7421875,0.049107175294788696,PWT
15_PHL,Philippines,1963,Real GDP (PWT),99999.1953125,0.06808513407955807,PWT
15_PHL,Philippines,1964,Real GDP (PWT),103584.828125,0.035856616658712204,PWT
15_PHL,Philippines,1965,Real GDP (PWT),109162.46875,0.05384611555535179,PWT
15_PHL,Philippines,1966,Real GDP (PWT),113943.3046875,0.04379560110947023,PWT
15_PHL,Philippines,1967,Real GDP (PWT),119919.3515625,0.052447547413074114,PWT
15_PHL,Philippines,1968,Real GDP (PWT),125895.3984375,0.049833882497983595,PWT
15_PHL,Philippines,1969,Real GDP (PWT),131871.453125,0.04746841236192423,PWT
15_PHL,Philippines,1970,Real GDP (PWT),136652.296875,0.03625381867498101,PWT
15_PHL,Philippines,1971,Real GDP (PWT),144016.5,0.05389007937229384,PWT
15_PHL,Philippines,1972,Real GDP (PWT),151837.140625,0.05430378203191988,PWT
15_PHL,Philippines,1973,Real GDP (PWT),165171.5,0.08782014281955264,PWT
15_PHL,Philippines,1974,Real GDP (PWT),170778.40625,0.033945966767874536,PWT
15_PHL,Philippines,1975,Real GDP (PWT),180087.734375,0.05451115471456158,PWT
15_PHL,Philippines,1976,Real GDP (PWT),195896.5625,0.08778403581934668,PWT
15_PHL,Philippines,1977,Real GDP (PWT),206794.21875,0.05562964510926527,PWT
15_PHL,Philippines,1978,Real GDP (PWT),217531.765625,0.05192382523991612,PWT
15_PHL,Philippines,1979,Real GDP (PWT),229703.90625,0.0559556926779301,PWT
15_PHL,Philippines,1980,Real GDP (PWT),241650.15625,0.05200716955591611,PWT
15_PHL,Philippines,1981,Real GDP (PWT),249919.9375,0.034222122502765906,PWT
15_PHL,Philippines,1982,Real GDP (PWT),259162.984375,0.0369840316361314,PWT
15_PHL,Philippines,1983,Real GDP (PWT),264079.1875,0.018969542031073372,PWT
15_PHL,Philippines,1984,Real GDP (PWT),245489.640625,-0.07039383546649236,PWT
15_PHL,Philippines,1985,Real GDP (PWT),228653.03125,-0.06858378761782014,PWT
15_PHL,Philippines,1986,Real GDP (PWT),236680.328125,0.03510689025689451,PWT
15_PHL,Philippines,1987,Real GDP (PWT),247003.875,0.04361810276664713,PWT
15_PHL,Philippines,1988,Real GDP (PWT),263545.5625,0.06696934410441946,PWT
15_PHL,Philippines,1989,Real GDP (PWT),279843.0,0.061839164907206534,PWT
15_PHL,Philippines,1990,Real GDP (PWT),288469.65625,0.030826771618371662,PWT
15_PHL,Philippines,1991,Real GDP (PWT),287210.78125,-0.004363977190408597,PWT
15_PHL,Philippines,1992,Real GDP (PWT),288410.21875,0.004176157645544576,PWT
15_PHL,Philippines,1993,Real GDP (PWT),294703.0625,0.02181907346166101,PWT
15_PHL,Philippines,1994,Real GDP (PWT),307592.40625,0.043736714646458674,PWT
15_PHL,Philippines,1995,Real GDP (PWT),321819.21875,0.04625215776112812,PWT
15_PHL,Philippines,1996,Real GDP (PWT),340678.96875,0.05860355411107654,PWT
15_PHL,Philippines,1997,Real GDP (PWT),358347.96875,0.05186407621471356,PWT
15_PHL,Philippines,1998,Real GDP (PWT),356505.71875,-0.0051409528186421305,PWT
15_PHL,Philippines,1999,Real GDP (PWT),368436.03125,0.03346457538417824,PWT
15_PHL,Philippines,2000,Real GDP (PWT),384582.78125,0.043825111092470115,PWT
15_PHL,Philippines,2001,Real GDP (PWT),396309.5625,0.030492216037038222,PWT
15_PHL,Philippines,2002,Real GDP (PWT),411037.40625,0.03716247384265414,PWT
15_PHL,Philippines,2003,Real GDP (PWT),431946.53125,0.05086915371221146,PWT
15_PHL,Philippines,2004,Real GDP (PWT),460322.0625,0.06569223085988152,PWT
15_PHL,Philippines,2005,Real GDP (PWT),483073.53125,0.04942511038127795,PWT
15_PHL,Philippines,2006,Real GDP (PWT),508755.71875,0.0531641372143592,PWT
15_PHL,Philippines,2007,Real GDP (PWT),541923.0,0.06519294039876589,PWT
15_PHL,Philippines,2008,Real GDP (PWT),565466.75,0.04344482518734205,PWT
15_PHL,Philippines,2009,Real GDP (PWT),573656.5625,0.014483278636630681,PWT
15_PHL,Philippines,2010,Real GDP (PWT),615731.4375,0.0733450600070491,PWT
15_PHL,Philippines,2011,Real GDP (PWT),639487.75,0.03858226339141568,PWT
15_PHL,Philippines,2012,Real GDP (PWT),683592.9375,0.06896955805642868,PWT
15_PHL,Philippines,2013,Real GDP (PWT),729739.0625,0.06750526880626229,PWT
15_PHL,Philippines,2014,Real GDP (PWT),776062.875,0.0634799682249434,PWT
15_PHL,Philippines,2015,Real GDP (PWT),825329.6875,0.06348301675943469,PWT
15_PHL,Philippines,2016,Real GDP (PWT),884336.3125,0.07149461105505184,PWT
15_PHL,Philippines,2017,Real GDP (PWT),945629.5,0.06930981645062784,PWT
15_PHL,Philippines,2018,Real GDP (PWT),1005596.5,0.06341489981012649,PWT
15_PHL,Philippines,2019,Real GDP (PWT),1067124.125,0.061185202016912354,PWT
15_PHL,Philippines,2020,Real GDP (PWT),965552.125,-0.09518292916487103,PWT
15_PHL,Philippines,2021,Real GDP (PWT),1020730.875,0.05714735493953782,PWT
15_PHL,Philippines,2022,Real GDP (PWT),1098112.25,0.07580977209100292,PWT
15_PHL,Philippines,2023,Real GDP (PWT),1159012.0,0.05545858358287137,PWT
15_PHL,Philippines,1950,TFP,,,PWT
15_PHL,Philippines,1951,TFP,,,PWT
15_PHL,Philippines,1952,TFP,,,PWT
15_PHL,Philippines,1953,TFP,,,PWT
15_PHL,Philippines,1954,TFP,1.23987019062042,,PWT
15_PHL,Philippines,1955,TFP,1.24620091915131,0.005105960752005867,PWT
15_PHL,Philippines,1956,TFP,1.27693712711334,0.024663926570493988,PWT
15_PHL,Philippines,1957,TFP,1.28797829151154,0.008646599870707705,PWT
15_PHL,Philippines,1958,TFP,1.26665151119232,-0.01655833833518383,PWT
15_PHL,Philippines,1959,TFP,1.27945911884308,0.010111390179216695,PWT
15_PHL,Philippines,1960,TFP,1.27652835845947,-0.0022906244837740397,PWT
15_PHL,Philippines,1961,TFP,1.25966882705688,-0.013207330092483205,PWT
15_PHL,Philippines,1962,TFP,1.24932742118835,-0.008209622756714552,PWT
15_PHL,Philippines,1963,TFP,1.26258218288422,0.01060951794627396,PWT
15_PHL,Philippines,1964,TFP,1.22230160236359,-0.03190333355458408,PWT
15_PHL,Philippines,1965,TFP,1.24287486076355,0.016831572796907945,PWT
15_PHL,Philippines,1966,TFP,1.21141886711121,-0.025309059379489907,PWT
15_PHL,Philippines,1967,TFP,1.20231759548187,-0.007512902330011895,PWT
15_PHL,Philippines,1968,TFP,1.21640467643738,0.011716605502944732,PWT
15_PHL,Philippines,1969,TFP,1.23819303512573,0.017912097109133107,PWT
15_PHL,Philippines,1970,TFP,1.24940824508667,0.009057723345860191,PWT
15_PHL,Philippines,1971,TFP,1.21069669723511,-0.030983906184222754,PWT
15_PHL,Philippines,1972,TFP,1.23794806003571,0.022508827242061713,PWT
15_PHL,Philippines,1973,TFP,1.26500248908997,0.021854252151321862,PWT
15_PHL,Philippines,1974,TFP,1.24682533740997,-0.014369261591790639,PWT
15_PHL,Philippines,1975,TFP,1.23008620738983,-0.013425400910533458,PWT
15_PHL,Philippines,1976,TFP,1.28012883663178,0.040682213117515964,PWT
15_PHL,Philippines,1977,TFP,1.27561390399933,-0.0035269361202185934,PWT
15_PHL,Philippines,1978,TFP,1.22182965278625,-0.042163425033589275,PWT
15_PHL,Philippines,1979,TFP,1.21970558166504,-0.0017384347452742421,PWT
15_PHL,Philippines,1980,TFP,1.21218395233154,-0.006166758147676865,PWT
15_PHL,Philippines,1981,TFP,1.15784120559692,-0.04483044560200289,PWT
15_PHL,Philippines,1982,TFP,1.14648962020874,-0.009804095184475448,PWT
15_PHL,Philippines,1983,TFP,1.05997538566589,-0.07546011147235543,PWT
15_PHL,Philippines,1984,TFP,0.946743786334992,-0.10682474410456655,PWT
15_PHL,Philippines,1985,TFP,0.875913143157959,-0.07481500718502798,PWT
15_PHL,Philippines,1986,TFP,0.89057195186615,0.016735459243528483,PWT
15_PHL,Philippines,1987,TFP,0.919163763523102,0.03210499903689912,PWT
15_PHL,Philippines,1988,TFP,0.952535331249237,0.03630644402062111,PWT
15_PHL,Philippines,1989,TFP,0.973447620868683,0.02195434534908003,PWT
15_PHL,Philippines,1990,TFP,0.960343778133392,-0.013461271520287199,PWT
15_PHL,Philippines,1991,TFP,0.925981044769287,-0.035781700414507234,PWT
15_PHL,Philippines,1992,TFP,0.896511375904083,-0.031825347863947306,PWT
15_PHL,Philippines,1993,TFP,0.886424422264099,-0.011251339259149784,PWT
15_PHL,Philippines,1994,TFP,0.88580185174942,-0.0007023390816430775,PWT
15_PHL,Philippines,1995,TFP,0.89169305562973,0.006650701698890149,PWT
15_PHL,Philippines,1996,TFP,0.909745216369629,0.020244814766612995,PWT
15_PHL,Philippines,1997,TFP,0.902743637561798,-0.007696197442808361,PWT
15_PHL,Philippines,1998,TFP,0.873561322689056,-0.032326248182219186,PWT
15_PHL,Philippines,1999,TFP,0.868263423442841,-0.006064713613815442,PWT
15_PHL,Philippines,2000,TFP,0.87385892868042,0.006444478814265464,PWT
15_PHL,Philippines,2001,TFP,0.89101368188858,0.019631032704631846,PWT
15_PHL,Philippines,2002,TFP,0.893344759941101,0.002616209043591944,PWT
15_PHL,Philippines,2003,TFP,0.902137696743012,0.009842713805687797,PWT
15_PHL,Philippines,2004,TFP,0.922517597675324,0.022590676573974955,PWT
15_PHL,Philippines,2005,TFP,0.938676595687866,0.017516194870711876,PWT
15_PHL,Philippines,2006,TFP,0.959152638912201,0.021813735762028053,PWT
15_PHL,Philippines,2007,TFP,0.974193513393402,0.015681419068250824,PWT
15_PHL,Philippines,2008,TFP,0.978777706623077,0.004705628980947507,PWT
15_PHL,Philippines,2009,TFP,0.960394442081451,-0.01878185865619153,PWT
15_PHL,Philippines,2010,TFP,0.974676012992859,0.014870526406270956,PWT
15_PHL,Philippines,2011,TFP,0.977422297000885,0.002817637831871167,PWT
15_PHL,Philippines,2012,TFP,1.00324738025665,0.026421622808284972,PWT
15_PHL,Philippines,2013,TFP,1.02164673805237,0.01833980148646197,PWT
15_PHL,Philippines,2014,TFP,1.05254542827606,0.030244006145014657,PWT
15_PHL,Philippines,2015,TFP,1.06902730464935,0.015659064141568813,PWT
15_PHL,Philippines,2016,TFP,1.04629158973694,-0.021267665300529814,PWT
15_PHL,Philippines,2017,TFP,1.07917284965515,0.0314264782788487,PWT
15_PHL,Philippines,2018,TFP,1.07019734382629,-0.008317023386687494,PWT
15_PHL,Philippines,2019,TFP,1.06887376308441,-0.0012367632469986178,PWT
15_PHL,Philippines,2020,TFP,1.04845714569092,-0.01910105580155197,PWT
15_PHL,Philippines,2021,TFP,1.0,-0.04621757397531712,PWT
15_PHL,Philippines,2022,TFP,0.966736257076263,-0.033263742923737016,PWT
15_PHL,Philippines,2023,TFP,0.973812460899353,0.00731968390685056,PWT
15_PHL,Philippines,1950,delta,0.0384237393736839,,PWT
15_PHL,Philippines,1951,delta,0.0387687496840954,0.00897909250987139,PWT
15_PHL,Philippines,1952,delta,0.0387684442102909,-7.879382414532898e-06,PWT
15_PHL,Philippines,1953,delta,0.0391984581947327,0.011091855585158017,PWT
15_PHL,Philippines,1954,delta,0.0405041240155697,0.03330911165818384,PWT
15_PHL,Philippines,1955,delta,0.042278952896595,0.04381847340638845,PWT
15_PHL,Philippines,1956,delta,0.043629877269268,0.03195264499518391,PWT
15_PHL,Philippines,1957,delta,0.0446687452495098,0.023810930611385173,PWT
15_PHL,Philippines,1958,delta,0.0457033105194569,0.02316083122926882,PWT
15_PHL,Philippines,1959,delta,0.0468358770012856,0.024780841233515094,PWT
15_PHL,Philippines,1960,delta,0.0476318746805191,0.016995468649207757,PWT
15_PHL,Philippines,1961,delta,0.0479159317910671,0.005963592918675875,PWT
15_PHL,Philippines,1962,delta,0.048067532479763,0.0031638889828322636,PWT
15_PHL,Philippines,1963,delta,0.0481967926025391,0.0026891358076370775,PWT
15_PHL,Philippines,1964,delta,0.0484754741191864,0.0057821589694875275,PWT
15_PHL,Philippines,1965,delta,0.0486526489257813,0.0036549370545460036,PWT
15_PHL,Philippines,1966,delta,0.0487052612006664,0.001081385619216002,PWT
15_PHL,Philippines,1967,delta,0.0490762591362,0.007617204515238729,PWT
15_PHL,Philippines,1968,delta,0.0498463697731495,0.015692121822330263,PWT
15_PHL,Philippines,1969,delta,0.0505286678671837,0.013688019752277514,PWT
15_PHL,Philippines,1970,delta,0.0510946102440357,0.011200421478349654,PWT
15_PHL,Philippines,1971,delta,0.0520286709070206,0.018281001822377796,PWT
15_PHL,Philippines,1972,delta,0.0527740493416786,0.014326301665288588,PWT
15_PHL,Philippines,1973,delta,0.053011529147625,0.004499935269489441,PWT
15_PHL,Philippines,1974,delta,0.0537436380982399,0.013810372241407132,PWT
15_PHL,Philippines,1975,delta,0.0550144128501415,0.023645119624739586,PWT
15_PHL,Philippines,1976,delta,0.0555872023105621,0.010411625440425398,PWT
15_PHL,Philippines,1977,delta,0.0553098618984222,-0.004989285314098368,PWT
15_PHL,Philippines,1978,delta,0.0551154315471649,-0.0035152926545788388,PWT
15_PHL,Philippines,1979,delta,0.0552383214235306,0.0022296818316760447,PWT
15_PHL,Philippines,1980,delta,0.0554413758218288,0.0036759697446508977,PWT
15_PHL,Philippines,1981,delta,0.055477999150753,0.0006605775628998334,PWT
15_PHL,Philippines,1982,delta,0.0550994537770748,-0.006823342216246142,PWT
15_PHL,Philippines,1983,delta,0.0546515248715878,-0.008129461814617267,PWT
15_PHL,Philippines,1984,delta,0.0533786788582802,-0.023290219555599734,PWT
15_PHL,Philippines,1985,delta,0.0510859973728657,-0.04295125946263201,PWT
15_PHL,Philippines,1986,delta,0.0489444844424725,-0.04191976354621707,PWT
15_PHL,Philippines,1987,delta,0.0472096279263496,-0.03544539361042787,PWT
15_PHL,Philippines,1988,delta,0.0459587126970291,-0.026497036394186657,PWT
15_PHL,Philippines,1989,delta,0.0454399064183235,-0.01128852938344238,PWT
15_PHL,Philippines,1990,delta,0.0454548299312592,0.00032842305611957556,PWT
15_PHL,Philippines,1991,delta,0.0455415323376656,0.001907441003244692,PWT
15_PHL,Philippines,1992,delta,0.045672569423914,0.0028773095572811602,PWT
15_PHL,Philippines,1993,delta,0.0460128486156464,0.007450406141464638,PWT
15_PHL,Philippines,1994,delta,0.0464633926749229,0.009791701075496873,PWT
15_PHL,Philippines,1995,delta,0.0469005554914475,0.009408757978203841,PWT
15_PHL,Philippines,1996,delta,0.0472798831760883,0.00808791453887947,PWT
15_PHL,Philippines,1997,delta,0.0475914292037487,0.0065893992694543435,PWT
15_PHL,Philippines,1998,delta,0.0473199225962162,-0.005704947552008233,PWT
15_PHL,Philippines,1999,delta,0.046509362757206,-0.017129356823483488,PWT
15_PHL,Philippines,2000,delta,0.0456325486302376,-0.018852421856340063,PWT
15_PHL,Philippines,2001,delta,0.0447482652962208,-0.019378346390033663,PWT
15_PHL,Philippines,2002,delta,0.0440052561461926,-0.016604200075906683,PWT
15_PHL,Philippines,2003,delta,0.0435408651828766,-0.010553079426994239,PWT
15_PHL,Philippines,2004,delta,0.0432892702519894,-0.0057783631498932175,PWT
15_PHL,Philippines,2005,delta,0.0432303734123707,-0.0013605412906213532,PWT
15_PHL,Philippines,2006,delta,0.0433097667992115,0.0018365186458944027,PWT
15_PHL,Philippines,2007,delta,0.0434171110391617,0.002478522695535723,PWT
15_PHL,Philippines,2008,delta,0.0435211509466171,0.0023962881215553455,PWT
15_PHL,Philippines,2009,delta,0.0435354486107826,0.00032852219793189086,PWT
15_PHL,Philippines,2010,delta,0.0437284633517265,0.004433507569187922,PWT
15_PHL,Philippines,2011,delta,0.0440823026001453,0.008091737538836519,PWT
15_PHL,Philippines,2012,delta,0.0443370081484318,0.005777954717947509,PWT
15_PHL,Philippines,2013,delta,0.044611282646656,0.006186130045265692,PWT
15_PHL,Philippines,2014,delta,0.0448556691408157,0.005478131980543255,PWT
15_PHL,Philippines,2015,delta,0.0451046079397202,0.005549773388130896,PWT
15_PHL,Philippines,2016,delta,0.0458795987069607,0.017182075238880934,PWT
15_PHL,Philippines,2017,delta,0.0470628365874291,0.02579006603841294,PWT
15_PHL,Philippines,2018,delta,0.0480823628604412,0.021663085928067982,PWT
15_PHL,Philippines,2019,delta,0.0485024377703667,0.00873656960546576,PWT
15_PHL,Philippines,2020,delta,0.0480309426784515,-0.00972105967430914,PWT
15_PHL,Philippines,2021,delta,0.0472779609262943,-0.015677013819989427,PWT
15_PHL,Philippines,2022,delta,0.0467602163553238,-0.010951076586777075,PWT
15_PHL,Philippines,2023,delta,0.0463772527873516,-0.0081899443121074,PWT
15_PHL,Philippines,1950,output_to_kstock,0.47473500662840695,,PWT
15_PHL,Philippines,1951,output_to_kstock,0.4966688010992276,0.04620218472321147,PWT
15_PHL,Philippines,1952,output_to_kstock,0.5039524665636256,0.014665035227253487,PWT
15_PHL,Philippines,1953,output_to_kstock,0.5148690407728984,0.021661912449226106,PWT
15_PHL,Philippines,1954,output_to_kstock,0.518077592537746,0.006231782280074594,PWT
15_PHL,Philippines,1955,output_to_kstock,0.5202786475476538,0.004248504551463528,PWT
15_PHL,Philippines,1956,output_to_kstock,0.5281732769194192,0.015173848492489261,PWT
15_PHL,Philippines,1957,output_to_kstock,0.5202282551856747,-0.015042453075407303,PWT
15_PHL,Philippines,1958,output_to_kstock,0.509756538155065,-0.020129081660265058,PWT
15_PHL,Philippines,1959,output_to_kstock,0.5103214090701113,0.0011081190191117862,PWT
15_PHL,Philippines,1960,output_to_kstock,0.4946566804397315,-0.030695809252689332,PWT
15_PHL,Philippines,1961,output_to_kstock,0.49446890741344834,-0.00037960272995041233,PWT
15_PHL,Philippines,1962,output_to_kstock,0.4937834372943164,-0.0013862754742610672,PWT
15_PHL,Philippines,1963,output_to_kstock,0.49597912686046947,0.004446665076869305,PWT
15_PHL,Philippines,1964,output_to_kstock,0.4811963062425755,-0.029805328122311736,PWT
15_PHL,Philippines,1965,output_to_kstock,0.4753569754049779,-0.012135028390375724,PWT
15_PHL,Philippines,1966,output_to_kstock,0.46821335495788413,-0.01502790706081003,PWT
15_PHL,Philippines,1967,output_to_kstock,0.46300461023542244,-0.01112472480185922,PWT
15_PHL,Philippines,1968,output_to_kstock,0.45960482328901664,-0.0073428792527079345,PWT
15_PHL,Philippines,1969,output_to_kstock,0.45591068447863264,-0.008037641519834549,PWT
15_PHL,Philippines,1970,output_to_kstock,0.45209906476989786,-0.008360452690626574,PWT
15_PHL,Philippines,1971,output_to_kstock,0.4545287595567827,0.005374253070223656,PWT
15_PHL,Philippines,1972,output_to_kstock,0.4586873155116885,0.009149159140030783,PWT
15_PHL,Philippines,1973,output_to_kstock,0.4778843171039756,0.04185204374110918,PWT
15_PHL,Philippines,1974,output_to_kstock,0.4683532348921,-0.019944329350740864,PWT
15_PHL,Philippines,1975,output_to_kstock,0.4571940816815657,-0.02382636091561352,PWT
15_PHL,Philippines,1976,output_to_kstock,0.4548894471096474,-0.005040823283280149,PWT
15_PHL,Philippines,1977,output_to_kstock,0.44284173198680055,-0.02648492990856932,PWT
15_PHL,Philippines,1978,output_to_kstock,0.4299168355923111,-0.029186265568292735,PWT
15_PHL,Philippines,1979,output_to_kstock,0.41739146581160713,-0.029134401688287737,PWT
15_PHL,Philippines,1980,output_to_kstock,0.40364530182708264,-0.0329335051395826,PWT
15_PHL,Philippines,1981,output_to_kstock,0.3822139956165127,-0.05309440271833232,PWT
15_PHL,Philippines,1982,output_to_kstock,0.36465017093659324,-0.04595285594288334,PWT
15_PHL,Philippines,1983,output_to_kstock,0.3418440516178598,-0.06254246161507782,PWT
15_PHL,Philippines,1984,output_to_kstock,0.30667904964209636,-0.10286855017466756,PWT
15_PHL,Philippines,1985,output_to_kstock,0.285080358571229,-0.07042767054376131,PWT
15_PHL,Philippines,1986,output_to_kstock,0.2936022199698512,0.029892839483337985,PWT
15_PHL,Philippines,1987,output_to_kstock,0.30273697663500104,0.0311126961713295,PWT
15_PHL,Philippines,1988,output_to_kstock,0.31517666050922727,0.041090731672412506,PWT
15_PHL,Philippines,1989,output_to_kstock,0.3214281022453509,0.019834722932920323,PWT
15_PHL,Philippines,1990,output_to_kstock,0.31532644297176426,-0.018982967671349216,PWT
15_PHL,Philippines,1991,output_to_kstock,0.30428041825862945,-0.03503044213175588,PWT
15_PHL,Philippines,1992,output_to_kstock,0.2954544057603372,-0.029006179723304992,PWT
15_PHL,Philippines,1993,output_to_kstock,0.29045551368179584,-0.016919335034713656,PWT
15_PHL,Philippines,1994,output_to_kstock,0.2910094509449881,0.001907132889889418,PWT
15_PHL,Philippines,1995,output_to_kstock,0.29197327284035013,0.0033119951679652093,PWT
15_PHL,Philippines,1996,output_to_kstock,0.2945985295971114,0.00899142832911548,PWT
15_PHL,Philippines,1997,output_to_kstock,0.2935547782588011,-0.0035429618054704237,PWT
15_PHL,Philippines,1998,output_to_kstock,0.2814678083760002,-0.04117449545360452,PWT
15_PHL,Philippines,1999,output_to_kstock,0.28253958325844447,0.003807806259011004,PWT
15_PHL,Philippines,2000,output_to_kstock,0.28419987014233444,0.005876298339306585,PWT
15_PHL,Philippines,2001,output_to_kstock,0.28421860997109566,6.593890683981307e-05,PWT
15_PHL,Philippines,2002,output_to_kstock,0.285782828987318,0.005503577040157248,PWT
15_PHL,Philippines,2003,output_to_kstock,0.28854321995643595,0.009659051171476918,PWT
15_PHL,Philippines,2004,output_to_kstock,0.2952414796642374,0.02321406030199835,PWT
15_PHL,Philippines,2005,output_to_kstock,0.2987144441696168,0.011763132027819978,PWT
15_PHL,Philippines,2006,output_to_kstock,0.3029568141032479,0.01420209171814335,PWT
15_PHL,Philippines,2007,output_to_kstock,0.30890820916228234,0.019644367718384625,PWT
15_PHL,Philippines,2008,output_to_kstock,0.30746413760957453,-0.004674759394138306,PWT
15_PHL,Philippines,2009,output_to_kstock,0.29812943653453505,-0.030360292252662346,PWT
15_PHL,Philippines,2010,output_to_kstock,0.30181913087317386,0.01237614903623041,PWT
15_PHL,Philippines,2011,output_to_kstock,0.29881344957297945,-0.009958551306866625,PWT
15_PHL,Philippines,2012,output_to_kstock,0.3025482462332664,0.012498756885355178,PWT
15_PHL,Philippines,2013,output_to_kstock,0.30419492548571614,0.005442699711371457,PWT
15_PHL,Philippines,2014,output_to_kstock,0.30412835488903545,-0.0002188419040008993,PWT
15_PHL,Philippines,2015,output_to_kstock,0.30204246905438636,-0.006858570735405856,PWT
15_PHL,Philippines,2016,output_to_kstock,0.2983936104954116,-0.012080614260631561,PWT
15_PHL,Philippines,2017,output_to_kstock,0.29392288479295686,-0.01498264555676021,PWT
15_PHL,Philippines,2018,output_to_kstock,0.2869256491622675,-0.023806365522093698,PWT
15_PHL,Philippines,2019,output_to_kstock,0.2813374484145599,-0.019476128272336024,PWT
15_PHL,Philippines,2020,output_to_kstock,0.24481748041898674,-0.12980841406423715,PWT
15_PHL,Philippines,2021,output_to_kstock,0.2474884422914089,0.010910012911867994,PWT
15_PHL,Philippines,2022,output_to_kstock,0.25330309923184113,0.023494660544938428,PWT
15_PHL,Philippines,2023,output_to_kstock,0.2535515998415264,0.0009810405417023382,PWT
16_RUS,Russia,1950,Average hours,,,PWT
16_RUS,Russia,1951,Average hours,,,PWT
16_RUS,Russia,1952,Average hours,,,PWT
16_RUS,Russia,1953,Average hours,,,PWT
16_RUS,Russia,1954,Average hours,,,PWT
16_RUS,Russia,1955,Average hours,,,PWT
16_RUS,Russia,1956,Average hours,,,PWT
16_RUS,Russia,1957,Average hours,,,PWT
16_RUS,Russia,1958,Average hours,,,PWT
16_RUS,Russia,1959,Average hours,,,PWT
16_RUS,Russia,1960,Average hours,,,PWT
16_RUS,Russia,1961,Average hours,,,PWT
16_RUS,Russia,1962,Average hours,,,PWT
16_RUS,Russia,1963,Average hours,,,PWT
16_RUS,Russia,1964,Average hours,,,PWT
16_RUS,Russia,1965,Average hours,,,PWT
16_RUS,Russia,1966,Average hours,,,PWT
16_RUS,Russia,1967,Average hours,,,PWT
16_RUS,Russia,1968,Average hours,,,PWT
16_RUS,Russia,1969,Average hours,,,PWT
16_RUS,Russia,1970,Average hours,,,PWT
16_RUS,Russia,1971,Average hours,,,PWT
16_RUS,Russia,1972,Average hours,,,PWT
16_RUS,Russia,1973,Average hours,,,PWT
16_RUS,Russia,1974,Average hours,,,PWT
16_RUS,Russia,1975,Average hours,,,PWT
16_RUS,Russia,1976,Average hours,,,PWT
16_RUS,Russia,1977,Average hours,,,PWT
16_RUS,Russia,1978,Average hours,,,PWT
16_RUS,Russia,1979,Average hours,,,PWT
16_RUS,Russia,1980,Average hours,,,PWT
16_RUS,Russia,1981,Average hours,,,PWT
16_RUS,Russia,1982,Average hours,,,PWT
16_RUS,Russia,1983,Average hours,,,PWT
16_RUS,Russia,1984,Average hours,,,PWT
16_RUS,Russia,1985,Average hours,,,PWT
16_RUS,Russia,1986,Average hours,,,PWT
16_RUS,Russia,1987,Average hours,,,PWT
16_RUS,Russia,1988,Average hours,,,PWT
16_RUS,Russia,1989,Average hours,,,PWT
16_RUS,Russia,1990,Average hours,,,PWT
16_RUS,Russia,1991,Average hours,,,PWT
16_RUS,Russia,1992,Average hours,2330.92,,PWT
16_RUS,Russia,1993,Average hours,2338.15,0.0031017795548538007,PWT
16_RUS,Russia,1994,Average hours,2285.1,-0.022688877959070264,PWT
16_RUS,Russia,1995,Average hours,2280.27,-0.0021136930550085253,PWT
16_RUS,Russia,1996,Average hours,2255.68,-0.010783810689085183,PWT
16_RUS,Russia,1997,Average hours,2351.67,0.04255479500638404,PWT
16_RUS,Russia,1998,Average hours,2346.77,-0.00208362567877296,PWT
16_RUS,Russia,1999,Average hours,2235.93,-0.047230874776820975,PWT
16_RUS,Russia,2000,Average hours,2196.61,-0.017585523697074446,PWT
16_RUS,Russia,2001,Average hours,2223.14,0.012077701549205289,PWT
16_RUS,Russia,2002,Average hours,2177.81,-0.020390078897415287,PWT
16_RUS,Russia,2003,Average hours,2214.36,0.016782914946666727,PWT
16_RUS,Russia,2004,Average hours,2195.93,-0.008322946585017976,PWT
16_RUS,Russia,2005,Average hours,2180.98,-0.006808049436912711,PWT
16_RUS,Russia,2006,Average hours,2168.1,-0.0059056020687947575,PWT
16_RUS,Russia,2007,Average hours,2145.98,-0.010202481435358068,PWT
16_RUS,Russia,2008,Average hours,2148.47,0.0011603090429546103,PWT
16_RUS,Russia,2009,Average hours,2138.27,-0.004747564545932614,PWT
16_RUS,Russia,2010,Average hours,2149.63,0.0053127060661188885,PWT
16_RUS,Russia,2011,Average hours,2132.52,-0.007959509310904722,PWT
16_RUS,Russia,2012,Average hours,2119.7,-0.006011666948024019,PWT
16_RUS,Russia,2013,Average hours,2113.12,-0.0031042128603103736,PWT
16_RUS,Russia,2014,Average hours,2104.86,-0.003908911940637472,PWT
16_RUS,Russia,2015,Average hours,2086.29,-0.00882243949716377,PWT
16_RUS,Russia,2016,Average hours,2081.0,-0.002535601474387583,PWT
16_RUS,Russia,2017,Average hours,2075.78,-0.002508409418548685,PWT
16_RUS,Russia,2018,Average hours,2067.65,-0.003916600025050898,PWT
16_RUS,Russia,2019,Average hours,2062.4,-0.0025391144536067722,PWT
16_RUS,Russia,2020,Average hours,1966.89,-0.046310124127230456,PWT
16_RUS,Russia,2021,Average hours,2064.87,0.04981468206152839,PWT
16_RUS,Russia,2022,Average hours,2079.5,0.007085191803842372,PWT
16_RUS,Russia,2023,Average hours,2086.68,0.0034527530656407457,PWT
16_RUS,Russia,1950,Capital stock,,,PWT
16_RUS,Russia,1951,Capital stock,,,PWT
16_RUS,Russia,1952,Capital stock,,,PWT
16_RUS,Russia,1953,Capital stock,,,PWT
16_RUS,Russia,1954,Capital stock,,,PWT
16_RUS,Russia,1955,Capital stock,,,PWT
16_RUS,Russia,1956,Capital stock,,,PWT
16_RUS,Russia,1957,Capital stock,,,PWT
16_RUS,Russia,1958,Capital stock,,,PWT
16_RUS,Russia,1959,Capital stock,,,PWT
16_RUS,Russia,1960,Capital stock,,,PWT
16_RUS,Russia,1961,Capital stock,,,PWT
16_RUS,Russia,1962,Capital stock,,,PWT
16_RUS,Russia,1963,Capital stock,,,PWT
16_RUS,Russia,1964,Capital stock,,,PWT
16_RUS,Russia,1965,Capital stock,,,PWT
16_RUS,Russia,1966,Capital stock,,,PWT
16_RUS,Russia,1967,Capital stock,,,PWT
16_RUS,Russia,1968,Capital stock,,,PWT
16_RUS,Russia,1969,Capital stock,,,PWT
16_RUS,Russia,1970,Capital stock,,,PWT
16_RUS,Russia,1971,Capital stock,,,PWT
16_RUS,Russia,1972,Capital stock,,,PWT
16_RUS,Russia,1973,Capital stock,,,PWT
16_RUS,Russia,1974,Capital stock,,,PWT
16_RUS,Russia,1975,Capital stock,,,PWT
16_RUS,Russia,1976,Capital stock,,,PWT
16_RUS,Russia,1977,Capital stock,,,PWT
16_RUS,Russia,1978,Capital stock,,,PWT
16_RUS,Russia,1979,Capital stock,,,PWT
16_RUS,Russia,1980,Capital stock,,,PWT
16_RUS,Russia,1981,Capital stock,,,PWT
16_RUS,Russia,1982,Capital stock,,,PWT
16_RUS,Russia,1983,Capital stock,,,PWT
16_RUS,Russia,1984,Capital stock,,,PWT
16_RUS,Russia,1985,Capital stock,,,PWT
16_RUS,Russia,1986,Capital stock,,,PWT
16_RUS,Russia,1987,Capital stock,,,PWT
16_RUS,Russia,1988,Capital stock,,,PWT
16_RUS,Russia,1989,Capital stock,,,PWT
16_RUS,Russia,1990,Capital stock,37380040.0,,PWT
16_RUS,Russia,1991,Capital stock,38893240.0,0.04048149761209463,PWT
16_RUS,Russia,1992,Capital stock,39074000.0,0.004647594286307788,PWT
16_RUS,Russia,1993,Capital stock,38792552.0,-0.007202948252034602,PWT
16_RUS,Russia,1994,Capital stock,38239248.0,-0.014263150307821992,PWT
16_RUS,Russia,1995,Capital stock,37700600.0,-0.014086260273737605,PWT
16_RUS,Russia,1996,Capital stock,37056436.0,-0.017086306318732314,PWT
16_RUS,Russia,1997,Capital stock,36438964.0,-0.01666301637858536,PWT
16_RUS,Russia,1998,Capital stock,35782108.0,-0.018026198549442873,PWT
16_RUS,Russia,1999,Capital stock,35187632.0,-0.016613778036777438,PWT
16_RUS,Russia,2000,Capital stock,34752908.0,-0.012354454542436999,PWT
16_RUS,Russia,2001,Capital stock,34433384.0,-0.009194165852250413,PWT
16_RUS,Russia,2002,Capital stock,34152712.0,-0.008151159351633908,PWT
16_RUS,Russia,2003,Capital stock,34005056.0,-0.004323404829461253,PWT
16_RUS,Russia,2004,Capital stock,33976788.0,-0.0008312881472684053,PWT
16_RUS,Russia,2005,Capital stock,34039032.0,0.0018319565698794449,PWT
16_RUS,Russia,2006,Capital stock,34261632.0,0.006539551418500933,PWT
16_RUS,Russia,2007,Capital stock,34687272.0,0.012423226073994265,PWT
16_RUS,Russia,2008,Capital stock,35209908.0,0.015067082819312017,PWT
16_RUS,Russia,2009,Capital stock,35464172.0,0.007221376437564153,PWT
16_RUS,Russia,2010,Capital stock,35775948.0,0.008791295056881587,PWT
16_RUS,Russia,2011,Capital stock,36158892.0,0.010703951157353009,PWT
16_RUS,Russia,2012,Capital stock,36590680.0,0.011941405726701992,PWT
16_RUS,Russia,2013,Capital stock,37013888.0,0.011566005332505513,PWT
16_RUS,Russia,2014,Capital stock,37359784.0,0.009345032869824355,PWT
16_RUS,Russia,2015,Capital stock,37526296.0,0.004456985083211462,PWT
16_RUS,Russia,2016,Capital stock,37716004.0,0.005055335064243938,PWT
16_RUS,Russia,2017,Capital stock,37973636.0,0.006830840297927576,PWT
16_RUS,Russia,2018,Capital stock,38231836.0,0.00679945423187811,PWT
16_RUS,Russia,2019,Capital stock,38493524.0,0.006844766754073861,PWT
16_RUS,Russia,2020,Capital stock,38671908.0,0.004634130146151438,PWT
16_RUS,Russia,2021,Capital stock,38930708.0,0.006692196309527887,PWT
16_RUS,Russia,2022,Capital stock,39284384.0,0.009084756434432073,PWT
16_RUS,Russia,2023,Capital stock,39794260.0,0.012979101314150698,PWT
16_RUS,Russia,1950,Employment,,,PWT
16_RUS,Russia,1951,Employment,,,PWT
16_RUS,Russia,1952,Employment,,,PWT
16_RUS,Russia,1953,Employment,,,PWT
16_RUS,Russia,1954,Employment,,,PWT
16_RUS,Russia,1955,Employment,,,PWT
16_RUS,Russia,1956,Employment,,,PWT
16_RUS,Russia,1957,Employment,,,PWT
16_RUS,Russia,1958,Employment,,,PWT
16_RUS,Russia,1959,Employment,,,PWT
16_RUS,Russia,1960,Employment,,,PWT
16_RUS,Russia,1961,Employment,,,PWT
16_RUS,Russia,1962,Employment,,,PWT
16_RUS,Russia,1963,Employment,,,PWT
16_RUS,Russia,1964,Employment,,,PWT
16_RUS,Russia,1965,Employment,,,PWT
16_RUS,Russia,1966,Employment,,,PWT
16_RUS,Russia,1967,Employment,,,PWT
16_RUS,Russia,1968,Employment,,,PWT
16_RUS,Russia,1969,Employment,,,PWT
16_RUS,Russia,1970,Employment,,,PWT
16_RUS,Russia,1971,Employment,,,PWT
16_RUS,Russia,1972,Employment,,,PWT
16_RUS,Russia,1973,Employment,,,PWT
16_RUS,Russia,1974,Employment,,,PWT
16_RUS,Russia,1975,Employment,,,PWT
16_RUS,Russia,1976,Employment,,,PWT
16_RUS,Russia,1977,Employment,,,PWT
16_RUS,Russia,1978,Employment,,,PWT
16_RUS,Russia,1979,Employment,,,PWT
16_RUS,Russia,1980,Employment,,,PWT
16_RUS,Russia,1981,Employment,,,PWT
16_RUS,Russia,1982,Employment,,,PWT
16_RUS,Russia,1983,Employment,,,PWT
16_RUS,Russia,1984,Employment,,,PWT
16_RUS,Russia,1985,Employment,,,PWT
16_RUS,Russia,1986,Employment,,,PWT
16_RUS,Russia,1987,Employment,,,PWT
16_RUS,Russia,1988,Employment,,,PWT
16_RUS,Russia,1989,Employment,,,PWT
16_RUS,Russia,1990,Employment,74.8903503417969,,PWT
16_RUS,Russia,1991,Employment,73.4421005249023,-0.01933827002123556,PWT
16_RUS,Russia,1992,Employment,71.3502883911133,-0.02848246603567295,PWT
16_RUS,Russia,1993,Employment,68.4138107299805,-0.04115579246206014,PWT
16_RUS,Russia,1994,Employment,64.7663269042969,-0.053315022022083935,PWT
16_RUS,Russia,1995,Employment,64.0173950195313,-0.011563599798893431,PWT
16_RUS,Russia,1996,Employment,62.9662551879883,-0.016419597067676817,PWT
16_RUS,Russia,1997,Employment,60.1817893981934,-0.044221556157052144,PWT
16_RUS,Russia,1998,Employment,58.4486427307129,-0.028798523354184757,PWT
16_RUS,Russia,1999,Employment,62.9549407958984,0.07709842101803988,PWT
16_RUS,Russia,2000,Employment,65.1224975585938,0.034430288318794355,PWT
16_RUS,Russia,2001,Employment,65.1841506958008,0.000946725625065481,PWT
16_RUS,Russia,2002,Employment,66.947624206543,0.027053716155203356,PWT
16_RUS,Russia,2003,Employment,66.9014358520508,-0.0006899177534620549,PWT
16_RUS,Russia,2004,Employment,67.9530181884766,0.015718382169723988,PWT
16_RUS,Russia,2005,Employment,69.0459518432617,0.016083666096385896,PWT
16_RUS,Russia,2006,Employment,69.9513626098633,0.013113162211984886,PWT
16_RUS,Russia,2007,Employment,71.6374664306641,0.024103945339916333,PWT
16_RUS,Russia,2008,Employment,71.9293518066406,0.004074479326526603,PWT
16_RUS,Russia,2009,Employment,70.3673706054688,-0.02171549113038973,PWT
16_RUS,Russia,2010,Employment,70.690559387207,0.004592878474175555,PWT
16_RUS,Russia,2011,Employment,71.3915710449219,0.009916623433054328,PWT
16_RUS,Russia,2012,Employment,72.0879058837891,0.009753740233970243,PWT
16_RUS,Russia,2013,Employment,71.9355010986328,-0.002114151927259389,PWT
16_RUS,Russia,2014,Employment,72.0874328613281,0.002112055388159284,PWT
16_RUS,Russia,2015,Employment,71.7792892456055,-0.004274581622505047,PWT
16_RUS,Russia,2016,Employment,71.9487228393555,0.00236048023783364,PWT
16_RUS,Russia,2017,Employment,71.991325378418,0.0005921236316817069,PWT
16_RUS,Russia,2018,Employment,72.3320770263672,0.004733232040917024,PWT
16_RUS,Russia,2019,Employment,71.8178329467773,-0.007109488635345551,PWT
16_RUS,Russia,2020,Employment,70.5566253662109,-0.0175612035175311,PWT
16_RUS,Russia,2021,Employment,71.7034225463867,0.016253571854146553,PWT
16_RUS,Russia,2022,Employment,72.8085784912109,0.015412875781616098,PWT
16_RUS,Russia,2023,Employment,74.6163482666016,0.0248290766397663,PWT
16_RUS,Russia,1950,Real GDP (PWT),,,PWT
16_RUS,Russia,1951,Real GDP (PWT),,,PWT
16_RUS,Russia,1952,Real GDP (PWT),,,PWT
16_RUS,Russia,1953,Real GDP (PWT),,,PWT
16_RUS,Russia,1954,Real GDP (PWT),,,PWT
16_RUS,Russia,1955,Real GDP (PWT),,,PWT
16_RUS,Russia,1956,Real GDP (PWT),,,PWT
16_RUS,Russia,1957,Real GDP (PWT),,,PWT
16_RUS,Russia,1958,Real GDP (PWT),,,PWT
16_RUS,Russia,1959,Real GDP (PWT),,,PWT
16_RUS,Russia,1960,Real GDP (PWT),,,PWT
16_RUS,Russia,1961,Real GDP (PWT),,,PWT
16_RUS,Russia,1962,Real GDP (PWT),,,PWT
16_RUS,Russia,1963,Real GDP (PWT),,,PWT
16_RUS,Russia,1964,Real GDP (PWT),,,PWT
16_RUS,Russia,1965,Real GDP (PWT),,,PWT
16_RUS,Russia,1966,Real GDP (PWT),,,PWT
16_RUS,Russia,1967,Real GDP (PWT),,,PWT
16_RUS,Russia,1968,Real GDP (PWT),,,PWT
16_RUS,Russia,1969,Real GDP (PWT),,,PWT
16_RUS,Russia,1970,Real GDP (PWT),,,PWT
16_RUS,Russia,1971,Real GDP (PWT),,,PWT
16_RUS,Russia,1972,Real GDP (PWT),,,PWT
16_RUS,Russia,1973,Real GDP (PWT),,,PWT
16_RUS,Russia,1974,Real GDP (PWT),,,PWT
16_RUS,Russia,1975,Real GDP (PWT),,,PWT
16_RUS,Russia,1976,Real GDP (PWT),,,PWT
16_RUS,Russia,1977,Real GDP (PWT),,,PWT
16_RUS,Russia,1978,Real GDP (PWT),,,PWT
16_RUS,Russia,1979,Real GDP (PWT),,,PWT
16_RUS,Russia,1980,Real GDP (PWT),,,PWT
16_RUS,Russia,1981,Real GDP (PWT),,,PWT
16_RUS,Russia,1982,Real GDP (PWT),,,PWT
16_RUS,Russia,1983,Real GDP (PWT),,,PWT
16_RUS,Russia,1984,Real GDP (PWT),,,PWT
16_RUS,Russia,1985,Real GDP (PWT),,,PWT
16_RUS,Russia,1986,Real GDP (PWT),,,PWT
16_RUS,Russia,1987,Real GDP (PWT),,,PWT
16_RUS,Russia,1988,Real GDP (PWT),,,PWT
16_RUS,Russia,1989,Real GDP (PWT),,,PWT
16_RUS,Russia,1990,Real GDP (PWT),4259858.0,,PWT
16_RUS,Russia,1991,Real GDP (PWT),4046870.0,-0.04999884972691582,PWT
16_RUS,Russia,1992,Real GDP (PWT),3460067.0,-0.145001692666184,PWT
16_RUS,Russia,1993,Real GDP (PWT),3159041.25,-0.08699997716807217,PWT
16_RUS,Russia,1994,Real GDP (PWT),2757843.25,-0.12699992442327246,PWT
16_RUS,Russia,1995,Real GDP (PWT),2644771.5,-0.04100006408993695,PWT
16_RUS,Russia,1996,Real GDP (PWT),2549354.5,-0.03607759687368073,PWT
16_RUS,Russia,1997,Real GDP (PWT),2584564.5,0.013811339301772252,PWT
16_RUS,Russia,1998,Real GDP (PWT),2446423.0,-0.05344865643709029,PWT
16_RUS,Russia,1999,Real GDP (PWT),2601797.75,0.06351099135349858,PWT
16_RUS,Russia,2000,Real GDP (PWT),2863165.75,0.10045669383794342,PWT
16_RUS,Russia,2001,Real GDP (PWT),3008932.75,0.050911128704302255,PWT
16_RUS,Russia,2002,Real GDP (PWT),3151670.0,0.04743783323173312,PWT
16_RUS,Russia,2003,Real GDP (PWT),3381611.25,0.07295854261391588,PWT
16_RUS,Russia,2004,Real GDP (PWT),3624274.25,0.0717595791059662,PWT
16_RUS,Russia,2005,Real GDP (PWT),3855364.25,0.06376173105553473,PWT
16_RUS,Russia,2006,Real GDP (PWT),4169709.25,0.08153444904719453,PWT
16_RUS,Russia,2007,Real GDP (PWT),4525597.5,0.08535085509858997,PWT
16_RUS,Russia,2008,Real GDP (PWT),4763098.5,0.05247947922898577,PWT
16_RUS,Russia,2009,Real GDP (PWT),4390582.0,-0.07820885921212839,PWT
16_RUS,Russia,2010,Real GDP (PWT),4588321.5,0.045037195524420204,PWT
16_RUS,Russia,2011,Real GDP (PWT),4770600.5,0.039726727954874086,PWT
16_RUS,Russia,2012,Real GDP (PWT),4962573.5,0.040240845989933494,PWT
16_RUS,Russia,2013,Real GDP (PWT),5049688.0,0.017554299195770007,PWT
16_RUS,Russia,2014,Real GDP (PWT),5086867.0,0.007362633097331983,PWT
16_RUS,Russia,2015,Real GDP (PWT),4986515.5,-0.019727565120141732,PWT
16_RUS,Russia,2016,Real GDP (PWT),4996174.5,0.001937023959917461,PWT
16_RUS,Russia,2017,Real GDP (PWT),5087440.0,0.018267076139954597,PWT
16_RUS,Russia,2018,Real GDP (PWT),5230210.0,0.02806323022974233,PWT
16_RUS,Russia,2019,Real GDP (PWT),5345176.0,0.021981144160559518,PWT
16_RUS,Russia,2020,Real GDP (PWT),5203332.5,-0.026536731437842298,PWT
16_RUS,Russia,2021,Real GDP (PWT),5514912.0,0.05988075910966684,PWT
16_RUS,Russia,2022,Real GDP (PWT),5448664.0,-0.012012521686656119,PWT
16_RUS,Russia,2023,Real GDP (PWT),5643976.5,0.03584594315230305,PWT
16_RUS,Russia,1950,TFP,,,PWT
16_RUS,Russia,1951,TFP,,,PWT
16_RUS,Russia,1952,TFP,,,PWT
16_RUS,Russia,1953,TFP,,,PWT
16_RUS,Russia,1954,TFP,,,PWT
16_RUS,Russia,1955,TFP,,,PWT
16_RUS,Russia,1956,TFP,,,PWT
16_RUS,Russia,1957,TFP,,,PWT
16_RUS,Russia,1958,TFP,,,PWT
16_RUS,Russia,1959,TFP,,,PWT
16_RUS,Russia,1960,TFP,,,PWT
16_RUS,Russia,1961,TFP,,,PWT
16_RUS,Russia,1962,TFP,,,PWT
16_RUS,Russia,1963,TFP,,,PWT
16_RUS,Russia,1964,TFP,,,PWT
16_RUS,Russia,1965,TFP,,,PWT
16_RUS,Russia,1966,TFP,,,PWT
16_RUS,Russia,1967,TFP,,,PWT
16_RUS,Russia,1968,TFP,,,PWT
16_RUS,Russia,1969,TFP,,,PWT
16_RUS,Russia,1970,TFP,,,PWT
16_RUS,Russia,1971,TFP,,,PWT
16_RUS,Russia,1972,TFP,,,PWT
16_RUS,Russia,1973,TFP,,,PWT
16_RUS,Russia,1974,TFP,,,PWT
16_RUS,Russia,1975,TFP,,,PWT
16_RUS,Russia,1976,TFP,,,PWT
16_RUS,Russia,1977,TFP,,,PWT
16_RUS,Russia,1978,TFP,,,PWT
16_RUS,Russia,1979,TFP,,,PWT
16_RUS,Russia,1980,TFP,,,PWT
16_RUS,Russia,1981,TFP,,,PWT
16_RUS,Russia,1982,TFP,,,PWT
16_RUS,Russia,1983,TFP,,,PWT
16_RUS,Russia,1984,TFP,,,PWT
16_RUS,Russia,1985,TFP,,,PWT
16_RUS,Russia,1986,TFP,,,PWT
16_RUS,Russia,1987,TFP,,,PWT
16_RUS,Russia,1988,TFP,,,PWT
16_RUS,Russia,1989,TFP,,,PWT
16_RUS,Russia,1990,TFP,,,PWT
16_RUS,Russia,1991,TFP,,,PWT
16_RUS,Russia,1992,TFP,,,PWT
16_RUS,Russia,1993,TFP,,,PWT
16_RUS,Russia,1994,TFP,0.561211228370667,,PWT
16_RUS,Russia,1995,TFP,0.549717128276825,-0.02048088048275898,PWT
16_RUS,Russia,1996,TFP,0.543451488018036,-0.01139793529524824,PWT
16_RUS,Russia,1997,TFP,0.555486798286438,0.022146061854195542,PWT
16_RUS,Russia,1998,TFP,0.538014829158783,-0.03145343720418281,PWT
16_RUS,Russia,1999,TFP,0.568670034408569,0.05697836488581043,PWT
16_RUS,Russia,2000,TFP,0.621374905109406,0.09268093536113842,PWT
16_RUS,Russia,2001,TFP,0.651161134243012,0.04793600270735365,PWT
16_RUS,Russia,2002,TFP,0.681516885757446,0.046617879842787424,PWT
16_RUS,Russia,2003,TFP,0.724230647087097,0.06267454588770516,PWT
16_RUS,Russia,2004,TFP,0.769054353237152,0.061891479365501656,PWT
16_RUS,Russia,2005,TFP,0.805030703544617,0.04677998395826144,PWT
16_RUS,Russia,2006,TFP,0.85235607624054,0.0587870406526676,PWT
16_RUS,Russia,2007,TFP,0.897834241390228,0.053355829115781184,PWT
16_RUS,Russia,2008,TFP,0.920713186264038,0.025482370597030846,PWT
16_RUS,Russia,2009,TFP,0.853902995586395,-0.07256352105560415,PWT
16_RUS,Russia,2010,TFP,0.875532150268555,0.02532975618302724,PWT
16_RUS,Russia,2011,TFP,0.899710118770599,0.0276151692369353,PWT
16_RUS,Russia,2012,TFP,0.922812044620514,0.02567707683612852,PWT
16_RUS,Russia,2013,TFP,0.933326244354248,0.011393652472381666,PWT
16_RUS,Russia,2014,TFP,0.935588479042053,0.0024238412896768757,PWT
16_RUS,Russia,2015,TFP,0.923041641712189,-0.013410636846138413,PWT
16_RUS,Russia,2016,TFP,0.923141062259674,0.00010770970993290163,PWT
16_RUS,Russia,2017,TFP,0.93746030330658,0.015511433335936076,PWT
16_RUS,Russia,2018,TFP,0.958951592445374,0.022925012465051076,PWT
16_RUS,Russia,2019,TFP,0.979481756687164,0.021408968297802256,PWT
16_RUS,Russia,2020,TFP,0.981372594833374,0.0019304475385077957,PWT
16_RUS,Russia,2021,TFP,1.0,0.018980971411565406,PWT
16_RUS,Russia,2022,TFP,0.968100130558014,-0.03189986944198597,PWT
16_RUS,Russia,2023,TFP,0.975467205047607,0.0076098269766233795,PWT
16_RUS,Russia,1950,delta,,,PWT
16_RUS,Russia,1951,delta,,,PWT
16_RUS,Russia,1952,delta,,,PWT
16_RUS,Russia,1953,delta,,,PWT
16_RUS,Russia,1954,delta,,,PWT
16_RUS,Russia,1955,delta,,,PWT
16_RUS,Russia,1956,delta,,,PWT
16_RUS,Russia,1957,delta,,,PWT
16_RUS,Russia,1958,delta,,,PWT
16_RUS,Russia,1959,delta,,,PWT
16_RUS,Russia,1960,delta,,,PWT
16_RUS,Russia,1961,delta,,,PWT
16_RUS,Russia,1962,delta,,,PWT
16_RUS,Russia,1963,delta,,,PWT
16_RUS,Russia,1964,delta,,,PWT
16_RUS,Russia,1965,delta,,,PWT
16_RUS,Russia,1966,delta,,,PWT
16_RUS,Russia,1967,delta,,,PWT
16_RUS,Russia,1968,delta,,,PWT
16_RUS,Russia,1969,delta,,,PWT
16_RUS,Russia,1970,delta,,,PWT
16_RUS,Russia,1971,delta,,,PWT
16_RUS,Russia,1972,delta,,,PWT
16_RUS,Russia,1973,delta,,,PWT
16_RUS,Russia,1974,delta,,,PWT
16_RUS,Russia,1975,delta,,,PWT
16_RUS,Russia,1976,delta,,,PWT
16_RUS,Russia,1977,delta,,,PWT
16_RUS,Russia,1978,delta,,,PWT
16_RUS,Russia,1979,delta,,,PWT
16_RUS,Russia,1980,delta,,,PWT
16_RUS,Russia,1981,delta,,,PWT
16_RUS,Russia,1982,delta,,,PWT
16_RUS,Russia,1983,delta,,,PWT
16_RUS,Russia,1984,delta,,,PWT
16_RUS,Russia,1985,delta,,,PWT
16_RUS,Russia,1986,delta,,,PWT
16_RUS,Russia,1987,delta,,,PWT
16_RUS,Russia,1988,delta,,,PWT
16_RUS,Russia,1989,delta,,,PWT
16_RUS,Russia,1990,delta,0.0356922447681427,,PWT
16_RUS,Russia,1991,delta,0.0364197194576263,0.020381869905053307,PWT
16_RUS,Russia,1992,delta,0.0363926999270916,-0.0007418928793819779,PWT
16_RUS,Russia,1993,delta,0.0356531739234924,-0.02032072380122263,PWT
16_RUS,Russia,1994,delta,0.0344543606042862,-0.03362430850556841,PWT
16_RUS,Russia,1995,delta,0.0332501046359539,-0.03495220770930474,PWT
16_RUS,Russia,1996,delta,0.0322027616202831,-0.031498938939828025,PWT
16_RUS,Russia,1997,delta,0.0312559753656387,-0.02940077828753862,PWT
16_RUS,Russia,1998,delta,0.0304080545902252,-0.02712827756914804,PWT
16_RUS,Russia,1999,delta,0.0296720433980227,-0.024204481415233126,PWT
16_RUS,Russia,2000,delta,0.0291832536458969,-0.01647307351128946,PWT
16_RUS,Russia,2001,delta,0.0289047732949257,-0.00954247097839811,PWT
16_RUS,Russia,2002,delta,0.0286878254264593,-0.007505606989295699,PWT
16_RUS,Russia,2003,delta,0.0285727214068174,-0.004012295039126035,PWT
16_RUS,Russia,2004,delta,0.0286166332662106,0.0015368455376716383,PWT
16_RUS,Russia,2005,delta,0.0289138182997704,0.010385045326443132,PWT
16_RUS,Russia,2006,delta,0.0295502599328756,0.02201167713329144,PWT
16_RUS,Russia,2007,delta,0.0305112656205893,0.03252105700243102,PWT
16_RUS,Russia,2008,delta,0.0316856354475021,0.03848971201379214,PWT
16_RUS,Russia,2009,delta,0.0324012823402882,0.022585846320545055,PWT
16_RUS,Russia,2010,delta,0.032837301492691,0.013456848646408393,PWT
16_RUS,Russia,2011,delta,0.0334972739219666,0.02009825409747812,PWT
16_RUS,Russia,2012,delta,0.034234631806612,0.022012474399054405,PWT
16_RUS,Russia,2013,delta,0.034890815615654,0.019167251827001186,PWT
16_RUS,Russia,2014,delta,0.0352417565882206,0.010058262220994152,PWT
16_RUS,Russia,2015,delta,0.0352284573018551,-0.00037737297039119877,PWT
16_RUS,Russia,2016,delta,0.0350418873131275,-0.005296002238445396,PWT
16_RUS,Russia,2017,delta,0.034981444478035,-0.0017248738503263805,PWT
16_RUS,Russia,2018,delta,0.03506263718009,0.0023210219951317335,PWT
16_RUS,Russia,2019,delta,0.0352733992040157,0.006011014597766096,PWT
16_RUS,Russia,2020,delta,0.0356334634125233,0.010207811456589333,PWT
16_RUS,Russia,2021,delta,0.0359714180231094,0.009484192054913576,PWT
16_RUS,Russia,2022,delta,0.0362408421933651,0.007489951329764377,PWT
16_RUS,Russia,2023,delta,0.0367455184459686,0.013925621538008803,PWT
16_RUS,Russia,1950,output_to_kstock,,,PWT
16_RUS,Russia,1951,output_to_kstock,,,PWT
16_RUS,Russia,1952,output_to_kstock,,,PWT
16_RUS,Russia,1953,output_to_kstock,,,PWT
16_RUS,Russia,1954,output_to_kstock,,,PWT
16_RUS,Russia,1955,output_to_kstock,,,PWT
16_RUS,Russia,1956,output_to_kstock,,,PWT
16_RUS,Russia,1957,output_to_kstock,,,PWT
16_RUS,Russia,1958,output_to_kstock,,,PWT
16_RUS,Russia,1959,output_to_kstock,,,PWT
16_RUS,Russia,1960,output_to_kstock,,,PWT
16_RUS,Russia,1961,output_to_kstock,,,PWT
16_RUS,Russia,1962,output_to_kstock,,,PWT
16_RUS,Russia,1963,output_to_kstock,,,PWT
16_RUS,Russia,1964,output_to_kstock,,,PWT
16_RUS,Russia,1965,output_to_kstock,,,PWT
16_RUS,Russia,1966,output_to_kstock,,,PWT
16_RUS,Russia,1967,output_to_kstock,,,PWT
16_RUS,Russia,1968,output_to_kstock,,,PWT
16_RUS,Russia,1969,output_to_kstock,,,PWT
16_RUS,Russia,1970,output_to_kstock,,,PWT
16_RUS,Russia,1971,output_to_kstock,,,PWT
16_RUS,Russia,1972,output_to_kstock,,,PWT
16_RUS,Russia,1973,output_to_kstock,,,PWT
16_RUS,Russia,1974,output_to_kstock,,,PWT
16_RUS,Russia,1975,output_to_kstock,,,PWT
16_RUS,Russia,1976,output_to_kstock,,,PWT
16_RUS,Russia,1977,output_to_kstock,,,PWT
16_RUS,Russia,1978,output_to_kstock,,,PWT
16_RUS,Russia,1979,output_to_kstock,,,PWT
16_RUS,Russia,1980,output_to_kstock,,,PWT
16_RUS,Russia,1981,output_to_kstock,,,PWT
16_RUS,Russia,1982,output_to_kstock,,,PWT
16_RUS,Russia,1983,output_to_kstock,,,PWT
16_RUS,Russia,1984,output_to_kstock,,,PWT
16_RUS,Russia,1985,output_to_kstock,,,PWT
16_RUS,Russia,1986,output_to_kstock,,,PWT
16_RUS,Russia,1987,output_to_kstock,,,PWT
16_RUS,Russia,1988,output_to_kstock,,,PWT
16_RUS,Russia,1989,output_to_kstock,,,PWT
16_RUS,Russia,1990,output_to_kstock,0.11396076622710945,,PWT
16_RUS,Russia,1991,output_to_kstock,0.10405072963836388,-0.08696007333783728,PWT
16_RUS,Russia,1992,output_to_kstock,0.08855164559553667,-0.1489569952723584,PWT
16_RUS,Russia,1993,output_to_kstock,0.0814342209298321,-0.0803759728894673,PWT
16_RUS,Russia,1994,output_to_kstock,0.07212075012563009,-0.11436802240948529,PWT
16_RUS,Russia,1995,output_to_kstock,0.07015197370864124,-0.02729833527187886,PWT
16_RUS,Russia,1996,output_to_kstock,0.06879653779980352,-0.019321422294790724,PWT
16_RUS,Russia,1997,output_to_kstock,0.07092859445729577,0.030990755140854365,PWT
16_RUS,Russia,1998,output_to_kstock,0.06837000771447004,-0.036072711751904074,PWT
16_RUS,Russia,1999,output_to_kstock,0.07394068887613693,0.08147843400766352,PWT
16_RUS,Russia,2000,output_to_kstock,0.0823863646173149,0.1142223026259046,PWT
16_RUS,Russia,2001,output_to_kstock,0.08738417200005669,0.060663040613050834,PWT
16_RUS,Russia,2002,output_to_kstock,0.09228169054334542,0.056045831083523456,PWT
16_RUS,Russia,2003,output_to_kstock,0.0994443664495068,0.07761751940160888,PWT
16_RUS,Russia,2004,output_to_kstock,0.10666912510976612,0.07265126138570865,PWT
16_RUS,Russia,2005,output_to_kstock,0.11326304020631374,0.06181652928869785,PWT
16_RUS,Russia,2006,output_to_kstock,0.12170200327876968,0.07450765101381696,PWT
16_RUS,Russia,2007,output_to_kstock,0.1304685332418185,0.07203274988800534,PWT
16_RUS,Russia,2008,output_to_kstock,0.13527722083227256,0.036857067914922714,PWT
16_RUS,Russia,2009,output_to_kstock,0.12380331338343385,-0.08481773485770361,PWT
16_RUS,Russia,2010,output_to_kstock,0.12825157002128917,0.035930028981361106,PWT
16_RUS,Russia,2011,output_to_kstock,0.13193436624108948,0.028715408467818282,PWT
16_RUS,Russia,2012,output_to_kstock,0.13562397583209715,0.027965492965384753,PWT
16_RUS,Russia,2013,output_to_kstock,0.13642684605302743,0.005919825134194756,PWT
16_RUS,Russia,2014,output_to_kstock,0.1361588974925551,-0.001964045700859951,PWT
16_RUS,Russia,2015,output_to_kstock,0.13288056726941555,-0.024077238311354665,PWT
16_RUS,Russia,2016,output_to_kstock,0.1324682885281272,-0.0031026262888572687,PWT
16_RUS,Russia,2017,output_to_kstock,0.13397294902178974,0.011358646740144529,PWT
16_RUS,Russia,2018,output_to_kstock,0.1368024805295775,0.021120170366090374,PWT
16_RUS,Russia,2019,output_to_kstock,0.13885909744194894,0.015033476764529707,PWT
16_RUS,Russia,2020,output_to_kstock,0.13455070538541827,-0.031027078066180103,PWT
16_RUS,Russia,2021,output_to_kstock,0.14165968931261153,0.05283498073703652,PWT
16_RUS,Russia,2022,output_to_kstock,0.13869796201971754,-0.020907340029231003,PWT
16_RUS,Russia,2023,output_to_kstock,0.14182890949599264,0.022573853506441477,PWT
17_SGP,Singapore,1950,Average hours,,,PWT
17_SGP,Singapore,1951,Average hours,,,PWT
17_SGP,Singapore,1952,Average hours,,,PWT
17_SGP,Singapore,1953,Average hours,,,PWT
17_SGP,Singapore,1954,Average hours,,,PWT
17_SGP,Singapore,1955,Average hours,,,PWT
17_SGP,Singapore,1956,Average hours,,,PWT
17_SGP,Singapore,1957,Average hours,,,PWT
17_SGP,Singapore,1958,Average hours,,,PWT
17_SGP,Singapore,1959,Average hours,,,PWT
17_SGP,Singapore,1960,Average hours,2400.31,,PWT
17_SGP,Singapore,1961,Average hours,2394.97,-0.002224712641283877,PWT
17_SGP,Singapore,1962,Average hours,2389.64,-0.002225497605397919,PWT
17_SGP,Singapore,1963,Average hours,2384.32,-0.0022262767613530077,PWT
17_SGP,Singapore,1964,Average hours,2379.02,-0.002222855992484285,PWT
17_SGP,Singapore,1965,Average hours,2373.72,-0.0022278080890451024,PWT
17_SGP,Singapore,1966,Average hours,2368.44,-0.0022243567059297975,PWT
17_SGP,Singapore,1967,Average hours,2363.17,-0.0022250933103645787,PWT
17_SGP,Singapore,1968,Average hours,2357.91,-0.0022258237875396603,PWT
17_SGP,Singapore,1969,Average hours,2352.66,-0.002226548087077118,PWT
17_SGP,Singapore,1970,Average hours,2347.43,-0.002223015650370197,PWT
17_SGP,Singapore,1971,Average hours,2347.39,-1.7039911733296442e-05,PWT
17_SGP,Singapore,1972,Average hours,2347.31,-3.408040419361491e-05,PWT
17_SGP,Singapore,1973,Average hours,2347.24,-2.982136999385432e-05,PWT
17_SGP,Singapore,1974,Average hours,2347.25,4.26032276212851e-06,PWT
17_SGP,Singapore,1975,Average hours,2325.96,-0.009070188518479072,PWT
17_SGP,Singapore,1976,Average hours,2352.1,0.01123837039329989,PWT
17_SGP,Singapore,1977,Average hours,2297.71,-0.023124016836018835,PWT
17_SGP,Singapore,1978,Average hours,2296.96,-0.0003264119492886186,PWT
17_SGP,Singapore,1979,Average hours,2272.57,-0.010618382557815442,PWT
17_SGP,Singapore,1980,Average hours,2281.14,0.003771060957418193,PWT
17_SGP,Singapore,1981,Average hours,2308.26,0.011888792445882368,PWT
17_SGP,Singapore,1982,Average hours,2314.73,0.002802977134291451,PWT
17_SGP,Singapore,1983,Average hours,2320.02,0.002285363735727186,PWT
17_SGP,Singapore,1984,Average hours,2329.53,0.0040991025939431935,PWT
17_SGP,Singapore,1985,Average hours,2288.44,-0.01763875116439806,PWT
17_SGP,Singapore,1986,Average hours,2322.73,0.0149840065721627,PWT
17_SGP,Singapore,1987,Average hours,2353.85,0.013398027321298578,PWT
17_SGP,Singapore,1988,Average hours,2367.72,0.005892474031905071,PWT
17_SGP,Singapore,1989,Average hours,2427.13,0.025091649350430067,PWT
17_SGP,Singapore,1990,Average hours,2431.63,0.0018540416046937125,PWT
17_SGP,Singapore,1991,Average hours,2451.91,0.008340084634586464,PWT
17_SGP,Singapore,1992,Average hours,2455.58,0.0014967922966178104,PWT
17_SGP,Singapore,1993,Average hours,2481.9,0.010718445336743265,PWT
17_SGP,Singapore,1994,Average hours,2497.84,0.006422498891977879,PWT
17_SGP,Singapore,1995,Average hours,2511.49,0.00546472151939259,PWT
17_SGP,Singapore,1996,Average hours,2532.52,0.008373515323572889,PWT
17_SGP,Singapore,1997,Average hours,2546.79,0.005634703773316652,PWT
17_SGP,Singapore,1998,Average hours,2534.39,-0.004868874151382707,PWT
17_SGP,Singapore,1999,Average hours,2555.8,0.008447792170897195,PWT
17_SGP,Singapore,2000,Average hours,2573.56,0.006948900539948344,PWT
17_SGP,Singapore,2001,Average hours,2552.79,-0.008070532647383333,PWT
17_SGP,Singapore,2002,Average hours,2544.31,-0.003321855695141429,PWT
17_SGP,Singapore,2003,Average hours,2549.31,0.001965169338641992,PWT
17_SGP,Singapore,2004,Average hours,2514.88,-0.013505615244909341,PWT
17_SGP,Singapore,2005,Average hours,2515.02,5.566866013473337e-05,PWT
17_SGP,Singapore,2006,Average hours,2506.41,-0.003423432020421391,PWT
17_SGP,Singapore,2007,Average hours,2484.23,-0.00884931036821579,PWT
17_SGP,Singapore,2008,Average hours,2476.73,-0.0030190441303743487,PWT
17_SGP,Singapore,2009,Average hours,2439.86,-0.014886564139005798,PWT
17_SGP,Singapore,2010,Average hours,2478.71,0.015923044764863503,PWT
17_SGP,Singapore,2011,Average hours,2437.54,-0.016609446042497922,PWT
17_SGP,Singapore,2012,Average hours,2441.53,0.0016368962150365984,PWT
17_SGP,Singapore,2013,Average hours,2431.17,-0.004243240918604396,PWT
17_SGP,Singapore,2014,Average hours,2391.59,-0.01628022721570266,PWT
17_SGP,Singapore,2015,Average hours,2363.25,-0.011849857207966275,PWT
17_SGP,Singapore,2016,Average hours,2352.18,-0.0046842272294510545,PWT
17_SGP,Singapore,2017,Average hours,2334.04,-0.007711994830327584,PWT
17_SGP,Singapore,2018,Average hours,2306.45,-0.011820705729122083,PWT
17_SGP,Singapore,2019,Average hours,2330.77,0.010544343038002113,PWT
17_SGP,Singapore,2020,Average hours,2229.11,-0.043616487255284664,PWT
17_SGP,Singapore,2021,Average hours,2314.75,0.03841892055573748,PWT
17_SGP,Singapore,2022,Average hours,2311.42,-0.001438600280807778,PWT
17_SGP,Singapore,2023,Average hours,2283.18,-0.012217597840288752,PWT
17_SGP,Singapore,1950,Capital stock,,,PWT
17_SGP,Singapore,1951,Capital stock,,,PWT
17_SGP,Singapore,1952,Capital stock,,,PWT
17_SGP,Singapore,1953,Capital stock,,,PWT
17_SGP,Singapore,1954,Capital stock,,,PWT
17_SGP,Singapore,1955,Capital stock,,,PWT
17_SGP,Singapore,1956,Capital stock,,,PWT
17_SGP,Singapore,1957,Capital stock,,,PWT
17_SGP,Singapore,1958,Capital stock,,,PWT
17_SGP,Singapore,1959,Capital stock,,,PWT
17_SGP,Singapore,1960,Capital stock,24091.14453125,,PWT
17_SGP,Singapore,1961,Capital stock,25006.4296875,0.03799259744852446,PWT
17_SGP,Singapore,1962,Capital stock,26030.716796875,0.04096094973074105,PWT
17_SGP,Singapore,1963,Capital stock,28196.880859375,0.08321569011730201,PWT
17_SGP,Singapore,1964,Capital stock,29730.373046875,0.054385171010506994,PWT
17_SGP,Singapore,1965,Capital stock,31854.015625,0.07143006832698373,PWT
17_SGP,Singapore,1966,Capital stock,34344.44140625,0.07818247503135645,PWT
17_SGP,Singapore,1967,Capital stock,37675.55859375,0.09699145046784197,PWT
17_SGP,Singapore,1968,Capital stock,41615.42578125,0.10457355735539342,PWT
17_SGP,Singapore,1969,Capital stock,47379.36328125,0.13850483064376018,PWT
17_SGP,Singapore,1970,Capital stock,55494.36328125,0.17127710121025297,PWT
17_SGP,Singapore,1971,Capital stock,65415.08203125,0.1787698455016229,PWT
17_SGP,Singapore,1972,Capital stock,76120.5703125,0.16365474060149898,PWT
17_SGP,Singapore,1973,Capital stock,86603.0859375,0.1377093679404373,PWT
17_SGP,Singapore,1974,Capital stock,97655.9453125,0.12762662271615421,PWT
17_SGP,Singapore,1975,Capital stock,107767.8125,0.10354584306303027,PWT
17_SGP,Singapore,1976,Capital stock,118226.3828125,0.09704725436920225,PWT
17_SGP,Singapore,1977,Capital stock,128304.671875,0.08524568563079171,PWT
17_SGP,Singapore,1978,Capital stock,140254.203125,0.0931340307049906,PWT
17_SGP,Singapore,1979,Capital stock,153888.75,0.09721310713838904,PWT
17_SGP,Singapore,1980,Capital stock,171071.75,0.11165858452940847,PWT
17_SGP,Singapore,1981,Capital stock,191038.28125,0.11671436838636429,PWT
17_SGP,Singapore,1982,Capital stock,216329.375,0.13238756957252518,PWT
17_SGP,Singapore,1983,Capital stock,244594.21875,0.1306565220280418,PWT
17_SGP,Singapore,1984,Capital stock,276054.28125,0.12862144764000072,PWT
17_SGP,Singapore,1985,Capital stock,300934.5,0.09012799452825004,PWT
17_SGP,Singapore,1986,Capital stock,319972.34375,0.06326241673852606,PWT
17_SGP,Singapore,1987,Capital stock,338560.6875,0.058093595003083864,PWT
17_SGP,Singapore,1988,Capital stock,358283.1875,0.05825395779301745,PWT
17_SGP,Singapore,1989,Capital stock,382614.875,0.06791188743680587,PWT
17_SGP,Singapore,1990,Capital stock,409314.59375,0.06978222880121954,PWT
17_SGP,Singapore,1991,Capital stock,439646.71875,0.07410467514023256,PWT
17_SGP,Singapore,1992,Capital stock,474299.15625,0.07881882434724763,PWT
17_SGP,Singapore,1993,Capital stock,512454.40625,0.08044553631861961,PWT
17_SGP,Singapore,1994,Capital stock,554512.3125,0.08207150867872937,PWT
17_SGP,Singapore,1995,Capital stock,602692.125,0.08688682183229246,PWT
17_SGP,Singapore,1996,Capital stock,666967.5625,0.10664721643741415,PWT
17_SGP,Singapore,1997,Capital stock,737680.625,0.10602174149961008,PWT
17_SGP,Singapore,1998,Capital stock,800001.375,0.08448202092877244,PWT
17_SGP,Singapore,1999,Capital stock,854881.0625,0.06859949146962396,PWT
17_SGP,Singapore,2000,Capital stock,918227.0,0.07409912358422366,PWT
17_SGP,Singapore,2001,Capital stock,972795.875,0.059428523665716604,PWT
17_SGP,Singapore,2002,Capital stock,1014053.0625,0.04241094001349466,PWT
17_SGP,Singapore,2003,Capital stock,1049055.375,0.03451723957492603,PWT
17_SGP,Singapore,2004,Capital stock,1091729.375,0.04067850088466485,PWT
17_SGP,Singapore,2005,Capital stock,1135057.75,0.039687834725524285,PWT
17_SGP,Singapore,2006,Capital stock,1185104.125,0.04409147904588995,PWT
17_SGP,Singapore,2007,Capital stock,1247352.25,0.05252544792213931,PWT
17_SGP,Singapore,2008,Capital stock,1318864.75,0.0573314394550537,PWT
17_SGP,Singapore,2009,Capital stock,1393667.5,0.05671752922352358,PWT
17_SGP,Singapore,2010,Capital stock,1474259.0,0.057826920696651074,PWT
17_SGP,Singapore,2011,Capital stock,1558784.875,0.05733448125465057,PWT
17_SGP,Singapore,2012,Capital stock,1652405.875,0.06006024404105159,PWT
17_SGP,Singapore,2013,Capital stock,1752090.125,0.060326734192953646,PWT
17_SGP,Singapore,2014,Capital stock,1854261.75,0.05831413780726602,PWT
17_SGP,Singapore,2015,Capital stock,1954235.375,0.053915594710401527,PWT
17_SGP,Singapore,2016,Capital stock,2050039.5,0.04902384135790183,PWT
17_SGP,Singapore,2017,Capital stock,2148504.5,0.0480307818459107,PWT
17_SGP,Singapore,2018,Capital stock,2227459.75,0.03674893396779022,PWT
17_SGP,Singapore,2019,Capital stock,2306089.0,0.03529996445502559,PWT
17_SGP,Singapore,2020,Capital stock,2351833.25,0.019836289926364437,PWT
17_SGP,Singapore,2021,Capital stock,2437333.25,0.036354618253653825,PWT
17_SGP,Singapore,2022,Capital stock,2523388.0,0.03530692817652237,PWT
17_SGP,Singapore,2023,Capital stock,2606984.75,0.03312877369631617,PWT
17_SGP,Singapore,1950,Employment,,,PWT
17_SGP,Singapore,1951,Employment,,,PWT
17_SGP,Singapore,1952,Employment,,,PWT
17_SGP,Singapore,1953,Employment,,,PWT
17_SGP,Singapore,1954,Employment,,,PWT
17_SGP,Singapore,1955,Employment,,,PWT
17_SGP,Singapore,1956,Employment,,,PWT
17_SGP,Singapore,1957,Employment,,,PWT
17_SGP,Singapore,1958,Employment,,,PWT
17_SGP,Singapore,1959,Employment,,,PWT
17_SGP,Singapore,1960,Employment,0.474049896001816,,PWT
17_SGP,Singapore,1961,Employment,0.49304461479187,0.04006902849311289,PWT
17_SGP,Singapore,1962,Employment,0.509848773479462,0.034082430237445394,PWT
17_SGP,Singapore,1963,Employment,0.525932431221008,0.03154593789013771,PWT
17_SGP,Singapore,1964,Employment,0.542687833309174,0.031858469060876526,PWT
17_SGP,Singapore,1965,Employment,0.55922919511795,0.030480436069316053,PWT
17_SGP,Singapore,1966,Employment,0.576568841934204,0.03100633330238911,PWT
17_SGP,Singapore,1967,Employment,0.592788755893707,0.02813179065502469,PWT
17_SGP,Singapore,1968,Employment,0.60649698972702,0.02312498963082721,PWT
17_SGP,Singapore,1969,Employment,0.619143903255463,0.020852392909872952,PWT
17_SGP,Singapore,1970,Employment,0.632344722747803,0.02132108452159498,PWT
17_SGP,Singapore,1971,Employment,0.69117134809494,0.0930293607757342,PWT
17_SGP,Singapore,1972,Employment,0.771876096725464,0.1167651825454985,PWT
17_SGP,Singapore,1973,Employment,0.777025043964386,0.006670691398224848,PWT
17_SGP,Singapore,1974,Employment,0.807160615921021,0.03878326984531033,PWT
17_SGP,Singapore,1975,Employment,0.824705064296722,0.021736006477077296,PWT
17_SGP,Singapore,1976,Employment,0.854286372661591,0.03586895442444615,PWT
17_SGP,Singapore,1977,Employment,0.885233521461487,0.03622573154652797,PWT
17_SGP,Singapore,1978,Employment,0.934112131595612,0.05521549845223683,PWT
17_SGP,Singapore,1979,Employment,0.996384143829346,0.06666438656284601,PWT
17_SGP,Singapore,1980,Employment,1.04780983924866,0.05161231813833611,PWT
17_SGP,Singapore,1981,Employment,1.12960994243622,0.07806769904567368,PWT
17_SGP,Singapore,1982,Employment,1.20767641067505,0.06910922549996745,PWT
17_SGP,Singapore,1983,Employment,1.23951709270477,0.026365242997437033,PWT
17_SGP,Singapore,1984,Employment,1.26114726066589,0.017450479778314598,PWT
17_SGP,Singapore,1985,Employment,1.23482882976532,-0.020868642165288276,PWT
17_SGP,Singapore,1986,Employment,1.20910942554474,-0.020828315310283063,PWT
17_SGP,Singapore,1987,Employment,1.25509083271027,0.038029152857537385,PWT
17_SGP,Singapore,1988,Employment,1.31812250614166,0.05022080616689539,PWT
17_SGP,Singapore,1989,Employment,1.38139045238495,0.04799853272248944,PWT
17_SGP,Singapore,1990,Employment,1.5218893289566,0.10170830146471666,PWT
17_SGP,Singapore,1991,Employment,1.56907510757446,0.031004737151426376,PWT
17_SGP,Singapore,1992,Employment,1.60578179359436,0.023393836179481875,PWT
17_SGP,Singapore,1993,Employment,1.59922730922699,-0.0040818026418760756,PWT
17_SGP,Singapore,1994,Employment,1.64641082286835,0.02950394441686144,PWT
17_SGP,Singapore,1995,Employment,1.68904888629913,0.025897584514475325,PWT
17_SGP,Singapore,1996,Employment,1.75129222869873,0.03685111952915787,PWT
17_SGP,Singapore,1997,Employment,1.86504650115967,0.06495447795452347,PWT
17_SGP,Singapore,1998,Employment,1.93973362445831,0.040045716421655,PWT
17_SGP,Singapore,1999,Employment,1.98740482330322,0.024576157387704578,PWT
17_SGP,Singapore,2000,Employment,2.09715557098389,0.05522314648419524,PWT
17_SGP,Singapore,2001,Employment,2.1409912109375,0.020902426391306905,PWT
17_SGP,Singapore,2002,Employment,2.19826292991638,0.026750095323278655,PWT
17_SGP,Singapore,2003,Employment,2.18692922592163,-0.0051557545007507866,PWT
17_SGP,Singapore,2004,Employment,2.25911092758179,0.033005961420512264,PWT
17_SGP,Singapore,2005,Employment,2.3732168674469,0.05050922399248958,PWT
17_SGP,Singapore,2006,Employment,2.54752993583679,0.07345012197617495,PWT
17_SGP,Singapore,2007,Employment,2.79701995849609,0.09793408868318143,PWT
17_SGP,Singapore,2008,Employment,2.95239996910095,0.05555198493771374,PWT
17_SGP,Singapore,2009,Employment,2.99179220199585,0.013342444556011746,PWT
17_SGP,Singapore,2010,Employment,3.10831475257874,0.03894740767930216,PWT
17_SGP,Singapore,2011,Employment,3.23044180870056,0.0392904405901946,PWT
17_SGP,Singapore,2012,Employment,3.35942673683167,0.03992795282172068,PWT
17_SGP,Singapore,2013,Employment,3.49671363830566,0.04086616920941322,PWT
17_SGP,Singapore,2014,Employment,3.62260961532593,0.03600408556225765,PWT
17_SGP,Singapore,2015,Employment,3.6554901599884,0.009076480259800679,PWT
17_SGP,Singapore,2016,Employment,3.67264986038208,0.004694226941575064,PWT
17_SGP,Singapore,2017,Employment,3.66928553581238,-0.0009160482751138233,PWT
17_SGP,Singapore,2018,Employment,3.71476626396179,0.012394981994591658,PWT
17_SGP,Singapore,2019,Employment,3.75960373878479,0.012070066226772758,PWT
17_SGP,Singapore,2020,Employment,3.74679303169251,-0.0034074620578020687,PWT
17_SGP,Singapore,2021,Employment,3.85421895980835,0.02867143373203973,PWT
17_SGP,Singapore,2022,Employment,3.96191334724426,0.027941948435971753,PWT
17_SGP,Singapore,2023,Employment,3.96511936187744,0.0008092086707069956,PWT
17_SGP,Singapore,1950,Real GDP (PWT),,,PWT
17_SGP,Singapore,1951,Real GDP (PWT),,,PWT
17_SGP,Singapore,1952,Real GDP (PWT),,,PWT
17_SGP,Singapore,1953,Real GDP (PWT),,,PWT
17_SGP,Singapore,1954,Real GDP (PWT),,,PWT
17_SGP,Singapore,1955,Real GDP (PWT),,,PWT
17_SGP,Singapore,1956,Real GDP (PWT),,,PWT
17_SGP,Singapore,1957,Real GDP (PWT),,,PWT
17_SGP,Singapore,1958,Real GDP (PWT),,,PWT
17_SGP,Singapore,1959,Real GDP (PWT),,,PWT
17_SGP,Singapore,1960,Real GDP (PWT),9563.205078125,,PWT
17_SGP,Singapore,1961,Real GDP (PWT),10326.6025390625,0.07982652831357817,PWT
17_SGP,Singapore,1962,Real GDP (PWT),11046.1083984375,0.06967498329226096,PWT
17_SGP,Singapore,1963,Real GDP (PWT),12143.8212890625,0.09937553127581777,PWT
17_SGP,Singapore,1964,Real GDP (PWT),11677.1201171875,-0.03843116270949576,PWT
17_SGP,Singapore,1965,Real GDP (PWT),12551.099609375,0.07484546561280059,PWT
17_SGP,Singapore,1966,Real GDP (PWT),13902.470703125,0.10766953779417054,PWT
17_SGP,Singapore,1967,Real GDP (PWT),15601.83984375,0.122235045619842,PWT
17_SGP,Singapore,1968,Real GDP (PWT),17717.322265625,0.13559185602859847,PWT
17_SGP,Singapore,1969,Real GDP (PWT),20123.0859375,0.13578596335308757,PWT
17_SGP,Singapore,1970,Real GDP (PWT),22882.6875,0.1371361018419841,PWT
17_SGP,Singapore,1971,Real GDP (PWT),25723.216796875,0.12413442681830977,PWT
17_SGP,Singapore,1972,Real GDP (PWT),29148.408203125,0.13315564041998473,PWT
17_SGP,Singapore,1973,Real GDP (PWT),32239.015625,0.10603005832557466,PWT
17_SGP,Singapore,1974,Real GDP (PWT),34211.20703125,0.06117405783074381,PWT
17_SGP,Singapore,1975,Real GDP (PWT),35575.8046875,0.03988744550882162,PWT
17_SGP,Singapore,1976,Real GDP (PWT),38221.6328125,0.07437156090329133,PWT
17_SGP,Singapore,1977,Real GDP (PWT),40840.74609375,0.06852436927795114,PWT
17_SGP,Singapore,1978,Real GDP (PWT),44017.0078125,0.07777188280201552,PWT
17_SGP,Singapore,1979,Real GDP (PWT),48222.59375,0.09554456666874334,PWT
17_SGP,Singapore,1980,Real GDP (PWT),53099.5234375,0.10113370742319305,PWT
17_SGP,Singapore,1981,Real GDP (PWT),58842.7265625,0.10815922165026493,PWT
17_SGP,Singapore,1982,Real GDP (PWT),63021.8203125,0.07102141579998267,PWT
17_SGP,Singapore,1983,Real GDP (PWT),68413.0078125,0.08554477597231025,PWT
17_SGP,Singapore,1984,Real GDP (PWT),74428.078125,0.08792290391595614,PWT
17_SGP,Singapore,1985,Real GDP (PWT),73964.609375,-0.006227068623505416,PWT
17_SGP,Singapore,1986,Real GDP (PWT),74957.8203125,0.013428191480934215,PWT
17_SGP,Singapore,1987,Real GDP (PWT),83051.71875,0.1079793729827847,PWT
17_SGP,Singapore,1988,Real GDP (PWT),92406.328125,0.11263595161900253,PWT
17_SGP,Singapore,1989,Real GDP (PWT),101793.71875,0.10158817924570585,PWT
17_SGP,Singapore,1990,Real GDP (PWT),111790.7734375,0.09820895444494204,PWT
17_SGP,Singapore,1991,Real GDP (PWT),119267.7890625,0.06688401372569674,PWT
17_SGP,Singapore,1992,Real GDP (PWT),127186.9296875,0.06639798295288357,PWT
17_SGP,Singapore,1993,Real GDP (PWT),141762.109375,0.11459652122518738,PWT
17_SGP,Singapore,1994,Real GDP (PWT),157491.609375,0.11095701149868709,PWT
17_SGP,Singapore,1995,Real GDP (PWT),168792.25,0.07175392181111229,PWT
17_SGP,Singapore,1996,Real GDP (PWT),181403.390625,0.07471397901858645,PWT
17_SGP,Singapore,1997,Real GDP (PWT),196489.28125,0.08316212047097737,PWT
17_SGP,Singapore,1998,Real GDP (PWT),192184.15625,-0.021910228245592966,PWT
17_SGP,Singapore,1999,Real GDP (PWT),203173.984375,0.05718384043429703,PWT
17_SGP,Singapore,2000,Real GDP (PWT),221537.46875,0.09038304993372748,PWT
17_SGP,Singapore,2001,Real GDP (PWT),219165.109375,-0.010708614612172651,PWT
17_SGP,Singapore,2002,Real GDP (PWT),227763.75,0.03923362002976205,PWT
17_SGP,Singapore,2003,Real GDP (PWT),238123.03125,0.04548257240232467,PWT
17_SGP,Singapore,2004,Real GDP (PWT),261792.421875,0.09939983755771209,PWT
17_SGP,Singapore,2005,Real GDP (PWT),281076.875,0.07366314497143045,PWT
17_SGP,Singapore,2006,Real GDP (PWT),306392.8125,0.09006766387309528,PWT
17_SGP,Singapore,2007,Real GDP (PWT),334034.09375,0.09021517516831445,PWT
17_SGP,Singapore,2008,Real GDP (PWT),340258.78125,0.018634886727037836,PWT
17_SGP,Singapore,2009,Real GDP (PWT),340694.15625,0.0012795408200798608,PWT
17_SGP,Singapore,2010,Real GDP (PWT),390162.09375,0.14519749338964494,PWT
17_SGP,Singapore,2011,Real GDP (PWT),414410.40625,0.06214932944136109,PWT
17_SGP,Singapore,2012,Real GDP (PWT),432791.5625,0.04435495820756796,PWT
17_SGP,Singapore,2013,Real GDP (PWT),453641.875,0.048176337772296574,PWT
17_SGP,Singapore,2014,Real GDP (PWT),471495.125,0.03935538358314039,PWT
17_SGP,Singapore,2015,Real GDP (PWT),485530.59375,0.029768003963985823,PWT
17_SGP,Singapore,2016,Real GDP (PWT),502954.53125,0.03588638434794822,PWT
17_SGP,Singapore,2017,Real GDP (PWT),525652.5625,0.045129390113233914,PWT
17_SGP,Singapore,2018,Real GDP (PWT),544140.3125,0.03517104513306735,PWT
17_SGP,Singapore,2019,Real GDP (PWT),551459.3125,0.013450574845986996,PWT
17_SGP,Singapore,2020,Real GDP (PWT),530118.9375,-0.03869800457853356,PWT
17_SGP,Singapore,2021,Real GDP (PWT),581491.5625,0.09690773403091257,PWT
17_SGP,Singapore,2022,Real GDP (PWT),603809.6875,0.03838082345347882,PWT
17_SGP,Singapore,2023,Real GDP (PWT),610300.75,0.010750179459483977,PWT
17_SGP,Singapore,1950,TFP,,,PWT
17_SGP,Singapore,1951,TFP,,,PWT
17_SGP,Singapore,1952,TFP,,,PWT
17_SGP,Singapore,1953,TFP,,,PWT
17_SGP,Singapore,1954,TFP,,,PWT
17_SGP,Singapore,1955,TFP,,,PWT
17_SGP,Singapore,1956,TFP,,,PWT
17_SGP,Singapore,1957,TFP,,,PWT
17_SGP,Singapore,1958,TFP,,,PWT
17_SGP,Singapore,1959,TFP,,,PWT
17_SGP,Singapore,1960,TFP,,,PWT
17_SGP,Singapore,1961,TFP,,,PWT
17_SGP,Singapore,1962,TFP,,,PWT
17_SGP,Singapore,1963,TFP,,,PWT
17_SGP,Singapore,1964,TFP,1.02977538108826,,PWT
17_SGP,Singapore,1965,TFP,1.04060840606689,0.010519794100322999,PWT
17_SGP,Singapore,1966,TFP,1.0731600522995,0.03128136006093096,PWT
17_SGP,Singapore,1967,TFP,1.11678445339203,0.040650414632052545,PWT
17_SGP,Singapore,1968,TFP,1.16881453990936,0.04658919307060372,PWT
17_SGP,Singapore,1969,TFP,1.20125699043274,0.02775671367494792,PWT
17_SGP,Singapore,1970,TFP,1.21112835407257,0.008217528570862997,PWT
17_SGP,Singapore,1971,TFP,1.16739070415497,-0.0361131417413576,PWT
17_SGP,Singapore,1972,TFP,1.13690602779388,-0.026113516453907915,PWT
17_SGP,Singapore,1973,TFP,1.14184069633484,0.004340436606300235,PWT
17_SGP,Singapore,1974,TFP,1.09151256084442,-0.0440763196231897,PWT
17_SGP,Singapore,1975,TFP,1.05680370330811,-0.03179886222239947,PWT
17_SGP,Singapore,1976,TFP,1.05084574222565,-0.005637717831428524,PWT
17_SGP,Singapore,1977,TFP,1.06035649776459,0.009050572464419648,PWT
17_SGP,Singapore,1978,TFP,1.05032563209534,-0.009459899279531725,PWT
17_SGP,Singapore,1979,TFP,1.05717051029205,0.006516910553781896,PWT
17_SGP,Singapore,1980,TFP,1.05816400051117,0.0009397634624197515,PWT
17_SGP,Singapore,1981,TFP,1.03777384757996,-0.01926936932399903,PWT
17_SGP,Singapore,1982,TFP,0.99208790063858,-0.04402302779928169,PWT
17_SGP,Singapore,1983,TFP,0.988276541233063,-0.003841755758802967,PWT
17_SGP,Singapore,1984,TFP,0.989680349826813,0.0014204613133874666,PWT
17_SGP,Singapore,1985,TFP,0.948296666145325,-0.04181520193740307,PWT
17_SGP,Singapore,1986,TFP,0.927404344081879,-0.02203141992301838,PWT
17_SGP,Singapore,1987,TFP,0.967217266559601,0.04292941124524963,PWT
17_SGP,Singapore,1988,TFP,1.0100508928299,0.04428542350433662,PWT
17_SGP,Singapore,1989,TFP,1.02728688716888,0.017064481068562287,PWT
17_SGP,Singapore,1990,TFP,1.02590000629425,-0.0013500424194571314,PWT
17_SGP,Singapore,1991,TFP,1.01337206363678,-0.012211660571797234,PWT
17_SGP,Singapore,1992,TFP,1.00631296634674,-0.006965948187585003,PWT
17_SGP,Singapore,1993,TFP,1.05125296115875,0.044658069919497834,PWT
17_SGP,Singapore,1994,TFP,1.08304369449615,0.030240802653586307,PWT
17_SGP,Singapore,1995,TFP,1.07493412494659,-0.007487758426341751,PWT
17_SGP,Singapore,1996,TFP,1.04952144622803,-0.023641149842389297,PWT
17_SGP,Singapore,1997,TFP,1.02442002296448,-0.023917017945430552,PWT
17_SGP,Singapore,1998,TFP,0.93312132358551,-0.08912233003291814,PWT
17_SGP,Singapore,1999,TFP,0.925856292247772,-0.0077857307020079425,PWT
17_SGP,Singapore,2000,TFP,0.932715356349945,0.007408346370386232,PWT
17_SGP,Singapore,2001,TFP,0.89015257358551,-0.04563319610282668,PWT
17_SGP,Singapore,2002,TFP,0.89600020647049,0.006569247855371385,PWT
17_SGP,Singapore,2003,TFP,0.922270894050598,0.029319957060716773,PWT
17_SGP,Singapore,2004,TFP,0.982536852359772,0.06534518079008955,PWT
17_SGP,Singapore,2005,TFP,1.00867784023285,0.026605605489804063,PWT
17_SGP,Singapore,2006,TFP,1.02543997764587,0.016617929674305643,PWT
17_SGP,Singapore,2007,TFP,1.03026211261749,0.00470250339048639,PWT
17_SGP,Singapore,2008,TFP,0.979084730148315,-0.049674138107586474,PWT
17_SGP,Singapore,2009,TFP,0.93989372253418,-0.040028208394382925,PWT
17_SGP,Singapore,2010,TFP,1.00115132331848,0.06517502917152651,PWT
17_SGP,Singapore,2011,TFP,1.01628160476685,0.015112881635333864,PWT
17_SGP,Singapore,2012,TFP,1.00673341751099,-0.00939521802920984,PWT
17_SGP,Singapore,2013,TFP,0.999832153320313,-0.006855105900566483,PWT
17_SGP,Singapore,2014,TFP,0.994693219661713,-0.005139796356352755,PWT
17_SGP,Singapore,2015,TFP,0.990814864635468,-0.0038990464090666865,PWT
17_SGP,Singapore,2016,TFP,0.996704936027527,0.00594467402770138,PWT
17_SGP,Singapore,2017,TFP,1.01469099521637,0.018045520332756082,PWT
17_SGP,Singapore,2018,TFP,1.01999664306641,0.0052288311171113655,PWT
17_SGP,Singapore,2019,TFP,0.998374879360199,-0.02119787731968381,PWT
17_SGP,Singapore,2020,TFP,0.967580080032349,-0.03084492605381317,PWT
17_SGP,Singapore,2021,TFP,1.0,0.03350618789771609,PWT
17_SGP,Singapore,2022,TFP,1.00961422920227,0.009614229202270064,PWT
17_SGP,Singapore,2023,TFP,0.991359412670136,-0.018080981828631493,PWT
17_SGP,Singapore,1950,delta,,,PWT
17_SGP,Singapore,1951,delta,,,PWT
17_SGP,Singapore,1952,delta,,,PWT
17_SGP,Singapore,1953,delta,,,PWT
17_SGP,Singapore,1954,delta,,,PWT
17_SGP,Singapore,1955,delta,,,PWT
17_SGP,Singapore,1956,delta,,,PWT
17_SGP,Singapore,1957,delta,,,PWT
17_SGP,Singapore,1958,delta,,,PWT
17_SGP,Singapore,1959,delta,,,PWT
17_SGP,Singapore,1960,delta,0.0266699455678463,,PWT
17_SGP,Singapore,1961,delta,0.0266675911843777,-8.827852545145731e-05,PWT
17_SGP,Singapore,1962,delta,0.0265229735523462,-0.005422973189877833,PWT
17_SGP,Singapore,1963,delta,0.0262688118964434,-0.00958269838791559,PWT
17_SGP,Singapore,1964,delta,0.0258909165859222,-0.014385702406752743,PWT
17_SGP,Singapore,1965,delta,0.0256807804107666,-0.008116212280791069,PWT
17_SGP,Singapore,1966,delta,0.0256460849195719,-0.0013510294718362958,PWT
17_SGP,Singapore,1967,delta,0.0257250033318996,0.0030772109105616785,PWT
17_SGP,Singapore,1968,delta,0.0264434181153774,0.02792671294183835,PWT
17_SGP,Singapore,1969,delta,0.0280058644711971,0.059086399080575225,PWT
17_SGP,Singapore,1970,delta,0.0300627704709768,0.07344554573186413,PWT
17_SGP,Singapore,1971,delta,0.0328823998570442,0.09379140185331636,PWT
17_SGP,Singapore,1972,delta,0.0356572717428207,0.08438775447778202,PWT
17_SGP,Singapore,1973,delta,0.0382390096783638,0.07240424769915021,PWT
17_SGP,Singapore,1974,delta,0.0409832708537579,0.07176601063878607,PWT
17_SGP,Singapore,1975,delta,0.0424032062292099,0.03464670695803673,PWT
17_SGP,Singapore,1976,delta,0.0429538935422897,0.012986926273996113,PWT
17_SGP,Singapore,1977,delta,0.0436844751238823,0.017008506594945016,PWT
17_SGP,Singapore,1978,delta,0.0447207689285278,0.023722244612227383,PWT
17_SGP,Singapore,1979,delta,0.0462415181100369,0.03400543456530336,PWT
17_SGP,Singapore,1980,delta,0.0479355789721012,0.036635061548651704,PWT
17_SGP,Singapore,1981,delta,0.0489199832081795,0.020535983025285587,PWT
17_SGP,Singapore,1982,delta,0.0487272329628468,-0.003940112663417206,PWT
17_SGP,Singapore,1983,delta,0.0469528622925282,-0.03641435317436359,PWT
17_SGP,Singapore,1984,delta,0.0443283207714558,-0.055897370105380206,PWT
17_SGP,Singapore,1985,delta,0.0421618148684502,-0.04887408016593919,PWT
17_SGP,Singapore,1986,delta,0.0406063161790371,-0.03689354204192674,PWT
17_SGP,Singapore,1987,delta,0.0398139767348766,-0.019512714245414564,PWT
17_SGP,Singapore,1988,delta,0.0397671535611153,-0.0011760486542978787,PWT
17_SGP,Singapore,1989,delta,0.0405080430209637,0.018630688734353917,PWT
17_SGP,Singapore,1990,delta,0.0418878048658371,0.034061429335387805,PWT
17_SGP,Singapore,1991,delta,0.0433828830718994,0.03569244582882547,PWT
17_SGP,Singapore,1992,delta,0.0446267388761044,0.028671580036382815,PWT
17_SGP,Singapore,1993,delta,0.0456315316259861,0.022515486795288142,PWT
17_SGP,Singapore,1994,delta,0.046156257390976,0.011499192472669062,PWT
17_SGP,Singapore,1995,delta,0.0464525781571865,0.006419947867533082,PWT
17_SGP,Singapore,1996,delta,0.0472463257610798,0.017087266958734082,PWT
17_SGP,Singapore,1997,delta,0.0479022897779942,0.013883915973308625,PWT
17_SGP,Singapore,1998,delta,0.0477310195565224,-0.0035754078200762596,PWT
17_SGP,Singapore,1999,delta,0.0472639799118042,-0.009784824398421543,PWT
17_SGP,Singapore,2000,delta,0.0469802767038345,-0.006002524723882741,PWT
17_SGP,Singapore,2001,delta,0.046735730022192,-0.005205305264252225,PWT
17_SGP,Singapore,2002,delta,0.0463997572660446,-0.007188777322786333,PWT
17_SGP,Singapore,2003,delta,0.0461049489676952,-0.006353660357726554,PWT
17_SGP,Singapore,2004,delta,0.0462254360318184,0.0026133217110297924,PWT
17_SGP,Singapore,2005,delta,0.0468008518218994,0.012448033798641234,PWT
17_SGP,Singapore,2006,delta,0.0476377792656422,0.017882739547727233,PWT
17_SGP,Singapore,2007,delta,0.0486085154116154,0.02037744330104241,PWT
17_SGP,Singapore,2008,delta,0.0494943074882031,0.018222981489700585,PWT
17_SGP,Singapore,2009,delta,0.0499123372137547,0.008446016254520572,PWT
17_SGP,Singapore,2010,delta,0.0503729693591595,0.009228823395548202,PWT
17_SGP,Singapore,2011,delta,0.0511189624667168,0.014809393153664807,PWT
17_SGP,Singapore,2012,delta,0.0516959168016911,0.0112865032295979,PWT
17_SGP,Singapore,2013,delta,0.052265603095293,0.01101994758671676,PWT
17_SGP,Singapore,2014,delta,0.0529721193015575,0.01351780452961271,PWT
17_SGP,Singapore,2015,delta,0.0535507313907146,0.01092295525997744,PWT
17_SGP,Singapore,2016,delta,0.0541719123721123,0.01159985989482526,PWT
17_SGP,Singapore,2017,delta,0.0556410737335682,0.027120352542920667,PWT
17_SGP,Singapore,2018,delta,0.0571823418140411,0.02770018579894984,PWT
17_SGP,Singapore,2019,delta,0.0580892637372017,0.015860174564202634,PWT
17_SGP,Singapore,2020,delta,0.0583657994866371,0.0047605311488618796,PWT
17_SGP,Singapore,2021,delta,0.0585080720484257,0.002437601524179822,PWT
17_SGP,Singapore,2022,delta,0.0587096810340881,0.003445831978458047,PWT
17_SGP,Singapore,2023,delta,0.0587050914764404,-7.81737792959758e-05,PWT
17_SGP,Singapore,1950,output_to_kstock,,,PWT
17_SGP,Singapore,1951,output_to_kstock,,,PWT
17_SGP,Singapore,1952,output_to_kstock,,,PWT
17_SGP,Singapore,1953,output_to_kstock,,,PWT
17_SGP,Singapore,1954,output_to_kstock,,,PWT
17_SGP,Singapore,1955,output_to_kstock,,,PWT
17_SGP,Singapore,1956,output_to_kstock,,,PWT
17_SGP,Singapore,1957,output_to_kstock,,,PWT
17_SGP,Singapore,1958,output_to_kstock,,,PWT
17_SGP,Singapore,1959,output_to_kstock,,,PWT
17_SGP,Singapore,1960,output_to_kstock,0.3969593501761621,,PWT
17_SGP,Singapore,1961,output_to_kstock,0.41295789395414867,0.04030272563396431,PWT
17_SGP,Singapore,1962,output_to_kstock,0.4243489906418401,0.02758416016369014,PWT
17_SGP,Singapore,1963,output_to_kstock,0.4306795971379536,0.01491839649845339,PWT
17_SGP,Singapore,1964,output_to_kstock,0.39276735945346297,-0.08802886864488901,PWT
17_SGP,Singapore,1965,output_to_kstock,0.394019383839459,0.0031876996798771984,PWT
17_SGP,Singapore,1966,output_to_kstock,0.4047953652434431,0.027348861111804457,PWT
17_SGP,Singapore,1967,output_to_kstock,0.4141103788793775,0.02301166079392325,PWT
17_SGP,Singapore,1968,output_to_kstock,0.42573930058424664,0.028081695842393728,PWT
17_SGP,Singapore,1969,output_to_kstock,0.4247225911004074,-0.0023881034295965,PWT
17_SGP,Singapore,1970,output_to_kstock,0.41234255421633825,-0.02914852457457906,PWT
17_SGP,Singapore,1971,output_to_kstock,0.393230673999408,-0.046349521827191986,PWT
17_SGP,Singapore,1972,output_to_kstock,0.3829241962252935,-0.026209750295649648,PWT
17_SGP,Singapore,1973,output_to_kstock,0.3722617418998944,-0.027844817409046208,PWT
17_SGP,Singapore,1974,output_to_kstock,0.3503238530104214,-0.05893135506622216,PWT
17_SGP,Singapore,1975,output_to_kstock,0.33011530866417094,-0.05768532223139633,PWT
17_SGP,Singapore,1976,output_to_kstock,0.3232919074680415,-0.020669750893227867,PWT
17_SGP,Singapore,1977,output_to_kstock,0.3183106701955392,-0.015407862546001683,PWT
17_SGP,Singapore,1978,output_to_kstock,0.3138373526907449,-0.014053306796301568,PWT
17_SGP,Singapore,1979,output_to_kstock,0.3133600977979222,-0.0015207077447311201,PWT
17_SGP,Singapore,1980,output_to_kstock,0.31039329075373345,-0.009467724400896604,PWT
17_SGP,Singapore,1981,output_to_kstock,0.30801536832032195,-0.007660998173115052,PWT
17_SGP,Singapore,1982,output_to_kstock,0.2913234520855062,-0.05419182921242072,PWT
17_SGP,Singapore,1983,output_to_kstock,0.2797000197393259,-0.039898718290516166,PWT
17_SGP,Singapore,1984,output_to_kstock,0.2696139244353777,-0.03606040254608578,PWT
17_SGP,Singapore,1985,output_to_kstock,0.24578308361121773,-0.08838876135224183,PWT
17_SGP,Singapore,1986,output_to_kstock,0.23426343487694004,-0.04686916839443511,PWT
17_SGP,Singapore,1987,output_to_kstock,0.24530821745215176,0.047146848081577986,PWT
17_SGP,Singapore,1988,output_to_kstock,0.2579142179955067,0.05138841525279836,PWT
17_SGP,Singapore,1989,output_to_kstock,0.26604746809699964,0.03153471012456799,PWT
17_SGP,Singapore,1990,output_to_kstock,0.27311699886708474,0.026572441454348228,PWT
17_SGP,Singapore,1991,output_to_kstock,0.27128097168927184,-0.006722493237070193,PWT
17_SGP,Singapore,1992,output_to_kstock,0.26815761320996445,-0.011513371025834163,PWT
17_SGP,Singapore,1993,output_to_kstock,0.27663360417246874,0.031608242857784186,PWT
17_SGP,Singapore,1994,output_to_kstock,0.28401823697106815,0.026694633938960655,PWT
17_SGP,Singapore,1995,output_to_kstock,0.2800638053799027,-0.013923160827057246,PWT
17_SGP,Singapore,1996,output_to_kstock,0.27198232841346015,-0.028855842173108215,PWT
17_SGP,Singapore,1997,output_to_kstock,0.2663609082182415,-0.020668328813896797,PWT
17_SGP,Singapore,1998,output_to_kstock,0.24022978241756146,-0.09810420746602055,PWT
17_SGP,Singapore,1999,output_to_kstock,0.23766345201382913,-0.01068281533582538,PWT
17_SGP,Singapore,2000,output_to_kstock,0.2412665590861519,0.015160543372538138,PWT
17_SGP,Singapore,2001,output_to_kstock,0.22529403650585997,-0.06620280340877427,PWT
17_SGP,Singapore,2002,output_to_kstock,0.22460732916528223,-0.0030480493457707425,PWT
17_SGP,Singapore,2003,output_to_kstock,0.22698804746126963,0.01059946843602555,PWT
17_SGP,Singapore,2004,output_to_kstock,0.2397960775535604,0.05642601112940171,PWT
17_SGP,Singapore,2005,output_to_kstock,0.24763222399917537,0.03267837625018988,PWT
17_SGP,Singapore,2006,output_to_kstock,0.25853661803767664,0.04403463274043684,PWT
17_SGP,Singapore,2007,output_to_kstock,0.26779451734664367,0.03580885129246125,PWT
17_SGP,Singapore,2008,output_to_kstock,0.2579936883217176,-0.036598318449662326,PWT
17_SGP,Singapore,2009,output_to_kstock,0.2444587078697035,-0.052462447977161375,PWT
17_SGP,Singapore,2010,output_to_kstock,0.2646496265242403,0.08259439326374318,PWT
17_SGP,Singapore,2011,output_to_kstock,0.2658547775875744,0.004553760680345187,PWT
17_SGP,Singapore,2012,output_to_kstock,0.2619160153373335,-0.014815465367905456,PWT
17_SGP,Singapore,2013,output_to_kstock,0.25891469195969585,-0.011459105980106243,PWT
17_SGP,Singapore,2014,output_to_kstock,0.2542764660922332,-0.017914108436089315,PWT
17_SGP,Singapore,2015,output_to_kstock,0.2484504169565552,-0.02291226248820344,PWT
17_SGP,Singapore,2016,output_to_kstock,0.24533894651785979,-0.012523506608723034,PWT
17_SGP,Singapore,2017,output_to_kstock,0.2446597447201065,-0.0027684222476428433,PWT
17_SGP,Singapore,2018,output_to_kstock,0.24428738274619777,-0.0015219584829319066,PWT
17_SGP,Singapore,2019,output_to_kstock,0.23913184291673045,-0.021104404867375637,PWT
17_SGP,Singapore,2020,output_to_kstock,0.22540668540169673,-0.05739577526617001,PWT
17_SGP,Singapore,2021,output_to_kstock,0.23857696213679438,0.058428953478584456,PWT
17_SGP,Singapore,2022,output_to_kstock,0.2392853130394533,0.002969066653857322,PWT
17_SGP,Singapore,2023,output_to_kstock,0.23410215575676074,-0.0216609921305031,PWT
18_CT,Chinese Taipei,1950,Average hours,,,PWT
18_CT,Chinese Taipei,1951,Average hours,2298.79,,PWT
18_CT,Chinese Taipei,1952,Average hours,2295.94,-0.0012397826682732926,PWT
18_CT,Chinese Taipei,1953,Average hours,2293.09,-0.0012413216373249325,PWT
18_CT,Chinese Taipei,1954,Average hours,2290.25,-0.0012385035040055614,PWT
18_CT,Chinese Taipei,1955,Average hours,2287.41,-0.0012400392970199903,PWT
18_CT,Chinese Taipei,1956,Average hours,2284.57,-0.0012415789036507308,PWT
18_CT,Chinese Taipei,1957,Average hours,2281.73,-0.001243122338120628,PWT
18_CT,Chinese Taipei,1958,Average hours,2278.9,-0.0012402869752337065,PWT
18_CT,Chinese Taipei,1959,Average hours,2276.08,-0.0012374391153627817,PWT
18_CT,Chinese Taipei,1960,Average hours,2273.25,-0.001243365786791295,PWT
18_CT,Chinese Taipei,1961,Average hours,2270.43,-0.0012405146816233392,PWT
18_CT,Chinese Taipei,1962,Average hours,2267.62,-0.001237651017648611,PWT
18_CT,Chinese Taipei,1963,Average hours,2264.8,-0.0012435946057980374,PWT
18_CT,Chinese Taipei,1964,Average hours,2261.99,-0.0012407276580714832,PWT
18_CT,Chinese Taipei,1965,Average hours,2259.19,-0.0012378480895139932,PWT
18_CT,Chinese Taipei,1966,Average hours,2256.39,-0.0012393822564725765,PWT
18_CT,Chinese Taipei,1967,Average hours,2253.59,-0.0012409202309883183,PWT
18_CT,Chinese Taipei,1968,Average hours,2250.79,-0.0012424620272544207,PWT
18_CT,Chinese Taipei,1969,Average hours,2248.0,-0.0012395647750345073,PWT
18_CT,Chinese Taipei,1970,Average hours,2245.21,-0.0012411032028469826,PWT
18_CT,Chinese Taipei,1971,Average hours,2248.75,0.001576689931008568,PWT
18_CT,Chinese Taipei,1972,Average hours,2250.7,0.0008671484157865006,PWT
18_CT,Chinese Taipei,1973,Average hours,2248.98,-0.0007642066912515455,PWT
18_CT,Chinese Taipei,1974,Average hours,2250.62,0.0007292194683812259,PWT
18_CT,Chinese Taipei,1975,Average hours,2252.04,0.000630937252845909,PWT
18_CT,Chinese Taipei,1976,Average hours,2251.57,-0.00020869966785663774,PWT
18_CT,Chinese Taipei,1977,Average hours,2249.96,-0.0007150566049468621,PWT
18_CT,Chinese Taipei,1978,Average hours,2246.72,-0.001440025600455197,PWT
18_CT,Chinese Taipei,1979,Average hours,2279.49,0.014585707164221695,PWT
18_CT,Chinese Taipei,1980,Average hours,2257.34,-0.009717085839376138,PWT
18_CT,Chinese Taipei,1981,Average hours,2253.65,-0.0016346673518389254,PWT
18_CT,Chinese Taipei,1982,Average hours,2213.96,-0.01761143034632706,PWT
18_CT,Chinese Taipei,1983,Average hours,2199.65,-0.006463531409781509,PWT
18_CT,Chinese Taipei,1984,Average hours,2199.19,-0.00020912417884666468,PWT
18_CT,Chinese Taipei,1985,Average hours,2189.49,-0.004410714854105491,PWT
18_CT,Chinese Taipei,1986,Average hours,2188.11,-0.0006302837647121917,PWT
18_CT,Chinese Taipei,1987,Average hours,2220.88,0.014976395153808442,PWT
18_CT,Chinese Taipei,1988,Average hours,2195.49,-0.01143240517272448,PWT
18_CT,Chinese Taipei,1989,Average hours,2177.03,-0.008408145789777999,PWT
18_CT,Chinese Taipei,1990,Average hours,2176.11,-0.00042259408460154635,PWT
18_CT,Chinese Taipei,1991,Average hours,2163.65,-0.005725813492884146,PWT
18_CT,Chinese Taipei,1992,Average hours,2165.96,0.0010676403299978432,PWT
18_CT,Chinese Taipei,1993,Average hours,2185.8,0.009159910617001277,PWT
18_CT,Chinese Taipei,1994,Average hours,2131.34,-0.02491536279623019,PWT
18_CT,Chinese Taipei,1995,Average hours,2170.11,0.01819043418694344,PWT
18_CT,Chinese Taipei,1996,Average hours,2144.26,-0.011911838570395017,PWT
18_CT,Chinese Taipei,1997,Average hours,2088.88,-0.025827091863859897,PWT
18_CT,Chinese Taipei,1998,Average hours,2138.73,0.02386446325303515,PWT
18_CT,Chinese Taipei,1999,Average hours,2136.88,-0.0008649993220275487,PWT
18_CT,Chinese Taipei,2000,Average hours,2127.19,-0.004534648646625006,PWT
18_CT,Chinese Taipei,2001,Average hours,2073.65,-0.025169354876621197,PWT
18_CT,Chinese Taipei,2002,Average hours,2060.27,-0.006452390712029521,PWT
18_CT,Chinese Taipei,2003,Average hours,2065.34,0.0024608425109331478,PWT
18_CT,Chinese Taipei,2004,Average hours,2083.34,0.00871527206174294,PWT
18_CT,Chinese Taipei,2005,Average hours,2075.5,-0.0037631879577986194,PWT
18_CT,Chinese Taipei,2006,Average hours,2084.66,0.0044133943628039685,PWT
18_CT,Chinese Taipei,2007,Average hours,2090.62,0.002858979401916928,PWT
18_CT,Chinese Taipei,2008,Average hours,2090.08,-0.0002582965818752614,PWT
18_CT,Chinese Taipei,2009,Average hours,2065.82,-0.011607211207226409,PWT
18_CT,Chinese Taipei,2010,Average hours,2073.99,0.003954846017561797,PWT
18_CT,Chinese Taipei,2011,Average hours,2076.41,0.0011668330126952675,PWT
18_CT,Chinese Taipei,2012,Average hours,2069.9,-0.003135218959646635,PWT
18_CT,Chinese Taipei,2013,Average hours,2068.13,-0.0008551137736122483,PWT
18_CT,Chinese Taipei,2014,Average hours,,0.0,PWT
18_CT,Chinese Taipei,2015,Average hours,2066.39,-0.0008413397610402829,PWT
18_CT,Chinese Taipei,2016,Average hours,2065.83,-0.0002710040215060383,PWT
18_CT,Chinese Taipei,2017,Average hours,2066.82,0.00047922626740826146,PWT
18_CT,Chinese Taipei,2018,Average hours,2063.58,-0.0015676256277761258,PWT
18_CT,Chinese Taipei,2019,Average hours,2052.85,-0.005199701489644215,PWT
18_CT,Chinese Taipei,2020,Average hours,2004.87,-0.023372384733419405,PWT
18_CT,Chinese Taipei,2021,Average hours,2028.18,0.011626689012255165,PWT
18_CT,Chinese Taipei,2022,Average hours,2033.87,0.002805470914810204,PWT
18_CT,Chinese Taipei,2023,Average hours,2031.58,-0.001125932335891644,PWT
18_CT,Chinese Taipei,1950,Capital stock,,,PWT
18_CT,Chinese Taipei,1951,Capital stock,44700.6015625,,PWT
18_CT,Chinese Taipei,1952,Capital stock,46235.4375,0.03433591235576561,PWT
18_CT,Chinese Taipei,1953,Capital stock,48607.83984375,0.051311341949559885,PWT
18_CT,Chinese Taipei,1954,Capital stock,51125.69140625,0.051799289386108116,PWT
18_CT,Chinese Taipei,1955,Capital stock,52919.37890625,0.03508387760954035,PWT
18_CT,Chinese Taipei,1956,Capital stock,55312.0078125,0.04521271707456531,PWT
18_CT,Chinese Taipei,1957,Capital stock,57552.3203125,0.04050318526845653,PWT
18_CT,Chinese Taipei,1958,Capital stock,60436.1328125,0.050107666977479814,PWT
18_CT,Chinese Taipei,1959,Capital stock,64384.875,0.06533743976886752,PWT
18_CT,Chinese Taipei,1960,Capital stock,69314.4140625,0.07656361936712619,PWT
18_CT,Chinese Taipei,1961,Capital stock,74500.4453125,0.07481894379607423,PWT
18_CT,Chinese Taipei,1962,Capital stock,79608.4375,0.06856324369705424,PWT
18_CT,Chinese Taipei,1963,Capital stock,86027.8046875,0.08063676902966477,PWT
18_CT,Chinese Taipei,1964,Capital stock,92974.265625,0.08074669535894063,PWT
18_CT,Chinese Taipei,1965,Capital stock,102690.6640625,0.10450632088550038,PWT
18_CT,Chinese Taipei,1966,Capital stock,115203.8515625,0.12185321435241847,PWT
18_CT,Chinese Taipei,1967,Capital stock,130748.453125,0.13493126620047757,PWT
18_CT,Chinese Taipei,1968,Capital stock,149622.953125,0.1443573483959717,PWT
18_CT,Chinese Taipei,1969,Capital stock,170269.1875,0.13798841650820415,PWT
18_CT,Chinese Taipei,1970,Capital stock,194333.078125,0.14132851033308658,PWT
18_CT,Chinese Taipei,1971,Capital stock,224520.15625,0.15533679812133117,PWT
18_CT,Chinese Taipei,1972,Capital stock,260037.609375,0.15819271515850808,PWT
18_CT,Chinese Taipei,1973,Capital stock,298311.5625,0.147186221320029,PWT
18_CT,Chinese Taipei,1974,Capital stock,340802.21875,0.1424371750592135,PWT
18_CT,Chinese Taipei,1975,Capital stock,390416.46875,0.1455807716920856,PWT
18_CT,Chinese Taipei,1976,Capital stock,438825.34375,0.12399291237634302,PWT
18_CT,Chinese Taipei,1977,Capital stock,486377.4375,0.10836223209817741,PWT
18_CT,Chinese Taipei,1978,Capital stock,541547.875,0.113431325646145,PWT
18_CT,Chinese Taipei,1979,Capital stock,605482.5,0.11805904510289134,PWT
18_CT,Chinese Taipei,1980,Capital stock,680966.75,0.12466793012184496,PWT
18_CT,Chinese Taipei,1981,Capital stock,755116.75,0.10888931067486052,PWT
18_CT,Chinese Taipei,1982,Capital stock,824477.625,0.0918545046179946,PWT
18_CT,Chinese Taipei,1983,Capital stock,888794.625,0.0780093941300104,PWT
18_CT,Chinese Taipei,1984,Capital stock,956229.6875,0.07587249135310636,PWT
18_CT,Chinese Taipei,1985,Capital stock,1014077.75,0.06049599092791191,PWT
18_CT,Chinese Taipei,1986,Capital stock,1083847.875,0.06880155392424303,PWT
18_CT,Chinese Taipei,1987,Capital stock,1176694.5,0.08566388987015361,PWT
18_CT,Chinese Taipei,1988,Capital stock,1286738.625,0.09351970711174395,PWT
18_CT,Chinese Taipei,1989,Capital stock,1413486.75,0.09850339652312834,PWT
18_CT,Chinese Taipei,1990,Capital stock,1547983.375,0.09515237762221673,PWT
18_CT,Chinese Taipei,1991,Capital stock,1695678.875,0.09541155440380611,PWT
18_CT,Chinese Taipei,1992,Capital stock,1861927.375,0.09804244332524337,PWT
18_CT,Chinese Taipei,1993,Capital stock,2040841.0,0.09609054971867526,PWT
18_CT,Chinese Taipei,1994,Capital stock,2234498.5,0.09489102776747438,PWT
18_CT,Chinese Taipei,1995,Capital stock,2435012.0,0.08973534777490344,PWT
18_CT,Chinese Taipei,1996,Capital stock,2631454.75,0.08067424308381232,PWT
18_CT,Chinese Taipei,1997,Capital stock,2847224.0,0.0819961848099422,PWT
18_CT,Chinese Taipei,1998,Capital stock,3072160.0,0.07900186286712962,PWT
18_CT,Chinese Taipei,1999,Capital stock,3292412.75,0.07169312470704647,PWT
18_CT,Chinese Taipei,2000,Capital stock,3522021.25,0.06973867416835877,PWT
18_CT,Chinese Taipei,2001,Capital stock,3655829.25,0.03799182074781626,PWT
18_CT,Chinese Taipei,2002,Capital stock,3782413.25,0.034625249524441015,PWT
18_CT,Chinese Taipei,2003,Capital stock,3901851.75,0.031577326988265986,PWT
18_CT,Chinese Taipei,2004,Capital stock,4056326.25,0.03959004849428216,PWT
18_CT,Chinese Taipei,2005,Capital stock,4203420.0,0.03626280060682996,PWT
18_CT,Chinese Taipei,2006,Capital stock,4343885.5,0.03341695571701142,PWT
18_CT,Chinese Taipei,2007,Capital stock,4480114.0,0.03136097855249642,PWT
18_CT,Chinese Taipei,2008,Capital stock,4563039.0,0.01850957364031358,PWT
18_CT,Chinese Taipei,2009,Capital stock,4608447.5,0.009951372320069929,PWT
18_CT,Chinese Taipei,2010,Capital stock,4707766.0,0.02155140098699193,PWT
18_CT,Chinese Taipei,2011,Capital stock,4793588.5,0.018229984243057107,PWT
18_CT,Chinese Taipei,2012,Capital stock,4868964.0,0.01572423248261723,PWT
18_CT,Chinese Taipei,2013,Capital stock,4962205.0,0.01915006970682054,PWT
18_CT,Chinese Taipei,2014,Capital stock,5061921.5,0.020095199613881398,PWT
18_CT,Chinese Taipei,2015,Capital stock,5161581.0,0.01968807694864494,PWT
18_CT,Chinese Taipei,2016,Capital stock,5268292.5,0.020674188780530622,PWT
18_CT,Chinese Taipei,2017,Capital stock,5365603.0,0.018470975178390248,PWT
18_CT,Chinese Taipei,2018,Capital stock,5469024.5,0.019274907219188675,PWT
18_CT,Chinese Taipei,2019,Capital stock,5608970.5,0.025588841300674403,PWT
18_CT,Chinese Taipei,2020,Capital stock,5763351.5,0.02752394579361761,PWT
18_CT,Chinese Taipei,2021,Capital stock,5970017.5,0.03585864925989668,PWT
18_CT,Chinese Taipei,2022,Capital stock,6193902.0,0.03750148136081677,PWT
18_CT,Chinese Taipei,2023,Capital stock,6350817.5,0.02533386869860066,PWT
18_CT,Chinese Taipei,1950,Employment,,,PWT
18_CT,Chinese Taipei,1951,Employment,2.65951418876648,,PWT
18_CT,Chinese Taipei,1952,Employment,2.736576795578,0.028976196907324114,PWT
18_CT,Chinese Taipei,1953,Employment,2.81118774414063,0.027264335750852187,PWT
18_CT,Chinese Taipei,1954,Employment,2.89298748970032,0.029097930485143086,PWT
18_CT,Chinese Taipei,1955,Employment,2.97623753547668,0.02877649698546869,PWT
18_CT,Chinese Taipei,1956,Employment,3.05800795555115,0.02747442672158007,PWT
18_CT,Chinese Taipei,1957,Employment,3.13331389427185,0.02462581517618312,PWT
18_CT,Chinese Taipei,1958,Employment,3.21160316467285,0.024986092374633673,PWT
18_CT,Chinese Taipei,1959,Employment,3.30276465415955,0.028385041617053686,PWT
18_CT,Chinese Taipei,1960,Employment,3.3955020904541,0.028078729793161283,PWT
18_CT,Chinese Taipei,1961,Employment,3.51929068565369,0.036456639372304256,PWT
18_CT,Chinese Taipei,1962,Employment,3.63865375518799,0.03391679750151955,PWT
18_CT,Chinese Taipei,1963,Employment,3.76647138595581,0.0351277256280782,PWT
18_CT,Chinese Taipei,1964,Employment,3.81037759780884,0.011657120778016505,PWT
18_CT,Chinese Taipei,1965,Employment,3.83091473579407,0.005389790764316782,PWT
18_CT,Chinese Taipei,1966,Employment,3.93004155158997,0.025875495183881325,PWT
18_CT,Chinese Taipei,1967,Employment,4.13551092147827,0.05228172964358957,PWT
18_CT,Chinese Taipei,1968,Employment,4.32259464263916,0.04523835741534343,PWT
18_CT,Chinese Taipei,1969,Employment,4.49592590332031,0.040098893144262515,PWT
18_CT,Chinese Taipei,1970,Employment,4.68544340133667,0.04215316312851125,PWT
18_CT,Chinese Taipei,1971,Employment,4.85264587402344,0.035685517541215184,PWT
18_CT,Chinese Taipei,1972,Employment,5.0781135559082,0.04646283444907939,PWT
18_CT,Chinese Taipei,1973,Employment,5.46780776977539,0.07673995659545563,PWT
18_CT,Chinese Taipei,1974,Employment,5.63369846343994,0.030339525573951365,PWT
18_CT,Chinese Taipei,1975,Employment,5.6678671836853,0.006065060185080906,PWT
18_CT,Chinese Taipei,1976,Employment,5.82016611099243,0.026870588595568234,PWT
18_CT,Chinese Taipei,1977,Employment,6.147385597229,0.056221674776353536,PWT
18_CT,Chinese Taipei,1978,Employment,6.42674922943115,0.04544429949669593,PWT
18_CT,Chinese Taipei,1979,Employment,6.65304565429688,0.0352116469442143,PWT
18_CT,Chinese Taipei,1980,Employment,6.79107999801636,0.020747541936726455,PWT
18_CT,Chinese Taipei,1981,Employment,6.92023181915283,0.019017861838499073,PWT
18_CT,Chinese Taipei,1982,Employment,7.08755111694336,0.024178279306691364,PWT
18_CT,Chinese Taipei,1983,Employment,7.3700122833252,0.03985313992397077,PWT
18_CT,Chinese Taipei,1984,Employment,7.60823345184326,0.03232303547947146,PWT
18_CT,Chinese Taipei,1985,Employment,7.728355884552,0.01578847881956591,PWT
18_CT,Chinese Taipei,1986,Employment,8.06219863891602,0.04319712489319083,PWT
18_CT,Chinese Taipei,1987,Employment,8.33320617675781,0.0336145944771995,PWT
18_CT,Chinese Taipei,1988,Employment,8.43450832366943,0.012156443121995597,PWT
18_CT,Chinese Taipei,1989,Employment,8.59436893463135,0.018953162985601457,PWT
18_CT,Chinese Taipei,1990,Employment,8.6069221496582,0.001460632551654406,PWT
18_CT,Chinese Taipei,1991,Employment,8.72157859802246,0.013321422730518506,PWT
18_CT,Chinese Taipei,1992,Employment,8.92692470550537,0.023544603213169424,PWT
18_CT,Chinese Taipei,1993,Employment,9.02825832366943,0.011351458817790538,PWT
18_CT,Chinese Taipei,1994,Employment,9.22408103942871,0.02168997704085296,PWT
18_CT,Chinese Taipei,1995,Employment,9.30340194702148,0.008599329001307776,PWT
18_CT,Chinese Taipei,1996,Employment,9.20371055603027,-0.010715584638706033,PWT
18_CT,Chinese Taipei,1997,Employment,9.31886959075928,0.012512239930617675,PWT
18_CT,Chinese Taipei,1998,Employment,9.35599899291992,0.003984324686489682,PWT
18_CT,Chinese Taipei,1999,Employment,9.39003562927246,0.0036379478426937784,PWT
18_CT,Chinese Taipei,2000,Employment,9.53340530395508,0.015268278028219617,PWT
18_CT,Chinese Taipei,2001,Employment,9.3219804763794,-0.02217726204171422,PWT
18_CT,Chinese Taipei,2002,Employment,9.40135669708252,0.008514952472197024,PWT
18_CT,Chinese Taipei,2003,Employment,9.52107906341553,0.01273458397447702,PWT
18_CT,Chinese Taipei,2004,Employment,9.73554039001465,0.02252489714355832,PWT
18_CT,Chinese Taipei,2005,Employment,9.90460872650147,0.01736609676646461,PWT
18_CT,Chinese Taipei,2006,Employment,10.0825004577637,0.017960500628990017,PWT
18_CT,Chinese Taipei,2007,Employment,10.2739143371582,0.018984762777482178,PWT
18_CT,Chinese Taipei,2008,Employment,10.3935384750366,0.011643482119152004,PWT
18_CT,Chinese Taipei,2009,Employment,10.2786331176758,-0.011055460817004814,PWT
18_CT,Chinese Taipei,2010,Employment,10.4931449890137,0.020869688496713668,PWT
18_CT,Chinese Taipei,2011,Employment,10.7088079452515,0.02055274719482081,PWT
18_CT,Chinese Taipei,2012,Employment,10.8599252700806,0.01411149827335434,PWT
18_CT,Chinese Taipei,2013,Employment,10.9671659469605,0.009874900076462856,PWT
18_CT,Chinese Taipei,2014,Employment,11.078685760498,0.010168517014954803,PWT
18_CT,Chinese Taipei,2015,Employment,11.1978015899658,0.010751801435917363,PWT
18_CT,Chinese Taipei,2016,Employment,11.2671985626221,0.006197374734562722,PWT
18_CT,Chinese Taipei,2017,Employment,11.3509998321533,0.0074376313744219935,PWT
18_CT,Chinese Taipei,2018,Employment,11.4350004196167,0.00740028091846634,PWT
18_CT,Chinese Taipei,2019,Employment,11.5,0.005684265675390376,PWT
18_CT,Chinese Taipei,2020,Employment,11.503999710083,0.0003478008767827667,PWT
18_CT,Chinese Taipei,2021,Employment,11.5879240036011,0.007295227367273283,PWT
18_CT,Chinese Taipei,2022,Employment,11.7281808853149,0.012103710869195705,PWT
18_CT,Chinese Taipei,2023,Employment,11.6962776184082,-0.002720222958587537,PWT
18_CT,Chinese Taipei,1950,Real GDP (PWT),,,PWT
18_CT,Chinese Taipei,1951,Real GDP (PWT),10274.6591796875,,PWT
18_CT,Chinese Taipei,1952,Real GDP (PWT),11507.9990234375,0.12003705642988649,PWT
18_CT,Chinese Taipei,1953,Real GDP (PWT),12600.5634765625,0.09493956776498269,PWT
18_CT,Chinese Taipei,1954,Real GDP (PWT),13815.375,0.09640930151235638,PWT
18_CT,Chinese Taipei,1955,Real GDP (PWT),14881.4208984375,0.07716373232268392,PWT
18_CT,Chinese Taipei,1956,Real GDP (PWT),15799.8134765625,0.06171403822207777,PWT
18_CT,Chinese Taipei,1957,Real GDP (PWT),17034.0703125,0.07811844347203212,PWT
18_CT,Chinese Taipei,1958,Real GDP (PWT),18341.73046875,0.07676733348284981,PWT
18_CT,Chinese Taipei,1959,Real GDP (PWT),19957.1328125,0.08807251564961471,PWT
18_CT,Chinese Taipei,1960,Real GDP (PWT),21393.849609375,0.07199014058648356,PWT
18_CT,Chinese Taipei,1961,Real GDP (PWT),22901.609375,0.07047631880913485,PWT
18_CT,Chinese Taipei,1962,Real GDP (PWT),24946.08984375,0.08927234917305893,PWT
18_CT,Chinese Taipei,1963,Real GDP (PWT),27625.18359375,0.1073953379780368,PWT
18_CT,Chinese Taipei,1964,Real GDP (PWT),31114.171875,0.126297378962555,PWT
18_CT,Chinese Taipei,1965,Real GDP (PWT),34812.4921875,0.11886288754069563,PWT
18_CT,Chinese Taipei,1966,Real GDP (PWT),38164.76171875,0.09629501712186195,PWT
18_CT,Chinese Taipei,1967,Real GDP (PWT),42421.3515625,0.11153193815589257,PWT
18_CT,Chinese Taipei,1968,Real GDP (PWT),46541.3515625,0.09712090370175841,PWT
18_CT,Chinese Taipei,1969,Real GDP (PWT),51005.0390625,0.09590799042450993,PWT
18_CT,Chinese Taipei,1970,Real GDP (PWT),56875.0,0.11508590220482207,PWT
18_CT,Chinese Taipei,1971,Real GDP (PWT),64510.90625,0.13425769230769236,PWT
18_CT,Chinese Taipei,1972,Real GDP (PWT),73460.3515625,0.13872763277914735,PWT
18_CT,Chinese Taipei,1973,Real GDP (PWT),82886.6796875,0.12831858171792287,PWT
18_CT,Chinese Taipei,1974,Real GDP (PWT),85096.4921875,0.026660646901666807,PWT
18_CT,Chinese Taipei,1975,Real GDP (PWT),90361.109375,0.06186644187283341,PWT
18_CT,Chinese Taipei,1976,Real GDP (PWT),103266.8671875,0.1428242515144531,PWT
18_CT,Chinese Taipei,1977,Real GDP (PWT),115047.0625,0.1140752657007682,PWT
18_CT,Chinese Taipei,1978,Real GDP (PWT),130642.6484375,0.13555831499391835,PWT
18_CT,Chinese Taipei,1979,Real GDP (PWT),142183.109375,0.08833609143357957,PWT
18_CT,Chinese Taipei,1980,Real GDP (PWT),153612.875,0.08038764713503799,PWT
18_CT,Chinese Taipei,1981,Real GDP (PWT),164519.390625,0.07100000976480647,PWT
18_CT,Chinese Taipei,1982,Real GDP (PWT),172433.046875,0.04810166278841943,PWT
18_CT,Chinese Taipei,1983,Real GDP (PWT),187992.171875,0.09023284852861813,PWT
18_CT,Chinese Taipei,1984,Real GDP (PWT),206883.3125,0.10048897481519137,PWT
18_CT,Chinese Taipei,1985,Real GDP (PWT),216828.890625,0.048073370465778975,PWT
18_CT,Chinese Taipei,1986,Real GDP (PWT),241790.234375,0.11512000858395766,PWT
18_CT,Chinese Taipei,1987,Real GDP (PWT),272620.5,0.1275083160603765,PWT
18_CT,Chinese Taipei,1988,Real GDP (PWT),294495.0625,0.08023814239941607,PWT
18_CT,Chinese Taipei,1989,Real GDP (PWT),320180.75,0.08721941645456277,PWT
18_CT,Chinese Taipei,1990,Real GDP (PWT),337922.09375,0.05541040100006023,PWT
18_CT,Chinese Taipei,1991,Real GDP (PWT),366212.21875,0.08371789096728754,PWT
18_CT,Chinese Taipei,1992,Real GDP (PWT),396645.21875,0.08310208792016183,PWT
18_CT,Chinese Taipei,1993,Real GDP (PWT),423672.46875,0.0681396087041577,PWT
18_CT,Chinese Taipei,1994,Real GDP (PWT),455460.21875,0.07502906689638422,PWT
18_CT,Chinese Taipei,1995,Real GDP (PWT),485058.4375,0.06498529955312371,PWT
18_CT,Chinese Taipei,1996,Real GDP (PWT),515018.78125,0.06176646241722161,PWT
18_CT,Chinese Taipei,1997,Real GDP (PWT),546184.25,0.060513266476143635,PWT
18_CT,Chinese Taipei,1998,Real GDP (PWT),569150.375,0.042048310620454554,PWT
18_CT,Chinese Taipei,1999,Real GDP (PWT),607465.75,0.06732030177437731,PWT
18_CT,Chinese Taipei,2000,Real GDP (PWT),645823.3125,0.06314358052285263,PWT
18_CT,Chinese Taipei,2001,Real GDP (PWT),636771.9375,-0.014015249720487621,PWT
18_CT,Chinese Taipei,2002,Real GDP (PWT),671675.8125,0.054813777028294375,PWT
18_CT,Chinese Taipei,2003,Real GDP (PWT),700051.6875,0.0422463850445709,PWT
18_CT,Chinese Taipei,2004,Real GDP (PWT),748716.6875,0.06951629553782057,PWT
18_CT,Chinese Taipei,2005,Real GDP (PWT),789023.1875,0.05383411465635324,PWT
18_CT,Chinese Taipei,2006,Real GDP (PWT),834554.5,0.05770592451695222,PWT
18_CT,Chinese Taipei,2007,Real GDP (PWT),891726.1875,0.06850563683977495,PWT
18_CT,Chinese Taipei,2008,Real GDP (PWT),898852.0625,0.00799110208928333,PWT
18_CT,Chinese Taipei,2009,Real GDP (PWT),884353.9375,-0.016129600859651982,PWT
18_CT,Chinese Taipei,2010,Real GDP (PWT),974959.9375,0.10245445421562338,PWT
18_CT,Chinese Taipei,2011,Real GDP (PWT),1010780.375,0.03674041991084387,PWT
18_CT,Chinese Taipei,2012,Real GDP (PWT),1033235.0,0.022215137487211267,PWT
18_CT,Chinese Taipei,2013,Real GDP (PWT),1058896.5,0.0248360731101831,PWT
18_CT,Chinese Taipei,2014,Real GDP (PWT),1108868.375,0.047192407378813694,PWT
18_CT,Chinese Taipei,2015,Real GDP (PWT),1125121.75,0.014657623363097505,PWT
18_CT,Chinese Taipei,2016,Real GDP (PWT),1149481.75,0.021650990215059007,PWT
18_CT,Chinese Taipei,2017,Real GDP (PWT),1187545.375,0.03311372712093941,PWT
18_CT,Chinese Taipei,2018,Real GDP (PWT),1220639.625,0.027867777262826632,PWT
18_CT,Chinese Taipei,2019,Real GDP (PWT),1258039.25,0.030639366635340837,PWT
18_CT,Chinese Taipei,2020,Real GDP (PWT),1300644.5,0.0338663916884947,PWT
18_CT,Chinese Taipei,2021,Real GDP (PWT),1386752.875,0.06620438943923568,PWT
18_CT,Chinese Taipei,2022,Real GDP (PWT),1422647.75,0.025884117961536557,PWT
18_CT,Chinese Taipei,2023,Real GDP (PWT),1440848.5,0.01279357451624974,PWT
18_CT,Chinese Taipei,1950,TFP,,,PWT
18_CT,Chinese Taipei,1951,TFP,,,PWT
18_CT,Chinese Taipei,1952,TFP,,,PWT
18_CT,Chinese Taipei,1953,TFP,,,PWT
18_CT,Chinese Taipei,1954,TFP,,,PWT
18_CT,Chinese Taipei,1955,TFP,0.211049601435661,,PWT
18_CT,Chinese Taipei,1956,TFP,0.21510237455368,0.01920294134862166,PWT
18_CT,Chinese Taipei,1957,TFP,0.223104700446129,0.03720240610571213,PWT
18_CT,Chinese Taipei,1958,TFP,0.230312615633011,0.03230732105808953,PWT
18_CT,Chinese Taipei,1959,TFP,0.238756969571114,0.03666474767304351,PWT
18_CT,Chinese Taipei,1960,TFP,0.243601769208908,0.020291762148333614,PWT
18_CT,Chinese Taipei,1961,TFP,0.247983455657959,0.017987087956218284,PWT
18_CT,Chinese Taipei,1962,TFP,0.258216828107834,0.04126635151011748,PWT
18_CT,Chinese Taipei,1963,TFP,0.272322535514832,0.05462737463844669,PWT
18_CT,Chinese Taipei,1964,TFP,0.296913087368012,0.0902993643426937,PWT
18_CT,Chinese Taipei,1965,TFP,0.320545792579651,0.07959469022107202,PWT
18_CT,Chinese Taipei,1966,TFP,0.331776022911072,0.035034714513154874,PWT
18_CT,Chinese Taipei,1967,TFP,0.340681940317154,0.026843161624338086,PWT
18_CT,Chinese Taipei,1968,TFP,0.346704363822937,0.01767755431995166,PWT
18_CT,Chinese Taipei,1969,TFP,0.354066222906113,0.021233822966634897,PWT
18_CT,Chinese Taipei,1970,TFP,0.366697072982788,0.03567369395759701,PWT
18_CT,Chinese Taipei,1971,TFP,0.385288625955582,0.050700031013519054,PWT
18_CT,Chinese Taipei,1972,TFP,0.403943955898285,0.04841910372109903,PWT
18_CT,Chinese Taipei,1973,TFP,0.412326484918594,0.020751712949060197,PWT
18_CT,Chinese Taipei,1974,TFP,0.395388722419739,-0.04107852179856719,PWT
18_CT,Chinese Taipei,1975,TFP,0.400427520275116,0.012743908891837075,PWT
18_CT,Chinese Taipei,1976,TFP,0.428166568279266,0.06927358036004061,PWT
18_CT,Chinese Taipei,1977,TFP,0.439859509468079,0.02730932785295459,PWT
18_CT,Chinese Taipei,1978,TFP,0.462850630283356,0.05226923670032746,PWT
18_CT,Chinese Taipei,1979,TFP,0.463256776332855,0.0008774883794591126,PWT
18_CT,Chinese Taipei,1980,TFP,0.471445322036743,0.017676040852998565,PWT
18_CT,Chinese Taipei,1981,TFP,0.476062297821045,0.009793237027691193,PWT
18_CT,Chinese Taipei,1982,TFP,0.477254241704941,0.0025037561036687084,PWT
18_CT,Chinese Taipei,1983,TFP,0.489894092082977,0.02648452181981975,PWT
18_CT,Chinese Taipei,1984,TFP,0.508394956588745,0.037765028818992796,PWT
18_CT,Chinese Taipei,1985,TFP,0.513170897960663,0.009394155685500616,PWT
18_CT,Chinese Taipei,1986,TFP,0.53745824098587,0.047327982007017155,PWT
18_CT,Chinese Taipei,1987,TFP,0.56316876411438,0.04783724793455324,PWT
18_CT,Chinese Taipei,1988,TFP,0.584375858306885,0.03765673017368876,PWT
18_CT,Chinese Taipei,1989,TFP,0.604659855365753,0.03471053222088405,PWT
18_CT,Chinese Taipei,1990,TFP,0.612159371376038,0.012402867403440654,PWT
18_CT,Chinese Taipei,1991,TFP,0.634514510631561,0.03651849551085373,PWT
18_CT,Chinese Taipei,1992,TFP,0.646931231021881,0.019568851747710392,PWT
18_CT,Chinese Taipei,1993,TFP,0.654404819011688,0.011552368523006562,PWT
18_CT,Chinese Taipei,1994,TFP,0.678512692451477,0.036839388616052515,PWT
18_CT,Chinese Taipei,1995,TFP,0.683442711830139,0.007265920643060975,PWT
18_CT,Chinese Taipei,1996,TFP,0.714397549629211,0.045292512837221244,PWT
18_CT,Chinese Taipei,1997,TFP,0.739316582679749,0.03488118494173387,PWT
18_CT,Chinese Taipei,1998,TFP,0.728666484355927,-0.014405328614731427,PWT
18_CT,Chinese Taipei,1999,TFP,0.749408960342407,0.02846635111098106,PWT
18_CT,Chinese Taipei,2000,TFP,0.762246489524841,0.017130205083975003,PWT
18_CT,Chinese Taipei,2001,TFP,0.759754002094269,-0.003269923134871622,PWT
18_CT,Chinese Taipei,2002,TFP,0.780179619789124,0.026884514775245005,PWT
18_CT,Chinese Taipei,2003,TFP,0.784715473651886,0.005813858434277064,PWT
18_CT,Chinese Taipei,2004,TFP,0.797342836856842,0.016091645480356354,PWT
18_CT,Chinese Taipei,2005,TFP,0.809340476989746,0.015047028176987443,PWT
18_CT,Chinese Taipei,2006,TFP,0.825044095516205,0.01940298177704758,PWT
18_CT,Chinese Taipei,2007,TFP,0.849689424037933,0.029871528874233277,PWT
18_CT,Chinese Taipei,2008,TFP,0.83712112903595,-0.014791634032886192,PWT
18_CT,Chinese Taipei,2009,TFP,0.827453911304474,-0.01154817074395087,PWT
18_CT,Chinese Taipei,2010,TFP,0.882931709289551,0.06704639041178351,PWT
18_CT,Chinese Taipei,2011,TFP,0.89006644487381,0.008080733208687185,PWT
18_CT,Chinese Taipei,2012,TFP,0.891984224319458,0.002154647506029672,PWT
18_CT,Chinese Taipei,2013,TFP,0.896031618118286,0.004537517243554445,PWT
18_CT,Chinese Taipei,2014,TFP,0.918736696243286,0.025339594793185816,PWT
18_CT,Chinese Taipei,2015,TFP,0.912746012210846,-0.006520566835891084,PWT
18_CT,Chinese Taipei,2016,TFP,0.914826154708862,0.0022789937947551575,PWT
18_CT,Chinese Taipei,2017,TFP,0.926828145980835,0.013119422974731787,PWT
18_CT,Chinese Taipei,2018,TFP,0.934932827949524,0.008744535870899961,PWT
18_CT,Chinese Taipei,2019,TFP,0.945387303829193,0.011182060964312734,PWT
18_CT,Chinese Taipei,2020,TFP,0.973304092884064,0.02952947320298982,PWT
18_CT,Chinese Taipei,2021,TFP,1.0,0.027428125815059046,PWT
18_CT,Chinese Taipei,2022,TFP,0.989976227283478,-0.010023772716521995,PWT
18_CT,Chinese Taipei,2023,TFP,0.986929953098297,-0.0030771185218659847,PWT
18_CT,Chinese Taipei,1950,delta,,,PWT
18_CT,Chinese Taipei,1951,delta,0.0258738771080971,,PWT
18_CT,Chinese Taipei,1952,delta,0.0261682886630297,0.011378718145046207,PWT
18_CT,Chinese Taipei,1953,delta,0.0266730356961489,0.019288499894618782,PWT
18_CT,Chinese Taipei,1954,delta,0.027071014046669,0.014920624523348192,PWT
18_CT,Chinese Taipei,1955,delta,0.0273011438548565,0.008500967410780103,PWT
18_CT,Chinese Taipei,1956,delta,0.0276876017451286,0.014155373574332941,PWT
18_CT,Chinese Taipei,1957,delta,0.0282850712537766,0.021578954874743372,PWT
18_CT,Chinese Taipei,1958,delta,0.0290410816669464,0.026728248495002882,PWT
18_CT,Chinese Taipei,1959,delta,0.0299395509064198,0.030937871039975917,PWT
18_CT,Chinese Taipei,1960,delta,0.0308884456753731,0.031693687454404484,PWT
18_CT,Chinese Taipei,1961,delta,0.0319559164345264,0.03455890174507492,PWT
18_CT,Chinese Taipei,1962,delta,0.032906249165535,0.029738866446084034,PWT
18_CT,Chinese Taipei,1963,delta,0.0336700156331062,0.023210377570809237,PWT
18_CT,Chinese Taipei,1964,delta,0.0345719829201698,0.026788442776270793,PWT
18_CT,Chinese Taipei,1965,delta,0.0358406230807304,0.03669561458161108,PWT
18_CT,Chinese Taipei,1966,delta,0.0374962575733662,0.046194355742826154,PWT
18_CT,Chinese Taipei,1967,delta,0.0392888486385345,0.047807199469463546,PWT
18_CT,Chinese Taipei,1968,delta,0.0408850647509098,0.04062771416543187,PWT
18_CT,Chinese Taipei,1969,delta,0.0424076020717621,0.03723944990984562,PWT
18_CT,Chinese Taipei,1970,delta,0.0442576333880425,0.04362499235749717,PWT
18_CT,Chinese Taipei,1971,delta,0.046183418482542,0.043513060845675744,PWT
18_CT,Chinese Taipei,1972,delta,0.0477738715708256,0.03443775148183992,PWT
18_CT,Chinese Taipei,1973,delta,0.0491087026894093,0.027940610101167662,PWT
18_CT,Chinese Taipei,1974,delta,0.0502516962587833,0.02327476611636281,PWT
18_CT,Chinese Taipei,1975,delta,0.0507843494415283,0.010599705530375925,PWT
18_CT,Chinese Taipei,1976,delta,0.0506752282381058,-0.002148717166262748,PWT
18_CT,Chinese Taipei,1977,delta,0.0500402264297009,-0.01253081299251857,PWT
18_CT,Chinese Taipei,1978,delta,0.0491755604743958,-0.017279417320779422,PWT
18_CT,Chinese Taipei,1979,delta,0.0485718250274658,-0.012277144197356926,PWT
18_CT,Chinese Taipei,1980,delta,0.0483427606523037,-0.004715992759847243,PWT
18_CT,Chinese Taipei,1981,delta,0.0482772551476955,-0.001355022007934914,PWT
18_CT,Chinese Taipei,1982,delta,0.0481898449361324,-0.0018105878491989635,PWT
18_CT,Chinese Taipei,1983,delta,0.0481216907501221,-0.001414285231683854,PWT
18_CT,Chinese Taipei,1984,delta,0.0479511357843876,-0.0035442430030175887,PWT
18_CT,Chinese Taipei,1985,delta,0.0473689660429955,-0.012140895765427318,PWT
18_CT,Chinese Taipei,1986,delta,0.0466121658682823,-0.015976708759618652,PWT
18_CT,Chinese Taipei,1987,delta,0.0462717413902283,-0.007303339626310801,PWT
18_CT,Chinese Taipei,1988,delta,0.0463619716465473,0.001950007793267261,PWT
18_CT,Chinese Taipei,1989,delta,0.0467274002730846,0.007882076916901681,PWT
18_CT,Chinese Taipei,1990,delta,0.0472240597009659,0.010628869249706296,PWT
18_CT,Chinese Taipei,1991,delta,0.0476748608052731,0.009546004878906666,PWT
18_CT,Chinese Taipei,1992,delta,0.0482437647879124,0.01193299724487873,PWT
18_CT,Chinese Taipei,1993,delta,0.0487179011106491,0.009827929574341532,PWT
18_CT,Chinese Taipei,1994,delta,0.0488918162882328,0.0035698413441231924,PWT
18_CT,Chinese Taipei,1995,delta,0.0489970147609711,0.002151658104049936,PWT
18_CT,Chinese Taipei,1996,delta,0.0491385459899902,0.0028885684099235753,PWT
18_CT,Chinese Taipei,1997,delta,0.0495736449956894,0.008854535618286974,PWT
18_CT,Chinese Taipei,1998,delta,0.0503067076206207,0.014787345675207897,PWT
18_CT,Chinese Taipei,1999,delta,0.0510550551116467,0.014875700009420845,PWT
18_CT,Chinese Taipei,2000,delta,0.0518939085304737,0.016430369470615602,PWT
18_CT,Chinese Taipei,2001,delta,0.0524253472685814,0.01024086936515145,PWT
18_CT,Chinese Taipei,2002,delta,0.052430521696806,9.870088600649751e-05,PWT
18_CT,Chinese Taipei,2003,delta,0.0523935183882713,-0.000705758923183808,PWT
18_CT,Chinese Taipei,2004,delta,0.0527130626142025,0.00609892665659828,PWT
18_CT,Chinese Taipei,2005,delta,0.0532840080559254,0.010831194649067344,PWT
18_CT,Chinese Taipei,2006,delta,0.0537483207881451,0.008713922791475648,PWT
18_CT,Chinese Taipei,2007,delta,0.0542128048837185,0.008641834549663718,PWT
18_CT,Chinese Taipei,2008,delta,0.0545832887291908,0.006833880782721957,PWT
18_CT,Chinese Taipei,2009,delta,0.0546572804450989,0.0013555745289588472,PWT
18_CT,Chinese Taipei,2010,delta,0.0548872761428356,0.004207960876643435,PWT
18_CT,Chinese Taipei,2011,delta,0.0552551709115505,0.006702733211928935,PWT
18_CT,Chinese Taipei,2012,delta,0.0554392486810684,0.0033314125444035003,PWT
18_CT,Chinese Taipei,2013,delta,0.0556525103747845,0.003846763778184492,PWT
18_CT,Chinese Taipei,2014,delta,0.0559752024710178,0.00579833854861489,PWT
18_CT,Chinese Taipei,2015,delta,0.0562955252826214,0.005722584242003448,PWT
18_CT,Chinese Taipei,2016,delta,0.0566626526415348,0.006521430559006225,PWT
18_CT,Chinese Taipei,2017,delta,0.057071965187788,0.007223674275234515,PWT
18_CT,Chinese Taipei,2018,delta,0.0574653446674347,0.006892692031058134,PWT
18_CT,Chinese Taipei,2019,delta,0.0580572560429573,0.010300318895642757,PWT
18_CT,Chinese Taipei,2020,delta,0.0588141493499279,0.013037014811905223,PWT
18_CT,Chinese Taipei,2021,delta,0.0598368719220161,0.017389056602745034,PWT
18_CT,Chinese Taipei,2022,delta,0.0612089335918427,0.022930036710721913,PWT
18_CT,Chinese Taipei,2023,delta,0.0622629299759865,0.017219649523256386,PWT
18_CT,Chinese Taipei,1950,output_to_kstock,,,PWT
18_CT,Chinese Taipei,1951,output_to_kstock,0.22985505385920946,,PWT
18_CT,Chinese Taipei,1952,output_to_kstock,0.24889997036228975,0.08285620082447998,PWT
18_CT,Chinese Taipei,1953,output_to_kstock,0.2592290362432693,0.041498863442791745,PWT
18_CT,Chinese Taipei,1954,output_to_kstock,0.27022372940097006,0.04241304645897359,PWT
18_CT,Chinese Taipei,1955,output_to_kstock,0.28120928865776884,0.040653569844334214,PWT
18_CT,Chinese Taipei,1956,output_to_kstock,0.28564888712992786,0.015787524278979337,PWT
18_CT,Chinese Taipei,1957,output_to_kstock,0.29597538761265735,0.036151026480395254,PWT
18_CT,Chinese Taipei,1958,output_to_kstock,0.30348947914411195,0.02538755533716297,PWT
18_CT,Chinese Taipei,1959,output_to_kstock,0.3099661653843391,0.02134072739026216,PWT
18_CT,Chinese Taipei,1960,output_to_kstock,0.3086493610129116,-0.004248219704220624,PWT
18_CT,Chinese Taipei,1961,output_to_kstock,0.30740231523364425,-0.004040331640975614,PWT
18_CT,Chinese Taipei,1962,output_to_kstock,0.31335987273647975,0.019380327367760408,PWT
18_CT,Chinese Taipei,1963,output_to_kstock,0.3211192438781829,0.024761853117768018,PWT
18_CT,Chinese Taipei,1964,output_to_kstock,0.334653591139887,0.042147418816289806,PWT
18_CT,Chinese Taipei,1965,output_to_kstock,0.3390034771448384,0.01299817518806523,PWT
18_CT,Chinese Taipei,1966,output_to_kstock,0.3312802584386251,-0.022782122387829173,PWT
18_CT,Chinese Taipei,1967,output_to_kstock,0.3244501219600949,-0.020617396613736294,PWT
18_CT,Chinese Taipei,1968,output_to_kstock,0.3110575656371239,-0.04127770469637293,PWT
18_CT,Chinese Taipei,1969,output_to_kstock,0.2995553089281054,-0.03697790370556975,PWT
18_CT,Chinese Taipei,1970,output_to_kstock,0.2926676227678365,-0.022993036527761856,PWT
18_CT,Chinese Taipei,1971,output_to_kstock,0.2873279055541366,-0.01824498782339068,PWT
18_CT,Chinese Taipei,1972,output_to_kstock,0.282498949821381,-0.0168064279153205,PWT
18_CT,Chinese Taipei,1973,output_to_kstock,0.27785272214348045,-0.01644688477899936,PWT
18_CT,Chinese Taipei,1974,output_to_kstock,0.2496946542766603,-0.10134170235798379,PWT
18_CT,Chinese Taipei,1975,output_to_kstock,0.23144799619829048,-0.07307588595049619,PWT
18_CT,Chinese Taipei,1976,output_to_kstock,0.23532566807793903,0.016753966088893568,PWT
18_CT,Chinese Taipei,1977,output_to_kstock,0.23653865008900624,0.005154482385939518,PWT
18_CT,Chinese Taipei,1978,output_to_kstock,0.24123933352614485,0.019872792185842814,PWT
18_CT,Chinese Taipei,1979,output_to_kstock,0.23482612523896232,-0.026584422172959976,PWT
18_CT,Chinese Taipei,1980,output_to_kstock,0.2255805808433378,-0.03937187306657697,PWT
18_CT,Chinese Taipei,1981,output_to_kstock,0.21787278672470184,-0.034168695238837477,PWT
18_CT,Chinese Taipei,1982,output_to_kstock,0.20914217881291805,-0.04007204407228493,PWT
18_CT,Chinese Taipei,1983,output_to_kstock,0.21151362371819024,0.011338912689599079,PWT
18_CT,Chinese Taipei,1984,output_to_kstock,0.21635315782851597,0.02288048412793331,PWT
18_CT,Chinese Taipei,1985,output_to_kstock,0.2138188029714684,-0.011713972111543347,PWT
18_CT,Chinese Taipei,1986,output_to_kstock,0.2230850287684515,0.04333681448127624,PWT
18_CT,Chinese Taipei,1987,output_to_kstock,0.23168332987024245,0.038542707904955176,PWT
18_CT,Chinese Taipei,1988,output_to_kstock,0.2288693731409516,-0.012145702199924613,PWT
18_CT,Chinese Taipei,1989,output_to_kstock,0.2265183950256343,-0.010272139443792683,PWT
18_CT,Chinese Taipei,1990,output_to_kstock,0.218298270645187,-0.036288992686519195,PWT
18_CT,Chinese Taipei,1991,output_to_kstock,0.21596790769124843,-0.010675132455475356,PWT
18_CT,Chinese Taipei,1992,output_to_kstock,0.2130293716477529,-0.013606355105761914,PWT
18_CT,Chinese Taipei,1993,output_to_kstock,0.20759699983977195,-0.025500576591679813,PWT
18_CT,Chinese Taipei,1994,output_to_kstock,0.20383106936522893,-0.018140582366072966,PWT
18_CT,Chinese Taipei,1995,output_to_kstock,0.19920166204519732,-0.022711980732125547,PWT
18_CT,Chinese Taipei,1996,output_to_kstock,0.1957163737092572,-0.017496281407277214,PWT
18_CT,Chinese Taipei,1997,output_to_kstock,0.19183044607659952,-0.01985489286875075,PWT
18_CT,Chinese Taipei,1998,output_to_kstock,0.185260655369512,-0.03424790402908273,PWT
18_CT,Chinese Taipei,1999,output_to_kstock,0.1845047374452064,-0.004080293912368416,PWT
18_CT,Chinese Taipei,2000,output_to_kstock,0.18336723905342706,-0.006165144632761299,PWT
18_CT,Chinese Taipei,2001,output_to_kstock,0.1741798902396768,-0.05010354554705032,PWT
18_CT,Chinese Taipei,2002,output_to_kstock,0.17757864307925633,0.019512888858195687,PWT
18_CT,Chinese Taipei,2003,output_to_kstock,0.1794152449538863,0.010342470483966082,PWT
18_CT,Chinese Taipei,2004,output_to_kstock,0.18457999710945341,0.028786584757023004,PWT
18_CT,Chinese Taipei,2005,output_to_kstock,0.1877098142702847,0.01695642653507745,PWT
18_CT,Chinese Taipei,2006,output_to_kstock,0.19212166158615368,0.023503551655090105,PWT
18_CT,Chinese Taipei,2007,output_to_kstock,0.19904095911398684,0.03601518678689075,PWT
18_CT,Chinese Taipei,2008,output_to_kstock,0.19698539997137873,-0.010327317310759754,PWT
18_CT,Chinese Taipei,2009,output_to_kstock,0.19189845115952825,-0.025823989049897134,PWT
18_CT,Chinese Taipei,2010,output_to_kstock,0.20709609133079257,0.0791962628120968,PWT
18_CT,Chinese Taipei,2011,output_to_kstock,0.2108608978430251,0.018179032197276346,PWT
18_CT,Chinese Taipei,2012,output_to_kstock,0.21220838765700464,0.006390420546263043,PWT
18_CT,Chinese Taipei,2013,output_to_kstock,0.21339233264244423,0.0055791620609888515,PWT
18_CT,Chinese Taipei,2014,output_to_kstock,0.2190607608197796,0.02656341072400803,PWT
18_CT,Chinese Taipei,2015,output_to_kstock,0.21798006269784392,-0.004933325885893236,PWT
18_CT,Chinese Taipei,2016,output_to_kstock,0.21818867308525486,0.0009570159070011464,PWT
18_CT,Chinese Taipei,2017,output_to_kstock,0.22132561335603845,0.014377191200745099,PWT
18_CT,Chinese Taipei,2018,output_to_kstock,0.2231914713492324,0.008430375341115237,PWT
18_CT,Chinese Taipei,2019,output_to_kstock,0.22429058059763374,0.004924512759188371,PWT
18_CT,Chinese Taipei,2020,output_to_kstock,0.2256750260677316,0.0061725528838925126,PWT
18_CT,Chinese Taipei,2021,output_to_kstock,0.23228623282930075,0.029295252012444317,PWT
18_CT,Chinese Taipei,2022,output_to_kstock,0.22968522104482764,-0.01119744271019496,PWT
18_CT,Chinese Taipei,2023,output_to_kstock,0.22687606752988887,-0.012230449578601754,PWT
19_THA,Thailand,1950,Average hours,,,PWT
19_THA,Thailand,1951,Average hours,,,PWT
19_THA,Thailand,1952,Average hours,,,PWT
19_THA,Thailand,1953,Average hours,,,PWT
19_THA,Thailand,1954,Average hours,,,PWT
19_THA,Thailand,1955,Average hours,,,PWT
19_THA,Thailand,1956,Average hours,,,PWT
19_THA,Thailand,1957,Average hours,,,PWT
19_THA,Thailand,1958,Average hours,,,PWT
19_THA,Thailand,1959,Average hours,,,PWT
19_THA,Thailand,1960,Average hours,,,PWT
19_THA,Thailand,1961,Average hours,,,PWT
19_THA,Thailand,1962,Average hours,,,PWT
19_THA,Thailand,1963,Average hours,,,PWT
19_THA,Thailand,1964,Average hours,,,PWT
19_THA,Thailand,1965,Average hours,,,PWT
19_THA,Thailand,1966,Average hours,,,PWT
19_THA,Thailand,1967,Average hours,,,PWT
19_THA,Thailand,1968,Average hours,,,PWT
19_THA,Thailand,1969,Average hours,,,PWT
19_THA,Thailand,1970,Average hours,2535.13,,PWT
19_THA,Thailand,1971,Average hours,2535.09,-1.5778283559364503e-05,PWT
19_THA,Thailand,1972,Average hours,2428.64,-0.04199061966241835,PWT
19_THA,Thailand,1973,Average hours,2551.94,0.05076915475327759,PWT
19_THA,Thailand,1974,Average hours,2569.84,0.007014271495411339,PWT
19_THA,Thailand,1975,Average hours,2541.69,-0.010953989353422844,PWT
19_THA,Thailand,1976,Average hours,2537.3,-0.0017271972585168882,PWT
19_THA,Thailand,1977,Average hours,2533.37,-0.001548890552950155,PWT
19_THA,Thailand,1978,Average hours,2611.12,0.03069034527131853,PWT
19_THA,Thailand,1979,Average hours,2704.95,0.03593477128588485,PWT
19_THA,Thailand,1980,Average hours,2798.1,0.03443686574613203,PWT
19_THA,Thailand,1981,Average hours,2718.35,-0.028501483149279916,PWT
19_THA,Thailand,1982,Average hours,2424.93,-0.10794047859915024,PWT
19_THA,Thailand,1983,Average hours,2769.17,0.1419587369532318,PWT
19_THA,Thailand,1984,Average hours,2788.43,0.006955152626960448,PWT
19_THA,Thailand,1985,Average hours,2759.05,-0.010536395032329948,PWT
19_THA,Thailand,1986,Average hours,2758.17,-0.0003189503633497237,PWT
19_THA,Thailand,1987,Average hours,2710.93,-0.017127298172339045,PWT
19_THA,Thailand,1988,Average hours,2734.57,0.008720254672750727,PWT
19_THA,Thailand,1989,Average hours,2803.6,0.025243456923757623,PWT
19_THA,Thailand,1990,Average hours,2663.53,-0.049960764731059926,PWT
19_THA,Thailand,1991,Average hours,2712.94,0.018550570108089692,PWT
19_THA,Thailand,1992,Average hours,2729.56,0.0061261951978295315,PWT
19_THA,Thailand,1993,Average hours,2647.88,-0.029924236873342114,PWT
19_THA,Thailand,1994,Average hours,2699.17,0.019370213151653326,PWT
19_THA,Thailand,1995,Average hours,2693.81,-0.0019857956334725646,PWT
19_THA,Thailand,1996,Average hours,2638.21,-0.020639911500811126,PWT
19_THA,Thailand,1997,Average hours,2565.93,-0.02739736412188576,PWT
19_THA,Thailand,1998,Average hours,2616.1,0.019552365029443575,PWT
19_THA,Thailand,1999,Average hours,2579.6,-0.013952066052520973,PWT
19_THA,Thailand,2000,Average hours,2583.93,0.0016785548147000284,PWT
19_THA,Thailand,2001,Average hours,2482.59,-0.039219328696984745,PWT
19_THA,Thailand,2002,Average hours,2471.68,-0.004394604022412207,PWT
19_THA,Thailand,2003,Average hours,2461.1,-0.004280489383738928,PWT
19_THA,Thailand,2004,Average hours,2466.58,0.002226646621429351,PWT
19_THA,Thailand,2005,Average hours,2413.86,-0.021373723941651934,PWT
19_THA,Thailand,2006,Average hours,2398.77,-0.006251398175536327,PWT
19_THA,Thailand,2007,Average hours,2383.64,-0.006307399208761222,PWT
19_THA,Thailand,2008,Average hours,2365.05,-0.007798996492758836,PWT
19_THA,Thailand,2009,Average hours,2345.53,-0.008253525295448316,PWT
19_THA,Thailand,2010,Average hours,2326.36,-0.008172992884337482,PWT
19_THA,Thailand,2011,Average hours,2300.38,-0.011167661067074786,PWT
19_THA,Thailand,2012,Average hours,2292.01,-0.003638529286465686,PWT
19_THA,Thailand,2013,Average hours,2293.5,0.0006500844237153913,PWT
19_THA,Thailand,2014,Average hours,2269.77,-0.010346631785480676,PWT
19_THA,Thailand,2015,Average hours,2235.97,-0.014891376659309175,PWT
19_THA,Thailand,2016,Average hours,2220.72,-0.0068203061758431716,PWT
19_THA,Thailand,2017,Average hours,2216.47,-0.0019137937245577996,PWT
19_THA,Thailand,2018,Average hours,2209.27,-0.0032484085054161893,PWT
19_THA,Thailand,2019,Average hours,2199.04,-0.004630488803994082,PWT
19_THA,Thailand,2020,Average hours,2095.41,-0.04712510913853318,PWT
19_THA,Thailand,2021,Average hours,2107.97,0.005994053669687638,PWT
19_THA,Thailand,2022,Average hours,2172.99,0.030844841245368793,PWT
19_THA,Thailand,2023,Average hours,2177.17,0.0019236167676797145,PWT
19_THA,Thailand,1950,Capital stock,68703.625,,PWT
19_THA,Thailand,1951,Capital stock,70845.890625,0.031181260450231063,PWT
19_THA,Thailand,1952,Capital stock,73218.4140625,0.03348851170575573,PWT
19_THA,Thailand,1953,Capital stock,75647.4140625,0.03317471473674072,PWT
19_THA,Thailand,1954,Capital stock,78273.7109375,0.034717602809663184,PWT
19_THA,Thailand,1955,Capital stock,81478.9296875,0.04094885385668379,PWT
19_THA,Thailand,1956,Capital stock,83862.3046875,0.029251427444384248,PWT
19_THA,Thailand,1957,Capital stock,88045.25,0.049878730713246,PWT
19_THA,Thailand,1958,Capital stock,92259.5625,0.04786530221675789,PWT
19_THA,Thailand,1959,Capital stock,97877.5546875,0.060893332195239847,PWT
19_THA,Thailand,1960,Capital stock,104339.8671875,0.0660244580142264,PWT
19_THA,Thailand,1961,Capital stock,110877.921875,0.06266113676137852,PWT
19_THA,Thailand,1962,Capital stock,120306.8671875,0.08503897938428051,PWT
19_THA,Thailand,1963,Capital stock,132905.453125,0.10472042230029088,PWT
19_THA,Thailand,1964,Capital stock,145235.1875,0.09277071847009655,PWT
19_THA,Thailand,1965,Capital stock,158981.296875,0.09464723812195985,PWT
19_THA,Thailand,1966,Capital stock,178497.21875,0.12275608677632377,PWT
19_THA,Thailand,1967,Capital stock,199210.65625,0.11604347476702626,PWT
19_THA,Thailand,1968,Capital stock,222006.5625,0.11443115885021848,PWT
19_THA,Thailand,1969,Capital stock,249718.03125,0.12482274594923282,PWT
19_THA,Thailand,1970,Capital stock,284790.6875,0.14044903395417108,PWT
19_THA,Thailand,1971,Capital stock,317487.0,0.11480822209118058,PWT
19_THA,Thailand,1972,Capital stock,348281.75,0.09699531004419071,PWT
19_THA,Thailand,1973,Capital stock,381498.03125,0.09537186846568901,PWT
19_THA,Thailand,1974,Capital stock,411765.71875,0.07933903983940938,PWT
19_THA,Thailand,1975,Capital stock,439311.25,0.06689612562604808,PWT
19_THA,Thailand,1976,Capital stock,472216.1875,0.07490119476794632,PWT
19_THA,Thailand,1977,Capital stock,517452.78125,0.09579636392706248,PWT
19_THA,Thailand,1978,Capital stock,567874.875,0.09744288865970807,PWT
19_THA,Thailand,1979,Capital stock,618161.0,0.08855141724662507,PWT
19_THA,Thailand,1980,Capital stock,667599.0,0.07997592860112501,PWT
19_THA,Thailand,1981,Capital stock,719880.3125,0.07831244879036658,PWT
19_THA,Thailand,1982,Capital stock,768903.5,0.06809908070655846,PWT
19_THA,Thailand,1983,Capital stock,828836.125,0.07794557444464756,PWT
19_THA,Thailand,1984,Capital stock,892517.9375,0.07683281481004456,PWT
19_THA,Thailand,1985,Capital stock,949476.125,0.06381741487408488,PWT
19_THA,Thailand,1986,Capital stock,1003592.125,0.05699564062234841,PWT
19_THA,Thailand,1987,Capital stock,1076224.5,0.07237240427728553,PWT
19_THA,Thailand,1988,Capital stock,1174036.875,0.0908847317636794,PWT
19_THA,Thailand,1989,Capital stock,1302900.75,0.10976135225735573,PWT
19_THA,Thailand,1990,Capital stock,1480868.0,0.13659309813122755,PWT
19_THA,Thailand,1991,Capital stock,1673317.0,0.12995689014821044,PWT
19_THA,Thailand,1992,Capital stock,1875292.625,0.12070374292498065,PWT
19_THA,Thailand,1993,Capital stock,2096791.625,0.1181143662845685,PWT
19_THA,Thailand,1994,Capital stock,2343960.0,0.11787932193786776,PWT
19_THA,Thailand,1995,Capital stock,2622140.0,0.11867949965016478,PWT
19_THA,Thailand,1996,Capital stock,2911965.75,0.11053023484634683,PWT
19_THA,Thailand,1997,Capital stock,3091450.25,0.0616368856673537,PWT
19_THA,Thailand,1998,Capital stock,3108462.25,0.005502918897045239,PWT
19_THA,Thailand,1999,Capital stock,3126345.25,0.005753005364629971,PWT
19_THA,Thailand,2000,Capital stock,3158439.25,0.010265660838322255,PWT
19_THA,Thailand,2001,Capital stock,3199990.25,0.013155548266442052,PWT
19_THA,Thailand,2002,Capital stock,3250135.25,0.015670360245628956,PWT
19_THA,Thailand,2003,Capital stock,3329881.0,0.024536132765551777,PWT
19_THA,Thailand,2004,Capital stock,3443971.25,0.03426256073415246,PWT
19_THA,Thailand,2005,Capital stock,3594982.75,0.04384807219282094,PWT
19_THA,Thailand,2006,Capital stock,3740014.0,0.04034268314639333,PWT
19_THA,Thailand,2007,Capital stock,3879625.25,0.03732907149545439,PWT
19_THA,Thailand,2008,Capital stock,4019170.75,0.03596880910082745,PWT
19_THA,Thailand,2009,Capital stock,4109857.5,0.02256354746809408,PWT
19_THA,Thailand,2010,Capital stock,4237178.0,0.030979297944028428,PWT
19_THA,Thailand,2011,Capital stock,4377496.0,0.033115908748700296,PWT
19_THA,Thailand,2012,Capital stock,4548764.5,0.03912476447722635,PWT
19_THA,Thailand,2013,Capital stock,4697992.5,0.03280627080166498,PWT
19_THA,Thailand,2014,Capital stock,4830514.0,0.028208112294772825,PWT
19_THA,Thailand,2015,Capital stock,4981794.5,0.03131768172082716,PWT
19_THA,Thailand,2016,Capital stock,5132382.0,0.030227561574448725,PWT
19_THA,Thailand,2017,Capital stock,5282581.5,0.02926506639607096,PWT
19_THA,Thailand,2018,Capital stock,5441419.0,0.030068158910562914,PWT
19_THA,Thailand,2019,Capital stock,5601558.5,0.029429731472617737,PWT
19_THA,Thailand,2020,Capital stock,5728546.0,0.022670030135363284,PWT
19_THA,Thailand,2021,Capital stock,5865754.0,0.02395162751595259,PWT
19_THA,Thailand,2022,Capital stock,6008195.5,0.02428357888857935,PWT
19_THA,Thailand,2023,Capital stock,6148745.5,0.02339304704715417,PWT
19_THA,Thailand,1950,Employment,8.74141597747803,,PWT
19_THA,Thailand,1951,Employment,8.95013999938965,0.02387759860066052,PWT
19_THA,Thailand,1952,Employment,9.16590690612793,0.024107657171060337,PWT
19_THA,Thailand,1953,Employment,9.39465427398682,0.024956326766308212,PWT
19_THA,Thailand,1954,Employment,9.63917541503906,0.02602768914331466,PWT
19_THA,Thailand,1955,Employment,9.8988561630249,0.026940141330002776,PWT
19_THA,Thailand,1956,Employment,10.1654634475708,0.0269331405725195,PWT
19_THA,Thailand,1957,Employment,10.4294004440308,0.025964088880086722,PWT
19_THA,Thailand,1958,Employment,10.6913785934448,0.025119195568326314,PWT
19_THA,Thailand,1959,Employment,10.9563322067261,0.02478198774513074,PWT
19_THA,Thailand,1960,Employment,11.2263441085815,0.02464436973621864,PWT
19_THA,Thailand,1961,Employment,11.5306234359741,0.027104044241794245,PWT
19_THA,Thailand,1962,Employment,11.8458766937256,0.027340521481947766,PWT
19_THA,Thailand,1963,Employment,12.1617546081543,0.026665642619428276,PWT
19_THA,Thailand,1964,Employment,12.480016708374,0.026169094055417785,PWT
19_THA,Thailand,1965,Employment,12.7952718734741,0.025260796717408773,PWT
19_THA,Thailand,1966,Employment,13.1078319549561,0.024427779618342527,PWT
19_THA,Thailand,1967,Employment,13.4191522598267,0.02375070918977462,PWT
19_THA,Thailand,1968,Employment,13.7360239028931,0.02361338756212117,PWT
19_THA,Thailand,1969,Employment,14.0612783432007,0.02367893668553478,PWT
19_THA,Thailand,1970,Employment,14.40149974823,0.024195624090878942,PWT
19_THA,Thailand,1971,Employment,14.8387546539307,0.030361761854312386,PWT
19_THA,Thailand,1972,Employment,15.2781028747559,0.029608159921211463,PWT
19_THA,Thailand,1973,Employment,15.7304639816284,0.029608460591002972,PWT
19_THA,Thailand,1974,Employment,16.1971282958984,0.029666277791615903,PWT
19_THA,Thailand,1975,Employment,16.6729736328125,0.02937837672339727,PWT
19_THA,Thailand,1976,Employment,17.1586399078369,0.029128953582017614,PWT
19_THA,Thailand,1977,Employment,17.6524219512939,0.02877745824314859,PWT
19_THA,Thailand,1978,Employment,18.6198978424072,0.05480697740982721,PWT
19_THA,Thailand,1979,Employment,18.5273666381836,-0.004969479693538337,PWT
19_THA,Thailand,1980,Employment,19.6815185546875,0.06229443930392531,PWT
19_THA,Thailand,1981,Employment,20.177131652832,0.02518164931061473,PWT
19_THA,Thailand,1982,Employment,20.8796195983887,0.0348160460883995,PWT
19_THA,Thailand,1983,Employment,22.2375926971436,0.0650382106989964,PWT
19_THA,Thailand,1984,Employment,23.4636478424072,0.05513434668767392,PWT
19_THA,Thailand,1985,Employment,23.5658092498779,0.0043540291840749035,PWT
19_THA,Thailand,1986,Employment,24.3780555725098,0.03446715171201298,PWT
19_THA,Thailand,1987,Employment,25.7282638549805,0.055386217266371274,PWT
19_THA,Thailand,1988,Employment,26.9769344329834,0.04853302908587742,PWT
19_THA,Thailand,1989,Employment,27.740385055542,0.028300125221981,PWT
19_THA,Thailand,1990,Employment,28.244945526123,0.018188661389189953,PWT
19_THA,Thailand,1991,Employment,28.8872871398926,0.02274182519401613,PWT
19_THA,Thailand,1992,Employment,29.8790473937988,0.03433206618203366,PWT
19_THA,Thailand,1993,Employment,30.6703681945801,0.0264841375413305,PWT
19_THA,Thailand,1994,Employment,29.7227058410645,-0.030898303779837488,PWT
19_THA,Thailand,1995,Employment,30.792293548584,0.03598554294615308,PWT
19_THA,Thailand,1996,Employment,30.9213695526123,0.004191828186641766,PWT
19_THA,Thailand,1997,Employment,31.7331943511963,0.02625449035181604,PWT
19_THA,Thailand,1998,Employment,30.2363357543945,-0.04717012035522894,PWT
19_THA,Thailand,1999,Employment,30.8001728057861,0.01864766471610757,PWT
19_THA,Thailand,2000,Employment,31.43630027771,0.02065337347082674,PWT
19_THA,Thailand,2001,Employment,32.0900917053223,0.020797340076175397,PWT
19_THA,Thailand,2002,Employment,33.0482177734375,0.029857380181817605,PWT
19_THA,Thailand,2003,Employment,33.8232917785645,0.023452823097467324,PWT
19_THA,Thailand,2004,Employment,34.700325012207,0.02592986038686873,PWT
19_THA,Thailand,2005,Employment,35.2092475891113,0.014666219314235951,PWT
19_THA,Thailand,2006,Employment,35.6200294494629,0.011666874144695916,PWT
19_THA,Thailand,2007,Employment,36.1892013549805,0.015978984698065135,PWT
19_THA,Thailand,2008,Employment,36.9778442382813,0.021792215737644893,PWT
19_THA,Thailand,2009,Employment,37.6813545227051,0.019025183834148196,PWT
19_THA,Thailand,2010,Employment,38.0122871398926,0.008782397060278058,PWT
19_THA,Thailand,2011,Employment,37.9131050109863,-0.0026092123460313976,PWT
19_THA,Thailand,2012,Employment,38.2787628173828,0.009644628322859283,PWT
19_THA,Thailand,2013,Employment,38.1504364013672,-0.0033524180660645664,PWT
19_THA,Thailand,2014,Employment,38.0160331726074,-0.003522980113406682,PWT
19_THA,Thailand,2015,Employment,37.9529914855957,-0.001658292087590052,PWT
19_THA,Thailand,2016,Employment,37.6143608093262,-0.00892237114953176,PWT
19_THA,Thailand,2017,Employment,37.3719863891602,-0.006443667124762298,PWT
19_THA,Thailand,2018,Employment,37.7916793823242,0.011230149470613293,PWT
19_THA,Thailand,2019,Employment,37.5410537719727,-0.006631766951026852,PWT
19_THA,Thailand,2020,Employment,37.6074600219727,0.0017688968030400432,PWT
19_THA,Thailand,2021,Employment,37.6791305541992,0.0019057530656052535,PWT
19_THA,Thailand,2022,Employment,39.1455726623535,0.038919213012224674,PWT
19_THA,Thailand,2023,Employment,39.8352241516113,0.01761761145267493,PWT
19_THA,Thailand,1950,Real GDP (PWT),31619.109375,,PWT
19_THA,Thailand,1951,Real GDP (PWT),30150.580078125,-0.046444359942538704,PWT
19_THA,Thailand,1952,Real GDP (PWT),29387.724609375,-0.025301518802401723,PWT
19_THA,Thailand,1953,Real GDP (PWT),26537.7734375,-0.09697760577781633,PWT
19_THA,Thailand,1954,Real GDP (PWT),29073.455078125,0.09554990159957732,PWT
19_THA,Thailand,1955,Real GDP (PWT),26970.775390625,-0.0723230067375813,PWT
19_THA,Thailand,1956,Real GDP (PWT),28242.283203125,0.04714391017997843,PWT
19_THA,Thailand,1957,Real GDP (PWT),32270.236328125,0.14262137009355924,PWT
19_THA,Thailand,1958,Real GDP (PWT),32904.92578125,0.019667951813908457,PWT
19_THA,Thailand,1959,Real GDP (PWT),36626.0703125,0.11308776552142819,PWT
19_THA,Thailand,1960,Real GDP (PWT),41091.31640625,0.12191441930984515,PWT
19_THA,Thailand,1961,Real GDP (PWT),43260.609375,0.05279200469761669,PWT
19_THA,Thailand,1962,Real GDP (PWT),46752.00390625,0.08070608763240528,PWT
19_THA,Thailand,1963,Real GDP (PWT),50659.671875,0.08358289789216089,PWT
19_THA,Thailand,1964,Real GDP (PWT),54007.421875,0.06608313627179419,PWT
19_THA,Thailand,1965,Real GDP (PWT),58253.6796875,0.07862359774047256,PWT
19_THA,Thailand,1966,Real GDP (PWT),65364.71875,0.12207021257106754,PWT
19_THA,Thailand,1967,Real GDP (PWT),70455.234375,0.0778786434386669,PWT
19_THA,Thailand,1968,Real GDP (PWT),76218.53125,0.08180083319749798,PWT
19_THA,Thailand,1969,Real GDP (PWT),82814.3671875,0.08653848125025365,PWT
19_THA,Thailand,1970,Real GDP (PWT),114327.796875,0.3805309484059747,PWT
19_THA,Thailand,1971,Real GDP (PWT),120001.078125,0.04962293864722045,PWT
19_THA,Thailand,1972,Real GDP (PWT),124888.6484375,0.04072938667608317,PWT
19_THA,Thailand,1973,Real GDP (PWT),137202.3125,0.09859714406840037,PWT
19_THA,Thailand,1974,Real GDP (PWT),143175.203125,0.0435334544743915,PWT
19_THA,Thailand,1975,Real GDP (PWT),150113.703125,0.0484616040247019,PWT
19_THA,Thailand,1976,Real GDP (PWT),164187.5,0.09375424482920613,PWT
19_THA,Thailand,1977,Real GDP (PWT),180440.0,0.09898743814236766,PWT
19_THA,Thailand,1978,Real GDP (PWT),199275.796875,0.10438814495123028,PWT
19_THA,Thailand,1979,Real GDP (PWT),209863.84375,0.05313262845282507,PWT
19_THA,Thailand,1980,Real GDP (PWT),219905.53125,0.047848582779042914,PWT
19_THA,Thailand,1981,Real GDP (PWT),232895.078125,0.059068759212940414,PWT
19_THA,Thailand,1982,Real GDP (PWT),245360.421875,0.05352343145401117,PWT
19_THA,Thailand,1983,Real GDP (PWT),259061.875,0.05584214854333869,PWT
19_THA,Thailand,1984,Real GDP (PWT),273964.1875,0.05752414360468894,PWT
19_THA,Thailand,1985,Real GDP (PWT),286695.96875,0.04647242899220183,PWT
19_THA,Thailand,1986,Real GDP (PWT),302561.21875,0.05533823886388367,PWT
19_THA,Thailand,1987,Real GDP (PWT),331361.90625,0.09518962019979638,PWT
19_THA,Thailand,1988,Real GDP (PWT),375393.625,0.13288105216530144,PWT
19_THA,Thailand,1989,Real GDP (PWT),421167.5625,0.12193584134520141,PWT
19_THA,Thailand,1990,Real GDP (PWT),468097.65625,0.11142855701286347,PWT
19_THA,Thailand,1991,Real GDP (PWT),507518.21875,0.08421439837106637,PWT
19_THA,Thailand,1992,Real GDP (PWT),554465.6875,0.09250400678350035,PWT
19_THA,Thailand,1993,Real GDP (PWT),602662.25,0.08692433740545935,PWT
19_THA,Thailand,1994,Real GDP (PWT),650857.5625,0.07997068424312292,PWT
19_THA,Thailand,1995,Real GDP (PWT),703709.0,0.08120277084435035,PWT
19_THA,Thailand,1996,Real GDP (PWT),743482.375,0.05651963382591374,PWT
19_THA,Thailand,1997,Real GDP (PWT),723010.0625,-0.02753570654583437,PWT
19_THA,Thailand,1998,Real GDP (PWT),667815.4375,-0.07634005093808771,PWT
19_THA,Thailand,1999,Real GDP (PWT),698349.6875,0.04572258783700245,PWT
19_THA,Thailand,2000,Real GDP (PWT),729463.5625,0.044553431550006906,PWT
19_THA,Thailand,2001,Real GDP (PWT),754587.625,0.03444183341234397,PWT
19_THA,Thailand,2002,Real GDP (PWT),800987.375,0.061490207979490785,PWT
19_THA,Thailand,2003,Real GDP (PWT),858572.0,0.07189205073300942,PWT
19_THA,Thailand,2004,Real GDP (PWT),912570.8125,0.06289374973793693,PWT
19_THA,Thailand,2005,Real GDP (PWT),950786.0,0.04187640781027069,PWT
19_THA,Thailand,2006,Real GDP (PWT),998019.0625,0.049677911222925086,PWT
19_THA,Thailand,2007,Real GDP (PWT),1052263.125,0.054351729879908994,PWT
19_THA,Thailand,2008,Real GDP (PWT),1070421.875,0.01725685293780499,PWT
19_THA,Thailand,2009,Real GDP (PWT),1063029.5,-0.0069060387989549055,PWT
19_THA,Thailand,2010,Real GDP (PWT),1142898.875,0.07513373335358997,PWT
19_THA,Thailand,2011,Real GDP (PWT),1152501.125,0.008401661958062467,PWT
19_THA,Thailand,2012,Real GDP (PWT),1235974.125,0.07242769502719582,PWT
19_THA,Thailand,2013,Real GDP (PWT),1269189.5,0.02687384333389664,PWT
19_THA,Thailand,2014,Real GDP (PWT),1281685.75,0.009845850442349313,PWT
19_THA,Thailand,2015,Real GDP (PWT),1321854.375,0.031340463136147134,PWT
19_THA,Thailand,2016,Real GDP (PWT),1367262.125,0.03435155253013411,PWT
19_THA,Thailand,2017,Real GDP (PWT),1424382.0,0.041776828272779065,PWT
19_THA,Thailand,2018,Real GDP (PWT),1484531.625,0.042228577024983505,PWT
19_THA,Thailand,2019,Real GDP (PWT),1515923.125,0.021145726686691457,PWT
19_THA,Thailand,2020,Real GDP (PWT),1424209.25,-0.06050034694206541,PWT
19_THA,Thailand,2021,Real GDP (PWT),1446543.5,0.01568185995140814,PWT
19_THA,Thailand,2022,Real GDP (PWT),1482168.625,0.024627759206688138,PWT
19_THA,Thailand,2023,Real GDP (PWT),1510074.875,0.018827985918268952,PWT
19_THA,Thailand,1950,TFP,,,PWT
19_THA,Thailand,1951,TFP,,,PWT
19_THA,Thailand,1952,TFP,,,PWT
19_THA,Thailand,1953,TFP,,,PWT
19_THA,Thailand,1954,TFP,0.684225499629974,,PWT
19_THA,Thailand,1955,TFP,0.60917192697525,-0.10969128261854111,PWT
19_THA,Thailand,1956,TFP,0.619733214378357,0.017337120992340305,PWT
19_THA,Thailand,1957,TFP,0.681497514247894,0.0996627233082732,PWT
19_THA,Thailand,1958,TFP,0.670969843864441,-0.015447848544350662,PWT
19_THA,Thailand,1959,TFP,0.706570029258728,0.05305780240323199,PWT
19_THA,Thailand,1960,TFP,0.755048036575317,0.0686103362853474,PWT
19_THA,Thailand,1961,TFP,0.758828103542328,0.0050063926848367135,PWT
19_THA,Thailand,1962,TFP,0.766848027706146,0.010568828600811875,PWT
19_THA,Thailand,1963,TFP,0.77339631319046,0.008539221915849105,PWT
19_THA,Thailand,1964,TFP,0.768784999847412,-0.0059624196086804915,PWT
19_THA,Thailand,1965,TFP,0.771431386470795,0.0034422974224370684,PWT
19_THA,Thailand,1966,TFP,0.794824361801148,0.03032411662347978,PWT
19_THA,Thailand,1967,TFP,0.795301795005798,0.0006006776183458129,PWT
19_THA,Thailand,1968,TFP,0.796408414840698,0.001391446419270137,PWT
19_THA,Thailand,1969,TFP,0.796122610569,-0.0003588664639551098,PWT
19_THA,Thailand,1970,TFP,1.01146411895752,0.27048786899120025,PWT
19_THA,Thailand,1971,TFP,0.978175222873688,-0.03291159365904317,PWT
19_THA,Thailand,1972,TFP,0.964933037757874,-0.013537641115986432,PWT
19_THA,Thailand,1973,TFP,0.965726435184479,0.0008222305544107744,PWT
19_THA,Thailand,1974,TFP,0.942843079566956,-0.023695484335739092,PWT
19_THA,Thailand,1975,TFP,0.940848290920258,-0.0021157164855197808,PWT
19_THA,Thailand,1976,TFP,0.970663487911224,0.03168969671168065,PWT
19_THA,Thailand,1977,TFP,0.991098999977112,0.021053137694365454,PWT
19_THA,Thailand,1978,TFP,0.991459488868713,0.00036372642047810544,PWT
19_THA,Thailand,1979,TFP,0.970518529415131,-0.02112134654889064,PWT
19_THA,Thailand,1980,TFP,0.926898717880249,-0.04494485186302288,PWT
19_THA,Thailand,1981,TFP,0.925192296504974,-0.001841000901562806,PWT
19_THA,Thailand,1982,TFP,0.957612991333008,0.03504211497491605,PWT
19_THA,Thailand,1983,TFP,0.876073896884918,-0.08514827512373935,PWT
19_THA,Thailand,1984,TFP,0.854526579380035,-0.024595319620296263,PWT
19_THA,Thailand,1985,TFP,0.855375289916992,0.000993193842575124,PWT
19_THA,Thailand,1986,TFP,0.852578938007355,-0.0032691520816651165,PWT
19_THA,Thailand,1987,TFP,0.871225774288178,0.021871096563098824,PWT
19_THA,Thailand,1988,TFP,0.902831852436066,0.036277712483553604,PWT
19_THA,Thailand,1989,TFP,0.917455852031708,0.016197921635332957,PWT
19_THA,Thailand,1990,TFP,0.94147402048111,0.026179099949293017,PWT
19_THA,Thailand,1991,TFP,0.924733221530914,-0.017781477328116968,PWT
19_THA,Thailand,1992,TFP,0.919875144958496,-0.0052534898274503306,PWT
19_THA,Thailand,1993,TFP,0.931725978851318,0.012883089577723883,PWT
19_THA,Thailand,1994,TFP,0.942678868770599,0.01175548408855609,PWT
19_THA,Thailand,1995,TFP,0.933712899684906,-0.009511159507994527,PWT
19_THA,Thailand,1996,TFP,0.926404297351837,-0.00782746209839802,PWT
19_THA,Thailand,1997,TFP,0.86464273929596,-0.06666803924854936,PWT
19_THA,Thailand,1998,TFP,0.808841705322266,-0.06453652062021631,PWT
19_THA,Thailand,1999,TFP,0.839241743087769,0.0375846566336373,PWT
19_THA,Thailand,2000,TFP,0.856338620185852,0.020371814484798634,PWT
19_THA,Thailand,2001,TFP,0.87664806842804,0.023716609018264556,PWT
19_THA,Thailand,2002,TFP,0.901979744434357,0.028896060937817936,PWT
19_THA,Thailand,2003,TFP,0.934192836284638,0.03571376413833138,PWT
19_THA,Thailand,2004,TFP,0.948643505573273,0.015468614966163141,PWT
19_THA,Thailand,2005,TFP,0.953169763088226,0.004771294472961873,PWT
19_THA,Thailand,2006,TFP,0.962372064590454,0.00965442029173591,PWT
19_THA,Thailand,2007,TFP,0.977812707424164,0.016044358935419556,PWT
19_THA,Thailand,2008,TFP,0.956988096237183,-0.021297136996551225,PWT
19_THA,Thailand,2009,TFP,0.927383124828339,-0.030935569131161467,PWT
19_THA,Thailand,2010,TFP,0.97168493270874,0.047770772072870615,PWT
19_THA,Thailand,2011,TFP,0.959965944290161,-0.012060481771504095,PWT
19_THA,Thailand,2012,TFP,0.996470153331757,0.038026566732623834,PWT
19_THA,Thailand,2013,TFP,0.999104142189026,0.0026433193693378154,PWT
19_THA,Thailand,2014,TFP,0.99166339635849,-0.007447417657816313,PWT
19_THA,Thailand,2015,TFP,1.00545263290405,0.01390515833920647,PWT
19_THA,Thailand,2016,TFP,1.02397274971008,0.01841968104707048,PWT
19_THA,Thailand,2017,TFP,1.05003809928894,0.025455120349872518,PWT
19_THA,Thailand,2018,TFP,1.0691534280777,0.018204414489059406,PWT
19_THA,Thailand,2019,TFP,1.06620049476624,-0.002761935970938434,PWT
19_THA,Thailand,2020,TFP,1.00624239444733,-0.05623529590656928,PWT
19_THA,Thailand,2021,TFP,1.0,-0.006203668700282328,PWT
19_THA,Thailand,2022,TFP,0.975776851177216,-0.02422314882278398,PWT
19_THA,Thailand,2023,TFP,0.968124151229858,-0.007842674211963052,PWT
19_THA,Thailand,1950,delta,0.0404909215867519,,PWT
19_THA,Thailand,1951,delta,0.0406276695430279,0.003377249786301162,PWT
19_THA,Thailand,1952,delta,0.0407274477183819,0.002455916779778189,PWT
19_THA,Thailand,1953,delta,0.0408007800579071,0.0018005631001545286,PWT
19_THA,Thailand,1954,delta,0.0408587604761124,0.0014210615121332815,PWT
19_THA,Thailand,1955,delta,0.041009608656168,0.0036919421513970097,PWT
19_THA,Thailand,1956,delta,0.0410402826964855,0.0007479720319858441,PWT
19_THA,Thailand,1957,delta,0.0412110835313797,0.004161785048055533,PWT
19_THA,Thailand,1958,delta,0.0416256077587605,0.010058561723211401,PWT
19_THA,Thailand,1959,delta,0.0421383157372475,0.012317128952407774,PWT
19_THA,Thailand,1960,delta,0.0428203418850899,0.016185415480181042,PWT
19_THA,Thailand,1961,delta,0.0433573797345161,0.012541652536716352,PWT
19_THA,Thailand,1962,delta,0.0440615303814411,0.016240618119374828,PWT
19_THA,Thailand,1963,delta,0.0454452782869339,0.031404898865601716,PWT
19_THA,Thailand,1964,delta,0.0472006909549236,0.03862695386980186,PWT
19_THA,Thailand,1965,delta,0.0488032661378384,0.03395236702033122,PWT
19_THA,Thailand,1966,delta,0.0506334044039249,0.03750032346026844,PWT
19_THA,Thailand,1967,delta,0.0526817962527275,0.04045534510106563,PWT
19_THA,Thailand,1968,delta,0.054461907595396,0.033789875617165066,PWT
19_THA,Thailand,1969,delta,0.0560316517949104,0.02882279135678134,PWT
19_THA,Thailand,1970,delta,0.0579744875431061,0.03467389744830207,PWT
19_THA,Thailand,1971,delta,0.059843011200428,0.03223010217955946,PWT
19_THA,Thailand,1972,delta,0.0610716231167316,0.020530583131732838,PWT
19_THA,Thailand,1973,delta,0.0624611563980579,0.0227525192620206,PWT
19_THA,Thailand,1974,delta,0.0639870464801788,0.024429424143167955,PWT
19_THA,Thailand,1975,delta,0.0647991970181465,0.012692421085872096,PWT
19_THA,Thailand,1976,delta,0.0645876377820969,-0.003264843482402302,PWT
19_THA,Thailand,1977,delta,0.0647127777338028,0.0019375217302122216,PWT
19_THA,Thailand,1978,delta,0.0652395337820053,0.008139907861308693,PWT
19_THA,Thailand,1979,delta,0.0649755895137787,-0.004045771833817047,PWT
19_THA,Thailand,1980,delta,0.0642287060618401,-0.011494831482524948,PWT
19_THA,Thailand,1981,delta,0.0635047554969788,-0.01127144869093688,PWT
19_THA,Thailand,1982,delta,0.0622895061969757,-0.019136351136111562,PWT
19_THA,Thailand,1983,delta,0.0609104260802269,-0.022139846676385466,PWT
19_THA,Thailand,1984,delta,0.0596726685762405,-0.02032094640671389,PWT
19_THA,Thailand,1985,delta,0.0580876916646957,-0.02656118704528454,PWT
19_THA,Thailand,1986,delta,0.0563410110771656,-0.030069719375536708,PWT
19_THA,Thailand,1987,delta,0.0551045574247837,-0.021945890369067578,PWT
19_THA,Thailand,1988,delta,0.0549400858581066,-0.002984718040819012,PWT
19_THA,Thailand,1989,delta,0.05521634593606,0.005028388173016207,PWT
19_THA,Thailand,1990,delta,0.0561496391892433,0.01690248127364402,PWT
19_THA,Thailand,1991,delta,0.0572428032755852,0.019468764218725676,PWT
19_THA,Thailand,1992,delta,0.057955164462328,0.012444554528772134,PWT
19_THA,Thailand,1993,delta,0.058834832161665,0.01517841779068374,PWT
19_THA,Thailand,1994,delta,0.05945885181427,0.010606296128972348,PWT
19_THA,Thailand,1995,delta,0.0600964948534966,0.010724106163677583,PWT
19_THA,Thailand,1996,delta,0.0608727037906647,0.012916043424168855,PWT
19_THA,Thailand,1997,delta,0.0608884543180466,0.0002587453226337022,PWT
19_THA,Thailand,1998,delta,0.0594584308564663,-0.02348595439967438,PWT
19_THA,Thailand,1999,delta,0.0574720613658428,-0.03340770117897385,PWT
19_THA,Thailand,2000,delta,0.0563496984541416,-0.019528843842170684,PWT
19_THA,Thailand,2001,delta,0.0558272153139114,-0.00927215503478529,PWT
19_THA,Thailand,2002,delta,0.0554790906608105,-0.006235751705390147,PWT
19_THA,Thailand,2003,delta,0.0556449443101883,0.0029894803141565784,PWT
19_THA,Thailand,2004,delta,0.0565791837871075,0.016789296646814167,PWT
19_THA,Thailand,2005,delta,0.0582319721579552,0.029211951467287056,PWT
19_THA,Thailand,2006,delta,0.0599706210196018,0.029857289684960264,PWT
19_THA,Thailand,2007,delta,0.0613006986677647,0.022178820655002873,PWT
19_THA,Thailand,2008,delta,0.0625785291194916,0.020845283650883673,PWT
19_THA,Thailand,2009,delta,0.0632175952196121,0.010212226287713122,PWT
19_THA,Thailand,2010,delta,0.0633488669991493,0.0020765070085499993,PWT
19_THA,Thailand,2011,delta,0.0640725269913673,0.011423408602204699,PWT
19_THA,Thailand,2012,delta,0.0654116272926331,0.02089975788603149,PWT
19_THA,Thailand,2013,delta,0.0666034072637558,0.018219696106794858,PWT
19_THA,Thailand,2014,delta,0.0672798156738281,0.010155762863507167,PWT
19_THA,Thailand,2015,delta,0.0677987635135651,0.007713276776096789,PWT
19_THA,Thailand,2016,delta,0.0680515468120575,0.003728435230855087,PWT
19_THA,Thailand,2017,delta,0.068193756043911,0.002089728132796953,PWT
19_THA,Thailand,2018,delta,0.0684943944215775,0.004408590978225657,PWT
19_THA,Thailand,2019,delta,0.0688370168209076,0.00500219619756459,PWT
19_THA,Thailand,2020,delta,0.0690212473273277,0.0026763290294726794,PWT
19_THA,Thailand,2021,delta,0.0691888928413391,0.0024288971947485916,PWT
19_THA,Thailand,2022,delta,0.0695252195000649,0.0048609920597668665,PWT
19_THA,Thailand,2023,delta,0.0695744603872299,0.0007082449723867512,PWT
19_THA,Thailand,1950,output_to_kstock,0.4602247607022191,,PWT
19_THA,Thailand,1951,output_to_kstock,0.4255798016248737,-0.07527834665932265,PWT
19_THA,Thailand,1952,output_to_kstock,0.40137067957097966,-0.05688503533641176,PWT
19_THA,Thailand,1953,output_to_kstock,0.35080873241185023,-0.12597319568328835,PWT
19_THA,Thailand,1954,output_to_kstock,0.371433201900183,0.05879120894892531,PWT
19_THA,Thailand,1955,output_to_kstock,0.331015337266546,-0.10881597128869136,PWT
19_THA,Thailand,1956,output_to_kstock,0.3367697001455604,0.0173839766052315,PWT
19_THA,Thailand,1957,output_to_kstock,0.36651876538626443,0.08833652560739802,PWT
19_THA,Thailand,1958,output_to_kstock,0.356655991960183,-0.026909327318308862,PWT
19_THA,Thailand,1959,output_to_kstock,0.37420295622871275,0.04919856854806093,PWT
19_THA,Thailand,1960,output_to_kstock,0.3938218201141507,0.05242840431609763,PWT
19_THA,Thailand,1961,output_to_kstock,0.3901643234599088,-0.009287186406232495,PWT
19_THA,Thailand,1962,output_to_kstock,0.38860627825497546,-0.003993305156957727,PWT
19_THA,Thailand,1963,output_to_kstock,0.38117075472707396,-0.019133822441805393,PWT
19_THA,Thailand,1964,output_to_kstock,0.37186182497956977,-0.024421941169567418,PWT
19_THA,Thailand,1965,output_to_kstock,0.36641844564459874,-0.0146381773264036,PWT
19_THA,Thailand,1966,output_to_kstock,0.3661946063235229,-0.0006108844239052225,PWT
19_THA,Thailand,1967,output_to_kstock,0.35367201585131064,-0.03419654537770256,PWT
19_THA,Thailand,1968,output_to_kstock,0.34331656862620896,-0.029279803775753788,PWT
19_THA,Thailand,1969,output_to_kstock,0.3316315076366757,-0.034035820165310926,PWT
19_THA,Thailand,1970,output_to_kstock,0.4014449976528815,0.21051525083886502,PWT
19_THA,Thailand,1971,output_to_kstock,0.37797162757845204,-0.05847219472572984,PWT
19_THA,Thailand,1972,output_to_kstock,0.35858510656243114,-0.05129094249805033,PWT
19_THA,Thailand,1973,output_to_kstock,0.35964094506713135,0.0029444572163690452,PWT
19_THA,Thailand,1974,output_to_kstock,0.34771035228391023,-0.03317362204404761,PWT
19_THA,Thailand,1975,output_to_kstock,0.341702387828675,-0.0172786470571622,PWT
19_THA,Thailand,1976,output_to_kstock,0.34769561981608266,0.01753933305965827,PWT
19_THA,Thailand,1977,output_to_kstock,0.3487081460150138,0.0029121051322611446,PWT
19_THA,Thailand,1978,output_to_kstock,0.35091497378713926,0.006328581070860428,PWT
19_THA,Thailand,1979,output_to_kstock,0.33949706265843366,-0.03253754322729918,PWT
19_THA,Thailand,1980,output_to_kstock,0.3293976342834546,-0.029748205465742306,PWT
19_THA,Thailand,1981,output_to_kstock,0.32351916572937256,-0.01784611649342771,PWT
19_THA,Thailand,1982,output_to_kstock,0.319104311366771,-0.013646345658218761,PWT
19_THA,Thailand,1983,output_to_kstock,0.31256103249601963,-0.020505140913720354,PWT
19_THA,Thailand,1984,output_to_kstock,0.306956505846136,-0.01793098328709619,PWT
19_THA,Thailand,1985,output_to_kstock,0.30195174075598796,-0.016304476350329278,PWT
19_THA,Thailand,1986,output_to_kstock,0.3014782711153697,-0.0015680308364273143,PWT
19_THA,Thailand,1987,output_to_kstock,0.307892922201641,0.021277324772160933,PWT
19_THA,Thailand,1988,output_to_kstock,0.31974602586481793,0.03849748665353947,PWT
19_THA,Thailand,1989,output_to_kstock,0.32325375704941456,0.010970366793799036,PWT
19_THA,Thailand,1990,output_to_kstock,0.3160968136592863,-0.0221403254689293,PWT
19_THA,Thailand,1991,output_to_kstock,0.303300700793693,-0.040481625605331084,PWT
19_THA,Thailand,1992,output_to_kstock,0.29566888927534707,-0.025162525171800065,PWT
19_THA,Thailand,1993,output_to_kstock,0.28742114515074907,-0.02789520447962024,PWT
19_THA,Thailand,1994,output_to_kstock,0.2776743470451714,-0.03391120754343102,PWT
19_THA,Thailand,1995,output_to_kstock,0.26837201674967776,-0.03350086313151701,PWT
19_THA,Thailand,1996,output_to_kstock,0.25531975264475554,-0.04863496672641776,PWT
19_THA,Thailand,1997,output_to_kstock,0.23387407334146815,-0.08399537866201168,PWT
19_THA,Thailand,1998,output_to_kstock,0.21483787924398953,-0.08139505942449976,PWT
19_THA,Thailand,1999,output_to_kstock,0.22337574121092352,0.03974095255910437,PWT
19_THA,Thailand,2000,output_to_kstock,0.23095697107360857,0.03393936074520476,PWT
19_THA,Thailand,2001,output_to_kstock,0.23580935129411723,0.021009888543100708,PWT
19_THA,Thailand,2002,output_to_kstock,0.24644739784290515,0.04511291214876145,PWT
19_THA,Thailand,2003,output_to_kstock,0.2578386434830554,0.04622181341679843,PWT
19_THA,Thailand,2004,output_to_kstock,0.2649763154962458,0.02768270852177146,PWT
19_THA,Thailand,2005,output_to_kstock,0.2644758170258258,-0.0018888422894803858,PWT
19_THA,Thailand,2006,output_to_kstock,0.26684901781116327,0.008973224138317804,PWT
19_THA,Thailand,2007,output_to_kstock,0.271228032913746,0.016410085142908537,PWT
19_THA,Thailand,2008,output_to_kstock,0.26632903690394344,-0.01806227754990386,PWT
19_THA,Thailand,2009,output_to_kstock,0.258653615119259,-0.028819320168430362,PWT
19_THA,Thailand,2010,output_to_kstock,0.26973114535193,0.042827664432849355,PWT
19_THA,Thailand,2011,output_to_kstock,0.2632786243551108,-0.02392204648224927,PWT
19_THA,Thailand,2012,output_to_kstock,0.2717164463009681,0.032049020183561705,PWT
19_THA,Thailand,2013,output_to_kstock,0.2701557101251226,-0.005743988621567442,PWT
19_THA,Thailand,2014,output_to_kstock,0.2653311324633362,-0.017858507079313246,PWT
19_THA,Thailand,2015,output_to_kstock,0.26533699352713164,2.2089619642562397e-05,PWT
19_THA,Thailand,2016,output_to_kstock,0.2663991349435798,0.004002990319325939,PWT
19_THA,Thailand,2017,output_to_kstock,0.26963748689916095,0.012156015282358101,PWT
19_THA,Thailand,2018,output_to_kstock,0.27282067876044835,0.011805449968749437,PWT
19_THA,Thailand,2019,output_to_kstock,0.2706252420643291,-0.008047178484029027,PWT
19_THA,Thailand,2020,output_to_kstock,0.2486161846304455,-0.08132669837446993,PWT
19_THA,Thailand,2021,output_to_kstock,0.24660827917433972,-0.008076326402846279,PWT
19_THA,Thailand,2022,output_to_kstock,0.24669114462071015,0.00033602053689296696,PWT
19_THA,Thailand,2023,output_to_kstock,0.24559072659618128,-0.004460711495018477,PWT
20_USA,United States of America,1950,Average hours,2021.98,,PWT
20_USA,United States of America,1951,Average hours,2063.8,0.02068269715823101,PWT
20_USA,United States of America,1952,Average hours,2060.12,-0.001783118519236515,PWT
20_USA,United States of America,1953,Average hours,2053.91,-0.003014387511407146,PWT
20_USA,United States of America,1954,Average hours,2030.68,-0.011310135302909918,PWT
20_USA,United States of America,1955,Average hours,2038.46,0.0038312289479385253,PWT
20_USA,United States of America,1956,Average hours,2023.37,-0.0074026470963375335,PWT
20_USA,United States of America,1957,Average hours,1995.38,-0.013833357220873976,PWT
20_USA,United States of America,1958,Average hours,1960.95,-0.017254858723651623,PWT
20_USA,United States of America,1959,Average hours,1986.87,0.013218083071980358,PWT
20_USA,United States of America,1960,Average hours,1968.41,-0.009290995384700462,PWT
20_USA,United States of America,1961,Average hours,1953.61,-0.007518758795169833,PWT
20_USA,United States of America,1962,Average hours,1973.51,0.010186270545298193,PWT
20_USA,United States of America,1963,Average hours,1961.96,-0.005852516582130263,PWT
20_USA,United States of America,1964,Average hours,1971.53,0.004877775285938579,PWT
20_USA,United States of America,1965,Average hours,1991.91,0.010337149320578387,PWT
20_USA,United States of America,1966,Average hours,2000.82,0.004473093663870387,PWT
20_USA,United States of America,1967,Average hours,1977.72,-0.011545266440759261,PWT
20_USA,United States of America,1968,Average hours,1974.18,-0.0017899399308294317,PWT
20_USA,United States of America,1969,Average hours,1975.34,0.000587585731797402,PWT
20_USA,United States of America,1970,Average hours,1930.72,-0.022588516407301973,PWT
20_USA,United States of America,1971,Average hours,1914.99,-0.008147219690063823,PWT
20_USA,United States of America,1972,Average hours,1911.75,-0.0016919148402864126,PWT
20_USA,United States of America,1973,Average hours,1910.32,-0.0007480057538904461,PWT
20_USA,United States of America,1974,Average hours,1882.34,-0.014646760752125343,PWT
20_USA,United States of America,1975,Average hours,1850.8,-0.016755740195713797,PWT
20_USA,United States of America,1976,Average hours,1846.91,-0.002101793818889086,PWT
20_USA,United States of America,1977,Average hours,1847.02,5.955893898446085e-05,PWT
20_USA,United States of America,1978,Average hours,1853.67,0.003600394148412178,PWT
20_USA,United States of America,1979,Average hours,1856.07,0.0012947288352294084,PWT
20_USA,United States of America,1980,Average hours,1840.47,-0.008404855420323543,PWT
20_USA,United States of America,1981,Average hours,1828.64,-0.006427705966410735,PWT
20_USA,United States of America,1982,Average hours,1809.88,-0.010258990287864145,PWT
20_USA,United States of America,1983,Average hours,1819.48,0.005304219064247384,PWT
20_USA,United States of America,1984,Average hours,1835.54,0.008826697737815081,PWT
20_USA,United States of America,1985,Average hours,1840.8,0.0028656417185133343,PWT
20_USA,United States of America,1986,Average hours,1821.1,-0.010701868752716281,PWT
20_USA,United States of America,1987,Average hours,1828.61,0.004123881170720933,PWT
20_USA,United States of America,1988,Average hours,1839.12,0.005747535012933236,PWT
20_USA,United States of America,1989,Average hours,1852.08,0.007046848492757496,PWT
20_USA,United States of America,1990,Average hours,1836.18,-0.008584942335104206,PWT
20_USA,United States of America,1991,Average hours,1827.74,-0.004596499253885833,PWT
20_USA,United States of America,1992,Average hours,1815.51,-0.006691323711249919,PWT
20_USA,United States of America,1993,Average hours,1831.55,0.008834983007529607,PWT
20_USA,United States of America,1994,Average hours,1850.24,0.01020447162239635,PWT
20_USA,United States of America,1995,Average hours,1860.37,0.005474965409892674,PWT
20_USA,United States of America,1996,Average hours,1865.89,0.0029671516956304433,PWT
20_USA,United States of America,1997,Average hours,1872.51,0.0035479047532276375,PWT
20_USA,United States of America,1998,Average hours,1883.08,0.0056448296671312015,PWT
20_USA,United States of America,1999,Average hours,1886.01,0.00155596150986681,PWT
20_USA,United States of America,2000,Average hours,1887.58,0.0008324452150305639,PWT
20_USA,United States of America,2001,Average hours,1866.69,-0.011067080600557277,PWT
20_USA,United States of America,2002,Average hours,1847.99,-0.01001773192120814,PWT
20_USA,United States of America,2003,Average hours,1832.54,-0.008360434850837928,PWT
20_USA,United States of America,2004,Average hours,1831.55,-0.0005402337738875662,PWT
20_USA,United States of America,2005,Average hours,1829.11,-0.0013322049630094535,PWT
20_USA,United States of America,2006,Average hours,1831.26,0.0011754350476462783,PWT
20_USA,United States of America,2007,Average hours,1828.84,-0.0013214944901325243,PWT
20_USA,United States of America,2008,Average hours,1808.99,-0.01085387458716991,PWT
20_USA,United States of America,2009,Average hours,1764.89,-0.02437824421362189,PWT
20_USA,United States of America,2010,Average hours,1773.37,0.004804832029191575,PWT
20_USA,United States of America,2011,Average hours,1782.51,0.005154028770081975,PWT
20_USA,United States of America,2012,Average hours,1784.7,0.0012286046081089186,PWT
20_USA,United States of America,2013,Average hours,1791.31,0.0037037037037035425,PWT
20_USA,United States of America,2014,Average hours,1797.12,0.0032434363677977807,PWT
20_USA,United States of America,2015,Average hours,1808.72,0.006454772079772075,PWT
20_USA,United States of America,2016,Average hours,1802.6,-0.0033836082975806647,PWT
20_USA,United States of America,2017,Average hours,1795.58,-0.0038943747919671923,PWT
20_USA,United States of America,2018,Average hours,1804.19,0.004795107987391356,PWT
20_USA,United States of America,2019,Average hours,1796.65,-0.00417916073140856,PWT
20_USA,United States of America,2020,Average hours,1777.88,-0.01044722121726549,PWT
20_USA,United States of America,2021,Average hours,1788.7,0.006085900060746496,PWT
20_USA,United States of America,2022,Average hours,1789.59,0.0004975680661931658,PWT
20_USA,United States of America,2023,Average hours,1788.88,-0.0003967389178526348,PWT
20_USA,United States of America,1950,Capital stock,10666936.0,,PWT
20_USA,United States of America,1951,Capital stock,11002892.0,0.03149507974923638,PWT
20_USA,United States of America,1952,Capital stock,11361193.0,0.03256425674268182,PWT
20_USA,United States of America,1953,Capital stock,11763683.0,0.03542673731535051,PWT
20_USA,United States of America,1954,Capital stock,12143445.0,0.03228257680864055,PWT
20_USA,United States of America,1955,Capital stock,12568343.0,0.03498990607689989,PWT
20_USA,United States of America,1956,Capital stock,12988646.0,0.03344140114571981,PWT
20_USA,United States of America,1957,Capital stock,13398979.0,0.03159166860040674,PWT
20_USA,United States of America,1958,Capital stock,13767582.0,0.027509782648364567,PWT
20_USA,United States of America,1959,Capital stock,14236033.0,0.0340256553402043,PWT
20_USA,United States of America,1960,Capital stock,14692825.0,0.032087028738975176,PWT
20_USA,United States of America,1961,Capital stock,15163884.0,0.03206047849885918,PWT
20_USA,United States of America,1962,Capital stock,15694052.0,0.03496254653491149,PWT
20_USA,United States of America,1963,Capital stock,16269798.0,0.03668561822020222,PWT
20_USA,United States of America,1964,Capital stock,16905626.0,0.03908026393443853,PWT
20_USA,United States of America,1965,Capital stock,17608950.0,0.04160295513458068,PWT
20_USA,United States of America,1966,Capital stock,18365290.0,0.042952021557219444,PWT
20_USA,United States of America,1967,Capital stock,19077508.0,0.03878065633594674,PWT
20_USA,United States of America,1968,Capital stock,19811168.0,0.03845680473571278,PWT
20_USA,United States of America,1969,Capital stock,20540238.0,0.0368009599434016,PWT
20_USA,United States of America,1970,Capital stock,21169224.0,0.030622137873962396,PWT
20_USA,United States of America,1971,Capital stock,21907770.0,0.034887721911771585,PWT
20_USA,United States of America,1972,Capital stock,22737082.0,0.03785469721473245,PWT
20_USA,United States of America,1973,Capital stock,23648198.0,0.040071808686796384,PWT
20_USA,United States of America,1974,Capital stock,24424420.0,0.032823727203231234,PWT
20_USA,United States of America,1975,Capital stock,25017550.0,0.024284302349861342,PWT
20_USA,United States of America,1976,Capital stock,25717052.0,0.027960451762862437,PWT
20_USA,United States of America,1977,Capital stock,26565692.0,0.03299911669502409,PWT
20_USA,United States of America,1978,Capital stock,27571754.0,0.037870724391444455,PWT
20_USA,United States of America,1979,Capital stock,28627578.0,0.03829368273052203,PWT
20_USA,United States of America,1980,Capital stock,29506590.0,0.03070507746062212,PWT
20_USA,United States of America,1981,Capital stock,30360724.0,0.02894722839880859,PWT
20_USA,United States of America,1982,Capital stock,31041684.0,0.022428977648886184,PWT
20_USA,United States of America,1983,Capital stock,31824032.0,0.02520314297381554,PWT
20_USA,United States of America,1984,Capital stock,32878966.0,0.033148973706411455,PWT
20_USA,United States of America,1985,Capital stock,34021900.0,0.03476185960349243,PWT
20_USA,United States of America,1986,Capital stock,35158052.0,0.03339472516232189,PWT
20_USA,United States of America,1987,Capital stock,36259956.0,0.031341440646370344,PWT
20_USA,United States of America,1988,Capital stock,37347072.0,0.02998117261918365,PWT
20_USA,United States of America,1989,Capital stock,38436032.0,0.02915784134295718,PWT
20_USA,United States of America,1990,Capital stock,39439352.0,0.026103631092824653,PWT
20_USA,United States of America,1991,Capital stock,40251216.0,0.02058512523228062,PWT
20_USA,United States of America,1992,Capital stock,41116496.0,0.021496990302106722,PWT
20_USA,United States of America,1993,Capital stock,42057968.0,0.022897671046676837,PWT
20_USA,United States of America,1994,Capital stock,43102436.0,0.024834010050128974,PWT
20_USA,United States of America,1995,Capital stock,44213800.0,0.02578425033796239,PWT
20_USA,United States of America,1996,Capital stock,45461520.0,0.028220148460435412,PWT
20_USA,United States of America,1997,Capital stock,46823444.0,0.029957731285711553,PWT
20_USA,United States of America,1998,Capital stock,48363724.0,0.03289548714101431,PWT
20_USA,United States of America,1999,Capital stock,50045728.0,0.03477821517631696,PWT
20_USA,United States of America,2000,Capital stock,51804608.0,0.03514545737050723,PWT
20_USA,United States of America,2001,Capital stock,53377052.0,0.03035336161601676,PWT
20_USA,United States of America,2002,Capital stock,54757692.0,0.025865797159423387,PWT
20_USA,United States of America,2003,Capital stock,56217084.0,0.02665181724605925,PWT
20_USA,United States of America,2004,Capital stock,57823104.0,0.028568184006128705,PWT
20_USA,United States of America,2005,Capital stock,59564856.0,0.030122077154488336,PWT
20_USA,United States of America,2006,Capital stock,61276848.0,0.028741645912818026,PWT
20_USA,United States of America,2007,Capital stock,62818256.0,0.02515481866821867,PWT
20_USA,United States of America,2008,Capital stock,64052376.0,0.01964588128648459,PWT
20_USA,United States of America,2009,Capital stock,64686820.0,0.009905081428985607,PWT
20_USA,United States of America,2010,Capital stock,65349080.0,0.010237943370844382,PWT
20_USA,United States of America,2011,Capital stock,66106652.0,0.01159269571966437,PWT
20_USA,United States of America,2012,Capital stock,67036032.0,0.01405879698763135,PWT
20_USA,United States of America,2013,Capital stock,68023432.0,0.014729392097670768,PWT
20_USA,United States of America,2014,Capital stock,69139896.0,0.016412932531836955,PWT
20_USA,United States of America,2015,Capital stock,70325160.0,0.017142982106886695,PWT
20_USA,United States of America,2016,Capital stock,71524240.0,0.017050512220661895,PWT
20_USA,United States of America,2017,Capital stock,72799488.0,0.017829591757982932,PWT
20_USA,United States of America,2018,Capital stock,74181696.0,0.01898650715785255,PWT
20_USA,United States of America,2019,Capital stock,75565584.0,0.018655383667690817,PWT
20_USA,United States of America,2020,Capital stock,76785096.0,0.01613845795196922,PWT
20_USA,United States of America,2021,Capital stock,78158760.0,0.017889721724122065,PWT
20_USA,United States of America,2022,Capital stock,79490152.0,0.01703445653436675,PWT
20_USA,United States of America,2023,Capital stock,80822920.0,0.016766454289834476,PWT
20_USA,United States of America,1950,Employment,62.4649085998535,,PWT
20_USA,United States of America,1951,Employment,64.9348526000977,0.03954130495998176,PWT
20_USA,United States of America,1952,Employment,65.8290939331055,0.013771361560100726,PWT
20_USA,United States of America,1953,Employment,66.7851028442383,0.014522589542312003,PWT
20_USA,United States of America,1954,Employment,65.5197067260742,-0.018947281119194415,PWT
20_USA,United States of America,1955,Employment,67.2933807373047,0.027070847838893686,PWT
20_USA,United States of America,1956,Employment,68.8955917358398,0.023809340249818955,PWT
20_USA,United States of America,1957,Employment,69.2199401855469,0.004707825878769167,PWT
20_USA,United States of America,1958,Employment,67.9430923461914,-0.018446243032468,PWT
20_USA,United States of America,1959,Employment,69.4828796386719,0.0226628968348217,PWT
20_USA,United States of America,1960,Employment,70.6460189819336,0.016739941541143777,PWT
20_USA,United States of America,1961,Employment,70.6938095092773,0.0006764787037176756,PWT
20_USA,United States of America,1962,Employment,71.7677536010742,0.015191487051719355,PWT
20_USA,United States of America,1963,Employment,72.7672500610352,0.013926818240915795,PWT
20_USA,United States of America,1964,Employment,74.4171905517578,0.022674217994202994,PWT
20_USA,United States of America,1965,Employment,76.191047668457,0.023836657948884454,PWT
20_USA,United States of America,1966,Employment,78.5942001342773,0.03154113953489057,PWT
20_USA,United States of America,1967,Employment,80.5108032226563,0.024386062649718543,PWT
20_USA,United States of America,1968,Employment,82.1303176879883,0.020115492586170625,PWT
20_USA,United States of America,1969,Employment,84.0793533325195,0.023731013094769215,PWT
20_USA,United States of America,1970,Employment,84.4425811767578,0.004320059917704011,PWT
20_USA,United States of America,1971,Employment,84.6576461791992,0.002546878594239299,PWT
20_USA,United States of America,1972,Employment,87.0524063110352,0.0282875822789459,PWT
20_USA,United States of America,1973,Employment,89.9233474731445,0.032979457820517144,PWT
20_USA,United States of America,1974,Employment,91.6357727050781,0.019043165985841437,PWT
20_USA,United States of America,1975,Employment,90.5058212280273,-0.0123308992077521,PWT
20_USA,United States of America,1976,Employment,93.3249664306641,0.031148772138468672,PWT
20_USA,United States of America,1977,Employment,96.5252380371094,0.03429169844730606,PWT
20_USA,United States of America,1978,Employment,100.492530822754,0.0411010930024267,PWT
20_USA,United States of America,1979,Employment,103.14087677002,0.026353659576322963,PWT
20_USA,United States of America,1980,Employment,103.470497131348,0.0031958266368334876,PWT
20_USA,United States of America,1981,Employment,104.698364257813,0.011866833160241841,PWT
20_USA,United States of America,1982,Employment,103.979858398438,-0.006862627362598794,PWT
20_USA,United States of America,1983,Employment,105.435424804688,0.013998541916381946,PWT
20_USA,United States of America,1984,Employment,109.861747741699,0.041981363903170754,PWT
20_USA,United States of America,1985,Employment,112.190933227539,0.021201059820350254,PWT
20_USA,United States of America,1986,Employment,114.729598999023,0.02262808320111942,PWT
20_USA,United States of America,1987,Employment,117.664184570313,0.025578277941292082,PWT
20_USA,United States of America,1988,Employment,120.204109191895,0.02158621700271257,PWT
20_USA,United States of America,1989,Employment,122.550140380859,0.019517063141483604,PWT
20_USA,United States of America,1990,Employment,123.909660339355,0.011093581404892028,PWT
20_USA,United States of America,1991,Employment,122.739585876465,-0.009442964008500088,PWT
20_USA,United States of America,1992,Employment,123.287582397461,0.0044647088963420956,PWT
20_USA,United States of America,1993,Employment,124.845741271973,0.012638408866585849,PWT
20_USA,United States of America,1994,Employment,127.499229431152,0.021254134359284693,PWT
20_USA,United States of America,1995,Employment,129.18815612793,0.013246563954255164,PWT
20_USA,United States of America,1996,Employment,130.841674804688,0.01279930549609043,PWT
20_USA,United States of America,1997,Employment,133.488845825195,0.02023186438463509,PWT
20_USA,United States of America,1998,Employment,135.237609863281,0.013100450657697715,PWT
20_USA,United States of America,1999,Employment,137.152206420898,0.01415727887791407,PWT
20_USA,United States of America,2000,Employment,138.807235717773,0.012067099320268948,PWT
20_USA,United States of America,2001,Employment,138.769241333008,-0.0002737204913600966,PWT
20_USA,United States of America,2002,Employment,138.339965820313,-0.0030934485810502066,PWT
20_USA,United States of America,2003,Employment,139.01806640625,0.004901696931295829,PWT
20_USA,United States of America,2004,Employment,140.763900756836,0.012558327098897815,PWT
20_USA,United States of America,2005,Employment,143.133728027344,0.016835475983304704,PWT
20_USA,United States of America,2006,Employment,145.8642578125,0.01907677402655472,PWT
20_USA,United States of America,2007,Employment,147.297500610352,0.009825867003651734,PWT
20_USA,United States of America,2008,Employment,147.243347167969,-0.0003676467160582675,PWT
20_USA,United States of America,2009,Employment,142.301330566406,-0.03356359860473268,PWT
20_USA,United States of America,2010,Employment,141.964340209961,-0.002368146208497568,PWT
20_USA,United States of America,2011,Employment,143.617950439453,0.011648067585468214,PWT
20_USA,United States of America,2012,Employment,146.331634521484,0.018895159509848547,PWT
20_USA,United States of America,2013,Employment,148.027877807617,0.011591774339703376,PWT
20_USA,United States of America,2014,Employment,150.637252807617,0.017627591766135042,PWT
20_USA,United States of America,2015,Employment,153.071655273438,0.01616069345695026,PWT
20_USA,United States of America,2016,Employment,155.681167602539,0.017047652123703294,PWT
20_USA,United States of America,2017,Employment,158.468490600586,0.017904047361483988,PWT
20_USA,United States of America,2018,Employment,161.065612792969,0.016388887043349065,PWT
20_USA,United States of America,2019,Employment,163.923538208008,0.017743858328794992,PWT
20_USA,United States of America,2020,Employment,154.939697265625,-0.054805069733079526,PWT
20_USA,United States of America,2021,Employment,160.861312866211,0.03821884065278702,PWT
20_USA,United States of America,2022,Employment,165.578491210938,0.029324504821431674,PWT
20_USA,United States of America,2023,Employment,167.539749145508,0.011844883476268997,PWT
20_USA,United States of America,1950,Real GDP (PWT),2709030.5,,PWT
20_USA,United States of America,1951,Real GDP (PWT),2927341.0,0.08058620971598507,PWT
20_USA,United States of America,1952,Real GDP (PWT),3046543.25,0.040720315808783436,PWT
20_USA,United States of America,1953,Real GDP (PWT),3189561.0,0.04694427036281201,PWT
20_USA,United States of America,1954,Real GDP (PWT),3171575.5,-0.005638863780940362,PWT
20_USA,United States of America,1955,Real GDP (PWT),3397452.0,0.07121902032601768,PWT
20_USA,United States of America,1956,Real GDP (PWT),3469891.0,0.021321566868347297,PWT
20_USA,United States of America,1957,Real GDP (PWT),3542951.0,0.02105541643815334,PWT
20_USA,United States of America,1958,Real GDP (PWT),3516902.75,-0.007352133856776466,PWT
20_USA,United States of America,1959,Real GDP (PWT),3759648.5,0.06902259381496978,PWT
20_USA,United States of America,1960,Real GDP (PWT),3856027.5,0.02563510923960055,PWT
20_USA,United States of America,1961,Real GDP (PWT),3954515.25,0.02554124678830738,PWT
20_USA,United States of America,1962,Real GDP (PWT),4196393.0,0.06116495567946023,PWT
20_USA,United States of America,1963,Real GDP (PWT),4379103.0,0.04353977332437653,PWT
20_USA,United States of America,1964,Real GDP (PWT),4631648.5,0.057670600577332864,PWT
20_USA,United States of America,1965,Real GDP (PWT),4932693.5,0.06499737620417445,PWT
20_USA,United States of America,1966,Real GDP (PWT),5257925.5,0.06593395677229896,PWT
20_USA,United States of America,1967,Real GDP (PWT),5402184.5,0.027436486119858383,PWT
20_USA,United States of America,1968,Real GDP (PWT),5667382.0,0.049090789105777466,PWT
20_USA,United States of America,1969,Real GDP (PWT),5845379.0,0.03140727058807746,PWT
20_USA,United States of America,1970,Real GDP (PWT),5857162.5,0.002015865866011435,PWT
20_USA,United States of America,1971,Real GDP (PWT),6050023.0,0.032927292012130405,PWT
20_USA,United States of America,1972,Real GDP (PWT),6367982.0,0.0525550068156766,PWT
20_USA,United States of America,1973,Real GDP (PWT),6727497.5,0.05645673935636131,PWT
20_USA,United States of America,1974,Real GDP (PWT),6691132.0,-0.005405501822928982,PWT
20_USA,United States of America,1975,Real GDP (PWT),6677374.0,-0.0020561543248586167,PWT
20_USA,United States of America,1976,Real GDP (PWT),7037154.0,0.05388046258903567,PWT
20_USA,United States of America,1977,Real GDP (PWT),7362564.5,0.046241776149847036,PWT
20_USA,United States of America,1978,Real GDP (PWT),7770098.0,0.055352112704751155,PWT
20_USA,United States of America,1979,Real GDP (PWT),8016097.5,0.03165976799777814,PWT
20_USA,United States of America,1980,Real GDP (PWT),7995514.5,-0.002567708289476278,PWT
20_USA,United States of America,1981,Real GDP (PWT),8198417.0,0.02537704108972605,PWT
20_USA,United States of America,1982,Real GDP (PWT),8050598.0,-0.01803018802288292,PWT
20_USA,United States of America,1983,Real GDP (PWT),8419620.0,0.045837837139551585,PWT
20_USA,United States of America,1984,Real GDP (PWT),9028902.0,0.07236454851881668,PWT
20_USA,United States of America,1985,Real GDP (PWT),9405369.0,0.0416957676581271,PWT
20_USA,United States of America,1986,Real GDP (PWT),9731045.0,0.03462660529321071,PWT
20_USA,United States of America,1987,Real GDP (PWT),10067217.0,0.03454634111752641,PWT
20_USA,United States of America,1988,Real GDP (PWT),10487722.0,0.04176973636308823,PWT
20_USA,United States of America,1989,Real GDP (PWT),10872856.0,0.036722369261885435,PWT
20_USA,United States of America,1990,Real GDP (PWT),11077914.0,0.018859626210445457,PWT
20_USA,United States of America,1991,Real GDP (PWT),11065916.0,-0.0010830558894030506,PWT
20_USA,United States of America,1992,Real GDP (PWT),11455713.0,0.03522500984102894,PWT
20_USA,United States of America,1993,Real GDP (PWT),11770951.0,0.02751797291011049,PWT
20_USA,United States of America,1994,Real GDP (PWT),12245205.0,0.04029020255032911,PWT
20_USA,United States of America,1995,Real GDP (PWT),12573918.0,0.02684422188113622,PWT
20_USA,United States of America,1996,Real GDP (PWT),13048304.0,0.03772777904230007,PWT
20_USA,United States of America,1997,Real GDP (PWT),13628579.0,0.04447129680608297,PWT
20_USA,United States of America,1998,Real GDP (PWT),14239566.0,0.04483130633061605,PWT
20_USA,United States of America,1999,Real GDP (PWT),14921416.0,0.047884184110667416,PWT
20_USA,United States of America,2000,Real GDP (PWT),15529851.0,0.04077595584762195,PWT
20_USA,United States of America,2001,Real GDP (PWT),15678245.0,0.009555403976509558,PWT
20_USA,United States of America,2002,Real GDP (PWT),15944844.0,0.017004390478653653,PWT
20_USA,United States of America,2003,Real GDP (PWT),16390599.0,0.02795605902447207,PWT
20_USA,United States of America,2004,Real GDP (PWT),17021272.0,0.03847772738507005,PWT
20_USA,United States of America,2005,Real GDP (PWT),17614216.0,0.0348354694055768,PWT
20_USA,United States of America,2006,Real GDP (PWT),18104692.0,0.027845463005563342,PWT
20_USA,United States of America,2007,Real GDP (PWT),18467484.0,0.02003856237929935,PWT
20_USA,United States of America,2008,Real GDP (PWT),18488460.0,0.0011358342045943992,PWT
20_USA,United States of America,2009,Real GDP (PWT),18012106.0,-0.025764936614515177,PWT
20_USA,United States of America,2010,Real GDP (PWT),18497566.0,0.02695187336783378,PWT
20_USA,United States of America,2011,Real GDP (PWT),18786944.0,0.015644112311857583,PWT
20_USA,United States of America,2012,Real GDP (PWT),19216998.0,0.02289110991122345,PWT
20_USA,United States of America,2013,Real GDP (PWT),19623982.0,0.021178333889611656,PWT
20_USA,United States of America,2014,Real GDP (PWT),20119256.0,0.025238200891134044,PWT
20_USA,United States of America,2015,Real GDP (PWT),20711878.0,0.02945546296542978,PWT
20_USA,United States of America,2016,Real GDP (PWT),21088720.0,0.01819448724060657,PWT
20_USA,United States of America,2017,Real GDP (PWT),21607002.0,0.024576266364198407,PWT
20_USA,United States of America,2018,Real GDP (PWT),22247976.0,0.029665105783764023,PWT
20_USA,United States of America,2019,Real GDP (PWT),22822856.0,0.02583965390829257,PWT
20_USA,United States of America,2020,Real GDP (PWT),22329176.0,-0.02163094750280159,PWT
20_USA,United States of America,2021,Real GDP (PWT),23681202.0,0.06054974890251219,PWT
20_USA,United States of America,2022,Real GDP (PWT),24276130.0,0.02512237343357815,PWT
20_USA,United States of America,2023,Real GDP (PWT),24977152.0,0.028877007990977255,PWT
20_USA,United States of America,1950,TFP,,,PWT
20_USA,United States of America,1951,TFP,,,PWT
20_USA,United States of America,1952,TFP,,,PWT
20_USA,United States of America,1953,TFP,,,PWT
20_USA,United States of America,1954,TFP,0.636467099189758,,PWT
20_USA,United States of America,1955,TFP,0.657824873924255,0.03355676163259047,PWT
20_USA,United States of America,1956,TFP,0.654314577579498,-0.005336217105650687,PWT
20_USA,United States of America,1957,TFP,0.661630988121033,0.011181793577946353,PWT
20_USA,United States of America,1958,TFP,0.663152813911438,0.002300112627322326,PWT
20_USA,United States of America,1959,TFP,0.68196576833725,0.028368958151362644,PWT
20_USA,United States of America,1960,TFP,0.685341119766235,0.004949444071385978,PWT
20_USA,United States of America,1961,TFP,0.691875040531158,0.00953382275844139,PWT
20_USA,United States of America,1962,TFP,0.706985890865326,0.021840432807877175,PWT
20_USA,United States of America,1963,TFP,0.717501699924469,0.014874142744591312,PWT
20_USA,United States of America,1964,TFP,0.728476285934448,0.015295554019083557,PWT
20_USA,United States of America,1965,TFP,0.740550637245178,0.016574803523276893,PWT
20_USA,United States of America,1966,TFP,0.752160251140595,0.015677002100226822,PWT
20_USA,United States of America,1967,TFP,0.748776137828827,-0.004499191903103439,PWT
20_USA,United States of America,1968,TFP,0.758990347385407,0.013641206016790974,PWT
20_USA,United States of America,1969,TFP,0.754191875457764,-0.006322177803937734,PWT
20_USA,United States of America,1970,TFP,0.750749707221985,-0.0045640484176388,PWT
20_USA,United States of America,1971,TFP,0.763150990009308,0.01651853163314798,PWT
20_USA,United States of America,1972,TFP,0.7731813788414,0.01314338704057727,PWT
20_USA,United States of America,1973,TFP,0.782319307327271,0.011818609107689504,PWT
20_USA,United States of America,1974,TFP,0.760355234146118,-0.028075586241366524,PWT
20_USA,United States of America,1975,TFP,0.760535001754761,0.00023642581857785672,PWT
20_USA,United States of America,1976,TFP,0.774819791316986,0.018782553767106247,PWT
20_USA,United States of America,1977,TFP,0.779058218002319,0.005470209631750489,PWT
20_USA,United States of America,1978,TFP,0.782783806324005,0.004782169336765785,PWT
20_USA,United States of America,1979,TFP,0.776219844818115,-0.00838540789022546,PWT
20_USA,United States of America,1980,TFP,0.761823236942291,-0.018547075254430556,PWT
20_USA,United States of America,1981,TFP,0.765924394130707,0.005383344835839798,PWT
20_USA,United States of America,1982,TFP,0.750401258468628,-0.020267190575248728,PWT
20_USA,United States of America,1983,TFP,0.764596939086914,0.018917453106696014,PWT
20_USA,United States of America,1984,TFP,0.780625700950623,0.02096367516570319,PWT
20_USA,United States of America,1985,TFP,0.786537230014801,0.007572808654620511,PWT
20_USA,United States of America,1986,TFP,0.79440301656723,0.010000526678541233,PWT
20_USA,United States of America,1987,TFP,0.794642150402069,0.00030102332172954327,PWT
20_USA,United States of America,1988,TFP,0.802032470703125,0.009300186627800633,PWT
20_USA,United States of America,1989,TFP,0.805958807468414,0.004895483547999957,PWT
20_USA,United States of America,1990,TFP,0.809248805046082,0.004082091475620331,PWT
20_USA,United States of America,1991,TFP,0.805553436279297,-0.004566418564652119,PWT
20_USA,United States of America,1992,TFP,0.824325501918793,0.023303315204265873,PWT
20_USA,United States of America,1993,TFP,0.824474990367889,0.00018134638410205461,PWT
20_USA,United States of America,1994,TFP,0.829090893268585,0.005598596627699237,PWT
20_USA,United States of America,1995,TFP,0.828085124492645,-0.0012130983274641904,PWT
20_USA,United States of America,1996,TFP,0.836899340152741,0.010644093704130109,PWT
20_USA,United States of America,1997,TFP,0.845709025859833,0.010526577432220297,PWT
20_USA,United States of America,1998,TFP,0.855904459953308,0.01205548691301872,PWT
20_USA,United States of America,1999,TFP,0.869325757026672,0.015680835538695703,PWT
20_USA,United States of America,2000,TFP,0.879349946975708,0.01153099383977918,PWT
20_USA,United States of America,2001,TFP,0.880455791950226,0.0012575709799282908,PWT
20_USA,United States of America,2002,TFP,0.891868591308594,0.012962376376772333,PWT
20_USA,United States of America,2003,TFP,0.907184302806854,0.017172610009494882,PWT
20_USA,United States of America,2004,TFP,0.921984732151032,0.016314688535047583,PWT
20_USA,United States of America,2005,TFP,0.93043327331543,0.009163428492668269,PWT
20_USA,United States of America,2006,TFP,0.928767085075378,-0.0017907659666069886,PWT
20_USA,United States of America,2007,TFP,0.927742302417755,-0.0011033796030139875,PWT
20_USA,United States of America,2008,TFP,0.923284351825714,-0.004805160420542798,PWT
20_USA,United States of America,2009,TFP,0.925018608570099,0.001878356045952323,PWT
20_USA,United States of America,2010,TFP,0.940475642681122,0.016709970986331424,PWT
20_USA,United States of America,2011,TFP,0.938276469707489,-0.0023383624985370277,PWT
20_USA,United States of America,2012,TFP,0.939691066741943,0.0015076548119075106,PWT
20_USA,United States of America,2013,TFP,0.941933810710907,0.0023866822281708444,PWT
20_USA,United States of America,2014,TFP,0.943991184234619,0.002184201798807184,PWT
20_USA,United States of America,2015,TFP,0.948801636695862,0.00509586587415356,PWT
20_USA,United States of America,2016,TFP,0.948409736156464,-0.00041304791669927177,PWT
20_USA,United States of America,2017,TFP,0.953378140926361,0.0052386690904628885,PWT
20_USA,United States of America,2018,TFP,0.958201229572296,0.005058946118954077,PWT
20_USA,United States of America,2019,TFP,0.96426647901535,0.006329828490995837,PWT
20_USA,United States of America,2020,TFP,0.973077535629273,0.009137574317547914,PWT
20_USA,United States of America,2021,TFP,1.0,0.027667337272683667,PWT
20_USA,United States of America,2022,TFP,0.984038174152374,-0.015961825847625954,PWT
20_USA,United States of America,2023,TFP,0.992998480796814,0.00910564943495018,PWT
20_USA,United States of America,1950,delta,0.031029986217618,,PWT
20_USA,United States of America,1951,delta,0.0310796070843935,0.001599126291178532,PWT
20_USA,United States of America,1952,delta,0.0313129648566246,0.007508388751422901,PWT
20_USA,United States of America,1953,delta,0.0316295474767685,0.010110272904321205,PWT
20_USA,United States of America,1954,delta,0.0318604595959187,0.007300519216084211,PWT
20_USA,United States of America,1955,delta,0.0319540724158287,0.002938213104810128,PWT
20_USA,United States of America,1956,delta,0.0320638194680214,0.003434524738021638,PWT
20_USA,United States of America,1957,delta,0.0322140417993069,0.004685104076116664,PWT
20_USA,United States of America,1958,delta,0.0322970896959305,0.002578003006918239,PWT
20_USA,United States of America,1959,delta,0.032326303422451,0.0009045312378155312,PWT
20_USA,United States of America,1960,delta,0.0323872901499271,0.0018865976316284616,PWT
20_USA,United States of America,1961,delta,0.0324528887867928,0.0020254438257116814,PWT
20_USA,United States of America,1962,delta,0.0325563326478004,0.0031875085662542713,PWT
20_USA,United States of America,1963,delta,0.0326885730028153,0.004061893470788114,PWT
20_USA,United States of America,1964,delta,0.0328357592225075,0.0045026810953026075,PWT
20_USA,United States of America,1965,delta,0.0330672487616539,0.007049921933515835,PWT
20_USA,United States of America,1966,delta,0.0334479436278343,0.011512746915366856,PWT
20_USA,United States of America,1967,delta,0.0338659957051277,0.012498588312182868,PWT
20_USA,United States of America,1968,delta,0.0341968387365341,0.009769180693432356,PWT
20_USA,United States of America,1969,delta,0.0344464778900147,0.007300065231289787,PWT
20_USA,United States of America,1970,delta,0.0345594696700573,0.0032802128683047105,PWT
20_USA,United States of America,1971,delta,0.034513458609581,-0.0013313589854118124,PWT
20_USA,United States of America,1972,delta,0.0344310104846954,-0.002388868812548184,PWT
20_USA,United States of America,1973,delta,0.0344719104468823,0.001187881552447756,PWT
20_USA,United States of America,1974,delta,0.0346197597682476,0.004288979619888389,PWT
20_USA,United States of America,1975,delta,0.0346923656761646,0.0020972389295317306,PWT
20_USA,United States of America,1976,delta,0.0346963815391064,0.0001157563879985446,PWT
20_USA,United States of America,1977,delta,0.0347518920898438,0.0015998945214168447,PWT
20_USA,United States of America,1978,delta,0.0348791554570198,0.003662055776617601,PWT
20_USA,United States of America,1979,delta,0.0350763574242592,0.005653863020921079,PWT
20_USA,United States of America,1980,delta,0.0352391041815281,0.004639785006761876,PWT
20_USA,United States of America,1981,delta,0.0353593938052654,0.003413526720703608,PWT
20_USA,United States of America,1982,delta,0.0354714542627335,0.0031691849154782403,PWT
20_USA,United States of America,1983,delta,0.0355302207171917,0.0016567252648544972,PWT
20_USA,United States of America,1984,delta,0.0356450006365776,0.0032304870915242923,PWT
20_USA,United States of America,1985,delta,0.0358485840260983,0.005711414949781002,PWT
20_USA,United States of America,1986,delta,0.0360081195831299,0.004450261045609194,PWT
20_USA,United States of America,1987,delta,0.036078255623579,0.0019477840348531839,PWT
20_USA,United States of America,1988,delta,0.0361281633377075,0.0013833183801681415,PWT
20_USA,United States of America,1989,delta,0.0362108238041401,0.002287978651445144,PWT
20_USA,United States of America,1990,delta,0.0363032892346382,0.0025535301543604394,PWT
20_USA,United States of America,1991,delta,0.0363686792552471,0.0018012147655896982,PWT
20_USA,United States of America,1992,delta,0.0363963432610035,0.000760654671076777,PWT
20_USA,United States of America,1993,delta,0.0364278927445412,0.000866831134970214,PWT
20_USA,United States of America,1994,delta,0.0364985056221485,0.0019384288326114163,PWT
20_USA,United States of America,1995,delta,0.0366143770515919,0.0031746896884754516,PWT
20_USA,United States of America,1996,delta,0.0367640368640423,0.004087460295706391,PWT
20_USA,United States of America,1997,delta,0.0369657576084137,0.005486904093731315,PWT
20_USA,United States of America,1998,delta,0.0372578948736191,0.007902915674015576,PWT
20_USA,United States of America,1999,delta,0.0376536659896374,0.010622476588137308,PWT
20_USA,United States of America,2000,delta,0.0380950979888439,0.011723479974778073,PWT
20_USA,United States of America,2001,delta,0.0384064018726349,0.008171757003543334,PWT
20_USA,United States of America,2002,delta,0.0385213606059551,0.0029932179979117457,PWT
20_USA,United States of America,2003,delta,0.0385398156940937,0.00047908713109534595,PWT
20_USA,United States of America,2004,delta,0.0385821126401424,0.0010974869829276646,PWT
20_USA,United States of America,2005,delta,0.0387304648756981,0.003845103997787369,PWT
20_USA,United States of America,2006,delta,0.0390181392431259,0.007427599135488627,PWT
20_USA,United States of America,2007,delta,0.0394179932773113,0.010247901154226469,PWT
20_USA,United States of America,2008,delta,0.0398210361599922,0.010224845284371398,PWT
20_USA,United States of America,2009,delta,0.0400029048323631,0.004567150679861687,PWT
20_USA,United States of America,2010,delta,0.0401498600840569,0.0036736145114870666,PWT
20_USA,United States of America,2011,delta,0.0405341051518917,0.009570271653010831,PWT
20_USA,United States of America,2012,delta,0.0410572327673435,0.012905863185865396,PWT
20_USA,United States of America,2013,delta,0.0416117757558823,0.013506584617652972,PWT
20_USA,United States of America,2014,delta,0.0421688631176949,0.013387733440668015,PWT
20_USA,United States of America,2015,delta,0.0427246354520321,0.013179685038840594,PWT
20_USA,United States of America,2016,delta,0.0432429574429989,0.012131689023975989,PWT
20_USA,United States of America,2017,delta,0.0437685251235962,0.01215383294008232,PWT
20_USA,United States of America,2018,delta,0.0444000996649265,0.014429879452113603,PWT
20_USA,United States of America,2019,delta,0.0450976341962814,0.01571020192790029,PWT
20_USA,United States of America,2020,delta,0.045669186860323,0.012673672892772991,PWT
20_USA,United States of America,2021,delta,0.0462337732315064,0.012362522961272715,PWT
20_USA,United States of America,2022,delta,0.0470067113637924,0.016718041342108636,PWT
20_USA,United States of America,2023,delta,0.0478879362344742,0.018746788386489355,PWT
20_USA,United States of America,1950,output_to_kstock,0.253965196753782,,PWT
20_USA,United States of America,1951,output_to_kstock,0.2660519616115472,0.04759220953209309,PWT
20_USA,United States of America,1952,output_to_kstock,0.2681534632850617,0.007898839237211908,PWT
20_USA,United States of America,1953,output_to_kstock,0.2711362589420337,0.011123464975729691,PWT
20_USA,United States of America,1954,output_to_kstock,0.26117592660072986,-0.03673552323901197,PWT
20_USA,United States of America,1955,output_to_kstock,0.2703182113982726,0.035004316502412314,PWT
20_USA,United States of America,1956,output_to_kstock,0.2671480152742634,-0.011727645383604601,PWT
20_USA,United States of America,1957,output_to_kstock,0.26441947554362166,-0.010213587878766472,PWT
20_USA,United States of America,1958,output_to_kstock,0.2554481062832965,-0.03392854948328172,PWT
20_USA,United States of America,1959,output_to_kstock,0.2640938314767885,0.03384532897614734,PWT
20_USA,United States of America,1960,output_to_kstock,0.2624428930447344,-0.0062513328040348926,PWT
20_USA,United States of America,1961,output_to_kstock,0.26078511613515376,-0.006316714811164914,PWT
20_USA,United States of America,1962,output_to_kstock,0.2673874790270862,0.025317253491225822,PWT
20_USA,United States of America,1963,output_to_kstock,0.2691553392365412,0.006611604312541264,PWT
20_USA,United States of America,1964,output_to_kstock,0.27397083669069694,0.0178911459375648,PWT
20_USA,United States of America,1965,output_to_kstock,0.2801242266006775,0.02246001795047814,PWT
20_USA,United States of America,1966,output_to_kstock,0.28629689484892423,0.022035467346585458,PWT
20_USA,United States of America,1967,output_to_kstock,0.28317034384155415,-0.0109206598591296,PWT
20_USA,United States of America,1968,output_to_kstock,0.2860700590697126,0.010240179775961922,PWT
20_USA,United States of America,1969,output_to_kstock,0.2845818534332465,-0.005202241860982282,PWT
20_USA,United States of America,1970,output_to_kstock,0.27668291005848866,-0.02775631432385295,PWT
20_USA,United States of America,1971,output_to_kstock,0.27615877836950087,-0.0018943406691689368,PWT
20_USA,United States of America,1972,output_to_kstock,0.2800703274061289,0.014164130721183943,PWT
20_USA,United States of America,1973,output_to_kstock,0.2844824582405814,0.015753653288855807,PWT
20_USA,United States of America,1974,output_to_kstock,0.2739525442159937,-0.037014282320643965,PWT
20_USA,United States of America,1975,output_to_kstock,0.2669075908712084,-0.025715962466954845,PWT
20_USA,United States of America,1976,output_to_kstock,0.27363766266833384,0.025214988360420687,PWT
20_USA,United States of America,1977,output_to_kstock,0.27714559440047715,0.012819623212449116,PWT
20_USA,United States of America,1978,output_to_kstock,0.28181369962897534,0.01684351230116521,PWT
20_USA,United States of America,1979,output_to_kstock,0.2800131223116395,-0.006389246937627324,PWT
20_USA,United States of America,1980,output_to_kstock,0.2709738570265151,-0.032281577415019025,PWT
20_USA,United States of America,1981,output_to_kstock,0.2700336461014566,-0.003469747729082706,PWT
20_USA,United States of America,1982,output_to_kstock,0.25934797867280657,-0.039571614807716315,PWT
20_USA,United States of America,1983,output_to_kstock,0.2645679843459182,0.020127419923704926,PWT
20_USA,United States of America,1984,output_to_kstock,0.2746102781942717,0.03795732833351195,PWT
20_USA,United States of America,1985,output_to_kstock,0.27645043339731173,0.0067009698804434414,PWT
20_USA,United States of America,1986,output_to_kstock,0.27677998200810444,0.0011920712394726252,PWT
20_USA,United States of America,1987,output_to_kstock,0.27764007766584164,0.0031075067333157236,PWT
20_USA,United States of America,1988,output_to_kstock,0.2808177840554676,0.011445416729246594,PWT
20_USA,United States of America,1989,output_to_kstock,0.2828818541934818,0.007350211614825852,PWT
20_USA,United States of America,1990,output_to_kstock,0.2808847873565468,-0.00705972054173909,PWT
20_USA,United States of America,1991,output_to_kstock,0.27492128436566987,-0.021231135537814083,PWT
20_USA,United States of America,1992,output_to_kstock,0.2786159842025449,0.01343911892962324,PWT
20_USA,United States of America,1993,output_to_kstock,0.27987445803373096,0.0045168759243590095,PWT
20_USA,United States of America,1994,output_to_kstock,0.2840954279243057,0.015081654539786715,PWT
20_USA,United States of America,1995,output_to_kstock,0.2843889916722833,0.0010333279564633813,PWT
20_USA,United States of America,1996,output_to_kstock,0.28701864785867254,0.009246687682691768,PWT
20_USA,United States of America,1997,output_to_kstock,0.2910631477684555,0.014091418588852322,PWT
20_USA,United States of America,1998,output_to_kstock,0.29442658303153,0.011555689165260397,PWT
20_USA,United States of America,1999,output_to_kstock,0.29815563877899826,0.012665485939049592,PWT
20_USA,United States of America,2000,output_to_kstock,0.299777405901807,0.005439330711470625,PWT
20_USA,United States of America,2001,output_to_kstock,0.2937263189432043,-0.020185266932974844,PWT
20_USA,United States of America,2002,output_to_kstock,0.2911891173207227,-0.00863797848149983,PWT
20_USA,United States of America,2003,output_to_kstock,0.2915590392415231,0.0012703837430605436,PWT
20_USA,United States of America,2004,output_to_kstock,0.29436800902282934,0.009634308675915637,PWT
20_USA,United States of America,2005,output_to_kstock,0.29571490947615153,0.004575566678571175,PWT
20_USA,United States of America,2006,output_to_kstock,0.29545729897856365,-0.0008711447726603705,PWT
20_USA,United States of America,2007,output_to_kstock,0.29398275558621045,-0.004990715739468632,PWT
20_USA,United States of America,2008,output_to_kstock,0.2886459668568735,-0.018153407395257726,PWT
20_USA,United States of America,2009,output_to_kstock,0.2784509425567681,-0.03532016889451506,PWT
20_USA,United States of America,2010,output_to_kstock,0.28305778750060445,0.016544547852974656,PWT
20_USA,United States of America,2011,output_to_kstock,0.28419143053863927,0.004004987985120945,PWT
20_USA,United States of America,2012,output_to_kstock,0.2866666988881442,0.008709862731657525,PWT
20_USA,United States of America,2013,output_to_kstock,0.28848856082415836,0.006355331620590654,PWT
20_USA,United States of America,2014,output_to_kstock,0.2909934374214274,0.008682758824519965,PWT
20_USA,United States of America,2015,output_to_kstock,0.29451590298550334,0.01210496564901753,PWT
20_USA,United States of America,2016,output_to_kstock,0.29484717348971484,0.0011247966607352833,PWT
20_USA,United States of America,2017,output_to_kstock,0.29680156541760294,0.006628491312148377,PWT
20_USA,United States of America,2018,output_to_kstock,0.29991193514906966,0.010479627110761447,PWT
20_USA,United States of America,2019,output_to_kstock,0.30202712388221603,0.007052699426900233,PWT
20_USA,United States of America,2020,output_to_kstock,0.29080091271879116,-0.03716954629479852,PWT
20_USA,United States of America,2021,output_to_kstock,0.30298845580457007,0.04191026421421329,PWT
20_USA,United States of America,2022,output_to_kstock,0.3053979567179592,0.007952451214653822,PWT
20_USA,United States of America,2023,output_to_kstock,0.3090355062648071,0.011910850962919772,PWT
21_VN,Viet Nam,1950,Average hours,,,PWT
21_VN,Viet Nam,1951,Average hours,,,PWT
21_VN,Viet Nam,1952,Average hours,,,PWT
21_VN,Viet Nam,1953,Average hours,,,PWT
21_VN,Viet Nam,1954,Average hours,,,PWT
21_VN,Viet Nam,1955,Average hours,,,PWT
21_VN,Viet Nam,1956,Average hours,,,PWT
21_VN,Viet Nam,1957,Average hours,,,PWT
21_VN,Viet Nam,1958,Average hours,,,PWT
21_VN,Viet Nam,1959,Average hours,,,PWT
21_VN,Viet Nam,1960,Average hours,,,PWT
21_VN,Viet Nam,1961,Average hours,,,PWT
21_VN,Viet Nam,1962,Average hours,,,PWT
21_VN,Viet Nam,1963,Average hours,,,PWT
21_VN,Viet Nam,1964,Average hours,,,PWT
21_VN,Viet Nam,1965,Average hours,,,PWT
21_VN,Viet Nam,1966,Average hours,,,PWT
21_VN,Viet Nam,1967,Average hours,,,PWT
21_VN,Viet Nam,1968,Average hours,,,PWT
21_VN,Viet Nam,1969,Average hours,,,PWT
21_VN,Viet Nam,1970,Average hours,2388.5,,PWT
21_VN,Viet Nam,1971,Average hours,2390.07,0.0006573163073058108,PWT
21_VN,Viet Nam,1972,Average hours,2393.58,0.0014685762341688502,PWT
21_VN,Viet Nam,1973,Average hours,2397.56,0.0016627812732392666,PWT
21_VN,Viet Nam,1974,Average hours,2399.15,0.0006631742271310248,PWT
21_VN,Viet Nam,1975,Average hours,2404.13,0.002075735156201075,PWT
21_VN,Viet Nam,1976,Average hours,2402.96,-0.0004866625348879383,PWT
21_VN,Viet Nam,1977,Average hours,2404.86,0.0007906914805073662,PWT
21_VN,Viet Nam,1978,Average hours,2401.78,-0.0012807398351670773,PWT
21_VN,Viet Nam,1979,Average hours,2401.74,-1.665431471675749e-05,PWT
21_VN,Viet Nam,1980,Average hours,2403.85,0.0008785297326106001,PWT
21_VN,Viet Nam,1981,Average hours,2404.01,6.655989350434766e-05,PWT
21_VN,Viet Nam,1982,Average hours,2404.54,0.00022046497310723723,PWT
21_VN,Viet Nam,1983,Average hours,2406.73,0.0009107771132941256,PWT
21_VN,Viet Nam,1984,Average hours,2407.37,0.0002659209799187323,PWT
21_VN,Viet Nam,1985,Average hours,2405.49,-0.0007809352114548362,PWT
21_VN,Viet Nam,1986,Average hours,2406.89,0.0005820020037496931,PWT
21_VN,Viet Nam,1987,Average hours,2407.11,9.140426026954529e-05,PWT
21_VN,Viet Nam,1988,Average hours,2407.23,4.985231252407907e-05,PWT
21_VN,Viet Nam,1989,Average hours,2406.47,-0.00031571557350162927,PWT
21_VN,Viet Nam,1990,Average hours,2401.69,-0.0019863119008338703,PWT
21_VN,Viet Nam,1991,Average hours,2399.37,-0.000965986451207379,PWT
21_VN,Viet Nam,1992,Average hours,2394.43,-0.002058873787702642,PWT
21_VN,Viet Nam,1993,Average hours,2388.19,-0.0026060482035389354,PWT
21_VN,Viet Nam,1994,Average hours,2388.64,0.00018842721893985726,PWT
21_VN,Viet Nam,1995,Average hours,2383.64,-0.00209324134235378,PWT
21_VN,Viet Nam,1996,Average hours,2383.64,0.0,PWT
21_VN,Viet Nam,1997,Average hours,2391.67,0.003368797301606108,PWT
21_VN,Viet Nam,1998,Average hours,2437.92,0.019337952142227,PWT
21_VN,Viet Nam,1999,Average hours,2437.66,-0.00010664829034601198,PWT
21_VN,Viet Nam,2000,Average hours,2470.04,0.013283230639219656,PWT
21_VN,Viet Nam,2001,Average hours,2318.95,-0.061169049893928906,PWT
21_VN,Viet Nam,2002,Average hours,2302.13,-0.00725328273572079,PWT
21_VN,Viet Nam,2003,Average hours,2326.87,0.010746569481306256,PWT
21_VN,Viet Nam,2004,Average hours,2277.24,-0.021329081555909957,PWT
21_VN,Viet Nam,2005,Average hours,2261.24,-0.007026049076952812,PWT
21_VN,Viet Nam,2006,Average hours,2281.61,0.009008331711804374,PWT
21_VN,Viet Nam,2007,Average hours,2287.6,0.002625339124565418,PWT
21_VN,Viet Nam,2008,Average hours,2251.02,-0.01599055778982339,PWT
21_VN,Viet Nam,2009,Average hours,2215.4,-0.015823937592735704,PWT
21_VN,Viet Nam,2010,Average hours,2219.63,0.0019093617405434582,PWT
21_VN,Viet Nam,2011,Average hours,2220.85,0.0005496411564087644,PWT
21_VN,Viet Nam,2012,Average hours,2172.13,-0.021937546434923516,PWT
21_VN,Viet Nam,2013,Average hours,2128.75,-0.01997118036213308,PWT
21_VN,Viet Nam,2014,Average hours,2098.21,-0.01434644744568403,PWT
21_VN,Viet Nam,2015,Average hours,2107.15,0.004260774660305611,PWT
21_VN,Viet Nam,2016,Average hours,2132.65,0.012101653892698572,PWT
21_VN,Viet Nam,2017,Average hours,2066.46,-0.031036503880149113,PWT
21_VN,Viet Nam,2018,Average hours,2143.7,0.03737793134152123,PWT
21_VN,Viet Nam,2019,Average hours,2067.56,-0.035518029575033805,PWT
21_VN,Viet Nam,2020,Average hours,2091.9,0.011772330669968634,PWT
21_VN,Viet Nam,2021,Average hours,2036.99,-0.026248864668483196,PWT
21_VN,Viet Nam,2022,Average hours,2139.73,0.05043716463998349,PWT
21_VN,Viet Nam,2023,Average hours,2160.49,0.00970215868357216,PWT
21_VN,Viet Nam,1950,Capital stock,,,PWT
21_VN,Viet Nam,1951,Capital stock,,,PWT
21_VN,Viet Nam,1952,Capital stock,,,PWT
21_VN,Viet Nam,1953,Capital stock,,,PWT
21_VN,Viet Nam,1954,Capital stock,,,PWT
21_VN,Viet Nam,1955,Capital stock,,,PWT
21_VN,Viet Nam,1956,Capital stock,,,PWT
21_VN,Viet Nam,1957,Capital stock,,,PWT
21_VN,Viet Nam,1958,Capital stock,,,PWT
21_VN,Viet Nam,1959,Capital stock,,,PWT
21_VN,Viet Nam,1960,Capital stock,,,PWT
21_VN,Viet Nam,1961,Capital stock,,,PWT
21_VN,Viet Nam,1962,Capital stock,,,PWT
21_VN,Viet Nam,1963,Capital stock,,,PWT
21_VN,Viet Nam,1964,Capital stock,,,PWT
21_VN,Viet Nam,1965,Capital stock,,,PWT
21_VN,Viet Nam,1966,Capital stock,,,PWT
21_VN,Viet Nam,1967,Capital stock,,,PWT
21_VN,Viet Nam,1968,Capital stock,,,PWT
21_VN,Viet Nam,1969,Capital stock,,,PWT
21_VN,Viet Nam,1970,Capital stock,65083.51953125,,PWT
21_VN,Viet Nam,1971,Capital stock,67722.6953125,0.04055060021735302,PWT
21_VN,Viet Nam,1972,Capital stock,70400.5859375,0.039541997149450836,PWT
21_VN,Viet Nam,1973,Capital stock,72929.09375,0.035916005226785286,PWT
21_VN,Viet Nam,1974,Capital stock,75530.8203125,0.03567474143335292,PWT
21_VN,Viet Nam,1975,Capital stock,78207.765625,0.035441761408448125,PWT
21_VN,Viet Nam,1976,Capital stock,81386.8359375,0.04064903641082629,PWT
21_VN,Viet Nam,1977,Capital stock,85253.484375,0.04750950682576405,PWT
21_VN,Viet Nam,1978,Capital stock,89074.8203125,0.04482322295111474,PWT
21_VN,Viet Nam,1979,Capital stock,93201.328125,0.046326310825248074,PWT
21_VN,Viet Nam,1980,Capital stock,96875.1328125,0.039417943514418186,PWT
21_VN,Viet Nam,1981,Capital stock,100803.34375,0.04054921860187766,PWT
21_VN,Viet Nam,1982,Capital stock,105137.828125,0.042999410671830995,PWT
21_VN,Viet Nam,1983,Capital stock,109795.5546875,0.04430114874507729,PWT
21_VN,Viet Nam,1984,Capital stock,115181.5390625,0.04905466701570549,PWT
21_VN,Viet Nam,1985,Capital stock,120865.59375,0.04934866067743471,PWT
21_VN,Viet Nam,1986,Capital stock,126364.984375,0.04550005054684969,PWT
21_VN,Viet Nam,1987,Capital stock,132801.765625,0.050938013262425974,PWT
21_VN,Viet Nam,1988,Capital stock,138766.125,0.04491174757300964,PWT
21_VN,Viet Nam,1989,Capital stock,143832.234375,0.036508257148493595,PWT
21_VN,Viet Nam,1990,Capital stock,154445.953125,0.07379235117997163,PWT
21_VN,Viet Nam,1991,Capital stock,163061.9375,0.05578640424476977,PWT
21_VN,Viet Nam,1992,Capital stock,178906.9375,0.0971716652146366,PWT
21_VN,Viet Nam,1993,Capital stock,202253.125,0.13049347233949504,PWT
21_VN,Viet Nam,1994,Capital stock,232883.9375,0.15144790717077927,PWT
21_VN,Viet Nam,1995,Capital stock,268162.90625,0.1514873422732299,PWT
21_VN,Viet Nam,1996,Capital stock,308277.53125,0.14959050661019613,PWT
21_VN,Viet Nam,1997,Capital stock,351691.78125,0.14082846006961458,PWT
21_VN,Viet Nam,1998,Capital stock,399572.0625,0.1361427357779632,PWT
21_VN,Viet Nam,1999,Capital stock,445660.9375,0.11534558925775751,PWT
21_VN,Viet Nam,2000,Capital stock,494953.125,0.11060468475543694,PWT
21_VN,Viet Nam,2001,Capital stock,547747.9375,0.10666628784291432,PWT
21_VN,Viet Nam,2002,Capital stock,606210.875,0.10673328642154867,PWT
21_VN,Viet Nam,2003,Capital stock,670512.5625,0.10607148461333682,PWT
21_VN,Viet Nam,2004,Capital stock,739054.75,0.102223569450274,PWT
21_VN,Viet Nam,2005,Capital stock,814666.0625,0.10230813414026496,PWT
21_VN,Viet Nam,2006,Capital stock,900588.0625,0.1054689816540626,PWT
21_VN,Viet Nam,2007,Capital stock,1025753.5,0.138981897175658,PWT
21_VN,Viet Nam,2008,Capital stock,1160548.75,0.1314109578958298,PWT
21_VN,Viet Nam,2009,Capital stock,1314076.5,0.13228892797480496,PWT
21_VN,Viet Nam,2010,Capital stock,1500493.875,0.14186188931922916,PWT
21_VN,Viet Nam,2011,Capital stock,1662746.125,0.10813256401996307,PWT
21_VN,Viet Nam,2012,Capital stock,1824714.25,0.09741001501356683,PWT
21_VN,Viet Nam,2013,Capital stock,1996733.625,0.09427195244406072,PWT
21_VN,Viet Nam,2014,Capital stock,2188380.75,0.0959803163529136,PWT
21_VN,Viet Nam,2015,Capital stock,2403213.75,0.09816984544394303,PWT
21_VN,Viet Nam,2016,Capital stock,2642508.5,0.09957281161527964,PWT
21_VN,Viet Nam,2017,Capital stock,2910506.25,0.10141793299813417,PWT
21_VN,Viet Nam,2018,Capital stock,3199952.5,0.09944876428284588,PWT
21_VN,Viet Nam,2019,Capital stock,3510612.0,0.09708253481887619,PWT
21_VN,Viet Nam,2020,Capital stock,3827259.0,0.09019709384004848,PWT
21_VN,Viet Nam,2021,Capital stock,4145646.75,0.08318949671292164,PWT
21_VN,Viet Nam,2022,Capital stock,4481392.5,0.08098754434395561,PWT
21_VN,Viet Nam,2023,Capital stock,4829023.5,0.07757209394178255,PWT
21_VN,Viet Nam,1950,Employment,,,PWT
21_VN,Viet Nam,1951,Employment,,,PWT
21_VN,Viet Nam,1952,Employment,,,PWT
21_VN,Viet Nam,1953,Employment,,,PWT
21_VN,Viet Nam,1954,Employment,,,PWT
21_VN,Viet Nam,1955,Employment,,,PWT
21_VN,Viet Nam,1956,Employment,,,PWT
21_VN,Viet Nam,1957,Employment,,,PWT
21_VN,Viet Nam,1958,Employment,,,PWT
21_VN,Viet Nam,1959,Employment,,,PWT
21_VN,Viet Nam,1960,Employment,,,PWT
21_VN,Viet Nam,1961,Employment,,,PWT
21_VN,Viet Nam,1962,Employment,,,PWT
21_VN,Viet Nam,1963,Employment,,,PWT
21_VN,Viet Nam,1964,Employment,,,PWT
21_VN,Viet Nam,1965,Employment,,,PWT
21_VN,Viet Nam,1966,Employment,,,PWT
21_VN,Viet Nam,1967,Employment,,,PWT
21_VN,Viet Nam,1968,Employment,,,PWT
21_VN,Viet Nam,1969,Employment,,,PWT
21_VN,Viet Nam,1970,Employment,15.2012147903442,,PWT
21_VN,Viet Nam,1971,Employment,16.2910461425781,0.07169370127749009,PWT
21_VN,Viet Nam,1972,Employment,16.4238948822022,0.008154708940200539,PWT
21_VN,Viet Nam,1973,Employment,17.1160087585449,0.04214066646838499,PWT
21_VN,Viet Nam,1974,Employment,18.4147396087647,0.07587813657617049,PWT
21_VN,Viet Nam,1975,Employment,19.7132759094238,0.07051613697763304,PWT
21_VN,Viet Nam,1976,Employment,20.8269672393799,0.05649448296027293,PWT
21_VN,Viet Nam,1977,Employment,21.3826084136963,0.026678928714392258,PWT
21_VN,Viet Nam,1978,Employment,22.0739994049072,0.032334268010447254,PWT
21_VN,Viet Nam,1979,Employment,22.5356597900391,0.020914215709785244,PWT
21_VN,Viet Nam,1980,Employment,23.1275405883789,0.02626418768539507,PWT
21_VN,Viet Nam,1981,Employment,23.8077430725098,0.02941093029462416,PWT
21_VN,Viet Nam,1982,Employment,24.5120468139648,0.029582969679651905,PWT
21_VN,Viet Nam,1983,Employment,25.2639598846436,0.030675246191616434,PWT
21_VN,Viet Nam,1984,Employment,25.9977989196777,0.029046873031181253,PWT
21_VN,Viet Nam,1985,Employment,26.8054847717285,0.031067470540341313,PWT
21_VN,Viet Nam,1986,Employment,27.5599899291992,0.028147416989319662,PWT
21_VN,Viet Nam,1987,Employment,28.2783374786377,0.026064869808875457,PWT
21_VN,Viet Nam,1988,Employment,28.9658966064453,0.024313986928227393,PWT
21_VN,Viet Nam,1989,Employment,29.6093978881836,0.022215824715576593,PWT
21_VN,Viet Nam,1990,Employment,30.3370246887207,0.024574184293949308,PWT
21_VN,Viet Nam,1991,Employment,31.0158271789551,0.022375381145626205,PWT
21_VN,Viet Nam,1992,Employment,31.7244873046875,0.022848338741493945,PWT
21_VN,Viet Nam,1993,Employment,32.4184646606445,0.021875132269023823,PWT
21_VN,Viet Nam,1994,Employment,33.1404113769531,0.02226961467379507,PWT
21_VN,Viet Nam,1995,Employment,33.8958969116211,0.02279650442702086,PWT
21_VN,Viet Nam,1996,Employment,34.588752746582,0.02044069926125358,PWT
21_VN,Viet Nam,1997,Employment,33.3589630126953,-0.03555461345764277,PWT
21_VN,Viet Nam,1998,Employment,34.6764602661133,0.039494550622470204,PWT
21_VN,Viet Nam,1999,Employment,35.9045066833496,0.03541441103884457,PWT
21_VN,Viet Nam,2000,Employment,36.7003555297852,0.022165708986183086,PWT
21_VN,Viet Nam,2001,Employment,37.4247627258301,0.01973842448084695,PWT
21_VN,Viet Nam,2002,Employment,39.0903129577637,0.04450396236671561,PWT
21_VN,Viet Nam,2003,Employment,40.0385513305664,0.024257630626473903,PWT
21_VN,Viet Nam,2004,Employment,41.1781349182129,0.02846215833929322,PWT
21_VN,Viet Nam,2005,Employment,42.7748985290527,0.03877697749087616,PWT
21_VN,Viet Nam,2006,Employment,44.4387321472168,0.03889742992690026,PWT
21_VN,Viet Nam,2007,Employment,45.2079010009766,0.017308523816829346,PWT
21_VN,Viet Nam,2008,Employment,46.460807800293,0.027714332485583304,PWT
21_VN,Viet Nam,2009,Employment,47.7437057495117,0.02761247619139784,PWT
21_VN,Viet Nam,2010,Employment,49.0484962463379,0.027329057858889394,PWT
21_VN,Viet Nam,2011,Employment,50.3518943786621,0.026573661418244132,PWT
21_VN,Viet Nam,2012,Employment,51.4224014282227,0.021260511898719248,PWT
21_VN,Viet Nam,2013,Employment,52.2078056335449,0.015273580842359191,PWT
21_VN,Viet Nam,2014,Employment,52.7444953918457,0.010279875811443073,PWT
21_VN,Viet Nam,2015,Employment,52.8400001525879,0.0018107057434653129,PWT
21_VN,Viet Nam,2016,Employment,53.3027992248535,0.008758498692830408,PWT
21_VN,Viet Nam,2017,Employment,53.7034034729004,0.0075156324596945545,PWT
21_VN,Viet Nam,2018,Employment,54.2494049072266,0.010166980098416323,PWT
21_VN,Viet Nam,2019,Employment,54.5739707946777,0.0059828469640570425,PWT
21_VN,Viet Nam,2020,Employment,53.3256950378418,-0.022873097534578557,PWT
21_VN,Viet Nam,2021,Employment,53.4044570922852,0.0014770000538673056,PWT
21_VN,Viet Nam,2022,Employment,55.0484428405762,0.030783680572767924,PWT
21_VN,Viet Nam,2023,Employment,54.9557991027832,-0.00168294928997903,PWT
21_VN,Viet Nam,1950,Real GDP (PWT),,,PWT
21_VN,Viet Nam,1951,Real GDP (PWT),,,PWT
21_VN,Viet Nam,1952,Real GDP (PWT),,,PWT
21_VN,Viet Nam,1953,Real GDP (PWT),,,PWT
21_VN,Viet Nam,1954,Real GDP (PWT),,,PWT
21_VN,Viet Nam,1955,Real GDP (PWT),,,PWT
21_VN,Viet Nam,1956,Real GDP (PWT),,,PWT
21_VN,Viet Nam,1957,Real GDP (PWT),,,PWT
21_VN,Viet Nam,1958,Real GDP (PWT),,,PWT
21_VN,Viet Nam,1959,Real GDP (PWT),,,PWT
21_VN,Viet Nam,1960,Real GDP (PWT),,,PWT
21_VN,Viet Nam,1961,Real GDP (PWT),,,PWT
21_VN,Viet Nam,1962,Real GDP (PWT),,,PWT
21_VN,Viet Nam,1963,Real GDP (PWT),,,PWT
21_VN,Viet Nam,1964,Real GDP (PWT),,,PWT
21_VN,Viet Nam,1965,Real GDP (PWT),,,PWT
21_VN,Viet Nam,1966,Real GDP (PWT),,,PWT
21_VN,Viet Nam,1967,Real GDP (PWT),,,PWT
21_VN,Viet Nam,1968,Real GDP (PWT),,,PWT
21_VN,Viet Nam,1969,Real GDP (PWT),,,PWT
21_VN,Viet Nam,1970,Real GDP (PWT),51097.1875,,PWT
21_VN,Viet Nam,1971,Real GDP (PWT),53041.3984375,0.03804927497232602,PWT
21_VN,Viet Nam,1972,Real GDP (PWT),54081.44921875,0.019608283565063278,PWT
21_VN,Viet Nam,1973,Real GDP (PWT),53312.8671875,-0.014211565007091753,PWT
21_VN,Viet Nam,1974,Real GDP (PWT),54635.99609375,0.024818190730515166,PWT
21_VN,Viet Nam,1975,Real GDP (PWT),56267.6328125,0.02986376812733993,PWT
21_VN,Viet Nam,1976,Real GDP (PWT),62456.234375,0.10998510605772616,PWT
21_VN,Viet Nam,1977,Real GDP (PWT),70926.6875,0.1356222194591763,PWT
21_VN,Viet Nam,1978,Real GDP (PWT),72181.75,0.017695208168293508,PWT
21_VN,Viet Nam,1979,Real GDP (PWT),77030.5546875,0.06717493947569841,PWT
21_VN,Viet Nam,1980,Real GDP (PWT),74336.9921875,-0.03496745558859504,PWT
21_VN,Viet Nam,1981,Real GDP (PWT),78646.4921875,0.05797248278663414,PWT
21_VN,Viet Nam,1982,Real GDP (PWT),85056.3984375,0.08150276092057895,PWT
21_VN,Viet Nam,1983,Real GDP (PWT),91089.484375,0.0709304185026498,PWT
21_VN,Viet Nam,1984,Real GDP (PWT),98738.5078125,0.08397262856391041,PWT
21_VN,Viet Nam,1985,Real GDP (PWT),104287.125,0.05619506827099885,PWT
21_VN,Viet Nam,1986,Real GDP (PWT),107788.1328125,0.03357085366482204,PWT
21_VN,Viet Nam,1987,Real GDP (PWT),110535.5234375,0.025488804317439495,PWT
21_VN,Viet Nam,1988,Real GDP (PWT),116172.8671875,0.051000289994442616,PWT
21_VN,Viet Nam,1989,Real GDP (PWT),121618.9296875,0.046878954026418285,PWT
21_VN,Viet Nam,1990,Real GDP (PWT),127822.6171875,0.05100922624414128,PWT
21_VN,Viet Nam,1991,Real GDP (PWT),135441.921875,0.05960842341636163,PWT
21_VN,Viet Nam,1992,Real GDP (PWT),147152.296875,0.08646049050313653,PWT
21_VN,Viet Nam,1993,Real GDP (PWT),159031.484375,0.08072716330137131,PWT
21_VN,Viet Nam,1994,Real GDP (PWT),173088.25,0.08838982846851762,PWT
21_VN,Viet Nam,1995,Real GDP (PWT),189601.703125,0.09540481878463725,PWT
21_VN,Viet Nam,1996,Real GDP (PWT),207310.546875,0.0934002356420025,PWT
21_VN,Viet Nam,1997,Real GDP (PWT),224209.859375,0.08151689701628939,PWT
21_VN,Viet Nam,1998,Real GDP (PWT),237134.234375,0.05764409752553945,PWT
21_VN,Viet Nam,1999,Real GDP (PWT),248452.140625,0.04772784612829062,PWT
21_VN,Viet Nam,2000,Real GDP (PWT),265318.28125,0.06788486741378819,PWT
21_VN,Viet Nam,2001,Real GDP (PWT),283611.96875,0.06894996987698154,PWT
21_VN,Viet Nam,2002,Real GDP (PWT),303691.1875,0.07079820657251434,PWT
21_VN,Viet Nam,2003,Real GDP (PWT),325985.75,0.07341195075013496,PWT
21_VN,Viet Nam,2004,Real GDP (PWT),350553.40625,0.0753642030364825,PWT
21_VN,Viet Nam,2005,Real GDP (PWT),377010.5,0.0754723624939817,PWT
21_VN,Viet Nam,2006,Real GDP (PWT),423047.875,0.122111652062741,PWT
21_VN,Viet Nam,2007,Real GDP (PWT),475379.375,0.12370112957073709,PWT
21_VN,Viet Nam,2008,Real GDP (PWT),526865.8125,0.10830599770972404,PWT
21_VN,Viet Nam,2009,Real GDP (PWT),582470.1875,0.10553802065113116,PWT
21_VN,Viet Nam,2010,Real GDP (PWT),650207.5625,0.11629329097637298,PWT
21_VN,Viet Nam,2011,Real GDP (PWT),691906.5,0.06413173254963489,PWT
21_VN,Viet Nam,2012,Real GDP (PWT),729992.75,0.055045371014725175,PWT
21_VN,Viet Nam,2013,Real GDP (PWT),770533.0,0.055535140588724996,PWT
21_VN,Viet Nam,2014,Real GDP (PWT),820018.5625,0.06422250896457382,PWT
21_VN,Viet Nam,2015,Real GDP (PWT),877314.5,0.06987151281712611,PWT
21_VN,Viet Nam,2016,Real GDP (PWT),936006.875,0.06690003983748127,PWT
21_VN,Viet Nam,2017,Real GDP (PWT),1000967.625,0.06940200092013216,PWT
21_VN,Viet Nam,2018,Real GDP (PWT),1075689.75,0.0746498918983518,PWT
21_VN,Viet Nam,2019,Real GDP (PWT),1154852.75,0.07359278081807519,PWT
21_VN,Viet Nam,2020,Real GDP (PWT),1187944.0,0.028654085986286937,PWT
21_VN,Viet Nam,2021,Real GDP (PWT),1218280.875,0.025537293845501186,PWT
21_VN,Viet Nam,2022,Real GDP (PWT),1317248.125,0.0812351667262281,PWT
21_VN,Viet Nam,2023,Real GDP (PWT),1383722.0,0.05046420164765841,PWT
21_VN,Viet Nam,1950,TFP,,,PWT
21_VN,Viet Nam,1951,TFP,,,PWT
21_VN,Viet Nam,1952,TFP,,,PWT
21_VN,Viet Nam,1953,TFP,,,PWT
21_VN,Viet Nam,1954,TFP,,,PWT
21_VN,Viet Nam,1955,TFP,,,PWT
21_VN,Viet Nam,1956,TFP,,,PWT
21_VN,Viet Nam,1957,TFP,,,PWT
21_VN,Viet Nam,1958,TFP,,,PWT
21_VN,Viet Nam,1959,TFP,,,PWT
21_VN,Viet Nam,1960,TFP,,,PWT
21_VN,Viet Nam,1961,TFP,,,PWT
21_VN,Viet Nam,1962,TFP,,,PWT
21_VN,Viet Nam,1963,TFP,,,PWT
21_VN,Viet Nam,1964,TFP,,,PWT
21_VN,Viet Nam,1965,TFP,,,PWT
21_VN,Viet Nam,1966,TFP,,,PWT
21_VN,Viet Nam,1967,TFP,,,PWT
21_VN,Viet Nam,1968,TFP,,,PWT
21_VN,Viet Nam,1969,TFP,,,PWT
21_VN,Viet Nam,1970,TFP,,,PWT
21_VN,Viet Nam,1971,TFP,,,PWT
21_VN,Viet Nam,1972,TFP,,,PWT
21_VN,Viet Nam,1973,TFP,,,PWT
21_VN,Viet Nam,1974,TFP,,,PWT
21_VN,Viet Nam,1975,TFP,,,PWT
21_VN,Viet Nam,1976,TFP,,,PWT
21_VN,Viet Nam,1977,TFP,,,PWT
21_VN,Viet Nam,1978,TFP,,,PWT
21_VN,Viet Nam,1979,TFP,,,PWT
21_VN,Viet Nam,1980,TFP,,,PWT
21_VN,Viet Nam,1981,TFP,,,PWT
21_VN,Viet Nam,1982,TFP,,,PWT
21_VN,Viet Nam,1983,TFP,,,PWT
21_VN,Viet Nam,1984,TFP,,,PWT
21_VN,Viet Nam,1985,TFP,,,PWT
21_VN,Viet Nam,1986,TFP,,,PWT
21_VN,Viet Nam,1987,TFP,,,PWT
21_VN,Viet Nam,1988,TFP,,,PWT
21_VN,Viet Nam,1989,TFP,,,PWT
21_VN,Viet Nam,1990,TFP,,,PWT
21_VN,Viet Nam,1991,TFP,,,PWT
21_VN,Viet Nam,1992,TFP,,,PWT
21_VN,Viet Nam,1993,TFP,,,PWT
21_VN,Viet Nam,1994,TFP,,,PWT
21_VN,Viet Nam,1995,TFP,,,PWT
21_VN,Viet Nam,1996,TFP,,,PWT
21_VN,Viet Nam,1997,TFP,,,PWT
21_VN,Viet Nam,1998,TFP,,,PWT
21_VN,Viet Nam,1999,TFP,,,PWT
21_VN,Viet Nam,2000,TFP,,,PWT
21_VN,Viet Nam,2001,TFP,,,PWT
21_VN,Viet Nam,2002,TFP,,,PWT
21_VN,Viet Nam,2003,TFP,,,PWT
21_VN,Viet Nam,2004,TFP,,,PWT
21_VN,Viet Nam,2005,TFP,,,PWT
21_VN,Viet Nam,2006,TFP,,,PWT
21_VN,Viet Nam,2007,TFP,,,PWT
21_VN,Viet Nam,2008,TFP,,,PWT
21_VN,Viet Nam,2009,TFP,,,PWT
21_VN,Viet Nam,2010,TFP,,,PWT
21_VN,Viet Nam,2011,TFP,,,PWT
21_VN,Viet Nam,2012,TFP,,,PWT
21_VN,Viet Nam,2013,TFP,,,PWT
21_VN,Viet Nam,2014,TFP,,,PWT
21_VN,Viet Nam,2015,TFP,,,PWT
21_VN,Viet Nam,2016,TFP,,,PWT
21_VN,Viet Nam,2017,TFP,,,PWT
21_VN,Viet Nam,2018,TFP,,,PWT
21_VN,Viet Nam,2019,TFP,,,PWT
21_VN,Viet Nam,2020,TFP,,,PWT
21_VN,Viet Nam,2021,TFP,,,PWT
21_VN,Viet Nam,2022,TFP,,,PWT
21_VN,Viet Nam,2023,TFP,,,PWT
21_VN,Viet Nam,1950,delta,,,PWT
21_VN,Viet Nam,1951,delta,,,PWT
21_VN,Viet Nam,1952,delta,,,PWT
21_VN,Viet Nam,1953,delta,,,PWT
21_VN,Viet Nam,1954,delta,,,PWT
21_VN,Viet Nam,1955,delta,,,PWT
21_VN,Viet Nam,1956,delta,,,PWT
21_VN,Viet Nam,1957,delta,,,PWT
21_VN,Viet Nam,1958,delta,,,PWT
21_VN,Viet Nam,1959,delta,,,PWT
21_VN,Viet Nam,1960,delta,,,PWT
21_VN,Viet Nam,1961,delta,,,PWT
21_VN,Viet Nam,1962,delta,,,PWT
21_VN,Viet Nam,1963,delta,,,PWT
21_VN,Viet Nam,1964,delta,,,PWT
21_VN,Viet Nam,1965,delta,,,PWT
21_VN,Viet Nam,1966,delta,,,PWT
21_VN,Viet Nam,1967,delta,,,PWT
21_VN,Viet Nam,1968,delta,,,PWT
21_VN,Viet Nam,1969,delta,,,PWT
21_VN,Viet Nam,1970,delta,0.0402080453932285,,PWT
21_VN,Viet Nam,1971,delta,0.039144329726696,-0.026455294111651706,PWT
21_VN,Viet Nam,1972,delta,0.0385267697274685,-0.01577648674889265,PWT
21_VN,Viet Nam,1973,delta,0.0380965247750282,-0.011167428660221801,PWT
21_VN,Viet Nam,1974,delta,0.0375706627964973,-0.013803410721483833,PWT
21_VN,Viet Nam,1975,delta,0.0373915545642376,-0.004767236426726051,PWT
21_VN,Viet Nam,1976,delta,0.0374582633376122,0.0017840599074316899,PWT
21_VN,Viet Nam,1977,delta,0.0377187505364418,0.006954065021163025,PWT
21_VN,Viet Nam,1978,delta,0.0380338691174984,0.008354427879368576,PWT
21_VN,Viet Nam,1979,delta,0.0383194349706173,0.007508198869715432,PWT
21_VN,Viet Nam,1980,delta,0.0385169945657253,0.0051555978124282476,PWT
21_VN,Viet Nam,1981,delta,0.0389507338404655,0.011260984394825257,PWT
21_VN,Viet Nam,1982,delta,0.0396197475492954,0.017175894851430673,PWT
21_VN,Viet Nam,1983,delta,0.039897296577692,0.00700532046680169,PWT
21_VN,Viet Nam,1984,delta,0.0396339483559132,-0.00660065328651982,PWT
21_VN,Viet Nam,1985,delta,0.0393767915666103,-0.006488296018191897,PWT
21_VN,Viet Nam,1986,delta,0.0392367541790009,-0.0035563432681534612,PWT
21_VN,Viet Nam,1987,delta,0.0390550047159195,-0.0046321227860043335,PWT
21_VN,Viet Nam,1988,delta,0.0391637682914734,0.002784881895291802,PWT
21_VN,Viet Nam,1989,delta,0.0389469005167484,-0.0055374593453566545,PWT
21_VN,Viet Nam,1990,delta,0.0386177413165569,-0.008451486403903918,PWT
21_VN,Viet Nam,1991,delta,0.0384037680923939,-0.005540801115451632,PWT
21_VN,Viet Nam,1992,delta,0.0377812534570694,-0.016209728009679347,PWT
21_VN,Viet Nam,1993,delta,0.0368806533515453,-0.023837221455541235,PWT
21_VN,Viet Nam,1994,delta,0.0359770320355892,-0.024501228526046193,PWT
21_VN,Viet Nam,1995,delta,0.0353875756263733,-0.016384242275260474,PWT
21_VN,Viet Nam,1996,delta,0.0354715622961521,0.0023733377687567003,PWT
21_VN,Viet Nam,1997,delta,0.0366246551275253,0.03250752875630414,PWT
21_VN,Viet Nam,1998,delta,0.0385258533060551,0.05191033668194045,PWT
21_VN,Viet Nam,1999,delta,0.0405048280954361,0.051367448597692045,PWT
21_VN,Viet Nam,2000,delta,0.0432405471801758,0.0675405677143941,PWT
21_VN,Viet Nam,2001,delta,0.0465493910014629,0.07652178422950406,PWT
21_VN,Viet Nam,2002,delta,0.0495068989694119,0.0635348369617994,PWT
21_VN,Viet Nam,2003,delta,0.0523583069443703,0.05759617415585172,PWT
21_VN,Viet Nam,2004,delta,0.0548597872257233,0.04777618733949485,PWT
21_VN,Viet Nam,2005,delta,0.0569024980068207,0.037235120375012754,PWT
21_VN,Viet Nam,2006,delta,0.058664608746767,0.030967194792310915,PWT
21_VN,Viet Nam,2007,delta,0.0611967407166958,0.04316285447089663,PWT
21_VN,Viet Nam,2008,delta,0.0634134486317635,0.03622264664926722,PWT
21_VN,Viet Nam,2009,delta,0.0647303834557533,0.020767437387566368,PWT
21_VN,Viet Nam,2010,delta,0.0657503828406334,0.015757660165528486,PWT
21_VN,Viet Nam,2011,delta,0.0651451796293259,-0.009204557983706563,PWT
21_VN,Viet Nam,2012,delta,0.0629382953047752,-0.03387640247686485,PWT
21_VN,Viet Nam,2013,delta,0.0607803910970688,-0.034286028835971205,PWT
21_VN,Viet Nam,2014,delta,0.0592145808041096,-0.02576176731832036,PWT
21_VN,Viet Nam,2015,delta,0.0580220967531204,-0.02013835164913369,PWT
21_VN,Viet Nam,2016,delta,0.0570821426808834,-0.01619993286758381,PWT
21_VN,Viet Nam,2017,delta,0.0562588460743427,-0.014423015112507653,PWT
21_VN,Viet Nam,2018,delta,0.0557082071900368,-0.009787596488883943,PWT
21_VN,Viet Nam,2019,delta,0.055241584777832,-0.008376187921701028,PWT
21_VN,Viet Nam,2020,delta,0.0545554719865322,-0.012420222809667258,PWT
21_VN,Viet Nam,2021,delta,0.0537555031478405,-0.014663402396906777,PWT
21_VN,Viet Nam,2022,delta,0.0529437996447086,-0.015099914531532144,PWT
21_VN,Viet Nam,2023,delta,0.052174299955368,-0.014534273975507994,PWT
21_VN,Viet Nam,1950,output_to_kstock,,,PWT
21_VN,Viet Nam,1951,output_to_kstock,,,PWT
21_VN,Viet Nam,1952,output_to_kstock,,,PWT
21_VN,Viet Nam,1953,output_to_kstock,,,PWT
21_VN,Viet Nam,1954,output_to_kstock,,,PWT
21_VN,Viet Nam,1955,output_to_kstock,,,PWT
21_VN,Viet Nam,1956,output_to_kstock,,,PWT
21_VN,Viet Nam,1957,output_to_kstock,,,PWT
21_VN,Viet Nam,1958,output_to_kstock,,,PWT
21_VN,Viet Nam,1959,output_to_kstock,,,PWT
21_VN,Viet Nam,1960,output_to_kstock,,,PWT
21_VN,Viet Nam,1961,output_to_kstock,,,PWT
21_VN,Viet Nam,1962,output_to_kstock,,,PWT
21_VN,Viet Nam,1963,output_to_kstock,,,PWT
21_VN,Viet Nam,1964,output_to_kstock,,,PWT
21_VN,Viet Nam,1965,output_to_kstock,,,PWT
21_VN,Viet Nam,1966,output_to_kstock,,,PWT
21_VN,Viet Nam,1967,output_to_kstock,,,PWT
21_VN,Viet Nam,1968,output_to_kstock,,,PWT
21_VN,Viet Nam,1969,output_to_kstock,,,PWT
21_VN,Viet Nam,1970,output_to_kstock,0.7851017871807865,,PWT
21_VN,Viet Nam,1971,output_to_kstock,0.7832145219965841,-0.0024038477749226406,PWT
21_VN,Viet Nam,1972,output_to_kstock,0.7681960099985851,-0.01917547693027144,PWT
21_VN,Viet Nam,1973,output_to_kstock,0.7310233055994886,-0.04838960879159593,PWT
21_VN,Viet Nam,1974,output_to_kstock,0.7233602901133591,-0.010482587117855657,PWT
21_VN,Viet Nam,1975,output_to_kstock,0.7194635003677105,-0.005387066167314769,PWT
21_VN,Viet Nam,1976,output_to_kstock,0.7673997109675388,0.06662771714663585,PWT
21_VN,Viet Nam,1977,output_to_kstock,0.8319506002595568,0.08411638468124027,PWT
21_VN,Viet Nam,1978,output_to_kstock,0.8103496560168826,-0.025964214985763623,PWT
21_VN,Viet Nam,1979,output_to_kstock,0.8264963197111093,0.01992555136457086,PWT
21_VN,Viet Nam,1980,output_to_kstock,0.7673485447640919,-0.0715644746823455,PWT
21_VN,Viet Nam,1981,output_to_kstock,0.7801972559814019,0.01674429606334904,PWT
21_VN,Viet Nam,1982,output_to_kstock,0.8089990059179758,0.036915984663832946,PWT
21_VN,Viet Nam,1983,output_to_kstock,0.8296281633100612,0.02549960783780869,PWT
21_VN,Viet Nam,1984,output_to_kstock,0.8572424766691331,0.033285168681950195,PWT
21_VN,Viet Nam,1985,output_to_kstock,0.8628354998669752,0.006524435442786469,PWT
21_VN,Viet Nam,1986,output_to_kstock,0.8529905127248586,-0.011410039507686487,PWT
21_VN,Viet Nam,1987,output_to_kstock,0.832334742819802,-0.024215708846599182,PWT
21_VN,Viet Nam,1988,output_to_kstock,0.837184631245558,0.005826848473638568,PWT
21_VN,Viet Nam,1989,output_to_kstock,0.8455610122165983,0.010005416557370417,PWT
21_VN,Viet Nam,1990,output_to_kstock,0.8276203720536948,-0.02121744014175042,PWT
21_VN,Viet Nam,1991,output_to_kstock,0.8306164145449333,0.00362006856332453,PWT
21_VN,Viet Nam,1992,output_to_kstock,0.8225074942943451,-0.009762533112267935,PWT
21_VN,Viet Nam,1993,output_to_kstock,0.7862992691707483,-0.04402175709615985,PWT
21_VN,Viet Nam,1994,output_to_kstock,0.7432382493103459,-0.05476416111363769,PWT
21_VN,Viet Nam,1995,output_to_kstock,0.7070392612326486,-0.04870442030033639,PWT
21_VN,Viet Nam,1996,output_to_kstock,0.6724802356967103,-0.048878509908612755,PWT
21_VN,Viet Nam,1997,output_to_kstock,0.6375180522504746,-0.05198990481856136,PWT
21_VN,Viet Nam,1998,output_to_kstock,0.5934705066498487,-0.06909223267503661,PWT
21_VN,Viet Nam,1999,output_to_kstock,0.5574914014648188,-0.060624925386996154,PWT
21_VN,Viet Nam,2000,output_to_kstock,0.5360472898317391,-0.03846536749577645,PWT
21_VN,Viet Nam,2001,output_to_kstock,0.5177782504201579,-0.0340810218764761,PWT
21_VN,Viet Nam,2002,output_to_kstock,0.5009662479248661,-0.0324695030771367,PWT
21_VN,Viet Nam,2003,output_to_kstock,0.48617396337000024,-0.02952750732437448,PWT
21_VN,Viet Nam,2004,output_to_kstock,0.4743267075274193,-0.024368347001677337,PWT
21_VN,Viet Nam,2005,output_to_kstock,0.4627791893564978,-0.024345072684430202,PWT
21_VN,Viet Nam,2006,output_to_kstock,0.4697462609327003,0.015054850642463702,PWT
21_VN,Viet Nam,2007,output_to_kstock,0.4634440681898721,-0.01341616371850396,PWT
21_VN,Viet Nam,2008,output_to_kstock,0.45397990605737154,-0.020421368579526478,PWT
21_VN,Viet Nam,2009,output_to_kstock,0.44325439767015085,-0.02362551347342068,PWT
21_VN,Viet Nam,2010,output_to_kstock,0.4333290347486423,-0.02239202357309611,PWT
21_VN,Viet Nam,2011,output_to_kstock,0.4161227559619181,-0.03970719108795673,PWT
21_VN,Viet Nam,2012,output_to_kstock,0.40005866672000834,-0.038604207560760995,PWT
21_VN,Viet Nam,2013,output_to_kstock,0.38589674173489213,-0.0353996205137278,PWT
21_VN,Viet Nam,2014,output_to_kstock,0.37471475770384105,-0.028976622038268007,PWT
21_VN,Viet Nam,2015,output_to_kstock,0.3650588716879637,-0.025768630184319963,PWT
21_VN,Viet Nam,2016,output_to_kstock,0.35421149071043667,-0.029714059344375765,PWT
21_VN,Viet Nam,2017,output_to_kstock,0.3439152982406411,-0.029067923372967486,PWT
21_VN,Viet Nam,2018,output_to_kstock,0.3361580367208576,-0.02255573264541344,PWT
21_VN,Viet Nam,2019,output_to_kstock,0.32896052027395795,-0.02141110924227696,PWT
21_VN,Viet Nam,2020,output_to_kstock,0.3103902819223888,-0.05645126757491703,PWT
21_VN,Viet Nam,2021,output_to_kstock,0.29386991909042903,-0.0532244847668607,PWT
21_VN,Viet Nam,2022,output_to_kstock,0.2939372360265252,0.0002290705231231538,PWT
21_VN,Viet Nam,2023,output_to_kstock,0.2865428176110553,-0.025156453518541677,PWT
