economy_code,economy,year,variant,variable,value,percent,source
01_AUS,Australia,1950.0,Estimates,population_1jan,8048.9,,UN DESA
01_AUS,Australia,1951.0,Estimates,population_1jan,8304.6,0.0317683161674267,UN DESA
01_AUS,Australia,1952.0,Estimates,population_1jan,8532.62,0.027457071984201553,UN DESA
01_AUS,Australia,1953.0,Estimates,population_1jan,8728.789,0.022990476547648964,UN DESA
01_AUS,Australia,1954.0,Estimates,population_1jan,8903.373,0.020000941711387332,UN DESA
01_AUS,Australia,1955.0,Estimates,population_1jan,9095.393,0.021567107207571823,UN DESA
01_AUS,Australia,1956.0,Estimates,population_1jan,9314.969,0.0241414527112791,UN DESA
01_AUS,Australia,1957.0,Estimates,population_1jan,9534.354,0.023551876554822604,UN DESA
01_AUS,Australia,1958.0,Estimates,population_1jan,9743.196,0.021904158372974214,UN DESA
01_AUS,Australia,1959.0,Estimates,population_1jan,9952.077,0.021438653189364,UN DESA
01_AUS,Australia,1960.0,Estimates,population_1jan,10167.995,0.021695772651276757,UN DESA
01_AUS,Australia,1961.0,Estimates,population_1jan,10393.631,0.022190805561961735,UN DESA
01_AUS,Australia,1962.0,Estimates,population_1jan,10607.255,0.020553356185148308,UN DESA
01_AUS,Australia,1963.0,Estimates,population_1jan,10807.217,0.018851437058881038,UN DESA
01_AUS,Australia,1964.0,Estimates,population_1jan,11019.313,0.01962540402399604,UN DESA
01_AUS,Australia,1965.0,Estimates,population_1jan,11237.188,0.019772103760007598,UN DESA
01_AUS,Australia,1966.0,Estimates,population_1jan,11477.766,0.021409092737435742,UN DESA
01_AUS,Australia,1967.0,Estimates,population_1jan,11707.204,0.019989778498707755,UN DESA
01_AUS,Australia,1968.0,Estimates,population_1jan,11913.834,0.017649816301142485,UN DESA
01_AUS,Australia,1969.0,Estimates,population_1jan,12146.192,0.019503209462209847,UN DESA
01_AUS,Australia,1970.0,Estimates,population_1jan,12398.569,0.020778281785764685,UN DESA
01_AUS,Australia,1971.0,Estimates,population_1jan,12800.253,0.03239760975641626,UN DESA
01_AUS,Australia,1972.0,Estimates,population_1jan,13195.675,0.030891733155586687,UN DESA
01_AUS,Australia,1973.0,Estimates,population_1jan,13414.117,0.016554060326584352,UN DESA
01_AUS,Australia,1974.0,Estimates,population_1jan,13623.253,0.015590739218988459,UN DESA
01_AUS,Australia,1975.0,Estimates,population_1jan,13815.736,0.014129004284072266,UN DESA
01_AUS,Australia,1976.0,Estimates,population_1jan,13972.242,0.011328097178463725,UN DESA
01_AUS,Australia,1977.0,Estimates,population_1jan,14121.268,0.01066586164196126,UN DESA
01_AUS,Australia,1978.0,Estimates,population_1jan,14285.749,0.011647750046242189,UN DESA
01_AUS,Australia,1979.0,Estimates,population_1jan,14448.447,0.011388832325137432,UN DESA
01_AUS,Australia,1980.0,Estimates,population_1jan,14617.623,0.011708940068091644,UN DESA
01_AUS,Australia,1981.0,Estimates,population_1jan,14825.071,0.014191637039756788,UN DESA
01_AUS,Australia,1982.0,Estimates,population_1jan,15073.333,0.016746091806238317,UN DESA
01_AUS,Australia,1983.0,Estimates,population_1jan,15311.637,0.015809642101053623,UN DESA
01_AUS,Australia,1984.0,Estimates,population_1jan,15518.149,0.013487258090039589,UN DESA
01_AUS,Australia,1985.0,Estimates,population_1jan,15723.157,0.013210853949140455,UN DESA
01_AUS,Australia,1986.0,Estimates,population_1jan,15948.338,0.014321614927587323,UN DESA
01_AUS,Australia,1987.0,Estimates,population_1jan,16190.928,0.015210989383345197,UN DESA
01_AUS,Australia,1988.0,Estimates,population_1jan,16453.609,0.016223961961908673,UN DESA
01_AUS,Australia,1989.0,Estimates,population_1jan,16734.589,0.017077104482062344,UN DESA
01_AUS,Australia,1990.0,Estimates,population_1jan,17004.135,0.01610711801765774,UN DESA
01_AUS,Australia,1991.0,Estimates,population_1jan,17248.461,0.014368622690892563,UN DESA
01_AUS,Australia,1992.0,Estimates,population_1jan,17457.924,0.012143866052745311,UN DESA
01_AUS,Australia,1993.0,Estimates,population_1jan,17640.653,0.010466822973911327,UN DESA
01_AUS,Australia,1994.0,Estimates,population_1jan,17805.169,0.009325958625227893,UN DESA
01_AUS,Australia,1995.0,Estimates,population_1jan,17989.698,0.010363788178590072,UN DESA
01_AUS,Australia,1996.0,Estimates,population_1jan,18200.991,0.01174522218216234,UN DESA
01_AUS,Australia,1997.0,Estimates,population_1jan,18409.624,0.011462727496541092,UN DESA
01_AUS,Australia,1998.0,Estimates,population_1jan,18600.201,0.010352031089825742,UN DESA
01_AUS,Australia,1999.0,Estimates,population_1jan,18803.233,0.010915580966033511,UN DESA
01_AUS,Australia,2000.0,Estimates,population_1jan,19016.729,0.011354217649698795,UN DESA
01_AUS,Australia,2001.0,Estimates,population_1jan,19248.213,0.01217265072242446,UN DESA
01_AUS,Australia,2002.0,Estimates,population_1jan,19482.653,0.012179831966738774,UN DESA
01_AUS,Australia,2003.0,Estimates,population_1jan,19708.057,0.011569471570427314,UN DESA
01_AUS,Australia,2004.0,Estimates,population_1jan,19930.852,0.011304767385237335,UN DESA
01_AUS,Australia,2005.0,Estimates,population_1jan,20162.502,0.011622684268590255,UN DESA
01_AUS,Australia,2006.0,Estimates,population_1jan,20426.478,0.013092422755866195,UN DESA
01_AUS,Australia,2007.0,Estimates,population_1jan,20754.641,0.01606556940457393,UN DESA
01_AUS,Australia,2008.0,Estimates,population_1jan,21154.456,0.019263884159692157,UN DESA
01_AUS,Australia,2009.0,Estimates,population_1jan,21586.721,0.02043375636792555,UN DESA
01_AUS,Australia,2010.0,Estimates,population_1jan,21979.301,0.01818618029111496,UN DESA
01_AUS,Australia,2011.0,Estimates,population_1jan,22303.86,0.014766575151775818,UN DESA
01_AUS,Australia,2012.0,Estimates,population_1jan,22655.69,0.01577439958823268,UN DESA
01_AUS,Australia,2013.0,Estimates,population_1jan,23049.598,0.017386713889535166,UN DESA
01_AUS,Australia,2014.0,Estimates,population_1jan,23422.943,0.016197462532752116,UN DESA
01_AUS,Australia,2015.0,Estimates,population_1jan,23768.258,0.014742596607095981,UN DESA
01_AUS,Australia,2016.0,Estimates,population_1jan,24127.746,0.01512470960219292,UN DESA
01_AUS,Australia,2017.0,Estimates,population_1jan,24532.18,0.016762195689560055,UN DESA
01_AUS,Australia,2018.0,Estimates,population_1jan,24929.897,0.01621205290357408,UN DESA
01_AUS,Australia,2019.0,Estimates,population_1jan,25309.514,0.015227379399120666,UN DESA
01_AUS,Australia,2020.0,Estimates,population_1jan,25655.914,0.013686552811721375,UN DESA
01_AUS,Australia,2021.0,Estimates,population_1jan,25831.668,0.006850428326194091,UN DESA
01_AUS,Australia,2022.0,Estimates,population_1jan,26081.167,0.009658648446550178,UN DESA
01_AUS,Australia,2023.0,Estimates,population_1jan,26320.802,0.009188047452017623,UN DESA
01_AUS,Australia,2024.0,High,population_1jan,26581.446,0.009902585795068086,UN DESA
01_AUS,Australia,2025.0,High,population_1jan,26891.409,0.011660878042526246,UN DESA
01_AUS,Australia,2026.0,High,population_1jan,27195.833,0.011320492726877962,UN DESA
01_AUS,Australia,2027.0,High,population_1jan,27489.98,0.010815884918840446,UN DESA
01_AUS,Australia,2028.0,High,population_1jan,27782.232,0.010631219084189958,UN DESA
01_AUS,Australia,2029.0,High,population_1jan,28070.74,0.010384622804963994,UN DESA
01_AUS,Australia,2030.0,High,population_1jan,28376.272,0.010884358588337806,UN DESA
01_AUS,Australia,2031.0,High,population_1jan,28680.099,0.01070707949233074,UN DESA
01_AUS,Australia,2032.0,High,population_1jan,28979.695,0.01044612851580462,UN DESA
01_AUS,Australia,2033.0,High,population_1jan,29273.025,0.010121914671634702,UN DESA
01_AUS,Australia,2034.0,High,population_1jan,29563.779,0.009932489040678227,UN DESA
01_AUS,Australia,2035.0,High,population_1jan,29871.096,0.010395051322769078,UN DESA
01_AUS,Australia,2036.0,High,population_1jan,30180.418,0.010355227675609813,UN DESA
01_AUS,Australia,2037.0,High,population_1jan,30489.504,0.01024127631366789,UN DESA
01_AUS,Australia,2038.0,High,population_1jan,30791.517,0.009905474356027621,UN DESA
01_AUS,Australia,2039.0,High,population_1jan,31099.05,0.009987588464706043,UN DESA
01_AUS,Australia,2040.0,High,population_1jan,31400.818,0.00970344753296315,UN DESA
01_AUS,Australia,2041.0,High,population_1jan,31707.457,0.00976531885252152,UN DESA
01_AUS,Australia,2042.0,High,population_1jan,32018.661,0.009814852070918256,UN DESA
01_AUS,Australia,2043.0,High,population_1jan,32333.708,0.009839480795277522,UN DESA
01_AUS,Australia,2044.0,High,population_1jan,32646.626,0.0096777641463206,UN DESA
01_AUS,Australia,2045.0,High,population_1jan,32959.911,0.009596244340839277,UN DESA
01_AUS,Australia,2046.0,High,population_1jan,33277.527,0.009636433787700405,UN DESA
01_AUS,Australia,2047.0,High,population_1jan,33602.152,0.009755081860500114,UN DESA
01_AUS,Australia,2048.0,High,population_1jan,33915.487,0.009324849194182638,UN DESA
01_AUS,Australia,2049.0,High,population_1jan,34242.747,0.009649279103673303,UN DESA
01_AUS,Australia,2050.0,High,population_1jan,34560.236,0.00927171526279702,UN DESA
01_AUS,Australia,2051.0,High,population_1jan,34880.54,0.009267992267182557,UN DESA
01_AUS,Australia,2052.0,High,population_1jan,35202.118,0.009219410020601781,UN DESA
01_AUS,Australia,2053.0,High,population_1jan,35522.34,0.009096668558408627,UN DESA
01_AUS,Australia,2054.0,High,population_1jan,35847.251,0.009146666576582474,UN DESA
01_AUS,Australia,2055.0,High,population_1jan,36180.222,0.009288606258817556,UN DESA
01_AUS,Australia,2056.0,High,population_1jan,36519.705,0.009383109921216048,UN DESA
01_AUS,Australia,2057.0,High,population_1jan,36859.268,0.009298076202970185,UN DESA
01_AUS,Australia,2058.0,High,population_1jan,37205.237,0.00938621461500544,UN DESA
01_AUS,Australia,2059.0,High,population_1jan,37564.374,0.009652861504416688,UN DESA
01_AUS,Australia,2060.0,High,population_1jan,37918.153,0.009417939455080404,UN DESA
01_AUS,Australia,2061.0,High,population_1jan,38277.338,0.00947263966153633,UN DESA
01_AUS,Australia,2062.0,High,population_1jan,38646.329,0.009639933686088398,UN DESA
01_AUS,Australia,2063.0,High,population_1jan,39021.506,0.0097079595839491,UN DESA
01_AUS,Australia,2064.0,High,population_1jan,39404.423,0.00981297338959708,UN DESA
01_AUS,Australia,2065.0,High,population_1jan,39781.341,0.009565372902427649,UN DESA
01_AUS,Australia,2066.0,High,population_1jan,40169.046,0.0097459007226528,UN DESA
01_AUS,Australia,2067.0,High,population_1jan,40569.588,0.00997140932846663,UN DESA
01_AUS,Australia,2068.0,High,population_1jan,40975.319,0.01000086567307501,UN DESA
01_AUS,Australia,2069.0,High,population_1jan,41385.911,0.01002047110359272,UN DESA
01_AUS,Australia,2070.0,High,population_1jan,41798.472,0.009968634011705113,UN DESA
01_AUS,Australia,2071.0,High,population_1jan,42208.991,0.009821387729197273,UN DESA
01_AUS,Australia,2072.0,High,population_1jan,42615.673,0.009634961423266475,UN DESA
01_AUS,Australia,2073.0,High,population_1jan,43026.162,0.009632348173874705,UN DESA
01_AUS,Australia,2074.0,High,population_1jan,43441.914,0.009662772152440713,UN DESA
01_AUS,Australia,2075.0,High,population_1jan,43863.696,0.009709102596170194,UN DESA
01_AUS,Australia,2076.0,High,population_1jan,44286.359,0.009635827313776657,UN DESA
01_AUS,Australia,2077.0,High,population_1jan,44709.813,0.009561725315915037,UN DESA
01_AUS,Australia,2078.0,High,population_1jan,45141.559,0.00965662728224781,UN DESA
01_AUS,Australia,2079.0,High,population_1jan,45574.464,0.00958994349309017,UN DESA
01_AUS,Australia,2080.0,High,population_1jan,46009.331,0.009541900481813581,UN DESA
01_AUS,Australia,2081.0,High,population_1jan,46446.674,0.009505528345978398,UN DESA
01_AUS,Australia,2082.0,High,population_1jan,46897.006,0.00969567810173011,UN DESA
01_AUS,Australia,2083.0,High,population_1jan,47343.81,0.00952734594613558,UN DESA
01_AUS,Australia,2084.0,High,population_1jan,47801.764,0.009672943516797705,UN DESA
01_AUS,Australia,2085.0,High,population_1jan,48252.029,0.00941942226232495,UN DESA
01_AUS,Australia,2086.0,High,population_1jan,48708.463,0.009459374236884477,UN DESA
01_AUS,Australia,2087.0,High,population_1jan,49176.361,0.009606092477194128,UN DESA
01_AUS,Australia,2088.0,High,population_1jan,49656.367,0.00976090931169149,UN DESA
01_AUS,Australia,2089.0,High,population_1jan,50153.774,0.010016983320588091,UN DESA
01_AUS,Australia,2090.0,High,population_1jan,50648.844,0.009871041808339198,UN DESA
01_AUS,Australia,2091.0,High,population_1jan,51157.15,0.010035885517940102,UN DESA
01_AUS,Australia,2092.0,High,population_1jan,51671.923,0.01006258167235674,UN DESA
01_AUS,Australia,2093.0,High,population_1jan,52188.062,0.009988770884334919,UN DESA
01_AUS,Australia,2094.0,High,population_1jan,52707.183,0.009947121623332222,UN DESA
01_AUS,Australia,2095.0,High,population_1jan,53218.946,0.009709549455526822,UN DESA
01_AUS,Australia,2096.0,High,population_1jan,53742.202,0.00983213760001922,UN DESA
01_AUS,Australia,2097.0,High,population_1jan,54278.88,0.009986155758932247,UN DESA
01_AUS,Australia,2098.0,High,population_1jan,54825.705,0.010074360414216388,UN DESA
01_AUS,Australia,2099.0,High,population_1jan,55363.527,0.009809668658159465,UN DESA
01_AUS,Australia,2100.0,High,population_1jan,55899.711,0.009684787603940093,UN DESA
02_BD,Brunei Darussalam,1950.0,Estimates,population_1jan,46.859,,UN DESA
02_BD,Brunei Darussalam,1951.0,Estimates,population_1jan,49.736,0.06139695682793045,UN DESA
02_BD,Brunei Darussalam,1952.0,Estimates,population_1jan,52.644,0.058468714814219114,UN DESA
02_BD,Brunei Darussalam,1953.0,Estimates,population_1jan,55.822,0.06036775321024246,UN DESA
02_BD,Brunei Darussalam,1954.0,Estimates,population_1jan,59.295,0.06221561391566044,UN DESA
02_BD,Brunei Darussalam,1955.0,Estimates,population_1jan,63.123,0.06455856311662012,UN DESA
02_BD,Brunei Darussalam,1956.0,Estimates,population_1jan,67.298,0.06614070940861505,UN DESA
02_BD,Brunei Darussalam,1957.0,Estimates,population_1jan,71.798,0.06686677167226374,UN DESA
02_BD,Brunei Darussalam,1958.0,Estimates,population_1jan,76.53,0.06590712833226542,UN DESA
02_BD,Brunei Darussalam,1959.0,Estimates,population_1jan,81.415,0.06383117731608534,UN DESA
02_BD,Brunei Darussalam,1960.0,Estimates,population_1jan,86.269,0.059620463059632645,UN DESA
02_BD,Brunei Darussalam,1961.0,Estimates,population_1jan,90.424,0.048163303156406156,UN DESA
02_BD,Brunei Darussalam,1962.0,Estimates,population_1jan,94.611,0.04630407856321317,UN DESA
02_BD,Brunei Darussalam,1963.0,Estimates,population_1jan,98.827,0.04456141463466179,UN DESA
02_BD,Brunei Darussalam,1964.0,Estimates,population_1jan,103.492,0.047203699393890464,UN DESA
02_BD,Brunei Darussalam,1965.0,Estimates,population_1jan,108.352,0.046960151509295445,UN DESA
02_BD,Brunei Darussalam,1966.0,Estimates,population_1jan,113.325,0.04589670702894266,UN DESA
02_BD,Brunei Darussalam,1967.0,Estimates,population_1jan,118.424,0.04499448488859481,UN DESA
02_BD,Brunei Darussalam,1968.0,Estimates,population_1jan,123.611,0.04380024319394704,UN DESA
02_BD,Brunei Darussalam,1969.0,Estimates,population_1jan,128.834,0.04225352112676051,UN DESA
02_BD,Brunei Darussalam,1970.0,Estimates,population_1jan,134.057,0.04054054054054035,UN DESA
02_BD,Brunei Darussalam,1971.0,Estimates,population_1jan,136.22,0.016134927680016897,UN DESA
02_BD,Brunei Darussalam,1972.0,Estimates,population_1jan,139.622,0.02497430626927044,UN DESA
02_BD,Brunei Darussalam,1973.0,Estimates,population_1jan,144.756,0.03677070948704353,UN DESA
02_BD,Brunei Darussalam,1974.0,Estimates,population_1jan,149.983,0.036109038658155734,UN DESA
02_BD,Brunei Darussalam,1975.0,Estimates,population_1jan,155.329,0.03564403965782792,UN DESA
02_BD,Brunei Darussalam,1976.0,Estimates,population_1jan,160.811,0.03529283005749084,UN DESA
02_BD,Brunei Darussalam,1977.0,Estimates,population_1jan,166.402,0.03476752212224277,UN DESA
02_BD,Brunei Darussalam,1978.0,Estimates,population_1jan,172.152,0.03455487313854411,UN DESA
02_BD,Brunei Darussalam,1979.0,Estimates,population_1jan,177.616,0.03173939309447471,UN DESA
02_BD,Brunei Darussalam,1980.0,Estimates,population_1jan,183.228,0.031596252589856766,UN DESA
02_BD,Brunei Darussalam,1981.0,Estimates,population_1jan,188.994,0.031468989455760044,UN DESA
02_BD,Brunei Darussalam,1982.0,Estimates,population_1jan,194.96,0.031567139697556534,UN DESA
02_BD,Brunei Darussalam,1983.0,Estimates,population_1jan,201.369,0.032873409930242126,UN DESA
02_BD,Brunei Darussalam,1984.0,Estimates,population_1jan,208.113,0.03349075577670835,UN DESA
02_BD,Brunei Darussalam,1985.0,Estimates,population_1jan,215.208,0.03409205575816987,UN DESA
02_BD,Brunei Darussalam,1986.0,Estimates,population_1jan,222.631,0.034492212185420534,UN DESA
02_BD,Brunei Darussalam,1987.0,Estimates,population_1jan,230.359,0.03471214700558334,UN DESA
02_BD,Brunei Darussalam,1988.0,Estimates,population_1jan,237.361,0.030396034016469953,UN DESA
02_BD,Brunei Darussalam,1989.0,Estimates,population_1jan,244.465,0.02992909534422261,UN DESA
02_BD,Brunei Darussalam,1990.0,Estimates,population_1jan,251.663,0.029443887673082036,UN DESA
02_BD,Brunei Darussalam,1991.0,Estimates,population_1jan,258.922,0.028844128854857543,UN DESA
02_BD,Brunei Darussalam,1992.0,Estimates,population_1jan,266.271,0.028383065170205724,UN DESA
02_BD,Brunei Darussalam,1993.0,Estimates,population_1jan,273.408,0.026803519722388147,UN DESA
02_BD,Brunei Darussalam,1994.0,Estimates,population_1jan,280.535,0.02606726942883908,UN DESA
02_BD,Brunei Darussalam,1995.0,Estimates,population_1jan,287.648,0.025355125028962533,UN DESA
02_BD,Brunei Darussalam,1996.0,Estimates,population_1jan,294.743,0.024665563466458984,UN DESA
02_BD,Brunei Darussalam,1997.0,Estimates,population_1jan,301.808,0.023970034911770632,UN DESA
02_BD,Brunei Darussalam,1998.0,Estimates,population_1jan,308.875,0.023415548958278132,UN DESA
02_BD,Brunei Darussalam,1999.0,Estimates,population_1jan,315.896,0.02273087818696884,UN DESA
02_BD,Brunei Darussalam,2000.0,Estimates,population_1jan,322.927,0.022257325195633948,UN DESA
02_BD,Brunei Darussalam,2001.0,Estimates,population_1jan,329.921,0.02165814564901658,UN DESA
02_BD,Brunei Darussalam,2002.0,Estimates,population_1jan,336.769,0.02075648412801856,UN DESA
02_BD,Brunei Darussalam,2003.0,Estimates,population_1jan,343.429,0.01977616704625418,UN DESA
02_BD,Brunei Darussalam,2004.0,Estimates,population_1jan,349.845,0.018682173025574622,UN DESA
02_BD,Brunei Darussalam,2005.0,Estimates,population_1jan,355.976,0.017524903886006582,UN DESA
02_BD,Brunei Darussalam,2006.0,Estimates,population_1jan,361.855,0.0165151583252805,UN DESA
02_BD,Brunei Darussalam,2007.0,Estimates,population_1jan,367.47,0.015517265202912744,UN DESA
02_BD,Brunei Darussalam,2008.0,Estimates,population_1jan,374.275,0.01851851851851838,UN DESA
02_BD,Brunei Darussalam,2009.0,Estimates,population_1jan,381.311,0.018799011422082623,UN DESA
02_BD,Brunei Darussalam,2010.0,Estimates,population_1jan,388.594,0.019099894836498432,UN DESA
02_BD,Brunei Darussalam,2011.0,Estimates,population_1jan,396.07,0.01923858834670633,UN DESA
02_BD,Brunei Darussalam,2012.0,Estimates,population_1jan,402.707,0.016757138889590184,UN DESA
02_BD,Brunei Darussalam,2013.0,Estimates,population_1jan,408.406,0.014151728179544909,UN DESA
02_BD,Brunei Darussalam,2014.0,Estimates,population_1jan,413.998,0.013692257214634518,UN DESA
02_BD,Brunei Darussalam,2015.0,Estimates,population_1jan,419.503,0.013297165686790846,UN DESA
02_BD,Brunei Darussalam,2016.0,Estimates,population_1jan,424.92,0.012912899311804837,UN DESA
02_BD,Brunei Darussalam,2017.0,Estimates,population_1jan,430.208,0.012444695472088929,UN DESA
02_BD,Brunei Darussalam,2018.0,Estimates,population_1jan,435.336,0.011919815531092004,UN DESA
02_BD,Brunei Darussalam,2019.0,Estimates,population_1jan,440.283,0.011363636363636465,UN DESA
02_BD,Brunei Darussalam,2020.0,Estimates,population_1jan,445.077,0.01088845129155569,UN DESA
02_BD,Brunei Darussalam,2021.0,Estimates,population_1jan,449.73,0.010454370816735059,UN DESA
02_BD,Brunei Darussalam,2022.0,Estimates,population_1jan,453.711,0.008851977853378656,UN DESA
02_BD,Brunei Darussalam,2023.0,Estimates,population_1jan,457.028,0.007310821205569251,UN DESA
02_BD,Brunei Darussalam,2024.0,High,population_1jan,460.869,0.00840429908014384,UN DESA
02_BD,Brunei Darussalam,2025.0,High,population_1jan,465.459,0.00995944617667921,UN DESA
02_BD,Brunei Darussalam,2026.0,High,population_1jan,469.851,0.009435847195993663,UN DESA
02_BD,Brunei Darussalam,2027.0,High,population_1jan,474.102,0.009047549116634857,UN DESA
02_BD,Brunei Darussalam,2028.0,High,population_1jan,478.356,0.00897275269878639,UN DESA
02_BD,Brunei Darussalam,2029.0,High,population_1jan,482.383,0.008418416409536,UN DESA
02_BD,Brunei Darussalam,2030.0,High,population_1jan,486.713,0.008976269893425037,UN DESA
02_BD,Brunei Darussalam,2031.0,High,population_1jan,491.022,0.008853266709539342,UN DESA
02_BD,Brunei Darussalam,2032.0,High,population_1jan,495.165,0.008437503818566228,UN DESA
02_BD,Brunei Darussalam,2033.0,High,population_1jan,498.989,0.00772267829915263,UN DESA
02_BD,Brunei Darussalam,2034.0,High,population_1jan,502.809,0.007655479379305108,UN DESA
02_BD,Brunei Darussalam,2035.0,High,population_1jan,506.892,0.008120379706807013,UN DESA
02_BD,Brunei Darussalam,2036.0,High,population_1jan,510.908,0.007922792231875864,UN DESA
02_BD,Brunei Darussalam,2037.0,High,population_1jan,514.712,0.00744556749943226,UN DESA
02_BD,Brunei Darussalam,2038.0,High,population_1jan,518.482,0.007324484371842965,UN DESA
02_BD,Brunei Darussalam,2039.0,High,population_1jan,522.405,0.007566318599295574,UN DESA
02_BD,Brunei Darussalam,2040.0,High,population_1jan,526.026,0.0069314037959054,UN DESA
02_BD,Brunei Darussalam,2041.0,High,population_1jan,529.485,0.006575720591758039,UN DESA
02_BD,Brunei Darussalam,2042.0,High,population_1jan,532.952,0.006547871988819232,UN DESA
02_BD,Brunei Darussalam,2043.0,High,population_1jan,536.238,0.0061656584457887575,UN DESA
02_BD,Brunei Darussalam,2044.0,High,population_1jan,539.406,0.005907824510757997,UN DESA
02_BD,Brunei Darussalam,2045.0,High,population_1jan,542.465,0.005671052973085455,UN DESA
02_BD,Brunei Darussalam,2046.0,High,population_1jan,545.632,0.005838164674218493,UN DESA
02_BD,Brunei Darussalam,2047.0,High,population_1jan,548.544,0.005336930385314798,UN DESA
02_BD,Brunei Darussalam,2048.0,High,population_1jan,551.384,0.005177342200443524,UN DESA
02_BD,Brunei Darussalam,2049.0,High,population_1jan,554.148,0.005012840416116493,UN DESA
02_BD,Brunei Darussalam,2050.0,High,population_1jan,556.827,0.00483444855886872,UN DESA
02_BD,Brunei Darussalam,2051.0,High,population_1jan,559.398,0.004617233000554943,UN DESA
02_BD,Brunei Darussalam,2052.0,High,population_1jan,561.877,0.004431549630137921,UN DESA
02_BD,Brunei Darussalam,2053.0,High,population_1jan,564.121,0.00399375664068824,UN DESA
02_BD,Brunei Darussalam,2054.0,High,population_1jan,566.282,0.0038307384408664547,UN DESA
02_BD,Brunei Darussalam,2055.0,High,population_1jan,568.484,0.00388852197315126,UN DESA
02_BD,Brunei Darussalam,2056.0,High,population_1jan,570.58,0.00368699910639525,UN DESA
02_BD,Brunei Darussalam,2057.0,High,population_1jan,572.723,0.0037558274036944006,UN DESA
02_BD,Brunei Darussalam,2058.0,High,population_1jan,574.758,0.0035532011111829576,UN DESA
02_BD,Brunei Darussalam,2059.0,High,population_1jan,576.781,0.0035197422219437335,UN DESA
02_BD,Brunei Darussalam,2060.0,High,population_1jan,578.854,0.0035940851033582355,UN DESA
02_BD,Brunei Darussalam,2061.0,High,population_1jan,580.95,0.003620947596457924,UN DESA
02_BD,Brunei Darussalam,2062.0,High,population_1jan,583.047,0.003609604957397261,UN DESA
02_BD,Brunei Darussalam,2063.0,High,population_1jan,585.218,0.003723542012908032,UN DESA
02_BD,Brunei Darussalam,2064.0,High,population_1jan,587.254,0.00347904541555466,UN DESA
02_BD,Brunei Darussalam,2065.0,High,population_1jan,589.218,0.003344379093203287,UN DESA
02_BD,Brunei Darussalam,2066.0,High,population_1jan,591.087,0.00317200085537106,UN DESA
02_BD,Brunei Darussalam,2067.0,High,population_1jan,592.886,0.003043545197238373,UN DESA
02_BD,Brunei Darussalam,2068.0,High,population_1jan,594.505,0.0027307104569851415,UN DESA
02_BD,Brunei Darussalam,2069.0,High,population_1jan,596.151,0.002768689918503542,UN DESA
02_BD,Brunei Darussalam,2070.0,High,population_1jan,597.871,0.0028851750647067576,UN DESA
02_BD,Brunei Darussalam,2071.0,High,population_1jan,599.705,0.0030675513614142336,UN DESA
02_BD,Brunei Darussalam,2072.0,High,population_1jan,601.534,0.0030498328344767955,UN DESA
02_BD,Brunei Darussalam,2073.0,High,population_1jan,603.144,0.00267649043944318,UN DESA
02_BD,Brunei Darussalam,2074.0,High,population_1jan,604.675,0.0025383656307613744,UN DESA
02_BD,Brunei Darussalam,2075.0,High,population_1jan,606.077,0.0023186009013107522,UN DESA
02_BD,Brunei Darussalam,2076.0,High,population_1jan,607.371,0.002135042247107144,UN DESA
02_BD,Brunei Darussalam,2077.0,High,population_1jan,608.963,0.0026211327178939925,UN DESA
02_BD,Brunei Darussalam,2078.0,High,population_1jan,610.505,0.002532173547489691,UN DESA
02_BD,Brunei Darussalam,2079.0,High,population_1jan,612.157,0.002705956544172494,UN DESA
02_BD,Brunei Darussalam,2080.0,High,population_1jan,613.757,0.0026137085747608424,UN DESA
02_BD,Brunei Darussalam,2081.0,High,population_1jan,615.351,0.0025971190552613876,UN DESA
02_BD,Brunei Darussalam,2082.0,High,population_1jan,616.933,0.0025708904348900052,UN DESA
02_BD,Brunei Darussalam,2083.0,High,population_1jan,618.518,0.0025691606706077508,UN DESA
02_BD,Brunei Darussalam,2084.0,High,population_1jan,620.145,0.0026304812471098504,UN DESA
02_BD,Brunei Darussalam,2085.0,High,population_1jan,621.888,0.002810632997121809,UN DESA
02_BD,Brunei Darussalam,2086.0,High,population_1jan,623.639,0.0028156195327775357,UN DESA
02_BD,Brunei Darussalam,2087.0,High,population_1jan,625.58,0.003112377513272868,UN DESA
02_BD,Brunei Darussalam,2088.0,High,population_1jan,627.521,0.003102720675213222,UN DESA
02_BD,Brunei Darussalam,2089.0,High,population_1jan,629.428,0.003038942123052557,UN DESA
02_BD,Brunei Darussalam,2090.0,High,population_1jan,631.414,0.003155245715157129,UN DESA
02_BD,Brunei Darussalam,2091.0,High,population_1jan,633.538,0.0033638785329435095,UN DESA
02_BD,Brunei Darussalam,2092.0,High,population_1jan,635.776,0.0035325426414831718,UN DESA
02_BD,Brunei Darussalam,2093.0,High,population_1jan,638.032,0.0035484195691566356,UN DESA
02_BD,Brunei Darussalam,2094.0,High,population_1jan,640.362,0.0036518544524410945,UN DESA
02_BD,Brunei Darussalam,2095.0,High,population_1jan,642.729,0.003696346753867541,UN DESA
02_BD,Brunei Darussalam,2096.0,High,population_1jan,645.196,0.0038383206608072484,UN DESA
02_BD,Brunei Darussalam,2097.0,High,population_1jan,647.659,0.003817444621479371,UN DESA
02_BD,Brunei Darussalam,2098.0,High,population_1jan,650.229,0.003968137553867157,UN DESA
02_BD,Brunei Darussalam,2099.0,High,population_1jan,652.733,0.0038509509726571967,UN DESA
02_BD,Brunei Darussalam,2100.0,High,population_1jan,655.229,0.00382392187923708,UN DESA
03_CDA,Canada,1950.0,Estimates,population_1jan,13593.591,,UN DESA
03_CDA,Canada,1951.0,Estimates,population_1jan,13889.903,0.02179791932830688,UN DESA
03_CDA,Canada,1952.0,Estimates,population_1jan,14276.694,0.027846918729381942,UN DESA
03_CDA,Canada,1953.0,Estimates,population_1jan,14688.904,0.02887293094605803,UN DESA
03_CDA,Canada,1954.0,Estimates,population_1jan,15106.846,0.028452905676284557,UN DESA
03_CDA,Canada,1955.0,Estimates,population_1jan,15531.127,0.02808534620661396,UN DESA
03_CDA,Canada,1956.0,Estimates,population_1jan,15925.422,0.025387404275298175,UN DESA
03_CDA,Canada,1957.0,Estimates,population_1jan,16393.823,0.029412156236738873,UN DESA
03_CDA,Canada,1958.0,Estimates,population_1jan,16888.837,0.030195153381856077,UN DESA
03_CDA,Canada,1959.0,Estimates,population_1jan,17319.334,0.02549003226213853,UN DESA
03_CDA,Canada,1960.0,Estimates,population_1jan,17711.707,0.022655201406705405,UN DESA
03_CDA,Canada,1961.0,Estimates,population_1jan,18085.873,0.02112534946518707,UN DESA
03_CDA,Canada,1962.0,Estimates,population_1jan,18440.276,0.01959557053176275,UN DESA
03_CDA,Canada,1963.0,Estimates,population_1jan,18786.925,0.01879847134609025,UN DESA
03_CDA,Canada,1964.0,Estimates,population_1jan,19141.598,0.0188787148508871,UN DESA
03_CDA,Canada,1965.0,Estimates,population_1jan,19501.734,0.018814312159308733,UN DESA
03_CDA,Canada,1966.0,Estimates,population_1jan,19869.302,0.01884796500659891,UN DESA
03_CDA,Canada,1967.0,Estimates,population_1jan,20238.04,0.018558175823186973,UN DESA
03_CDA,Canada,1968.0,Estimates,population_1jan,20579.519,0.01687312605370872,UN DESA
03_CDA,Canada,1969.0,Estimates,population_1jan,20888.824,0.0150297487516593,UN DESA
03_CDA,Canada,1970.0,Estimates,population_1jan,21186.412,0.014246278296949688,UN DESA
03_CDA,Canada,1971.0,Estimates,population_1jan,21693.632,0.02394081640628909,UN DESA
03_CDA,Canada,1972.0,Estimates,population_1jan,22097.75,0.018628415933302334,UN DESA
03_CDA,Canada,1973.0,Estimates,population_1jan,22364.011,0.012049235781923517,UN DESA
03_CDA,Canada,1974.0,Estimates,population_1jan,22660.442,0.013254822670226707,UN DESA
03_CDA,Canada,1975.0,Estimates,population_1jan,22987.722,0.014442789774356646,UN DESA
03_CDA,Canada,1976.0,Estimates,population_1jan,23310.251,0.014030489841490024,UN DESA
03_CDA,Canada,1977.0,Estimates,population_1jan,23601.311,0.012486352034561943,UN DESA
03_CDA,Canada,1978.0,Estimates,population_1jan,23859.369,0.010934053621004303,UN DESA
03_CDA,Canada,1979.0,Estimates,population_1jan,24098.108,0.010006090270031853,UN DESA
03_CDA,Canada,1980.0,Estimates,population_1jan,24376.237,0.011541528488460573,UN DESA
03_CDA,Canada,1981.0,Estimates,population_1jan,24691.315,0.01292562096438421,UN DESA
03_CDA,Canada,1982.0,Estimates,population_1jan,24998.632,0.012446360187782668,UN DESA
03_CDA,Canada,1983.0,Estimates,population_1jan,25281.696,0.011323179604388,UN DESA
03_CDA,Canada,1984.0,Estimates,population_1jan,25543.52,0.010356267237767725,UN DESA
03_CDA,Canada,1985.0,Estimates,population_1jan,25797.23,0.00993246036568185,UN DESA
03_CDA,Canada,1986.0,Estimates,population_1jan,26057.701,0.010096859236437439,UN DESA
03_CDA,Canada,1987.0,Estimates,population_1jan,26364.361,0.011768497919290688,UN DESA
03_CDA,Canada,1988.0,Estimates,population_1jan,26717.48,0.013393800820736601,UN DESA
03_CDA,Canada,1989.0,Estimates,population_1jan,27138.409,0.015754816696784246,UN DESA
03_CDA,Canada,1990.0,Estimates,population_1jan,27593.691,0.016776296650256706,UN DESA
03_CDA,Canada,1991.0,Estimates,population_1jan,27985.194,0.014188134526837981,UN DESA
03_CDA,Canada,1992.0,Estimates,population_1jan,28329.121,0.012289605710791296,UN DESA
03_CDA,Canada,1993.0,Estimates,population_1jan,28670.998,0.012068041221610759,UN DESA
03_CDA,Canada,1994.0,Estimates,population_1jan,28990.276,0.011135922091027428,UN DESA
03_CDA,Canada,1995.0,Estimates,population_1jan,29304.487,0.010838496328906988,UN DESA
03_CDA,Canada,1996.0,Estimates,population_1jan,29613.776,0.010554322278359729,UN DESA
03_CDA,Canada,1997.0,Estimates,population_1jan,29920.635,0.010362035560746996,UN DESA
03_CDA,Canada,1998.0,Estimates,population_1jan,30197.543,0.009254750108077747,UN DESA
03_CDA,Canada,1999.0,Estimates,population_1jan,30462.396,0.008770680449068369,UN DESA
03_CDA,Canada,2000.0,Estimates,population_1jan,30736.515,0.008998602736304706,UN DESA
03_CDA,Canada,2001.0,Estimates,population_1jan,31047.091,0.010104463697331978,UN DESA
03_CDA,Canada,2002.0,Estimates,population_1jan,31380.063,0.010724740685045031,UN DESA
03_CDA,Canada,2003.0,Estimates,population_1jan,31691.092,0.009911675448197821,UN DESA
03_CDA,Canada,2004.0,Estimates,population_1jan,31981.872,0.009175449050477624,UN DESA
03_CDA,Canada,2005.0,Estimates,population_1jan,32283.483,0.009430686233751429,UN DESA
03_CDA,Canada,2006.0,Estimates,population_1jan,32596.863,0.009707131042830719,UN DESA
03_CDA,Canada,2007.0,Estimates,population_1jan,32921.479,0.009958504289200976,UN DESA
03_CDA,Canada,2008.0,Estimates,population_1jan,33262.864,0.010369673853352745,UN DESA
03_CDA,Canada,2009.0,Estimates,population_1jan,33635.306,0.011196931208328875,UN DESA
03_CDA,Canada,2010.0,Estimates,population_1jan,34017.435,0.01136094911697838,UN DESA
03_CDA,Canada,2011.0,Estimates,population_1jan,34376.362,0.010551265843530055,UN DESA
03_CDA,Canada,2012.0,Estimates,population_1jan,34734.543,0.01041939807359471,UN DESA
03_CDA,Canada,2013.0,Estimates,population_1jan,35110.489,0.010823404240556833,UN DESA
03_CDA,Canada,2014.0,Estimates,population_1jan,35476.376,0.010421016921752235,UN DESA
03_CDA,Canada,2015.0,Estimates,population_1jan,35792.151,0.008900993720440953,UN DESA
03_CDA,Canada,2016.0,Estimates,population_1jan,36132.317,0.009503927271652612,UN DESA
03_CDA,Canada,2017.0,Estimates,population_1jan,36574.369,0.012234255555767293,UN DESA
03_CDA,Canada,2018.0,Estimates,population_1jan,37042.624,0.012802818279653794,UN DESA
03_CDA,Canada,2019.0,Estimates,population_1jan,37547.386,0.013626518466942183,UN DESA
03_CDA,Canada,2020.0,Estimates,population_1jan,38018.483,0.012546732281176753,UN DESA
03_CDA,Canada,2021.0,Estimates,population_1jan,38325.321,0.008070758636003594,UN DESA
03_CDA,Canada,2022.0,Estimates,population_1jan,38582.793,0.006718065061998901,UN DESA
03_CDA,Canada,2023.0,Estimates,population_1jan,39059.725,0.012361261663975442,UN DESA
03_CDA,Canada,2024.0,High,population_1jan,39538.484,0.01225710114446521,UN DESA
03_CDA,Canada,2025.0,High,population_1jan,40013.37,0.01201072858534502,UN DESA
03_CDA,Canada,2026.0,High,population_1jan,40441.604,0.010702272765328091,UN DESA
03_CDA,Canada,2027.0,High,population_1jan,40830.908,0.009626324415817011,UN DESA
03_CDA,Canada,2028.0,High,population_1jan,41206.937,0.009209420471374186,UN DESA
03_CDA,Canada,2029.0,High,population_1jan,41574.424,0.008918085806765896,UN DESA
03_CDA,Canada,2030.0,High,population_1jan,41967.277,0.00944939128922151,UN DESA
03_CDA,Canada,2031.0,High,population_1jan,42353.453,0.009201835992361351,UN DESA
03_CDA,Canada,2032.0,High,population_1jan,42734.26,0.008991167733124472,UN DESA
03_CDA,Canada,2033.0,High,population_1jan,43101.189,0.008586295866594984,UN DESA
03_CDA,Canada,2034.0,High,population_1jan,43448.637,0.008061216130255788,UN DESA
03_CDA,Canada,2035.0,High,population_1jan,43827.74,0.008725313983957594,UN DESA
03_CDA,Canada,2036.0,High,population_1jan,44183.725,0.00812236724960047,UN DESA
03_CDA,Canada,2037.0,High,population_1jan,44543.971,0.00815336416293544,UN DESA
03_CDA,Canada,2038.0,High,population_1jan,44899.157,0.007973828826352225,UN DESA
03_CDA,Canada,2039.0,High,population_1jan,45248.8,0.007787295427395202,UN DESA
03_CDA,Canada,2040.0,High,population_1jan,45585.587,0.00744300401336595,UN DESA
03_CDA,Canada,2041.0,High,population_1jan,45913.185,0.007186438116942417,UN DESA
03_CDA,Canada,2042.0,High,population_1jan,46239.451,0.0071061504445837365,UN DESA
03_CDA,Canada,2043.0,High,population_1jan,46562.818,0.006993313999337891,UN DESA
03_CDA,Canada,2044.0,High,population_1jan,46880.121,0.0068145145338927016,UN DESA
03_CDA,Canada,2045.0,High,population_1jan,47195.318,0.006723468141219158,UN DESA
03_CDA,Canada,2046.0,High,population_1jan,47512.909,0.006729290392746279,UN DESA
03_CDA,Canada,2047.0,High,population_1jan,47814.082,0.006338761535312543,UN DESA
03_CDA,Canada,2048.0,High,population_1jan,48113.167,0.006255165580717481,UN DESA
03_CDA,Canada,2049.0,High,population_1jan,48413.884,0.006250201737915129,UN DESA
03_CDA,Canada,2050.0,High,population_1jan,48699.055,0.005890273129088408,UN DESA
03_CDA,Canada,2051.0,High,population_1jan,48997.075,0.006119625935246509,UN DESA
03_CDA,Canada,2052.0,High,population_1jan,49295.659,0.006093914789811583,UN DESA
03_CDA,Canada,2053.0,High,population_1jan,49603.29,0.006240529211710033,UN DESA
03_CDA,Canada,2054.0,High,population_1jan,49902.613,0.006034337641716903,UN DESA
03_CDA,Canada,2055.0,High,population_1jan,50207.961,0.006118877983403603,UN DESA
03_CDA,Canada,2056.0,High,population_1jan,50521.77,0.006250184109249046,UN DESA
03_CDA,Canada,2057.0,High,population_1jan,50846.246,0.0064224986575094345,UN DESA
03_CDA,Canada,2058.0,High,population_1jan,51183.163,0.006626192226659278,UN DESA
03_CDA,Canada,2059.0,High,population_1jan,51540.211,0.006975887754338217,UN DESA
03_CDA,Canada,2060.0,High,population_1jan,51903.915,0.007056703745353277,UN DESA
03_CDA,Canada,2061.0,High,population_1jan,52271.376,0.007079639368244184,UN DESA
03_CDA,Canada,2062.0,High,population_1jan,52653.935,0.007318709191814765,UN DESA
03_CDA,Canada,2063.0,High,population_1jan,53051.8,0.007556225379926618,UN DESA
03_CDA,Canada,2064.0,High,population_1jan,53455.404,0.007607734327581772,UN DESA
03_CDA,Canada,2065.0,High,population_1jan,53864.141,0.007646317666965885,UN DESA
03_CDA,Canada,2066.0,High,population_1jan,54278.82,0.007698609729987149,UN DESA
03_CDA,Canada,2067.0,High,population_1jan,54699.818,0.007756211354631448,UN DESA
03_CDA,Canada,2068.0,High,population_1jan,55134.655,0.007949514566940596,UN DESA
03_CDA,Canada,2069.0,High,population_1jan,55560.379,0.007721531947556537,UN DESA
03_CDA,Canada,2070.0,High,population_1jan,55989.244,0.0077188998296788824,UN DESA
03_CDA,Canada,2071.0,High,population_1jan,56419.33,0.007681582555392197,UN DESA
03_CDA,Canada,2072.0,High,population_1jan,56854.005,0.00770436302593458,UN DESA
03_CDA,Canada,2073.0,High,population_1jan,57288.093,0.007635134939042665,UN DESA
03_CDA,Canada,2074.0,High,population_1jan,57716.54,0.007478814140313483,UN DESA
03_CDA,Canada,2075.0,High,population_1jan,58148.216,0.0074792425186955835,UN DESA
03_CDA,Canada,2076.0,High,population_1jan,58588.426,0.007570481612023894,UN DESA
03_CDA,Canada,2077.0,High,population_1jan,59032.891,0.007586225306684291,UN DESA
03_CDA,Canada,2078.0,High,population_1jan,59463.244,0.007290054623955156,UN DESA
03_CDA,Canada,2079.0,High,population_1jan,59906.552,0.007455160031295982,UN DESA
03_CDA,Canada,2080.0,High,population_1jan,60342.227,0.007272576795940289,UN DESA
03_CDA,Canada,2081.0,High,population_1jan,60779.585,0.007247959211051258,UN DESA
03_CDA,Canada,2082.0,High,population_1jan,61229.368,0.0074002315086554304,UN DESA
03_CDA,Canada,2083.0,High,population_1jan,61664.06,0.007099403671780413,UN DESA
03_CDA,Canada,2084.0,High,population_1jan,62115.022,0.007313206428509522,UN DESA
03_CDA,Canada,2085.0,High,population_1jan,62561.493,0.007187810381843018,UN DESA
03_CDA,Canada,2086.0,High,population_1jan,63005.921,0.007103858598771051,UN DESA
03_CDA,Canada,2087.0,High,population_1jan,63458.315,0.007180182319690198,UN DESA
03_CDA,Canada,2088.0,High,population_1jan,63909.104,0.007103702643223242,UN DESA
03_CDA,Canada,2089.0,High,population_1jan,64394.784,0.007599543251302743,UN DESA
03_CDA,Canada,2090.0,High,population_1jan,64858.156,0.007195800206426739,UN DESA
03_CDA,Canada,2091.0,High,population_1jan,65323.406,0.007173346093897637,UN DESA
03_CDA,Canada,2092.0,High,population_1jan,65813.865,0.007508166368422442,UN DESA
03_CDA,Canada,2093.0,High,population_1jan,66303.773,0.007443841810536256,UN DESA
03_CDA,Canada,2094.0,High,population_1jan,66808.952,0.00761915916911704,UN DESA
03_CDA,Canada,2095.0,High,population_1jan,67319.465,0.007641386142383855,UN DESA
03_CDA,Canada,2096.0,High,population_1jan,67840.523,0.007740079336637784,UN DESA
03_CDA,Canada,2097.0,High,population_1jan,68371.476,0.007826487422568862,UN DESA
03_CDA,Canada,2098.0,High,population_1jan,68929.116,0.008156032787708156,UN DESA
03_CDA,Canada,2099.0,High,population_1jan,69488.017,0.008108344230034925,UN DESA
03_CDA,Canada,2100.0,High,population_1jan,70046.147,0.008032032343072704,UN DESA
04_CHL,Chile,1950.0,Estimates,population_1jan,6566.565,,UN DESA
04_CHL,Chile,1951.0,Estimates,population_1jan,6690.588,0.018887043682656035,UN DESA
04_CHL,Chile,1952.0,Estimates,population_1jan,6822.745,0.01975267345710119,UN DESA
04_CHL,Chile,1953.0,Estimates,population_1jan,6961.234,0.020298135134758866,UN DESA
04_CHL,Chile,1954.0,Estimates,population_1jan,7105.823,0.020770599005865975,UN DESA
04_CHL,Chile,1955.0,Estimates,population_1jan,7255.315,0.021037957179625755,UN DESA
04_CHL,Chile,1956.0,Estimates,population_1jan,7409.288,0.02122209717979162,UN DESA
04_CHL,Chile,1957.0,Estimates,population_1jan,7569.779,0.02166078575971153,UN DESA
04_CHL,Chile,1958.0,Estimates,population_1jan,7732.829,0.021539598447986252,UN DESA
04_CHL,Chile,1959.0,Estimates,population_1jan,7899.144,0.021507652632691165,UN DESA
04_CHL,Chile,1960.0,Estimates,population_1jan,8067.712,0.021340033806194647,UN DESA
04_CHL,Chile,1961.0,Estimates,population_1jan,8238.988,0.021229810880705635,UN DESA
04_CHL,Chile,1962.0,Estimates,population_1jan,8410.617,0.02083132054567871,UN DESA
04_CHL,Chile,1963.0,Estimates,population_1jan,8583.502,0.020555566850803064,UN DESA
04_CHL,Chile,1964.0,Estimates,population_1jan,8756.786,0.020188030479866947,UN DESA
04_CHL,Chile,1965.0,Estimates,population_1jan,8928.265,0.01958241299947261,UN DESA
04_CHL,Chile,1966.0,Estimates,population_1jan,9097.611,0.018967402961269864,UN DESA
04_CHL,Chile,1967.0,Estimates,population_1jan,9265.834,0.01849089832484596,UN DESA
04_CHL,Chile,1968.0,Estimates,population_1jan,9432.044,0.01793794276910199,UN DESA
04_CHL,Chile,1969.0,Estimates,population_1jan,9597.388,0.017530028485872373,UN DESA
04_CHL,Chile,1970.0,Estimates,population_1jan,9763.176,0.017274283377935573,UN DESA
04_CHL,Chile,1971.0,Estimates,population_1jan,9927.512,0.016832227545626743,UN DESA
04_CHL,Chile,1972.0,Estimates,population_1jan,10091.89,0.016557824357200435,UN DESA
04_CHL,Chile,1973.0,Estimates,population_1jan,10257.466,0.016406837569573396,UN DESA
04_CHL,Chile,1974.0,Estimates,population_1jan,10423.257,0.016162958765839397,UN DESA
04_CHL,Chile,1975.0,Estimates,population_1jan,10588.377,0.015841497528076065,UN DESA
04_CHL,Chile,1976.0,Estimates,population_1jan,10754.742,0.01571203972053503,UN DESA
04_CHL,Chile,1977.0,Estimates,population_1jan,10921.76,0.015529707732644837,UN DESA
04_CHL,Chile,1978.0,Estimates,population_1jan,11089.278,0.015338004131202343,UN DESA
04_CHL,Chile,1979.0,Estimates,population_1jan,11256.113,0.015044712559284745,UN DESA
04_CHL,Chile,1980.0,Estimates,population_1jan,11423.444,0.014865788927314494,UN DESA
04_CHL,Chile,1981.0,Estimates,population_1jan,11593.656,0.014900234990428585,UN DESA
04_CHL,Chile,1982.0,Estimates,population_1jan,11763.777,0.014673628405051709,UN DESA
04_CHL,Chile,1983.0,Estimates,population_1jan,11936.651,0.014695450279276878,UN DESA
04_CHL,Chile,1984.0,Estimates,population_1jan,12115.624,0.014993568966706006,UN DESA
04_CHL,Chile,1985.0,Estimates,population_1jan,12299.841,0.01520491226865417,UN DESA
04_CHL,Chile,1986.0,Estimates,population_1jan,12490.708,0.015517842872928123,UN DESA
04_CHL,Chile,1987.0,Estimates,population_1jan,12687.119,0.015724569015623358,UN DESA
04_CHL,Chile,1988.0,Estimates,population_1jan,12893.182,0.01624190645646184,UN DESA
04_CHL,Chile,1989.0,Estimates,population_1jan,13105.665,0.01648026065249053,UN DESA
04_CHL,Chile,1990.0,Estimates,population_1jan,13324.345,0.016685914068458096,UN DESA
04_CHL,Chile,1991.0,Estimates,population_1jan,13550.007,0.016936067026184,UN DESA
04_CHL,Chile,1992.0,Estimates,population_1jan,13774.975,0.016602795850954255,UN DESA
04_CHL,Chile,1993.0,Estimates,population_1jan,13994.18,0.015913277519559843,UN DESA
04_CHL,Chile,1994.0,Estimates,population_1jan,14210.372,0.015448707962881558,UN DESA
04_CHL,Chile,1995.0,Estimates,population_1jan,14422.14,0.014902354421122865,UN DESA
04_CHL,Chile,1996.0,Estimates,population_1jan,14632.623,0.014594436054566007,UN DESA
04_CHL,Chile,1997.0,Estimates,population_1jan,14835.468,0.013862518018813219,UN DESA
04_CHL,Chile,1998.0,Estimates,population_1jan,15029.401,0.013072253601976058,UN DESA
04_CHL,Chile,1999.0,Estimates,population_1jan,15226.197,0.013094068086945132,UN DESA
04_CHL,Chile,2000.0,Estimates,population_1jan,15412.428,0.012230959575789013,UN DESA
04_CHL,Chile,2001.0,Estimates,population_1jan,15594.842,0.011835513521944785,UN DESA
04_CHL,Chile,2002.0,Estimates,population_1jan,15772.856,0.011414928089684917,UN DESA
04_CHL,Chile,2003.0,Estimates,population_1jan,15942.995,0.01078682262743036,UN DESA
04_CHL,Chile,2004.0,Estimates,population_1jan,16106.508,0.010256103072227019,UN DESA
04_CHL,Chile,2005.0,Estimates,population_1jan,16268.135,0.01003488776089756,UN DESA
04_CHL,Chile,2006.0,Estimates,population_1jan,16429.42,0.009914166559350512,UN DESA
04_CHL,Chile,2007.0,Estimates,population_1jan,16588.969,0.009711176657484222,UN DESA
04_CHL,Chile,2008.0,Estimates,population_1jan,16754.192,0.009959811245653594,UN DESA
04_CHL,Chile,2009.0,Estimates,population_1jan,16923.784,0.010122362212394487,UN DESA
04_CHL,Chile,2010.0,Estimates,population_1jan,17095.677,0.01015688926306324,UN DESA
04_CHL,Chile,2011.0,Estimates,population_1jan,17267.251,0.010036104449095529,UN DESA
04_CHL,Chile,2012.0,Estimates,population_1jan,17436.38,0.009794784357973318,UN DESA
04_CHL,Chile,2013.0,Estimates,population_1jan,17601.858,0.009490387339573969,UN DESA
04_CHL,Chile,2014.0,Estimates,population_1jan,17772.155,0.009674944542786168,UN DESA
04_CHL,Chile,2015.0,Estimates,population_1jan,17956.235,0.010357775970331273,UN DESA
04_CHL,Chile,2016.0,Estimates,population_1jan,18139.016,0.010179249714653338,UN DESA
04_CHL,Chile,2017.0,Estimates,population_1jan,18395.427,0.014135882563861335,UN DESA
04_CHL,Chile,2018.0,Estimates,population_1jan,18722.308,0.01776968808606627,UN DESA
04_CHL,Chile,2019.0,Estimates,population_1jan,19064.074,0.018254480163449882,UN DESA
04_CHL,Chile,2020.0,Estimates,population_1jan,19331.414,0.014023235537167889,UN DESA
04_CHL,Chile,2021.0,Estimates,population_1jan,19409.834,0.004056609619968787,UN DESA
04_CHL,Chile,2022.0,Estimates,population_1jan,19502.834,0.004791385645029234,UN DESA
04_CHL,Chile,2023.0,Estimates,population_1jan,19603.239,0.005148226150107238,UN DESA
04_CHL,Chile,2024.0,High,population_1jan,19714.431,0.0056721238770796045,UN DESA
04_CHL,Chile,2025.0,High,population_1jan,19852.752,0.007016230902124443,UN DESA
04_CHL,Chile,2026.0,High,population_1jan,19979.967,0.006407927727098084,UN DESA
04_CHL,Chile,2027.0,High,population_1jan,20099.716,0.005993453342540533,UN DESA
04_CHL,Chile,2028.0,High,population_1jan,20215.45,0.005757991804461238,UN DESA
04_CHL,Chile,2029.0,High,population_1jan,20323.81,0.005360256635395189,UN DESA
04_CHL,Chile,2030.0,High,population_1jan,20449.126,0.006165969864902143,UN DESA
04_CHL,Chile,2031.0,High,population_1jan,20568.69,0.005846900253829945,UN DESA
04_CHL,Chile,2032.0,High,population_1jan,20681.476,0.005483382753106891,UN DESA
04_CHL,Chile,2033.0,High,population_1jan,20785.958,0.00505196050804102,UN DESA
04_CHL,Chile,2034.0,High,population_1jan,20882.385,0.004639045263153063,UN DESA
04_CHL,Chile,2035.0,High,population_1jan,20987.999,0.0050575640665566635,UN DESA
04_CHL,Chile,2036.0,High,population_1jan,21088.725,0.004799218829770302,UN DESA
04_CHL,Chile,2037.0,High,population_1jan,21184.07,0.004521136294394434,UN DESA
04_CHL,Chile,2038.0,High,population_1jan,21270.484,0.004079197245855148,UN DESA
04_CHL,Chile,2039.0,High,population_1jan,21351.453,0.0038066364639375294,UN DESA
04_CHL,Chile,2040.0,High,population_1jan,21425.58,0.003471754357888379,UN DESA
04_CHL,Chile,2041.0,High,population_1jan,21495.28,0.0032531208023305336,UN DESA
04_CHL,Chile,2042.0,High,population_1jan,21557.429,0.0028912859009047054,UN DESA
04_CHL,Chile,2043.0,High,population_1jan,21616.567,0.002743277039205294,UN DESA
04_CHL,Chile,2044.0,High,population_1jan,21670.128,0.002477775495063561,UN DESA
04_CHL,Chile,2045.0,High,population_1jan,21715.605,0.0020986032016054867,UN DESA
04_CHL,Chile,2046.0,High,population_1jan,21753.598,0.0017495713336102003,UN DESA
04_CHL,Chile,2047.0,High,population_1jan,21787.752,0.0015700391264010793,UN DESA
04_CHL,Chile,2048.0,High,population_1jan,21817.926,0.001384906529136254,UN DESA
04_CHL,Chile,2049.0,High,population_1jan,21840.277,0.001024432844808354,UN DESA
04_CHL,Chile,2050.0,High,population_1jan,21857.462,0.0007868489946349921,UN DESA
04_CHL,Chile,2051.0,High,population_1jan,21871.509,0.0006426638188825606,UN DESA
04_CHL,Chile,2052.0,High,population_1jan,21879.155,0.00034958721869626785,UN DESA
04_CHL,Chile,2053.0,High,population_1jan,21880.54,6.330226190187638e-05,UN DESA
04_CHL,Chile,2054.0,High,population_1jan,21874.813,-0.0002617394269064377,UN DESA
04_CHL,Chile,2055.0,High,population_1jan,21865.421,-0.00042935224177687026,UN DESA
04_CHL,Chile,2056.0,High,population_1jan,21850.161,-0.0006979056108729065,UN DESA
04_CHL,Chile,2057.0,High,population_1jan,21831.841,-0.0008384377579643276,UN DESA
04_CHL,Chile,2058.0,High,population_1jan,21809.531,-0.0010219019092343462,UN DESA
04_CHL,Chile,2059.0,High,population_1jan,21786.903,-0.0010375280422123545,UN DESA
04_CHL,Chile,2060.0,High,population_1jan,21759.126,-0.001274940270308167,UN DESA
04_CHL,Chile,2061.0,High,population_1jan,21730.726,-0.001305199482736663,UN DESA
04_CHL,Chile,2062.0,High,population_1jan,21699.046,-0.0014578436081703616,UN DESA
04_CHL,Chile,2063.0,High,population_1jan,21665.515,-0.0015452753084167492,UN DESA
04_CHL,Chile,2064.0,High,population_1jan,21627.423,-0.0017581857620277974,UN DESA
04_CHL,Chile,2065.0,High,population_1jan,21586.925,-0.0018725300744337758,UN DESA
04_CHL,Chile,2066.0,High,population_1jan,21546.899,-0.0018541779340965903,UN DESA
04_CHL,Chile,2067.0,High,population_1jan,21503.925,-0.001994440128020414,UN DESA
04_CHL,Chile,2068.0,High,population_1jan,21461.35,-0.0019798711165520677,UN DESA
04_CHL,Chile,2069.0,High,population_1jan,21418.204,-0.0020104047508660017,UN DESA
04_CHL,Chile,2070.0,High,population_1jan,21375.073,-0.0020137542811713427,UN DESA
04_CHL,Chile,2071.0,High,population_1jan,21330.245,-0.002097209211870399,UN DESA
04_CHL,Chile,2072.0,High,population_1jan,21282.648,-0.002231432409707357,UN DESA
04_CHL,Chile,2073.0,High,population_1jan,21235.311,-0.0022242063111694854,UN DESA
04_CHL,Chile,2074.0,High,population_1jan,21186.012,-0.0023215577111163066,UN DESA
04_CHL,Chile,2075.0,High,population_1jan,21132.788,-0.00251222363132797,UN DESA
04_CHL,Chile,2076.0,High,population_1jan,21075.779,-0.0026976563622368444,UN DESA
04_CHL,Chile,2077.0,High,population_1jan,21016.681,-0.002804071915918138,UN DESA
04_CHL,Chile,2078.0,High,population_1jan,20954.646,-0.0029517029829780883,UN DESA
04_CHL,Chile,2079.0,High,population_1jan,20889.849,-0.003092249804649616,UN DESA
04_CHL,Chile,2080.0,High,population_1jan,20822.983,-0.0032008847933748807,UN DESA
04_CHL,Chile,2081.0,High,population_1jan,20753.42,-0.0033406837051157545,UN DESA
04_CHL,Chile,2082.0,High,population_1jan,20682.316,-0.0034261341022346903,UN DESA
04_CHL,Chile,2083.0,High,population_1jan,20612.198,-0.0033902392749437515,UN DESA
04_CHL,Chile,2084.0,High,population_1jan,20538.362,-0.0035821507245369366,UN DESA
04_CHL,Chile,2085.0,High,population_1jan,20463.219,-0.0036586656715856813,UN DESA
04_CHL,Chile,2086.0,High,population_1jan,20385.034,-0.003820757623715032,UN DESA
04_CHL,Chile,2087.0,High,population_1jan,20306.878,-0.003833989190304976,UN DESA
04_CHL,Chile,2088.0,High,population_1jan,20227.54,-0.003906952117405771,UN DESA
04_CHL,Chile,2089.0,High,population_1jan,20147.081,-0.003977695755391086,UN DESA
04_CHL,Chile,2090.0,High,population_1jan,20067.756,-0.003937294936174451,UN DESA
04_CHL,Chile,2091.0,High,population_1jan,19990.608,-0.003844376022909657,UN DESA
04_CHL,Chile,2092.0,High,population_1jan,19915.551,-0.003754613166342957,UN DESA
04_CHL,Chile,2093.0,High,population_1jan,19844.408,-0.003572233577670003,UN DESA
04_CHL,Chile,2094.0,High,population_1jan,19774.331,-0.003531322274768822,UN DESA
04_CHL,Chile,2095.0,High,population_1jan,19707.607,-0.0033742734457109513,UN DESA
04_CHL,Chile,2096.0,High,population_1jan,19643.166,-0.0032698541228267652,UN DESA
04_CHL,Chile,2097.0,High,population_1jan,19582.569,-0.003084889676134739,UN DESA
04_CHL,Chile,2098.0,High,population_1jan,19525.764,-0.0029007940684391276,UN DESA
04_CHL,Chile,2099.0,High,population_1jan,19470.894,-0.002810133319239072,UN DESA
04_CHL,Chile,2100.0,High,population_1jan,19418.967,-0.002666903738472448,UN DESA
05_PRC,China,1950.0,Estimates,population_1jan,539190.005,,UN DESA
05_PRC,China,1951.0,Estimates,population_1jan,548898.71,0.018006092305067778,UN DESA
05_PRC,China,1952.0,Estimates,population_1jan,558617.784,0.01770649816247527,UN DESA
05_PRC,China,1953.0,Estimates,population_1jan,571645.091,0.023320609141222803,UN DESA
05_PRC,China,1954.0,Estimates,population_1jan,583469.185,0.020684327017163273,UN DESA
05_PRC,China,1955.0,Estimates,population_1jan,596758.532,0.02277643334326207,UN DESA
05_PRC,China,1956.0,Estimates,population_1jan,610335.483,0.022751163614699754,UN DESA
05_PRC,China,1957.0,Estimates,population_1jan,622781.682,0.020392389672025724,UN DESA
05_PRC,China,1958.0,Estimates,population_1jan,637930.735,0.024324821101594285,UN DESA
05_PRC,China,1959.0,Estimates,population_1jan,650508.223,0.019716071526166612,UN DESA
05_PRC,China,1960.0,Estimates,population_1jan,654908.211,0.006763923720607634,UN DESA
05_PRC,China,1961.0,Estimates,population_1jan,654695.926,-0.0003241446609378862,UN DESA
05_PRC,China,1962.0,Estimates,population_1jan,656851.046,0.0032917877054270406,UN DESA
05_PRC,China,1963.0,Estimates,population_1jan,673296.335,0.025036557527229775,UN DESA
05_PRC,China,1964.0,Estimates,population_1jan,695808.956,0.03343642290879245,UN DESA
05_PRC,China,1965.0,Estimates,population_1jan,713787.574,0.02583844005595126,UN DESA
05_PRC,China,1966.0,Estimates,population_1jan,733043.892,0.026977659322491965,UN DESA
05_PRC,China,1967.0,Estimates,population_1jan,751760.534,0.02553277123547737,UN DESA
05_PRC,China,1968.0,Estimates,population_1jan,770291.518,0.02465011551138452,UN DESA
05_PRC,China,1969.0,Estimates,population_1jan,791730.531,0.027832336847826822,UN DESA
05_PRC,China,1970.0,Estimates,population_1jan,812550.133,0.02629632328780307,UN DESA
05_PRC,China,1971.0,Estimates,population_1jan,834067.801,0.02648164971748268,UN DESA
05_PRC,China,1972.0,Estimates,population_1jan,854071.933,0.023983819991631572,UN DESA
05_PRC,China,1973.0,Estimates,population_1jan,873283.695,0.022494313719591652,UN DESA
05_PRC,China,1974.0,Estimates,population_1jan,891870.197,0.0212834639034456,UN DESA
05_PRC,China,1975.0,Estimates,population_1jan,908744.967,0.018920656903618882,UN DESA
05_PRC,China,1976.0,Estimates,population_1jan,923488.619,0.016224191093649365,UN DESA
05_PRC,China,1977.0,Estimates,population_1jan,937255.966,0.014907976900579545,UN DESA
05_PRC,China,1978.0,Estimates,population_1jan,949836.783,0.013423032187986239,UN DESA
05_PRC,China,1979.0,Estimates,population_1jan,962486.186,0.013317449088513511,UN DESA
05_PRC,China,1980.0,Estimates,population_1jan,976089.953,0.014133986750018757,UN DESA
05_PRC,China,1981.0,Estimates,population_1jan,990237.132,0.01449372463728249,UN DESA
05_PRC,China,1982.0,Estimates,population_1jan,1005205.011,0.015115449134662562,UN DESA
05_PRC,China,1983.0,Estimates,population_1jan,1021971.348,0.01667951991536576,UN DESA
05_PRC,China,1984.0,Estimates,population_1jan,1036158.564,0.013882205237714773,UN DESA
05_PRC,China,1985.0,Estimates,population_1jan,1051540.712,0.014845361061938789,UN DESA
05_PRC,China,1986.0,Estimates,population_1jan,1068074.929,0.015723801096157564,UN DESA
05_PRC,China,1987.0,Estimates,population_1jan,1086392.285,0.017149879191668438,UN DESA
05_PRC,China,1988.0,Estimates,population_1jan,1106042.607,0.01808768551775941,UN DESA
05_PRC,China,1989.0,Estimates,population_1jan,1124445.724,0.016638705311647906,UN DESA
05_PRC,China,1990.0,Estimates,population_1jan,1143536.292,0.01697775854586281,UN DESA
05_PRC,China,1991.0,Estimates,population_1jan,1163629.156,0.017570814446875582,UN DESA
05_PRC,China,1992.0,Estimates,population_1jan,1177947.9,0.012305246844467987,UN DESA
05_PRC,China,1993.0,Estimates,population_1jan,1191200.574,0.011250645295942219,UN DESA
05_PRC,China,1994.0,Estimates,population_1jan,1203416.576,0.010255201572795691,UN DESA
05_PRC,China,1995.0,Estimates,population_1jan,1214589.617,0.009284433356517185,UN DESA
05_PRC,China,1996.0,Estimates,population_1jan,1225678.238,0.009129520658498924,UN DESA
05_PRC,China,1997.0,Estimates,population_1jan,1236211.386,0.008593730127074428,UN DESA
05_PRC,China,1998.0,Estimates,population_1jan,1246067.858,0.007973128310921451,UN DESA
05_PRC,China,1999.0,Estimates,population_1jan,1255626.395,0.007670960243964409,UN DESA
05_PRC,China,2000.0,Estimates,population_1jan,1264726.915,0.007247792843666723,UN DESA
05_PRC,China,2001.0,Estimates,population_1jan,1274435.436,0.007676377315019023,UN DESA
05_PRC,China,2002.0,Estimates,population_1jan,1283014.689,0.006731806694678211,UN DESA
05_PRC,China,2003.0,Estimates,population_1jan,1290718.988,0.006004840837796399,UN DESA
05_PRC,China,2004.0,Estimates,population_1jan,1298315.664,0.005885615746438644,UN DESA
05_PRC,China,2005.0,Estimates,population_1jan,1305884.967,0.005830094490795412,UN DESA
05_PRC,China,2006.0,Estimates,population_1jan,1314169.304,0.0063438489678242505,UN DESA
05_PRC,China,2007.0,Estimates,population_1jan,1321938.768,0.005912072345892971,UN DESA
05_PRC,China,2008.0,Estimates,population_1jan,1329688.395,0.005862319184211984,UN DESA
05_PRC,China,2009.0,Estimates,population_1jan,1337953.637,0.0062159239947341405,UN DESA
05_PRC,China,2010.0,Estimates,population_1jan,1347091.795,0.006829951163696224,UN DESA
05_PRC,China,2011.0,Estimates,population_1jan,1356031.233,0.006636101588013865,UN DESA
05_PRC,China,2012.0,Estimates,population_1jan,1364470.096,0.006223206954702798,UN DESA
05_PRC,China,2013.0,Estimates,population_1jan,1374571.633,0.0074032674146637945,UN DESA
05_PRC,China,2014.0,Estimates,population_1jan,1383444.448,0.006454967341814832,UN DESA
05_PRC,China,2015.0,Estimates,population_1jan,1392459.496,0.006516378748010254,UN DESA
05_PRC,China,2016.0,Estimates,population_1jan,1399808.851,0.0052779668070144226,UN DESA
05_PRC,China,2017.0,Estimates,population_1jan,1408296.413,0.006063372148230384,UN DESA
05_PRC,China,2018.0,Estimates,population_1jan,1416413.041,0.005763437245934311,UN DESA
05_PRC,China,2019.0,Estimates,population_1jan,1421604.871,0.0036654774064595053,UN DESA
05_PRC,China,2020.0,Estimates,population_1jan,1425435.844,0.0026948226459755364,UN DESA
05_PRC,China,2021.0,Estimates,population_1jan,1426776.342,0.0009404127205321355,UN DESA
05_PRC,China,2022.0,Estimates,population_1jan,1426098.192,-0.00047530224607539306,UN DESA
05_PRC,China,2023.0,Estimates,population_1jan,1424260.946,-0.0012883025939633974,UN DESA
05_PRC,China,2024.0,High,population_1jan,1420908.919,-0.0023535202656606025,UN DESA
05_PRC,China,2025.0,High,population_1jan,1419898.607,-0.0007110322037466865,UN DESA
05_PRC,China,2026.0,High,population_1jan,1418741.996,-0.0008145729521094047,UN DESA
05_PRC,China,2027.0,High,population_1jan,1417731.154,-0.000712491772887458,UN DESA
05_PRC,China,2028.0,High,population_1jan,1416392.317,-0.0009443518231384562,UN DESA
05_PRC,China,2029.0,High,population_1jan,1414698.11,-0.0011961424667907838,UN DESA
05_PRC,China,2030.0,High,population_1jan,1413871.679,-0.0005841748102710653,UN DESA
05_PRC,China,2031.0,High,population_1jan,1412759.782,-0.0007864200241896047,UN DESA
05_PRC,China,2032.0,High,population_1jan,1411324.471,-0.0010159625282990525,UN DESA
05_PRC,China,2033.0,High,population_1jan,1409612.163,-0.0012132631688775986,UN DESA
05_PRC,China,2034.0,High,population_1jan,1407615.844,-0.0014162186255198828,UN DESA
05_PRC,China,2035.0,High,population_1jan,1406167.158,-0.0010291771055114252,UN DESA
05_PRC,China,2036.0,High,population_1jan,1404499.466,-0.0011859841772808855,UN DESA
05_PRC,China,2037.0,High,population_1jan,1402604.013,-0.0013495576508819607,UN DESA
05_PRC,China,2038.0,High,population_1jan,1400496.185,-0.001502796213659452,UN DESA
05_PRC,China,2039.0,High,population_1jan,1398207.618,-0.0016341115559697084,UN DESA
05_PRC,China,2040.0,High,population_1jan,1395628.832,-0.0018443512728737455,UN DESA
05_PRC,China,2041.0,High,population_1jan,1392781.36,-0.002040278858326028,UN DESA
05_PRC,China,2042.0,High,population_1jan,1389621.23,-0.0022689347307176533,UN DESA
05_PRC,China,2043.0,High,population_1jan,1386161.425,-0.0024897467923686856,UN DESA
05_PRC,China,2044.0,High,population_1jan,1382407.706,-0.0027079955712950854,UN DESA
05_PRC,China,2045.0,High,population_1jan,1378320.875,-0.0029563138155712654,UN DESA
05_PRC,China,2046.0,High,population_1jan,1373816.446,-0.0032680554156158115,UN DESA
05_PRC,China,2047.0,High,population_1jan,1368862.179,-0.0036062073753919677,UN DESA
05_PRC,China,2048.0,High,population_1jan,1363499.383,-0.003917703390649452,UN DESA
05_PRC,China,2049.0,High,population_1jan,1357653.969,-0.004287067579846426,UN DESA
05_PRC,China,2050.0,High,population_1jan,1351321.167,-0.004664518459489786,UN DESA
05_PRC,China,2051.0,High,population_1jan,1344537.887,-0.005019739323005701,UN DESA
05_PRC,China,2052.0,High,population_1jan,1337245.523,-0.005423695435069598,UN DESA
05_PRC,China,2053.0,High,population_1jan,1329455.992,-0.005825056705013099,UN DESA
05_PRC,China,2054.0,High,population_1jan,1321265.678,-0.006160650709226334,UN DESA
05_PRC,China,2055.0,High,population_1jan,1312669.511,-0.006506009459817497,UN DESA
05_PRC,China,2056.0,High,population_1jan,1303707.942,-0.006826980382269143,UN DESA
05_PRC,China,2057.0,High,population_1jan,1294431.675,-0.0071152953059174795,UN DESA
05_PRC,China,2058.0,High,population_1jan,1284934.998,-0.0073365610432857276,UN DESA
05_PRC,China,2059.0,High,population_1jan,1275237.801,-0.007546838567782488,UN DESA
05_PRC,China,2060.0,High,population_1jan,1265445.005,-0.007679192063096751,UN DESA
05_PRC,China,2061.0,High,population_1jan,1255625.323,-0.007759864680962458,UN DESA
05_PRC,China,2062.0,High,population_1jan,1245887.131,-0.0077556511656941,UN DESA
05_PRC,China,2063.0,High,population_1jan,1236264.514,-0.007723506215427833,UN DESA
05_PRC,China,2064.0,High,population_1jan,1226836.011,-0.007626606517640466,UN DESA
05_PRC,China,2065.0,High,population_1jan,1217559.924,-0.007560983633369878,UN DESA
05_PRC,China,2066.0,High,population_1jan,1208513.149,-0.0074302503077459114,UN DESA
05_PRC,China,2067.0,High,population_1jan,1199665.671,-0.007320961304658424,UN DESA
05_PRC,China,2068.0,High,population_1jan,1191016.276,-0.007209837881574255,UN DESA
05_PRC,China,2069.0,High,population_1jan,1182593.239,-0.0070721426480321314,UN DESA
05_PRC,China,2070.0,High,population_1jan,1174347.878,-0.006972271384683593,UN DESA
05_PRC,China,2071.0,High,population_1jan,1166287.765,-0.006863479852092125,UN DESA
05_PRC,China,2072.0,High,population_1jan,1158362.265,-0.006795492705867545,UN DESA
05_PRC,China,2073.0,High,population_1jan,1150525.481,-0.006765399941614958,UN DESA
05_PRC,China,2074.0,High,population_1jan,1142750.756,-0.0067575426432471275,UN DESA
05_PRC,China,2075.0,High,population_1jan,1135028.203,-0.006757862954325677,UN DESA
05_PRC,China,2076.0,High,population_1jan,1127304.548,-0.006804813289736367,UN DESA
05_PRC,China,2077.0,High,population_1jan,1119560.133,-0.006869851641900793,UN DESA
05_PRC,China,2078.0,High,population_1jan,1111784.283,-0.006945450959533139,UN DESA
05_PRC,China,2079.0,High,population_1jan,1103952.722,-0.007044137176384191,UN DESA
05_PRC,China,2080.0,High,population_1jan,1096043.949,-0.007164050454689708,UN DESA
05_PRC,China,2081.0,High,population_1jan,1088091.648,-0.007255458147691463,UN DESA
05_PRC,China,2082.0,High,population_1jan,1080120.915,-0.007325424301023564,UN DESA
05_PRC,China,2083.0,High,population_1jan,1072195.815,-0.007337234091055578,UN DESA
05_PRC,China,2084.0,High,population_1jan,1064298.459,-0.007365591144374961,UN DESA
05_PRC,China,2085.0,High,population_1jan,1056423.861,-0.007398862540305529,UN DESA
05_PRC,China,2086.0,High,population_1jan,1048669.695,-0.007340014066569811,UN DESA
05_PRC,China,2087.0,High,population_1jan,1041056.888,-0.0072594898434630295,UN DESA
05_PRC,China,2088.0,High,population_1jan,1033583.376,-0.007178773884640943,UN DESA
05_PRC,China,2089.0,High,population_1jan,1026262.032,-0.007083457580687735,UN DESA
05_PRC,China,2090.0,High,population_1jan,1019118.427,-0.006960800241316956,UN DESA
05_PRC,China,2091.0,High,population_1jan,1012184.473,-0.006803874619764949,UN DESA
05_PRC,China,2092.0,High,population_1jan,1005437.638,-0.006665617957962833,UN DESA
05_PRC,China,2093.0,High,population_1jan,998851.782,-0.006550238175985212,UN DESA
05_PRC,China,2094.0,High,population_1jan,992428.976,-0.006430189259050589,UN DESA
05_PRC,China,2095.0,High,population_1jan,986165.318,-0.006311442079458218,UN DESA
05_PRC,China,2096.0,High,population_1jan,980045.543,-0.0062056278884470295,UN DESA
05_PRC,China,2097.0,High,population_1jan,974061.209,-0.0061061794961909666,UN DESA
05_PRC,China,2098.0,High,population_1jan,968212.011,-0.0060049593864895945,UN DESA
05_PRC,China,2099.0,High,population_1jan,962490.599,-0.005909255343869102,UN DESA
05_PRC,China,2100.0,High,population_1jan,956896.597,-0.005812006897326638,UN DESA
06_HKC,"Hong Kong, China",1950.0,Estimates,population_1jan,1933.854,,UN DESA
06_HKC,"Hong Kong, China",1951.0,Estimates,population_1jan,2022.831,0.04601019518536553,UN DESA
06_HKC,"Hong Kong, China",1952.0,Estimates,population_1jan,2116.13,0.04612298308657525,UN DESA
06_HKC,"Hong Kong, China",1953.0,Estimates,population_1jan,2213.467,0.04599764664741768,UN DESA
06_HKC,"Hong Kong, China",1954.0,Estimates,population_1jan,2315.19,0.045956411367325645,UN DESA
06_HKC,"Hong Kong, China",1955.0,Estimates,population_1jan,2422.04,0.04615171972926624,UN DESA
06_HKC,"Hong Kong, China",1956.0,Estimates,population_1jan,2534.355,0.04637206652243564,UN DESA
06_HKC,"Hong Kong, China",1957.0,Estimates,population_1jan,2654.159,0.04727198833628288,UN DESA
06_HKC,"Hong Kong, China",1958.0,Estimates,population_1jan,2780.208,0.04749112619100804,UN DESA
06_HKC,"Hong Kong, China",1959.0,Estimates,population_1jan,2910.793,0.0469695073174381,UN DESA
06_HKC,"Hong Kong, China",1960.0,Estimates,population_1jan,3038.295,0.04380318353108592,UN DESA
06_HKC,"Hong Kong, China",1961.0,Estimates,population_1jan,3151.386,0.03722186291982843,UN DESA
06_HKC,"Hong Kong, China",1962.0,Estimates,population_1jan,3001.929,-0.04742579931496804,UN DESA
06_HKC,"Hong Kong, China",1963.0,Estimates,population_1jan,2776.24,-0.07518132507464381,UN DESA
06_HKC,"Hong Kong, China",1964.0,Estimates,population_1jan,2548.962,-0.0818654006858196,UN DESA
06_HKC,"Hong Kong, China",1965.0,Estimates,population_1jan,3723.095,0.46063181797139374,UN DESA
06_HKC,"Hong Kong, China",1966.0,Estimates,population_1jan,3987.746,0.07108360114367218,UN DESA
06_HKC,"Hong Kong, China",1967.0,Estimates,population_1jan,4042.857,0.013820087839095052,UN DESA
06_HKC,"Hong Kong, China",1968.0,Estimates,population_1jan,2905.399,-0.28135004527738683,UN DESA
06_HKC,"Hong Kong, China",1969.0,Estimates,population_1jan,3225.255,0.11009021480354342,UN DESA
06_HKC,"Hong Kong, China",1970.0,Estimates,population_1jan,3565.786,0.10558265935561684,UN DESA
06_HKC,"Hong Kong, China",1971.0,Estimates,population_1jan,3914.046,0.0976671062144503,UN DESA
06_HKC,"Hong Kong, China",1972.0,Estimates,population_1jan,4064.426,0.03842060108644607,UN DESA
06_HKC,"Hong Kong, China",1973.0,Estimates,population_1jan,4169.819,0.025930598810262717,UN DESA
06_HKC,"Hong Kong, China",1974.0,Estimates,population_1jan,4276.674,0.02562581253526819,UN DESA
06_HKC,"Hong Kong, China",1975.0,Estimates,population_1jan,4384.771,0.02527595042315589,UN DESA
06_HKC,"Hong Kong, China",1976.0,Estimates,population_1jan,4491.985,0.02445144797755683,UN DESA
06_HKC,"Hong Kong, China",1977.0,Estimates,population_1jan,4598.279,0.02366303538413428,UN DESA
06_HKC,"Hong Kong, China",1978.0,Estimates,population_1jan,4702.702,0.022709148357461517,UN DESA
06_HKC,"Hong Kong, China",1979.0,Estimates,population_1jan,4805.435,0.021845526252779912,UN DESA
06_HKC,"Hong Kong, China",1980.0,Estimates,population_1jan,4909.906,0.02174017544717577,UN DESA
06_HKC,"Hong Kong, China",1981.0,Estimates,population_1jan,5015.062,0.021417110633075165,UN DESA
06_HKC,"Hong Kong, China",1982.0,Estimates,population_1jan,5106.849,0.018302266253139132,UN DESA
06_HKC,"Hong Kong, China",1983.0,Estimates,population_1jan,5193.339,0.016936079371056456,UN DESA
06_HKC,"Hong Kong, China",1984.0,Estimates,population_1jan,5276.874,0.016085027378339722,UN DESA
06_HKC,"Hong Kong, China",1985.0,Estimates,population_1jan,5355.084,0.014821274868416445,UN DESA
06_HKC,"Hong Kong, China",1986.0,Estimates,population_1jan,5431.159,0.014206126365151395,UN DESA
06_HKC,"Hong Kong, China",1987.0,Estimates,population_1jan,5471.707,0.007465809783878674,UN DESA
06_HKC,"Hong Kong, China",1988.0,Estimates,population_1jan,5501.036,0.005360118880634479,UN DESA
06_HKC,"Hong Kong, China",1989.0,Estimates,population_1jan,5528.761,0.005039959745764211,UN DESA
06_HKC,"Hong Kong, China",1990.0,Estimates,population_1jan,5552.387,0.004273290163926191,UN DESA
06_HKC,"Hong Kong, China",1991.0,Estimates,population_1jan,5568.807,0.0029572866588729596,UN DESA
06_HKC,"Hong Kong, China",1992.0,Estimates,population_1jan,5687.381,0.02129253177565693,UN DESA
06_HKC,"Hong Kong, China",1993.0,Estimates,population_1jan,5831.732,0.025380926651476177,UN DESA
06_HKC,"Hong Kong, China",1994.0,Estimates,population_1jan,5973.294,0.024274435107786152,UN DESA
06_HKC,"Hong Kong, China",1995.0,Estimates,population_1jan,6111.229,0.02309194893136013,UN DESA
06_HKC,"Hong Kong, China",1996.0,Estimates,population_1jan,6242.978,0.02155851138944387,UN DESA
06_HKC,"Hong Kong, China",1997.0,Estimates,population_1jan,6361.95,0.01905693084294069,UN DESA
06_HKC,"Hong Kong, China",1998.0,Estimates,population_1jan,6471.397,0.01720337317960685,UN DESA
06_HKC,"Hong Kong, China",1999.0,Estimates,population_1jan,6571.272,0.015433298250748573,UN DESA
06_HKC,"Hong Kong, China",2000.0,Estimates,population_1jan,6661.777,0.01377282815260128,UN DESA
06_HKC,"Hong Kong, China",2001.0,Estimates,population_1jan,6747.551,0.012875543567429482,UN DESA
06_HKC,"Hong Kong, China",2002.0,Estimates,population_1jan,6800.926,0.007910277373227803,UN DESA
06_HKC,"Hong Kong, China",2003.0,Estimates,population_1jan,6841.891,0.006023444454475557,UN DESA
06_HKC,"Hong Kong, China",2004.0,Estimates,population_1jan,6875.922,0.004973917298594754,UN DESA
06_HKC,"Hong Kong, China",2005.0,Estimates,population_1jan,6900.405,0.0035606861159855896,UN DESA
06_HKC,"Hong Kong, China",2006.0,Estimates,population_1jan,6916.567,0.0023421813647170886,UN DESA
06_HKC,"Hong Kong, China",2007.0,Estimates,population_1jan,6945.613,0.0041994821997677345,UN DESA
06_HKC,"Hong Kong, China",2008.0,Estimates,population_1jan,6997.077,0.00740956917697555,UN DESA
06_HKC,"Hong Kong, China",2009.0,Estimates,population_1jan,7044.3,0.006748961030441647,UN DESA
06_HKC,"Hong Kong, China",2010.0,Estimates,population_1jan,7084.633,0.005725622134207686,UN DESA
06_HKC,"Hong Kong, China",2011.0,Estimates,population_1jan,7118.601,0.004794602627969491,UN DESA
06_HKC,"Hong Kong, China",2012.0,Estimates,population_1jan,7167.338,0.006846429516136787,UN DESA
06_HKC,"Hong Kong, China",2013.0,Estimates,population_1jan,7234.784,0.009410188273526465,UN DESA
06_HKC,"Hong Kong, China",2014.0,Estimates,population_1jan,7293.886,0.008169145063626093,UN DESA
06_HKC,"Hong Kong, China",2015.0,Estimates,population_1jan,7345.115,0.007023553699632812,UN DESA
06_HKC,"Hong Kong, China",2016.0,Estimates,population_1jan,7387.704,0.005798275452460588,UN DESA
06_HKC,"Hong Kong, China",2017.0,Estimates,population_1jan,7428.315,0.00549710708496165,UN DESA
06_HKC,"Hong Kong, China",2018.0,Estimates,population_1jan,7461.468,0.004463057907479806,UN DESA
06_HKC,"Hong Kong, China",2019.0,Estimates,population_1jan,7480.919,0.0026068596689017287,UN DESA
06_HKC,"Hong Kong, China",2020.0,Estimates,population_1jan,7490.707,0.0013083953990145059,UN DESA
06_HKC,"Hong Kong, China",2021.0,Estimates,population_1jan,7489.764,-0.00012588931859169872,UN DESA
06_HKC,"Hong Kong, China",2022.0,Estimates,population_1jan,7479.439,-0.0013785481091259655,UN DESA
06_HKC,"Hong Kong, China",2023.0,Estimates,population_1jan,7452.391,-0.0036163140042990705,UN DESA
06_HKC,"Hong Kong, China",2024.0,High,population_1jan,7433.078,-0.0025915172727785096,UN DESA
06_HKC,"Hong Kong, China",2025.0,High,population_1jan,7410.564,-0.0030288932794731993,UN DESA
06_HKC,"Hong Kong, China",2026.0,High,population_1jan,7422.467,0.0016062205251852202,UN DESA
06_HKC,"Hong Kong, China",2027.0,High,population_1jan,7401.591,-0.0028125419755991032,UN DESA
06_HKC,"Hong Kong, China",2028.0,High,population_1jan,7400.22,-0.00018523044572449354,UN DESA
06_HKC,"Hong Kong, China",2029.0,High,population_1jan,7365.023,-0.004756209950514956,UN DESA
06_HKC,"Hong Kong, China",2030.0,High,population_1jan,7352.688,-0.0016748080759557693,UN DESA
06_HKC,"Hong Kong, China",2031.0,High,population_1jan,7331.03,-0.0029455894225350887,UN DESA
06_HKC,"Hong Kong, China",2032.0,High,population_1jan,7302.85,-0.003843934617645761,UN DESA
06_HKC,"Hong Kong, China",2033.0,High,population_1jan,7282.01,-0.002853680412441717,UN DESA
06_HKC,"Hong Kong, China",2034.0,High,population_1jan,7256.929,-0.0034442413564387264,UN DESA
06_HKC,"Hong Kong, China",2035.0,High,population_1jan,7241.856,-0.002077049396514763,UN DESA
06_HKC,"Hong Kong, China",2036.0,High,population_1jan,7191.931,-0.0068939509429627455,UN DESA
06_HKC,"Hong Kong, China",2037.0,High,population_1jan,7154.798,-0.005163147421742509,UN DESA
06_HKC,"Hong Kong, China",2038.0,High,population_1jan,7140.75,-0.00196343768195828,UN DESA
06_HKC,"Hong Kong, China",2039.0,High,population_1jan,7090.896,-0.006981619577775433,UN DESA
06_HKC,"Hong Kong, China",2040.0,High,population_1jan,7075.691,-0.0021442988305003796,UN DESA
06_HKC,"Hong Kong, China",2041.0,High,population_1jan,7027.941,-0.006748457500475924,UN DESA
06_HKC,"Hong Kong, China",2042.0,High,population_1jan,6978.47,-0.00703918829142125,UN DESA
06_HKC,"Hong Kong, China",2043.0,High,population_1jan,6918.388,-0.008609623599442284,UN DESA
06_HKC,"Hong Kong, China",2044.0,High,population_1jan,6875.521,-0.006196096547345986,UN DESA
06_HKC,"Hong Kong, China",2045.0,High,population_1jan,6826.382,-0.007146949300278482,UN DESA
06_HKC,"Hong Kong, China",2046.0,High,population_1jan,6770.07,-0.00824917210903231,UN DESA
06_HKC,"Hong Kong, China",2047.0,High,population_1jan,6710.126,-0.00885426590862426,UN DESA
06_HKC,"Hong Kong, China",2048.0,High,population_1jan,6624.675,-0.012734634193158234,UN DESA
06_HKC,"Hong Kong, China",2049.0,High,population_1jan,6560.907,-0.009625830701128768,UN DESA
06_HKC,"Hong Kong, China",2050.0,High,population_1jan,6485.722,-0.011459543627123536,UN DESA
06_HKC,"Hong Kong, China",2051.0,High,population_1jan,6416.799,-0.01062688163322445,UN DESA
06_HKC,"Hong Kong, China",2052.0,High,population_1jan,6338.139,-0.012258448488101314,UN DESA
06_HKC,"Hong Kong, China",2053.0,High,population_1jan,6262.968,-0.011860105939614174,UN DESA
06_HKC,"Hong Kong, China",2054.0,High,population_1jan,6190.519,-0.01156783812403317,UN DESA
06_HKC,"Hong Kong, China",2055.0,High,population_1jan,6117.601,-0.011778980082283952,UN DESA
06_HKC,"Hong Kong, China",2056.0,High,population_1jan,6040.703,-0.012569960021910465,UN DESA
06_HKC,"Hong Kong, China",2057.0,High,population_1jan,5961.22,-0.013157905627871447,UN DESA
06_HKC,"Hong Kong, China",2058.0,High,population_1jan,5880.727,-0.013502772922321382,UN DESA
06_HKC,"Hong Kong, China",2059.0,High,population_1jan,5799.273,-0.01385100855727528,UN DESA
06_HKC,"Hong Kong, China",2060.0,High,population_1jan,5723.476,-0.01307008654360653,UN DESA
06_HKC,"Hong Kong, China",2061.0,High,population_1jan,5648.062,-0.01317625862325622,UN DESA
06_HKC,"Hong Kong, China",2062.0,High,population_1jan,5570.461,-0.01373940300230414,UN DESA
06_HKC,"Hong Kong, China",2063.0,High,population_1jan,5505.946,-0.011581626727123706,UN DESA
06_HKC,"Hong Kong, China",2064.0,High,population_1jan,5442.569,-0.011510646853419848,UN DESA
06_HKC,"Hong Kong, China",2065.0,High,population_1jan,5369.492,-0.013426931289249655,UN DESA
06_HKC,"Hong Kong, China",2066.0,High,population_1jan,5295.354,-0.013807265193802265,UN DESA
06_HKC,"Hong Kong, China",2067.0,High,population_1jan,5223.656,-0.01353979356243229,UN DESA
06_HKC,"Hong Kong, China",2068.0,High,population_1jan,5147.634,-0.014553408570549098,UN DESA
06_HKC,"Hong Kong, China",2069.0,High,population_1jan,5074.791,-0.014150772957051694,UN DESA
06_HKC,"Hong Kong, China",2070.0,High,population_1jan,5006.463,-0.01346419980645519,UN DESA
06_HKC,"Hong Kong, China",2071.0,High,population_1jan,4932.31,-0.014811454713636985,UN DESA
06_HKC,"Hong Kong, China",2072.0,High,population_1jan,4861.608,-0.014334459918375009,UN DESA
06_HKC,"Hong Kong, China",2073.0,High,population_1jan,4786.884,-0.015370223185415255,UN DESA
06_HKC,"Hong Kong, China",2074.0,High,population_1jan,4711.254,-0.015799421920397516,UN DESA
06_HKC,"Hong Kong, China",2075.0,High,population_1jan,4637.427,-0.015670350187020343,UN DESA
06_HKC,"Hong Kong, China",2076.0,High,population_1jan,4563.215,-0.016002839505613653,UN DESA
06_HKC,"Hong Kong, China",2077.0,High,population_1jan,4490.282,-0.01598281036506055,UN DESA
06_HKC,"Hong Kong, China",2078.0,High,population_1jan,4408.777,-0.018151421224769426,UN DESA
06_HKC,"Hong Kong, China",2079.0,High,population_1jan,4343.011,-0.014917062033303008,UN DESA
06_HKC,"Hong Kong, China",2080.0,High,population_1jan,4272.013,-0.01634764452588322,UN DESA
06_HKC,"Hong Kong, China",2081.0,High,population_1jan,4202.637,-0.016239650956118346,UN DESA
06_HKC,"Hong Kong, China",2082.0,High,population_1jan,4139.92,-0.01492324937890177,UN DESA
06_HKC,"Hong Kong, China",2083.0,High,population_1jan,4077.746,-0.015018164602214501,UN DESA
06_HKC,"Hong Kong, China",2084.0,High,population_1jan,4011.355,-0.01628129854090965,UN DESA
06_HKC,"Hong Kong, China",2085.0,High,population_1jan,3941.68,-0.01736944249511707,UN DESA
06_HKC,"Hong Kong, China",2086.0,High,population_1jan,3873.103,-0.01739791155040482,UN DESA
06_HKC,"Hong Kong, China",2087.0,High,population_1jan,3807.707,-0.016884652951393297,UN DESA
06_HKC,"Hong Kong, China",2088.0,High,population_1jan,3744.318,-0.01664755192560763,UN DESA
06_HKC,"Hong Kong, China",2089.0,High,population_1jan,3686.944,-0.015322950668185786,UN DESA
06_HKC,"Hong Kong, China",2090.0,High,population_1jan,3627.439,-0.016139382643186373,UN DESA
06_HKC,"Hong Kong, China",2091.0,High,population_1jan,3570.139,-0.015796268386594425,UN DESA
06_HKC,"Hong Kong, China",2092.0,High,population_1jan,3517.217,-0.014823512473884026,UN DESA
06_HKC,"Hong Kong, China",2093.0,High,population_1jan,3470.532,-0.013273278276546452,UN DESA
06_HKC,"Hong Kong, China",2094.0,High,population_1jan,3422.624,-0.013804223675217608,UN DESA
06_HKC,"Hong Kong, China",2095.0,High,population_1jan,3371.288,-0.01499901829707262,UN DESA
06_HKC,"Hong Kong, China",2096.0,High,population_1jan,3325.741,-0.013510266699255591,UN DESA
06_HKC,"Hong Kong, China",2097.0,High,population_1jan,3282.226,-0.013084302114927171,UN DESA
06_HKC,"Hong Kong, China",2098.0,High,population_1jan,3239.323,-0.013071311969376942,UN DESA
06_HKC,"Hong Kong, China",2099.0,High,population_1jan,3202.596,-0.011337862880608007,UN DESA
06_HKC,"Hong Kong, China",2100.0,High,population_1jan,3163.869,-0.012092377558705403,UN DESA
07_INA,Indonesia,1950.0,Estimates,population_1jan,68080.719,,UN DESA
07_INA,Indonesia,1951.0,Estimates,population_1jan,69517.331,0.021101598530415266,UN DESA
07_INA,Indonesia,1952.0,Estimates,population_1jan,71055.274,0.022123159475152976,UN DESA
07_INA,Indonesia,1953.0,Estimates,population_1jan,72697.591,0.023113231538590684,UN DESA
07_INA,Indonesia,1954.0,Estimates,population_1jan,74440.697,0.02397749328447496,UN DESA
07_INA,Indonesia,1955.0,Estimates,population_1jan,76294.041,0.024896918952814096,UN DESA
07_INA,Indonesia,1956.0,Estimates,population_1jan,78252.973,0.025676081307582033,UN DESA
07_INA,Indonesia,1957.0,Estimates,population_1jan,80312.125,0.026314041768100038,UN DESA
07_INA,Indonesia,1958.0,Estimates,population_1jan,82469.544,0.02686293009928442,UN DESA
07_INA,Indonesia,1959.0,Estimates,population_1jan,84715.981,0.0272395952619795,UN DESA
07_INA,Indonesia,1960.0,Estimates,population_1jan,87069.757,0.027784320882738633,UN DESA
07_INA,Indonesia,1961.0,Estimates,population_1jan,89522.383,0.02816851780119256,UN DESA
07_INA,Indonesia,1962.0,Estimates,population_1jan,92060.115,0.028347458087660593,UN DESA
07_INA,Indonesia,1963.0,Estimates,population_1jan,94691.585,0.028584257145453318,UN DESA
07_INA,Indonesia,1964.0,Estimates,population_1jan,97411.263,0.028721432849603268,UN DESA
07_INA,Indonesia,1965.0,Estimates,population_1jan,100256.234,0.02920577058938245,UN DESA
07_INA,Indonesia,1966.0,Estimates,population_1jan,102474.027,0.022121247841805136,UN DESA
07_INA,Indonesia,1967.0,Estimates,population_1jan,105111.48,0.025737770606009125,UN DESA
07_INA,Indonesia,1968.0,Estimates,population_1jan,107941.306,0.02692214018868344,UN DESA
07_INA,Indonesia,1969.0,Estimates,population_1jan,110958.706,0.02795408089651996,UN DESA
07_INA,Indonesia,1970.0,Estimates,population_1jan,114076.572,0.028099336342296555,UN DESA
07_INA,Indonesia,1971.0,Estimates,population_1jan,117238.417,0.02771686547523533,UN DESA
07_INA,Indonesia,1972.0,Estimates,population_1jan,120428.988,0.027214381442902003,UN DESA
07_INA,Indonesia,1973.0,Estimates,population_1jan,123650.694,0.026751914580565916,UN DESA
07_INA,Indonesia,1974.0,Estimates,population_1jan,126926.336,0.0264910927228601,UN DESA
07_INA,Indonesia,1975.0,Estimates,population_1jan,130183.753,0.025663838590597843,UN DESA
07_INA,Indonesia,1976.0,Estimates,population_1jan,133503.942,0.025503866062303482,UN DESA
07_INA,Indonesia,1977.0,Estimates,population_1jan,136843.369,0.025013695850269357,UN DESA
07_INA,Indonesia,1978.0,Estimates,population_1jan,140223.713,0.024702285720545003,UN DESA
07_INA,Indonesia,1979.0,Estimates,population_1jan,143682.614,0.024667019051193062,UN DESA
07_INA,Indonesia,1980.0,Estimates,population_1jan,147187.053,0.0243901395056747,UN DESA
07_INA,Indonesia,1981.0,Estimates,population_1jan,150714.026,0.023962522029705946,UN DESA
07_INA,Indonesia,1982.0,Estimates,population_1jan,154256.043,0.02350157509560513,UN DESA
07_INA,Indonesia,1983.0,Estimates,population_1jan,157848.262,0.02328737941242265,UN DESA
07_INA,Indonesia,1984.0,Estimates,population_1jan,161454.501,0.022846238243662054,UN DESA
07_INA,Indonesia,1985.0,Estimates,population_1jan,165047.747,0.02225547121786353,UN DESA
07_INA,Indonesia,1986.0,Estimates,population_1jan,168504.623,0.020944702747139,UN DESA
07_INA,Indonesia,1987.0,Estimates,population_1jan,171845.506,0.019826654844953495,UN DESA
07_INA,Indonesia,1988.0,Estimates,population_1jan,175176.802,0.01938541238314384,UN DESA
07_INA,Indonesia,1989.0,Estimates,population_1jan,178533.329,0.01916079618807065,UN DESA
07_INA,Indonesia,1990.0,Estimates,population_1jan,181869.93,0.018688953030165045,UN DESA
07_INA,Indonesia,1991.0,Estimates,population_1jan,185132.265,0.017937737150940825,UN DESA
07_INA,Indonesia,1992.0,Estimates,population_1jan,188424.211,0.017781589827143396,UN DESA
07_INA,Indonesia,1993.0,Estimates,population_1jan,191663.277,0.01719028559445568,UN DESA
07_INA,Indonesia,1994.0,Estimates,population_1jan,194947.058,0.01713307343691084,UN DESA
07_INA,Indonesia,1995.0,Estimates,population_1jan,198236.597,0.016874012020227758,UN DESA
07_INA,Indonesia,1996.0,Estimates,population_1jan,201539.517,0.016661504737190302,UN DESA
07_INA,Indonesia,1997.0,Estimates,population_1jan,204869.178,0.01652113218074258,UN DESA
07_INA,Indonesia,1998.0,Estimates,population_1jan,208203.012,0.016272989585578213,UN DESA
07_INA,Indonesia,1999.0,Estimates,population_1jan,211450.565,0.015598011617622642,UN DESA
07_INA,Indonesia,2000.0,Estimates,population_1jan,214558.771,0.014699445234398034,UN DESA
07_INA,Indonesia,2001.0,Estimates,population_1jan,217596.809,0.01415946775720478,UN DESA
07_INA,Indonesia,2002.0,Estimates,population_1jan,220598.994,0.013797008392710364,UN DESA
07_INA,Indonesia,2003.0,Estimates,population_1jan,223577.996,0.0135041504314386,UN DESA
07_INA,Indonesia,2004.0,Estimates,population_1jan,226518.019,0.013149876341140398,UN DESA
07_INA,Indonesia,2005.0,Estimates,population_1jan,229335.279,0.012437244561987804,UN DESA
07_INA,Indonesia,2006.0,Estimates,population_1jan,232408.021,0.013398470629544912,UN DESA
07_INA,Indonesia,2007.0,Estimates,population_1jan,235495.283,0.013283801422671049,UN DESA
07_INA,Indonesia,2008.0,Estimates,population_1jan,238629.392,0.013308585038622534,UN DESA
07_INA,Indonesia,2009.0,Estimates,population_1jan,241686.415,0.012810756354774577,UN DESA
07_INA,Indonesia,2010.0,Estimates,population_1jan,244753.641,0.012690932587170911,UN DESA
07_INA,Indonesia,2011.0,Estimates,population_1jan,247857.003,0.01267953353960527,UN DESA
07_INA,Indonesia,2012.0,Estimates,population_1jan,251083.061,0.013015803309781804,UN DESA
07_INA,Indonesia,2013.0,Estimates,population_1jan,254313.989,0.01286796483654462,UN DESA
07_INA,Indonesia,2014.0,Estimates,population_1jan,257390.944,0.01209903950663116,UN DESA
07_INA,Indonesia,2015.0,Estimates,population_1jan,260363.854,0.011550173264837094,UN DESA
07_INA,Indonesia,2016.0,Estimates,population_1jan,263234.644,0.011026069693990559,UN DESA
07_INA,Indonesia,2017.0,Estimates,population_1jan,266020.192,0.010581996190440757,UN DESA
07_INA,Indonesia,2018.0,Estimates,population_1jan,268673.124,0.009972671548180934,UN DESA
07_INA,Indonesia,2019.0,Estimates,population_1jan,271230.569,0.009518797272778157,UN DESA
07_INA,Indonesia,2020.0,Estimates,population_1jan,273748.193,0.009282228066261888,UN DESA
07_INA,Indonesia,2021.0,Estimates,population_1jan,275881.538,0.0077930925374181115,UN DESA
07_INA,Indonesia,2022.0,Estimates,population_1jan,277634.568,0.006354285294726925,UN DESA
07_INA,Indonesia,2023.0,Estimates,population_1jan,280026.489,0.008615357292251824,UN DESA
07_INA,Indonesia,2024.0,High,population_1jan,282353.644,0.008310481655897872,UN DESA
07_INA,Indonesia,2025.0,High,population_1jan,285142.703,0.009877892703945346,UN DESA
07_INA,Indonesia,2026.0,High,population_1jan,287861.639,0.00953535184801857,UN DESA
07_INA,Indonesia,2027.0,High,population_1jan,290516.949,0.009224257908154287,UN DESA
07_INA,Indonesia,2028.0,High,population_1jan,293107.266,0.00891623366180938,UN DESA
07_INA,Indonesia,2029.0,High,population_1jan,295627.199,0.008597306489154022,UN DESA
07_INA,Indonesia,2030.0,High,population_1jan,298401.416,0.00938417374782885,UN DESA
07_INA,Indonesia,2031.0,High,population_1jan,301119.696,0.009109474199009648,UN DESA
07_INA,Indonesia,2032.0,High,population_1jan,303791.112,0.008871608318839597,UN DESA
07_INA,Indonesia,2033.0,High,population_1jan,306413.105,0.008630907542811705,UN DESA
07_INA,Indonesia,2034.0,High,population_1jan,308991.627,0.008415181850658815,UN DESA
07_INA,Indonesia,2035.0,High,population_1jan,311733.837,0.008874706498114948,UN DESA
07_INA,Indonesia,2036.0,High,population_1jan,314419.013,0.008613681549109353,UN DESA
07_INA,Indonesia,2037.0,High,population_1jan,317049.944,0.008367595123772054,UN DESA
07_INA,Indonesia,2038.0,High,population_1jan,319627.347,0.008129328040505701,UN DESA
07_INA,Indonesia,2039.0,High,population_1jan,322140.366,0.0078623403897915,UN DESA
07_INA,Indonesia,2040.0,High,population_1jan,324589.833,0.007603725762203917,UN DESA
07_INA,Indonesia,2041.0,High,population_1jan,326967.749,0.007325910297381499,UN DESA
07_INA,Indonesia,2042.0,High,population_1jan,329274.783,0.007055845743367151,UN DESA
07_INA,Indonesia,2043.0,High,population_1jan,331506.062,0.006776343392199458,UN DESA
07_INA,Indonesia,2044.0,High,population_1jan,333664.941,0.006512336416943265,UN DESA
07_INA,Indonesia,2045.0,High,population_1jan,335747.074,0.0062401911143550315,UN DESA
07_INA,Indonesia,2046.0,High,population_1jan,337754.242,0.005978214422205141,UN DESA
07_INA,Indonesia,2047.0,High,population_1jan,339689.779,0.005730607522613784,UN DESA
07_INA,Indonesia,2048.0,High,population_1jan,341566.191,0.005523898910128944,UN DESA
07_INA,Indonesia,2049.0,High,population_1jan,343400.684,0.005370827231551134,UN DESA
07_INA,Indonesia,2050.0,High,population_1jan,345186.684,0.005200921498455635,UN DESA
07_INA,Indonesia,2051.0,High,population_1jan,346933.72,0.005061133818244246,UN DESA
07_INA,Indonesia,2052.0,High,population_1jan,348646.807,0.004937793305303417,UN DESA
07_INA,Indonesia,2053.0,High,population_1jan,350339.12,0.004853946647502383,UN DESA
07_INA,Indonesia,2054.0,High,population_1jan,352021.956,0.004803448727050519,UN DESA
07_INA,Indonesia,2055.0,High,population_1jan,353697.051,0.004758495802460683,UN DESA
07_INA,Indonesia,2056.0,High,population_1jan,355371.139,0.004733112688576124,UN DESA
07_INA,Indonesia,2057.0,High,population_1jan,357051.371,0.004728104833521485,UN DESA
07_INA,Indonesia,2058.0,High,population_1jan,358731.795,0.004706392795226,UN DESA
07_INA,Indonesia,2059.0,High,population_1jan,360425.531,0.0047214549242842185,UN DESA
07_INA,Indonesia,2060.0,High,population_1jan,362127.066,0.004720905856139268,UN DESA
07_INA,Indonesia,2061.0,High,population_1jan,363844.491,0.00474260324965603,UN DESA
07_INA,Indonesia,2062.0,High,population_1jan,365571.713,0.004747143471247384,UN DESA
07_INA,Indonesia,2063.0,High,population_1jan,367312.638,0.004762198326871081,UN DESA
07_INA,Indonesia,2064.0,High,population_1jan,369066.822,0.004775724596767006,UN DESA
07_INA,Indonesia,2065.0,High,population_1jan,370826.092,0.004766806158479353,UN DESA
07_INA,Indonesia,2066.0,High,population_1jan,372588.688,0.004753160681045143,UN DESA
07_INA,Indonesia,2067.0,High,population_1jan,374345.111,0.0047141071550727,UN DESA
07_INA,Indonesia,2068.0,High,population_1jan,376090.764,0.004663218374448164,UN DESA
07_INA,Indonesia,2069.0,High,population_1jan,377825.369,0.0046121978150996945,UN DESA
07_INA,Indonesia,2070.0,High,population_1jan,379546.241,0.004554675628464677,UN DESA
07_INA,Indonesia,2071.0,High,population_1jan,381254.242,0.004500113070544209,UN DESA
07_INA,Indonesia,2072.0,High,population_1jan,382944.948,0.004434589346811624,UN DESA
07_INA,Indonesia,2073.0,High,population_1jan,384613.923,0.004358263527738382,UN DESA
07_INA,Indonesia,2074.0,High,population_1jan,386259.11,0.0042775024553647345,UN DESA
07_INA,Indonesia,2075.0,High,population_1jan,387889.224,0.004220260332500558,UN DESA
07_INA,Indonesia,2076.0,High,population_1jan,389494.311,0.004138003586302341,UN DESA
07_INA,Indonesia,2077.0,High,population_1jan,391091.84,0.004101546427978553,UN DESA
07_INA,Indonesia,2078.0,High,population_1jan,392665.914,0.004024819336552632,UN DESA
07_INA,Indonesia,2079.0,High,population_1jan,394229.68,0.003982433779571748,UN DESA
07_INA,Indonesia,2080.0,High,population_1jan,395785.329,0.003946047390445129,UN DESA
07_INA,Indonesia,2081.0,High,population_1jan,397344.828,0.003940264799456417,UN DESA
07_INA,Indonesia,2082.0,High,population_1jan,398906.102,0.0039292672006292495,UN DESA
07_INA,Indonesia,2083.0,High,population_1jan,400468.934,0.003917794168011968,UN DESA
07_INA,Indonesia,2084.0,High,population_1jan,402036.757,0.00391496784617007,UN DESA
07_INA,Indonesia,2085.0,High,population_1jan,403616.447,0.003929217845123567,UN DESA
07_INA,Indonesia,2086.0,High,population_1jan,405209.405,0.003946712310264333,UN DESA
07_INA,Indonesia,2087.0,High,population_1jan,406813.954,0.003959801969551924,UN DESA
07_INA,Indonesia,2088.0,High,population_1jan,408432.152,0.003977734746040573,UN DESA
07_INA,Indonesia,2089.0,High,population_1jan,410071.096,0.004012769298338714,UN DESA
07_INA,Indonesia,2090.0,High,population_1jan,411726.553,0.004036999964513566,UN DESA
07_INA,Indonesia,2091.0,High,population_1jan,413392.733,0.004046812108326581,UN DESA
07_INA,Indonesia,2092.0,High,population_1jan,415072.329,0.004062954827026566,UN DESA
07_INA,Indonesia,2093.0,High,population_1jan,416760.856,0.004068030755189245,UN DESA
07_INA,Indonesia,2094.0,High,population_1jan,418459.33,0.004075416334205828,UN DESA
07_INA,Indonesia,2095.0,High,population_1jan,420169.471,0.004086755575505974,UN DESA
07_INA,Indonesia,2096.0,High,population_1jan,421889.49,0.004093631543258924,UN DESA
07_INA,Indonesia,2097.0,High,population_1jan,423606.421,0.004069622592399735,UN DESA
07_INA,Indonesia,2098.0,High,population_1jan,425321.559,0.004048895188961454,UN DESA
07_INA,Indonesia,2099.0,High,population_1jan,427037.528,0.0040345215606623075,UN DESA
07_INA,Indonesia,2100.0,High,population_1jan,428747.751,0.004004854112025447,UN DESA
08_JPN,Japan,1950.0,Estimates,population_1jan,85696.541,,UN DESA
08_JPN,Japan,1951.0,Estimates,population_1jan,87190.012,0.017427436190219137,UN DESA
08_JPN,Japan,1952.0,Estimates,population_1jan,88509.84,0.015137376056330698,UN DESA
08_JPN,Japan,1953.0,Estimates,population_1jan,89760.423,0.014129310368203196,UN DESA
08_JPN,Japan,1954.0,Estimates,population_1jan,90887.945,0.012561460411121494,UN DESA
08_JPN,Japan,1955.0,Estimates,population_1jan,91927.4,0.011436665225514675,UN DESA
08_JPN,Japan,1956.0,Estimates,population_1jan,92923.556,0.010836333889569394,UN DESA
08_JPN,Japan,1957.0,Estimates,population_1jan,93760.459,0.009006360023501525,UN DESA
08_JPN,Japan,1958.0,Estimates,population_1jan,94457.494,0.007434210619638781,UN DESA
08_JPN,Japan,1959.0,Estimates,population_1jan,95236.419,0.008246301770402642,UN DESA
08_JPN,Japan,1960.0,Estimates,population_1jan,96009.537,0.008117881878779931,UN DESA
08_JPN,Japan,1961.0,Estimates,population_1jan,96789.97,0.008128702880839889,UN DESA
08_JPN,Japan,1962.0,Estimates,population_1jan,97645.217,0.008836111840927252,UN DESA
08_JPN,Japan,1963.0,Estimates,population_1jan,98507.594,0.008831738271419809,UN DESA
08_JPN,Japan,1964.0,Estimates,population_1jan,99408.868,0.009149284470393315,UN DESA
08_JPN,Japan,1965.0,Estimates,population_1jan,100371.488,0.009683441923913572,UN DESA
08_JPN,Japan,1966.0,Estimates,population_1jan,101460.551,0.010850322354491793,UN DESA
08_JPN,Japan,1967.0,Estimates,population_1jan,102315.119,0.00842266271548242,UN DESA
08_JPN,Japan,1968.0,Estimates,population_1jan,103615.936,0.012713829712693636,UN DESA
08_JPN,Japan,1969.0,Estimates,population_1jan,104859.006,0.011996899781902215,UN DESA
08_JPN,Japan,1970.0,Estimates,population_1jan,106091.333,0.011752228511492824,UN DESA
08_JPN,Japan,1971.0,Estimates,population_1jan,107333.403,0.011707553905463852,UN DESA
08_JPN,Japan,1972.0,Estimates,population_1jan,108570.656,0.01152719438141725,UN DESA
08_JPN,Japan,1973.0,Estimates,population_1jan,109907.254,0.01231085865411008,UN DESA
08_JPN,Japan,1974.0,Estimates,population_1jan,111322.219,0.012874172982249243,UN DESA
08_JPN,Japan,1975.0,Estimates,population_1jan,112697.169,0.012351083299911636,UN DESA
08_JPN,Japan,1976.0,Estimates,population_1jan,113945.223,0.011074404184900244,UN DESA
08_JPN,Japan,1977.0,Estimates,population_1jan,115060.368,0.00978667618211615,UN DESA
08_JPN,Japan,1978.0,Estimates,population_1jan,116088.186,0.008932858619051132,UN DESA
08_JPN,Japan,1979.0,Estimates,population_1jan,117065.703,0.008420469245681739,UN DESA
08_JPN,Japan,1980.0,Estimates,population_1jan,117977.409,0.007787985521259033,UN DESA
08_JPN,Japan,1981.0,Estimates,population_1jan,118740.103,0.006464746144747124,UN DESA
08_JPN,Japan,1982.0,Estimates,population_1jan,119248.004,0.004277417546117546,UN DESA
08_JPN,Japan,1983.0,Estimates,population_1jan,119723.546,0.003987840333159909,UN DESA
08_JPN,Japan,1984.0,Estimates,population_1jan,120174.347,0.0037653495495362233,UN DESA
08_JPN,Japan,1985.0,Estimates,population_1jan,120594.441,0.0034957044534638104,UN DESA
08_JPN,Japan,1986.0,Estimates,population_1jan,121069.886,0.003942511744799093,UN DESA
08_JPN,Japan,1987.0,Estimates,population_1jan,121663.583,0.004903754514149039,UN DESA
08_JPN,Japan,1988.0,Estimates,population_1jan,122223.591,0.004602922141459631,UN DESA
08_JPN,Japan,1989.0,Estimates,population_1jan,122730.314,0.00414586902458125,UN DESA
08_JPN,Japan,1990.0,Estimates,population_1jan,123164.512,0.003537821959780807,UN DESA
08_JPN,Japan,1991.0,Estimates,population_1jan,123635.017,0.0038201344880901544,UN DESA
08_JPN,Japan,1992.0,Estimates,population_1jan,124144.724,0.004122675050871605,UN DESA
08_JPN,Japan,1993.0,Estimates,population_1jan,124622.691,0.003850079041619159,UN DESA
08_JPN,Japan,1994.0,Estimates,population_1jan,125057.225,0.0034867967985059423,UN DESA
08_JPN,Japan,1995.0,Estimates,population_1jan,125516.496,0.003672486735572411,UN DESA
08_JPN,Japan,1996.0,Estimates,population_1jan,125828.834,0.0024884219202550018,UN DESA
08_JPN,Japan,1997.0,Estimates,population_1jan,126121.77,0.002328051454406621,UN DESA
08_JPN,Japan,1998.0,Estimates,population_1jan,126410.088,0.002286028811679275,UN DESA
08_JPN,Japan,1999.0,Estimates,population_1jan,126688.274,0.00220066297240451,UN DESA
08_JPN,Japan,2000.0,Estimates,population_1jan,126914.854,0.0017884843864870437,UN DESA
08_JPN,Japan,2001.0,Estimates,population_1jan,127140.724,0.0017796971188257515,UN DESA
08_JPN,Japan,2002.0,Estimates,population_1jan,127379.572,0.0018786112937345667,UN DESA
08_JPN,Japan,2003.0,Estimates,population_1jan,127589.624,0.0016490242250146725,UN DESA
08_JPN,Japan,2004.0,Estimates,population_1jan,127752.879,0.0012795319468925648,UN DESA
08_JPN,Japan,2005.0,Estimates,population_1jan,127878.669,0.0009846353443039302,UN DESA
08_JPN,Japan,2006.0,Estimates,population_1jan,127947.992,0.0005420997930467575,UN DESA
08_JPN,Japan,2007.0,Estimates,population_1jan,128046.503,0.0007699300196910563,UN DESA
08_JPN,Japan,2008.0,Estimates,population_1jan,128128.861,0.0006431882017114976,UN DESA
08_JPN,Japan,2009.0,Estimates,population_1jan,128183.119,0.0004234643122287274,UN DESA
08_JPN,Japan,2010.0,Estimates,population_1jan,128201.82,0.00014589284568744532,UN DESA
08_JPN,Japan,2011.0,Estimates,population_1jan,128168.73,-0.0002581086602359006,UN DESA
08_JPN,Japan,2012.0,Estimates,population_1jan,128024.135,-0.0011281612917597439,UN DESA
08_JPN,Japan,2013.0,Estimates,population_1jan,127832.435,-0.0014973739131297625,UN DESA
08_JPN,Japan,2014.0,Estimates,population_1jan,127614.856,-0.0017020641122889035,UN DESA
08_JPN,Japan,2015.0,Estimates,population_1jan,127358.353,-0.002009977584427891,UN DESA
08_JPN,Japan,2016.0,Estimates,population_1jan,127193.392,-0.0012952507323960027,UN DESA
08_JPN,Japan,2017.0,Estimates,population_1jan,127126.51,-0.0005258292034543421,UN DESA
08_JPN,Japan,2018.0,Estimates,population_1jan,127002.87,-0.0009725744850542783,UN DESA
08_JPN,Japan,2019.0,Estimates,population_1jan,126823.995,-0.001408432738567278,UN DESA
08_JPN,Japan,2020.0,Estimates,population_1jan,126574.852,-0.0019644784096258805,UN DESA
08_JPN,Japan,2021.0,Estimates,population_1jan,126034.234,-0.004271132783943532,UN DESA
08_JPN,Japan,2022.0,Estimates,population_1jan,125324.442,-0.005631739706530858,UN DESA
08_JPN,Japan,2023.0,Estimates,population_1jan,124670.714,-0.005216284944639882,UN DESA
08_JPN,Japan,2024.0,High,population_1jan,124071.179,-0.004808948154415793,UN DESA
08_JPN,Japan,2025.0,High,population_1jan,123588.896,-0.003887147715425643,UN DESA
08_JPN,Japan,2026.0,High,population_1jan,123078.461,-0.0041301040507716325,UN DESA
08_JPN,Japan,2027.0,High,population_1jan,122540.948,-0.004367238553624642,UN DESA
08_JPN,Japan,2028.0,High,population_1jan,121988.95,-0.004504600372440493,UN DESA
08_JPN,Japan,2029.0,High,population_1jan,121424.523,-0.004626869892723873,UN DESA
08_JPN,Japan,2030.0,High,population_1jan,120944.317,-0.003954769499073918,UN DESA
08_JPN,Japan,2031.0,High,population_1jan,120453.133,-0.004061240843585834,UN DESA
08_JPN,Japan,2032.0,High,population_1jan,119956.365,-0.004124160058169624,UN DESA
08_JPN,Japan,2033.0,High,population_1jan,119453.524,-0.00419186593391685,UN DESA
08_JPN,Japan,2034.0,High,population_1jan,118949.895,-0.0042161083502233465,UN DESA
08_JPN,Japan,2035.0,High,population_1jan,118499.661,-0.003785072698046621,UN DESA
08_JPN,Japan,2036.0,High,population_1jan,118047.212,-0.003818145943894291,UN DESA
08_JPN,Japan,2037.0,High,population_1jan,117598.145,-0.003804130503310743,UN DESA
08_JPN,Japan,2038.0,High,population_1jan,117151.474,-0.003798282702503486,UN DESA
08_JPN,Japan,2039.0,High,population_1jan,116711.75,-0.0037534653639953452,UN DESA
08_JPN,Japan,2040.0,High,population_1jan,116274.57,-0.0037458096549832787,UN DESA
08_JPN,Japan,2041.0,High,population_1jan,115840.011,-0.0037373520280488126,UN DESA
08_JPN,Japan,2042.0,High,population_1jan,115402.241,-0.0037790914919716423,UN DESA
08_JPN,Japan,2043.0,High,population_1jan,114976.987,-0.003684971767575984,UN DESA
08_JPN,Japan,2044.0,High,population_1jan,114556.271,-0.003659132240089069,UN DESA
08_JPN,Japan,2045.0,High,population_1jan,114141.185,-0.00362342450899078,UN DESA
08_JPN,Japan,2046.0,High,population_1jan,113726.195,-0.0036357603962144935,UN DESA
08_JPN,Japan,2047.0,High,population_1jan,113317.815,-0.003590905331880667,UN DESA
08_JPN,Japan,2048.0,High,population_1jan,112914.679,-0.003557569478373712,UN DESA
08_JPN,Japan,2049.0,High,population_1jan,112518.74,-0.0035065325740332165,UN DESA
08_JPN,Japan,2050.0,High,population_1jan,112123.199,-0.003515334423403682,UN DESA
08_JPN,Japan,2051.0,High,population_1jan,111731.691,-0.003491766231179194,UN DESA
08_JPN,Japan,2052.0,High,population_1jan,111341.172,-0.0034951498228018574,UN DESA
08_JPN,Japan,2053.0,High,population_1jan,110944.53,-0.0035624018759207177,UN DESA
08_JPN,Japan,2054.0,High,population_1jan,110553.761,-0.0035222015902902637,UN DESA
08_JPN,Japan,2055.0,High,population_1jan,110150.611,-0.0036466421074539124,UN DESA
08_JPN,Japan,2056.0,High,population_1jan,109755.109,-0.0035905565698587383,UN DESA
08_JPN,Japan,2057.0,High,population_1jan,109352.724,-0.0036662074655676724,UN DESA
08_JPN,Japan,2058.0,High,population_1jan,108955.226,-0.003635007757099906,UN DESA
08_JPN,Japan,2059.0,High,population_1jan,108562.33,-0.0036060317106770823,UN DESA
08_JPN,Japan,2060.0,High,population_1jan,108164.614,-0.003663480693533394,UN DESA
08_JPN,Japan,2061.0,High,population_1jan,107777.779,-0.00357635446283755,UN DESA
08_JPN,Japan,2062.0,High,population_1jan,107401.638,-0.0034899680016600154,UN DESA
08_JPN,Japan,2063.0,High,population_1jan,107036.995,-0.003395134439197367,UN DESA
08_JPN,Japan,2064.0,High,population_1jan,106685.703,-0.00328196807094594,UN DESA
08_JPN,Japan,2065.0,High,population_1jan,106347.611,-0.003169046934058173,UN DESA
08_JPN,Japan,2066.0,High,population_1jan,106017.068,-0.00310813752083261,UN DESA
08_JPN,Japan,2067.0,High,population_1jan,105707.545,-0.0029195581979308827,UN DESA
08_JPN,Japan,2068.0,High,population_1jan,105419.724,-0.002722804696675074,UN DESA
08_JPN,Japan,2069.0,High,population_1jan,105145.403,-0.002602179076090172,UN DESA
08_JPN,Japan,2070.0,High,population_1jan,104895.893,-0.0023729996070299686,UN DESA
08_JPN,Japan,2071.0,High,population_1jan,104664.974,-0.0022014112602101177,UN DESA
08_JPN,Japan,2072.0,High,population_1jan,104468.992,-0.0018724697719793015,UN DESA
08_JPN,Japan,2073.0,High,population_1jan,104297.518,-0.0016413865656902393,UN DESA
08_JPN,Japan,2074.0,High,population_1jan,104149.369,-0.0014204460742774927,UN DESA
08_JPN,Japan,2075.0,High,population_1jan,104034.79,-0.0011001410867886863,UN DESA
08_JPN,Japan,2076.0,High,population_1jan,103948.753,-0.0008270021980146813,UN DESA
08_JPN,Japan,2077.0,High,population_1jan,103888.478,-0.0005798530358511744,UN DESA
08_JPN,Japan,2078.0,High,population_1jan,103849.438,-0.00037578758252676536,UN DESA
08_JPN,Japan,2079.0,High,population_1jan,103834.805,-0.00014090591419479992,UN DESA
08_JPN,Japan,2080.0,High,population_1jan,103841.469,6.417886565102116e-05,UN DESA
08_JPN,Japan,2081.0,High,population_1jan,103863.065,0.00020797086374035878,UN DESA
08_JPN,Japan,2082.0,High,population_1jan,103904.159,0.00039565556822340753,UN DESA
08_JPN,Japan,2083.0,High,population_1jan,103956.67,0.0005053791927616125,UN DESA
08_JPN,Japan,2084.0,High,population_1jan,104023.609,0.0006439125070090146,UN DESA
08_JPN,Japan,2085.0,High,population_1jan,104097.432,0.0007096754353139723,UN DESA
08_JPN,Japan,2086.0,High,population_1jan,104180.517,0.0007981464902997448,UN DESA
08_JPN,Japan,2087.0,High,population_1jan,104274.125,0.0008985173302604732,UN DESA
08_JPN,Japan,2088.0,High,population_1jan,104379.628,0.0010117850425501729,UN DESA
08_JPN,Japan,2089.0,High,population_1jan,104494.488,0.0011004062976733842,UN DESA
08_JPN,Japan,2090.0,High,population_1jan,104615.603,0.0011590563513743657,UN DESA
08_JPN,Japan,2091.0,High,population_1jan,104745.556,0.001242195201035079,UN DESA
08_JPN,Japan,2092.0,High,population_1jan,104884.446,0.0013259751086718286,UN DESA
08_JPN,Japan,2093.0,High,population_1jan,105027.091,0.001360020531547601,UN DESA
08_JPN,Japan,2094.0,High,population_1jan,105180.583,0.0014614515030222375,UN DESA
08_JPN,Japan,2095.0,High,population_1jan,105346.17,0.0015743114867503571,UN DESA
08_JPN,Japan,2096.0,High,population_1jan,105520.001,0.00165009321174181,UN DESA
08_JPN,Japan,2097.0,High,population_1jan,105700.755,0.0017129833044637888,UN DESA
08_JPN,Japan,2098.0,High,population_1jan,105896.328,0.001850251684578641,UN DESA
08_JPN,Japan,2099.0,High,population_1jan,106099.486,0.001918461233141322,UN DESA
08_JPN,Japan,2100.0,High,population_1jan,106306.267,0.001948934983530437,UN DESA
09_ROK,Korea,1950.0,Estimates,population_1jan,19757.089,,UN DESA
09_ROK,Korea,1951.0,Estimates,population_1jan,19757.554,2.353585591485796e-05,UN DESA
09_ROK,Korea,1952.0,Estimates,population_1jan,19980.426,0.011280343710562413,UN DESA
09_ROK,Korea,1953.0,Estimates,population_1jan,20479.333,0.02496978793144855,UN DESA
09_ROK,Korea,1954.0,Estimates,population_1jan,21071.317,0.028906410184355247,UN DESA
09_ROK,Korea,1955.0,Estimates,population_1jan,21759.829,0.0326753187757558,UN DESA
09_ROK,Korea,1956.0,Estimates,population_1jan,22490.376,0.03357319581877216,UN DESA
09_ROK,Korea,1957.0,Estimates,population_1jan,23258.492,0.034153097307043634,UN DESA
09_ROK,Korea,1958.0,Estimates,population_1jan,24063.091,0.03459377331943969,UN DESA
09_ROK,Korea,1959.0,Estimates,population_1jan,24884.763,0.03414656911699332,UN DESA
09_ROK,Korea,1960.0,Estimates,population_1jan,25711.703,0.03323077660012275,UN DESA
09_ROK,Korea,1961.0,Estimates,population_1jan,26519.056,0.031400214913807956,UN DESA
09_ROK,Korea,1962.0,Estimates,population_1jan,27186.846,0.02518151475678465,UN DESA
09_ROK,Korea,1963.0,Estimates,population_1jan,27831.628,0.023716690049297995,UN DESA
09_ROK,Korea,1964.0,Estimates,population_1jan,28459.452,0.02255793301060227,UN DESA
09_ROK,Korea,1965.0,Estimates,population_1jan,29030.502,0.020065389874688977,UN DESA
09_ROK,Korea,1966.0,Estimates,population_1jan,29538.173,0.017487503316339525,UN DESA
09_ROK,Korea,1967.0,Estimates,population_1jan,30153.708,0.020838628035660944,UN DESA
09_ROK,Korea,1968.0,Estimates,population_1jan,30837.748,0.022685103934813045,UN DESA
09_ROK,Korea,1969.0,Estimates,population_1jan,31512.832,0.021891481829347637,UN DESA
09_ROK,Korea,1970.0,Estimates,population_1jan,32192.69,0.02157400515447172,UN DESA
09_ROK,Korea,1971.0,Estimates,population_1jan,32891.704,0.02171343867194686,UN DESA
09_ROK,Korea,1972.0,Estimates,population_1jan,33588.002,0.021169410985821813,UN DESA
09_ROK,Korea,1973.0,Estimates,population_1jan,34284.929,0.020749284223574804,UN DESA
09_ROK,Korea,1974.0,Estimates,population_1jan,34966.77,0.019887484672930222,UN DESA
09_ROK,Korea,1975.0,Estimates,population_1jan,35608.904,0.01836412113558117,UN DESA
09_ROK,Korea,1976.0,Estimates,population_1jan,36142.581,0.014987178487717356,UN DESA
09_ROK,Korea,1977.0,Estimates,population_1jan,36617.269,0.013133760425134033,UN DESA
09_ROK,Korea,1978.0,Estimates,population_1jan,37070.005,0.012364002350912617,UN DESA
09_ROK,Korea,1979.0,Estimates,population_1jan,37493.865,0.011434042158882995,UN DESA
09_ROK,Korea,1980.0,Estimates,population_1jan,37927.933,0.011577040670520455,UN DESA
09_ROK,Korea,1981.0,Estimates,population_1jan,38354.28,0.011240976406491798,UN DESA
09_ROK,Korea,1982.0,Estimates,population_1jan,39024.098,0.017463970122760797,UN DESA
09_ROK,Korea,1983.0,Estimates,population_1jan,39688.211,0.017018023068720467,UN DESA
09_ROK,Korea,1984.0,Estimates,population_1jan,40313.671,0.01575933971929344,UN DESA
09_ROK,Korea,1985.0,Estimates,population_1jan,40882.93,0.014120743308144723,UN DESA
09_ROK,Korea,1986.0,Estimates,population_1jan,41414.996,0.013014380329394282,UN DESA
09_ROK,Korea,1987.0,Estimates,population_1jan,42022.013,0.014656937308408668,UN DESA
09_ROK,Korea,1988.0,Estimates,population_1jan,42622.17,0.014281966930046908,UN DESA
09_ROK,Korea,1989.0,Estimates,population_1jan,43223.784,0.014115048576832212,UN DESA
09_ROK,Korea,1990.0,Estimates,population_1jan,43825.75,0.013926730709185486,UN DESA
09_ROK,Korea,1991.0,Estimates,population_1jan,44337.104,0.01166788931164886,UN DESA
09_ROK,Korea,1992.0,Estimates,population_1jan,44541.196,0.004603187434163658,UN DESA
09_ROK,Korea,1993.0,Estimates,population_1jan,44766.194,0.005051458429629951,UN DESA
09_ROK,Korea,1994.0,Estimates,population_1jan,45009.253,0.005429521214155297,UN DESA
09_ROK,Korea,1995.0,Estimates,population_1jan,45252.428,0.005402777957679072,UN DESA
09_ROK,Korea,1996.0,Estimates,population_1jan,45484.423,0.005126686241012424,UN DESA
09_ROK,Korea,1997.0,Estimates,population_1jan,45792.976,0.006783707028667818,UN DESA
09_ROK,Korea,1998.0,Estimates,population_1jan,46090.097,0.006488353148308201,UN DESA
09_ROK,Korea,1999.0,Estimates,population_1jan,46371.658,0.006108926175616425,UN DESA
09_ROK,Korea,2000.0,Estimates,population_1jan,46629.108,0.005551882574481137,UN DESA
09_ROK,Korea,2001.0,Estimates,population_1jan,46904.214,0.005899876960974604,UN DESA
09_ROK,Korea,2002.0,Estimates,population_1jan,47182.722,0.00593780337092964,UN DESA
09_ROK,Korea,2003.0,Estimates,population_1jan,47415.519,0.004933945947416918,UN DESA
09_ROK,Korea,2004.0,Estimates,population_1jan,47612.802,0.004160726364716316,UN DESA
09_ROK,Korea,2005.0,Estimates,population_1jan,47781.349,0.00353995129293172,UN DESA
09_ROK,Korea,2006.0,Estimates,population_1jan,47921.939,0.0029423614640933238,UN DESA
09_ROK,Korea,2007.0,Estimates,population_1jan,48091.096,0.0035298446500673375,UN DESA
09_ROK,Korea,2008.0,Estimates,population_1jan,48265.141,0.0036190691100075334,UN DESA
09_ROK,Korea,2009.0,Estimates,population_1jan,48447.845,0.0037854235212946286,UN DESA
09_ROK,Korea,2010.0,Estimates,population_1jan,48645.528,0.00408032596702701,UN DESA
09_ROK,Korea,2011.0,Estimates,population_1jan,48893.137,0.005090067066391146,UN DESA
09_ROK,Korea,2012.0,Estimates,population_1jan,49362.15,0.009592614194503302,UN DESA
09_ROK,Korea,2013.0,Estimates,population_1jan,49837.009,0.009619901078052662,UN DESA
09_ROK,Korea,2014.0,Estimates,population_1jan,50305.32,0.009396852046237303,UN DESA
09_ROK,Korea,2015.0,Estimates,population_1jan,50772.791,0.009292675208109058,UN DESA
09_ROK,Korea,2016.0,Estimates,population_1jan,51195.032,0.008316284996032763,UN DESA
09_ROK,Korea,2017.0,Estimates,population_1jan,51400.646,0.004016288142958846,UN DESA
09_ROK,Korea,2018.0,Estimates,population_1jan,51571.895,0.003331650734506253,UN DESA
09_ROK,Korea,2019.0,Estimates,population_1jan,51709.893,0.0026758372947126574,UN DESA
09_ROK,Korea,2020.0,Estimates,population_1jan,51825.799,0.0022414666377283954,UN DESA
09_ROK,Korea,2021.0,Estimates,population_1jan,51891.164,0.001261244423843788,UN DESA
09_ROK,Korea,2022.0,Estimates,population_1jan,51805.631,-0.0016483153085561364,UN DESA
09_ROK,Korea,2023.0,Estimates,population_1jan,51759.392,-0.0008925477618446642,UN DESA
09_ROK,Korea,2024.0,High,population_1jan,51738.086,-0.00041163543806688185,UN DESA
09_ROK,Korea,2025.0,High,population_1jan,51779.054,0.0007918344718047532,UN DESA
09_ROK,Korea,2026.0,High,population_1jan,51800.774,0.0004194746393011428,UN DESA
09_ROK,Korea,2027.0,High,population_1jan,51809.354,0.00016563459071106124,UN DESA
09_ROK,Korea,2028.0,High,population_1jan,51800.924,-0.00016271193035910514,UN DESA
09_ROK,Korea,2029.0,High,population_1jan,51781.038,-0.00038389276608263856,UN DESA
09_ROK,Korea,2030.0,High,population_1jan,51791.454,0.00020115471613357805,UN DESA
09_ROK,Korea,2031.0,High,population_1jan,51784.926,-0.00012604396084336944,UN DESA
09_ROK,Korea,2032.0,High,population_1jan,51760.975,-0.00046250910931111555,UN DESA
09_ROK,Korea,2033.0,High,population_1jan,51716.101,-0.0008669465750982264,UN DESA
09_ROK,Korea,2034.0,High,population_1jan,51645.841,-0.0013585710956826036,UN DESA
09_ROK,Korea,2035.0,High,population_1jan,51582.154,-0.0012331486672856329,UN DESA
09_ROK,Korea,2036.0,High,population_1jan,51496.209,-0.0016661770270391951,UN DESA
09_ROK,Korea,2037.0,High,population_1jan,51388.781,-0.0020861341463018768,UN DESA
09_ROK,Korea,2038.0,High,population_1jan,51258.265,-0.0025397761429679644,UN DESA
09_ROK,Korea,2039.0,High,population_1jan,51106.778,-0.0029553672954010235,UN DESA
09_ROK,Korea,2040.0,High,population_1jan,50937.5,-0.0033122416756540263,UN DESA
09_ROK,Korea,2041.0,High,population_1jan,50754.342,-0.0035957398773006632,UN DESA
09_ROK,Korea,2042.0,High,population_1jan,50552.015,-0.0039863978534092626,UN DESA
09_ROK,Korea,2043.0,High,population_1jan,50341.656,-0.0041612386766382015,UN DESA
09_ROK,Korea,2044.0,High,population_1jan,50117.328,-0.0044561108597619414,UN DESA
09_ROK,Korea,2045.0,High,population_1jan,49875.191,-0.004831402823390785,UN DESA
09_ROK,Korea,2046.0,High,population_1jan,49619.303,-0.005130566818280391,UN DESA
09_ROK,Korea,2047.0,High,population_1jan,49350.934,-0.005408560454789102,UN DESA
09_ROK,Korea,2048.0,High,population_1jan,49057.107,-0.005953828553680429,UN DESA
09_ROK,Korea,2049.0,High,population_1jan,48743.857,-0.006385415267149752,UN DESA
09_ROK,Korea,2050.0,High,population_1jan,48406.346,-0.0069241750811800395,UN DESA
09_ROK,Korea,2051.0,High,population_1jan,48050.263,-0.007356122273720067,UN DESA
09_ROK,Korea,2052.0,High,population_1jan,47670.251,-0.007908635172298673,UN DESA
09_ROK,Korea,2053.0,High,population_1jan,47268.258,-0.008432785470334436,UN DESA
09_ROK,Korea,2054.0,High,population_1jan,46856.475,-0.008711617847224296,UN DESA
09_ROK,Korea,2055.0,High,population_1jan,46439.306,-0.008903123847878058,UN DESA
09_ROK,Korea,2056.0,High,population_1jan,46011.161,-0.009219453021110935,UN DESA
09_ROK,Korea,2057.0,High,population_1jan,45575.724,-0.009463725551285274,UN DESA
09_ROK,Korea,2058.0,High,population_1jan,45132.688,-0.009720876842241766,UN DESA
09_ROK,Korea,2059.0,High,population_1jan,44688.328,-0.0098456356067248,UN DESA
09_ROK,Korea,2060.0,High,population_1jan,44252.916,-0.009743304784193385,UN DESA
09_ROK,Korea,2061.0,High,population_1jan,43822.288,-0.009731064954002111,UN DESA
09_ROK,Korea,2062.0,High,population_1jan,43407.866,-0.009456877285823118,UN DESA
09_ROK,Korea,2063.0,High,population_1jan,42996.816,-0.009469481867641294,UN DESA
09_ROK,Korea,2064.0,High,population_1jan,42598.592,-0.009261709053061118,UN DESA
09_ROK,Korea,2065.0,High,population_1jan,42209.868,-0.009125278131258296,UN DESA
09_ROK,Korea,2066.0,High,population_1jan,41832.319,-0.008944567180356966,UN DESA
09_ROK,Korea,2067.0,High,population_1jan,41465.304,-0.008773479662937289,UN DESA
09_ROK,Korea,2068.0,High,population_1jan,41105.543,-0.008676193474910998,UN DESA
09_ROK,Korea,2069.0,High,population_1jan,40755.908,-0.008505787163546108,UN DESA
09_ROK,Korea,2070.0,High,population_1jan,40405.543,-0.008596667751826437,UN DESA
09_ROK,Korea,2071.0,High,population_1jan,40062.375,-0.008493092148272763,UN DESA
09_ROK,Korea,2072.0,High,population_1jan,39726.733,-0.008377985578738145,UN DESA
09_ROK,Korea,2073.0,High,population_1jan,39398.052,-0.008273547185468244,UN DESA
09_ROK,Korea,2074.0,High,population_1jan,39077.744,-0.008130046632762622,UN DESA
09_ROK,Korea,2075.0,High,population_1jan,38762.266,-0.00807308630713166,UN DESA
09_ROK,Korea,2076.0,High,population_1jan,38453.672,-0.007961196076617494,UN DESA
09_ROK,Korea,2077.0,High,population_1jan,38149.62,-0.007906969196595726,UN DESA
09_ROK,Korea,2078.0,High,population_1jan,37850.175,-0.007849226283250021,UN DESA
09_ROK,Korea,2079.0,High,population_1jan,37556.201,-0.007766780470631951,UN DESA
09_ROK,Korea,2080.0,High,population_1jan,37266.896,-0.007703255182812563,UN DESA
09_ROK,Korea,2081.0,High,population_1jan,36979.562,-0.007710167221869013,UN DESA
09_ROK,Korea,2082.0,High,population_1jan,36692.431,-0.00776458628687926,UN DESA
09_ROK,Korea,2083.0,High,population_1jan,36410.967,-0.0076709008460082995,UN DESA
09_ROK,Korea,2084.0,High,population_1jan,36131.132,-0.0076854591639931025,UN DESA
09_ROK,Korea,2085.0,High,population_1jan,35856.041,-0.0076136834018928345,UN DESA
09_ROK,Korea,2086.0,High,population_1jan,35581.078,-0.007668526483445182,UN DESA
09_ROK,Korea,2087.0,High,population_1jan,35309.647,-0.0076285209796062015,UN DESA
09_ROK,Korea,2088.0,High,population_1jan,35040.08,-0.007634372555466062,UN DESA
09_ROK,Korea,2089.0,High,population_1jan,34776.323,-0.00752729445823197,UN DESA
09_ROK,Korea,2090.0,High,population_1jan,34517.348,-0.007446877003069008,UN DESA
09_ROK,Korea,2091.0,High,population_1jan,34265.535,-0.007295259183874525,UN DESA
09_ROK,Korea,2092.0,High,population_1jan,34022.167,-0.007102413547606989,UN DESA
09_ROK,Korea,2093.0,High,population_1jan,33788.466,-0.006869080385150106,UN DESA
09_ROK,Korea,2094.0,High,population_1jan,33566.643,-0.00656505092595816,UN DESA
09_ROK,Korea,2095.0,High,population_1jan,33357.74,-0.006223529710730924,UN DESA
09_ROK,Korea,2096.0,High,population_1jan,33160.875,-0.0059016288273725515,UN DESA
09_ROK,Korea,2097.0,High,population_1jan,32979.915,-0.005457033326171201,UN DESA
09_ROK,Korea,2098.0,High,population_1jan,32811.931,-0.0050935243465607405,UN DESA
09_ROK,Korea,2099.0,High,population_1jan,32654.73,-0.0047909706990423295,UN DESA
09_ROK,Korea,2100.0,High,population_1jan,32510.442,-0.004418594182221125,UN DESA
10_MAS,Malaysia,1950.0,Estimates,population_1jan,6020.288,,UN DESA
10_MAS,Malaysia,1951.0,Estimates,population_1jan,6176.279,0.025910886655256427,UN DESA
10_MAS,Malaysia,1952.0,Estimates,population_1jan,6338.555,0.026274072139552018,UN DESA
10_MAS,Malaysia,1953.0,Estimates,population_1jan,6507.137,0.026596282591221376,UN DESA
10_MAS,Malaysia,1954.0,Estimates,population_1jan,6680.749,0.026680243554116023,UN DESA
10_MAS,Malaysia,1955.0,Estimates,population_1jan,6864.007,0.027430756641208864,UN DESA
10_MAS,Malaysia,1956.0,Estimates,population_1jan,7055.919,0.027959178946058705,UN DESA
10_MAS,Malaysia,1957.0,Estimates,population_1jan,7257.332,0.0285452539917197,UN DESA
10_MAS,Malaysia,1958.0,Estimates,population_1jan,7468.312,0.029071289559303493,UN DESA
10_MAS,Malaysia,1959.0,Estimates,population_1jan,7657.445,0.025324732014409657,UN DESA
10_MAS,Malaysia,1960.0,Estimates,population_1jan,7854.127,0.025685068583581216,UN DESA
10_MAS,Malaysia,1961.0,Estimates,population_1jan,8058.267,0.02599143100181589,UN DESA
10_MAS,Malaysia,1962.0,Estimates,population_1jan,8270.618,0.02635194391052087,UN DESA
10_MAS,Malaysia,1963.0,Estimates,population_1jan,8489.725,0.026492216180217687,UN DESA
10_MAS,Malaysia,1964.0,Estimates,population_1jan,8714.596,0.026487430393799416,UN DESA
10_MAS,Malaysia,1965.0,Estimates,population_1jan,8942.217,0.02611951259702705,UN DESA
10_MAS,Malaysia,1966.0,Estimates,population_1jan,9170.599,0.025539751495630147,UN DESA
10_MAS,Malaysia,1967.0,Estimates,population_1jan,9398.777,0.024881471755552775,UN DESA
10_MAS,Malaysia,1968.0,Estimates,population_1jan,9615.421,0.023050233024998867,UN DESA
10_MAS,Malaysia,1969.0,Estimates,population_1jan,9835.142,0.022850897532203707,UN DESA
10_MAS,Malaysia,1970.0,Estimates,population_1jan,10060.053,0.022868098904926804,UN DESA
10_MAS,Malaysia,1971.0,Estimates,population_1jan,10297.551,0.02360802671715545,UN DESA
10_MAS,Malaysia,1972.0,Estimates,population_1jan,10549.356,0.024452901471427646,UN DESA
10_MAS,Malaysia,1973.0,Estimates,population_1jan,10804.315,0.02416820514920537,UN DESA
10_MAS,Malaysia,1974.0,Estimates,population_1jan,11066.927,0.02430621469292582,UN DESA
10_MAS,Malaysia,1975.0,Estimates,population_1jan,11334.885,0.024212502711909112,UN DESA
10_MAS,Malaysia,1976.0,Estimates,population_1jan,11608.942,0.024178189721377752,UN DESA
10_MAS,Malaysia,1977.0,Estimates,population_1jan,11891.253,0.024318409033312616,UN DESA
10_MAS,Malaysia,1978.0,Estimates,population_1jan,12180.173,0.02429685080285493,UN DESA
10_MAS,Malaysia,1979.0,Estimates,population_1jan,12476.142,0.02429924435391828,UN DESA
10_MAS,Malaysia,1980.0,Estimates,population_1jan,12779.583,0.024321701372106874,UN DESA
10_MAS,Malaysia,1981.0,Estimates,population_1jan,13187.143,0.03189149442513095,UN DESA
10_MAS,Malaysia,1982.0,Estimates,population_1jan,13611.263,0.03216162894419217,UN DESA
10_MAS,Malaysia,1983.0,Estimates,population_1jan,14054.333,0.03255171838204873,UN DESA
10_MAS,Malaysia,1984.0,Estimates,population_1jan,14517.482,0.03295417861523564,UN DESA
10_MAS,Malaysia,1985.0,Estimates,population_1jan,15000.536,0.033273952053117783,UN DESA
10_MAS,Malaysia,1986.0,Estimates,population_1jan,15503.981,0.03356180072498738,UN DESA
10_MAS,Malaysia,1987.0,Estimates,population_1jan,16016.858,0.03308034239722035,UN DESA
10_MAS,Malaysia,1988.0,Estimates,population_1jan,16536.615,0.03245062171369706,UN DESA
10_MAS,Malaysia,1989.0,Estimates,population_1jan,17056.594,0.03144410146816612,UN DESA
10_MAS,Malaysia,1990.0,Estimates,population_1jan,17573.4,0.030299484176031788,UN DESA
10_MAS,Malaysia,1991.0,Estimates,population_1jan,18092.942,0.029564113944939407,UN DESA
10_MAS,Malaysia,1992.0,Estimates,population_1jan,18591.985,0.02758219199508849,UN DESA
10_MAS,Malaysia,1993.0,Estimates,population_1jan,19077.16,0.026095922517149095,UN DESA
10_MAS,Malaysia,1994.0,Estimates,population_1jan,19568.169,0.025738055349957767,UN DESA
10_MAS,Malaysia,1995.0,Estimates,population_1jan,20072.723,0.02578442571709183,UN DESA
10_MAS,Malaysia,1996.0,Estimates,population_1jan,20588.474,0.025694122317136303,UN DESA
10_MAS,Malaysia,1997.0,Estimates,population_1jan,21111.7,0.025413539633874827,UN DESA
10_MAS,Malaysia,1998.0,Estimates,population_1jan,21638.737,0.02496421415613148,UN DESA
10_MAS,Malaysia,1999.0,Estimates,population_1jan,22174.688,0.024768127640721227,UN DESA
10_MAS,Malaysia,2000.0,Estimates,population_1jan,22696.373,0.023526148372414513,UN DESA
10_MAS,Malaysia,2001.0,Estimates,population_1jan,23239.259,0.023919504671517267,UN DESA
10_MAS,Malaysia,2002.0,Estimates,population_1jan,23813.818,0.024723636842293617,UN DESA
10_MAS,Malaysia,2003.0,Estimates,population_1jan,24391.135,0.024242941640017612,UN DESA
10_MAS,Malaysia,2004.0,Estimates,population_1jan,24968.069,0.02365342982194152,UN DESA
10_MAS,Malaysia,2005.0,Estimates,population_1jan,25545.476,0.023125817218784483,UN DESA
10_MAS,Malaysia,2006.0,Estimates,population_1jan,26126.667,0.02275123000252588,UN DESA
10_MAS,Malaysia,2007.0,Estimates,population_1jan,26709.151,0.022294615689020025,UN DESA
10_MAS,Malaysia,2008.0,Estimates,population_1jan,27287.626,0.02165830729700091,UN DESA
10_MAS,Malaysia,2009.0,Estimates,population_1jan,27852.492,0.020700444956259556,UN DESA
10_MAS,Malaysia,2010.0,Estimates,population_1jan,28397.063,0.019551966840166468,UN DESA
10_MAS,Malaysia,2011.0,Estimates,population_1jan,28914.49,0.018221144912063725,UN DESA
10_MAS,Malaysia,2012.0,Estimates,population_1jan,29409.588,0.017122833568912865,UN DESA
10_MAS,Malaysia,2013.0,Estimates,population_1jan,29916.074,0.01722179855086714,UN DESA
10_MAS,Malaysia,2014.0,Estimates,population_1jan,30432.455,0.017260988189827353,UN DESA
10_MAS,Malaysia,2015.0,Estimates,population_1jan,30959.818,0.01732896672319062,UN DESA
10_MAS,Malaysia,2016.0,Estimates,population_1jan,31505.777,0.017634438290302645,UN DESA
10_MAS,Malaysia,2017.0,Estimates,population_1jan,32073.594,0.018022631214586582,UN DESA
10_MAS,Malaysia,2018.0,Estimates,population_1jan,32637.695,0.017587707819709752,UN DESA
10_MAS,Malaysia,2019.0,Estimates,population_1jan,33184.239,0.016745790411976103,UN DESA
10_MAS,Malaysia,2020.0,Estimates,population_1jan,33696.952,0.015450497448502576,UN DESA
10_MAS,Malaysia,2021.0,Estimates,population_1jan,34082.165,0.011431686759087345,UN DESA
10_MAS,Malaysia,2022.0,Estimates,population_1jan,34482.632,0.011750045808416099,UN DESA
10_MAS,Malaysia,2023.0,Estimates,population_1jan,34908.354,0.012345983334450805,UN DESA
10_MAS,Malaysia,2024.0,High,population_1jan,35344.242,0.012486638585136323,UN DESA
10_MAS,Malaysia,2025.0,High,population_1jan,35842.013,0.01408351040602307,UN DESA
10_MAS,Malaysia,2026.0,High,population_1jan,36326.965,0.013530266840760197,UN DESA
10_MAS,Malaysia,2027.0,High,population_1jan,36800.129,0.013025145370663571,UN DESA
10_MAS,Malaysia,2028.0,High,population_1jan,37271.624,0.012812319217685442,UN DESA
10_MAS,Malaysia,2029.0,High,population_1jan,37741.305,0.012601570567464249,UN DESA
10_MAS,Malaysia,2030.0,High,population_1jan,38245.837,0.013368165197255255,UN DESA
10_MAS,Malaysia,2031.0,High,population_1jan,38752.822,0.013255952536742832,UN DESA
10_MAS,Malaysia,2032.0,High,population_1jan,39255.915,0.012982099729408114,UN DESA
10_MAS,Malaysia,2033.0,High,population_1jan,39753.174,0.01266711016670996,UN DESA
10_MAS,Malaysia,2034.0,High,population_1jan,40235.129,0.01212368602315883,UN DESA
10_MAS,Malaysia,2035.0,High,population_1jan,40744.53,0.012660603126188441,UN DESA
10_MAS,Malaysia,2036.0,High,population_1jan,41251.636,0.012445989682541514,UN DESA
10_MAS,Malaysia,2037.0,High,population_1jan,41752.152,0.012133240000469447,UN DESA
10_MAS,Malaysia,2038.0,High,population_1jan,42246.827,0.011847892295467677,UN DESA
10_MAS,Malaysia,2039.0,High,population_1jan,42739.596,0.011664047574507785,UN DESA
10_MAS,Malaysia,2040.0,High,population_1jan,43218.341,0.011201439526943746,UN DESA
10_MAS,Malaysia,2041.0,High,population_1jan,43694.362,0.01101432838433114,UN DESA
10_MAS,Malaysia,2042.0,High,population_1jan,44164.127,0.010751158238676117,UN DESA
10_MAS,Malaysia,2043.0,High,population_1jan,44634.202,0.010643819586878767,UN DESA
10_MAS,Malaysia,2044.0,High,population_1jan,45094.806,0.010319530301001079,UN DESA
10_MAS,Malaysia,2045.0,High,population_1jan,45537.331,0.009813214408772586,UN DESA
10_MAS,Malaysia,2046.0,High,population_1jan,45968.409,0.009466474879698206,UN DESA
10_MAS,Malaysia,2047.0,High,population_1jan,46392.841,0.009233123556658285,UN DESA
10_MAS,Malaysia,2048.0,High,population_1jan,46806.212,0.008910232507640448,UN DESA
10_MAS,Malaysia,2049.0,High,population_1jan,47200.874,0.008431829518697365,UN DESA
10_MAS,Malaysia,2050.0,High,population_1jan,47582.971,0.008095125526700997,UN DESA
10_MAS,Malaysia,2051.0,High,population_1jan,47962.876,0.007984053791008527,UN DESA
10_MAS,Malaysia,2052.0,High,population_1jan,48328.68,0.0076268153727896415,UN DESA
10_MAS,Malaysia,2053.0,High,population_1jan,48689.062,0.007456897229553894,UN DESA
10_MAS,Malaysia,2054.0,High,population_1jan,49043.53,0.0072802388347510405,UN DESA
10_MAS,Malaysia,2055.0,High,population_1jan,49385.987,0.006982715151213625,UN DESA
10_MAS,Malaysia,2056.0,High,population_1jan,49716.285,0.006688091502555116,UN DESA
10_MAS,Malaysia,2057.0,High,population_1jan,50046.803,0.006648083218607326,UN DESA
10_MAS,Malaysia,2058.0,High,population_1jan,50373.988,0.006537580432460333,UN DESA
10_MAS,Malaysia,2059.0,High,population_1jan,50700.008,0.0064719910601480635,UN DESA
10_MAS,Malaysia,2060.0,High,population_1jan,51029.923,0.006507198184268592,UN DESA
10_MAS,Malaysia,2061.0,High,population_1jan,51353.109,0.0063332645044358316,UN DESA
10_MAS,Malaysia,2062.0,High,population_1jan,51676.182,0.00629120624420243,UN DESA
10_MAS,Malaysia,2063.0,High,population_1jan,51991.721,0.006106081908295646,UN DESA
10_MAS,Malaysia,2064.0,High,population_1jan,52302.801,0.005983260296384518,UN DESA
10_MAS,Malaysia,2065.0,High,population_1jan,52618.449,0.006035011394514012,UN DESA
10_MAS,Malaysia,2066.0,High,population_1jan,52924.105,0.005808913143753092,UN DESA
10_MAS,Malaysia,2067.0,High,population_1jan,53225.39,0.0056927745873074365,UN DESA
10_MAS,Malaysia,2068.0,High,population_1jan,53523.161,0.005594529227498368,UN DESA
10_MAS,Malaysia,2069.0,High,population_1jan,53817.136,0.005492482030349466,UN DESA
10_MAS,Malaysia,2070.0,High,population_1jan,54113.332,0.005503748843119549,UN DESA
10_MAS,Malaysia,2071.0,High,population_1jan,54404.592,0.0053824074259554155,UN DESA
10_MAS,Malaysia,2072.0,High,population_1jan,54693.089,0.0053028060572535285,UN DESA
10_MAS,Malaysia,2073.0,High,population_1jan,54973.485,0.0051267171982185555,UN DESA
10_MAS,Malaysia,2074.0,High,population_1jan,55242.097,0.004886210142944325,UN DESA
10_MAS,Malaysia,2075.0,High,population_1jan,55508.99,0.004831333611394095,UN DESA
10_MAS,Malaysia,2076.0,High,population_1jan,55767.979,0.00466571270707683,UN DESA
10_MAS,Malaysia,2077.0,High,population_1jan,56026.773,0.004640548297437874,UN DESA
10_MAS,Malaysia,2078.0,High,population_1jan,56266.348,0.004276080651655523,UN DESA
10_MAS,Malaysia,2079.0,High,population_1jan,56498.878,0.004132665585475648,UN DESA
10_MAS,Malaysia,2080.0,High,population_1jan,56725.035,0.004002858251450636,UN DESA
10_MAS,Malaysia,2081.0,High,population_1jan,56937.801,0.0037508306517570755,UN DESA
10_MAS,Malaysia,2082.0,High,population_1jan,57153.317,0.003785112811083069,UN DESA
10_MAS,Malaysia,2083.0,High,population_1jan,57363.169,0.003671737897557259,UN DESA
10_MAS,Malaysia,2084.0,High,population_1jan,57567.529,0.003562564683272651,UN DESA
10_MAS,Malaysia,2085.0,High,population_1jan,57775.082,0.003605383166611187,UN DESA
10_MAS,Malaysia,2086.0,High,population_1jan,57983.048,0.003599579486533555,UN DESA
10_MAS,Malaysia,2087.0,High,population_1jan,58185.52,0.0034919171548206673,UN DESA
10_MAS,Malaysia,2088.0,High,population_1jan,58390.821,0.0035283864439126233,UN DESA
10_MAS,Malaysia,2089.0,High,population_1jan,58598.451,0.0035558671113735674,UN DESA
10_MAS,Malaysia,2090.0,High,population_1jan,58810.546,0.003619464275600004,UN DESA
10_MAS,Malaysia,2091.0,High,population_1jan,59024.842,0.003643836260251554,UN DESA
10_MAS,Malaysia,2092.0,High,population_1jan,59244.609,0.0037232967095448544,UN DESA
10_MAS,Malaysia,2093.0,High,population_1jan,59467.538,0.0037628571403012234,UN DESA
10_MAS,Malaysia,2094.0,High,population_1jan,59691.807,0.003771284427480426,UN DESA
10_MAS,Malaysia,2095.0,High,population_1jan,59923.726,0.003885273568615677,UN DESA
10_MAS,Malaysia,2096.0,High,population_1jan,60158.219,0.003913191245817904,UN DESA
10_MAS,Malaysia,2097.0,High,population_1jan,60395.628,0.003946410049140647,UN DESA
10_MAS,Malaysia,2098.0,High,population_1jan,60639.87,0.004044034445672251,UN DESA
10_MAS,Malaysia,2099.0,High,population_1jan,60891.169,0.004144121680999646,UN DESA
10_MAS,Malaysia,2100.0,High,population_1jan,61144.352,0.004157959260069344,UN DESA
11_MEX,Mexico,1950.0,Estimates,population_1jan,27231.56,,UN DESA
11_MEX,Mexico,1951.0,Estimates,population_1jan,27944.318,0.026173968733337327,UN DESA
11_MEX,Mexico,1952.0,Estimates,population_1jan,28696.647,0.026922431959155446,UN DESA
11_MEX,Mexico,1953.0,Estimates,population_1jan,29483.698,0.027426584018683364,UN DESA
11_MEX,Mexico,1954.0,Estimates,population_1jan,30314.769,0.02818747499041674,UN DESA
11_MEX,Mexico,1955.0,Estimates,population_1jan,31191.241,0.028912376010518326,UN DESA
11_MEX,Mexico,1956.0,Estimates,population_1jan,32109.959,0.02945435867716828,UN DESA
11_MEX,Mexico,1957.0,Estimates,population_1jan,33065.91,0.0297711685025821,UN DESA
11_MEX,Mexico,1958.0,Estimates,population_1jan,34059.537,0.030049891262632578,UN DESA
11_MEX,Mexico,1959.0,Estimates,population_1jan,35090.599,0.03027234339679974,UN DESA
11_MEX,Mexico,1960.0,Estimates,population_1jan,36163.932,0.030587480139623757,UN DESA
11_MEX,Mexico,1961.0,Estimates,population_1jan,37285.297,0.03100782846290051,UN DESA
11_MEX,Mexico,1962.0,Estimates,population_1jan,38494.939,0.03244286883379255,UN DESA
11_MEX,Mexico,1963.0,Estimates,population_1jan,39763.462,0.03295298116981038,UN DESA
11_MEX,Mexico,1964.0,Estimates,population_1jan,41084.667,0.03322660889034257,UN DESA
11_MEX,Mexico,1965.0,Estimates,population_1jan,42459.431,0.03346172916528678,UN DESA
11_MEX,Mexico,1966.0,Estimates,population_1jan,43889.523,0.033681374580832424,UN DESA
11_MEX,Mexico,1967.0,Estimates,population_1jan,45368.689,0.03370202952536072,UN DESA
11_MEX,Mexico,1968.0,Estimates,population_1jan,46890.527,0.03354379492870074,UN DESA
11_MEX,Mexico,1969.0,Estimates,population_1jan,48446.079,0.033174120649145156,UN DESA
11_MEX,Mexico,1970.0,Estimates,population_1jan,50020.308,0.032494456362505586,UN DESA
11_MEX,Mexico,1971.0,Estimates,population_1jan,51609.598,0.031772895120917743,UN DESA
11_MEX,Mexico,1972.0,Estimates,population_1jan,53215.518,0.031116692674102886,UN DESA
11_MEX,Mexico,1973.0,Estimates,population_1jan,54844.818,0.03061700912128673,UN DESA
11_MEX,Mexico,1974.0,Estimates,population_1jan,56489.75,0.02999247804961258,UN DESA
11_MEX,Mexico,1975.0,Estimates,population_1jan,58150.549,0.029400006195814177,UN DESA
11_MEX,Mexico,1976.0,Estimates,population_1jan,59814.251,0.028610254393298895,UN DESA
11_MEX,Mexico,1977.0,Estimates,population_1jan,61476.772,0.02779473072395411,UN DESA
11_MEX,Mexico,1978.0,Estimates,population_1jan,63140.215,0.027058073250820547,UN DESA
11_MEX,Mexico,1979.0,Estimates,population_1jan,64817.878,0.026570435339822618,UN DESA
11_MEX,Mexico,1980.0,Estimates,population_1jan,66479.853,0.025640688206423734,UN DESA
11_MEX,Mexico,1981.0,Estimates,population_1jan,68120.816,0.024683613545294802,UN DESA
11_MEX,Mexico,1982.0,Estimates,population_1jan,69663.4,0.022644825628630016,UN DESA
11_MEX,Mexico,1983.0,Estimates,population_1jan,71203.119,0.022102266039268903,UN DESA
11_MEX,Mexico,1984.0,Estimates,population_1jan,72739.361,0.021575487444587926,UN DESA
11_MEX,Mexico,1985.0,Estimates,population_1jan,74274.332,0.02110234375031128,UN DESA
11_MEX,Mexico,1986.0,Estimates,population_1jan,75812.496,0.02070922697763211,UN DESA
11_MEX,Mexico,1987.0,Estimates,population_1jan,77358.778,0.02039613627811443,UN DESA
11_MEX,Mexico,1988.0,Estimates,population_1jan,78914.523,0.020110775276207082,UN DESA
11_MEX,Mexico,1989.0,Estimates,population_1jan,80476.539,0.019793771040091057,UN DESA
11_MEX,Mexico,1990.0,Estimates,population_1jan,82017.824,0.0191519791873751,UN DESA
11_MEX,Mexico,1991.0,Estimates,population_1jan,83622.516,0.019565161836041955,UN DESA
11_MEX,Mexico,1992.0,Estimates,population_1jan,85238.629,0.01932629006283415,UN DESA
11_MEX,Mexico,1993.0,Estimates,population_1jan,86850.989,0.018915836856080892,UN DESA
11_MEX,Mexico,1994.0,Estimates,population_1jan,88456.626,0.01848726213123486,UN DESA
11_MEX,Mexico,1995.0,Estimates,population_1jan,90061.783,0.018146260744785758,UN DESA
11_MEX,Mexico,1996.0,Estimates,population_1jan,91663.126,0.017780494085932297,UN DESA
11_MEX,Mexico,1997.0,Estimates,population_1jan,93242.279,0.017227789067547183,UN DESA
11_MEX,Mexico,1998.0,Estimates,population_1jan,94800.135,0.01670761393551956,UN DESA
11_MEX,Mexico,1999.0,Estimates,population_1jan,96350.355,0.01635250835876967,UN DESA
11_MEX,Mexico,2000.0,Estimates,population_1jan,97881.058,0.015886843385268357,UN DESA
11_MEX,Mexico,2001.0,Estimates,population_1jan,99370.046,0.015212218077986117,UN DESA
11_MEX,Mexico,2002.0,Estimates,population_1jan,100828.153,0.014673506340129983,UN DESA
11_MEX,Mexico,2003.0,Estimates,population_1jan,102269.095,0.014291068090873438,UN DESA
11_MEX,Mexico,2004.0,Estimates,population_1jan,103687.936,0.01387360472877952,UN DESA
11_MEX,Mexico,2005.0,Estimates,population_1jan,105100.326,0.01362154609770605,UN DESA
11_MEX,Mexico,2006.0,Estimates,population_1jan,106522.682,0.01353331672824698,UN DESA
11_MEX,Mexico,2007.0,Estimates,population_1jan,107984.649,0.013724466682128789,UN DESA
11_MEX,Mexico,2008.0,Estimates,population_1jan,109564.071,0.014626356751874958,UN DESA
11_MEX,Mexico,2009.0,Estimates,population_1jan,111184.505,0.014789830144226856,UN DESA
11_MEX,Mexico,2010.0,Estimates,population_1jan,112814.937,0.014664201634930984,UN DESA
11_MEX,Mexico,2011.0,Estimates,population_1jan,114432.853,0.01434132786866682,UN DESA
11_MEX,Mexico,2012.0,Estimates,population_1jan,116054.154,0.01416814277976619,UN DESA
11_MEX,Mexico,2013.0,Estimates,population_1jan,117582.263,0.013167206406071497,UN DESA
11_MEX,Mexico,2014.0,Estimates,population_1jan,119104.883,0.01294940207095685,UN DESA
11_MEX,Mexico,2015.0,Estimates,population_1jan,120463.639,0.011408062925513995,UN DESA
11_MEX,Mexico,2016.0,Estimates,population_1jan,121680.973,0.010105406163265496,UN DESA
11_MEX,Mexico,2017.0,Estimates,population_1jan,122821.728,0.00937496612555866,UN DESA
11_MEX,Mexico,2018.0,Estimates,population_1jan,123978.387,0.009417380937678965,UN DESA
11_MEX,Mexico,2019.0,Estimates,population_1jan,125169.035,0.009603673904871934,UN DESA
11_MEX,Mexico,2020.0,Estimates,population_1jan,126356.93,0.009490326421386808,UN DESA
11_MEX,Mexico,2021.0,Estimates,population_1jan,127241.179,0.00699802535563343,UN DESA
11_MEX,Mexico,2022.0,Estimates,population_1jan,128055.116,0.006396804921148913,UN DESA
11_MEX,Mexico,2023.0,Estimates,population_1jan,129171.119,0.008715020804010765,UN DESA
11_MEX,Mexico,2024.0,High,population_1jan,130308.399,0.008804444900721187,UN DESA
11_MEX,Mexico,2025.0,High,population_1jan,131678.656,0.010515492558541784,UN DESA
11_MEX,Mexico,2026.0,High,population_1jan,133010.473,0.010114144846679052,UN DESA
11_MEX,Mexico,2027.0,High,population_1jan,134311.073,0.009778177392091525,UN DESA
11_MEX,Mexico,2028.0,High,population_1jan,135582.274,0.009464603115783232,UN DESA
11_MEX,Mexico,2029.0,High,population_1jan,136825.534,0.00916978276968572,UN DESA
11_MEX,Mexico,2030.0,High,population_1jan,138199.836,0.010044192482376868,UN DESA
11_MEX,Mexico,2031.0,High,population_1jan,139546.934,0.00974746453389419,UN DESA
11_MEX,Mexico,2032.0,High,population_1jan,140866.522,0.00945623069009871,UN DESA
11_MEX,Mexico,2033.0,High,population_1jan,142159.036,0.009175451921784372,UN DESA
11_MEX,Mexico,2034.0,High,population_1jan,143423.154,0.008892280333133495,UN DESA
11_MEX,Mexico,2035.0,High,population_1jan,144756.982,0.009299948877152575,UN DESA
11_MEX,Mexico,2036.0,High,population_1jan,146062.841,0.00902104328204345,UN DESA
11_MEX,Mexico,2037.0,High,population_1jan,147331.638,0.008686651521450317,UN DESA
11_MEX,Mexico,2038.0,High,population_1jan,148572.804,0.008424300556544306,UN DESA
11_MEX,Mexico,2039.0,High,population_1jan,149777.019,0.00810521823361432,UN DESA
11_MEX,Mexico,2040.0,High,population_1jan,150940.669,0.007769215916895833,UN DESA
11_MEX,Mexico,2041.0,High,population_1jan,152071.584,0.007492447247600342,UN DESA
11_MEX,Mexico,2042.0,High,population_1jan,153173.639,0.007246948910586637,UN DESA
11_MEX,Mexico,2043.0,High,population_1jan,154246.154,0.007001955473552535,UN DESA
11_MEX,Mexico,2044.0,High,population_1jan,155288.474,0.006757510466030681,UN DESA
11_MEX,Mexico,2045.0,High,population_1jan,156310.47,0.006581274022951611,UN DESA
11_MEX,Mexico,2046.0,High,population_1jan,157305.472,0.006365549281503791,UN DESA
11_MEX,Mexico,2047.0,High,population_1jan,158278.045,0.006182702913221094,UN DESA
11_MEX,Mexico,2048.0,High,population_1jan,159227.738,0.006000156244032384,UN DESA
11_MEX,Mexico,2049.0,High,population_1jan,160167.043,0.0058991292082537505,UN DESA
11_MEX,Mexico,2050.0,High,population_1jan,161081.744,0.005710918943543142,UN DESA
11_MEX,Mexico,2051.0,High,population_1jan,161987.2,0.0056210963298237715,UN DESA
11_MEX,Mexico,2052.0,High,population_1jan,162879.658,0.005509435313407307,UN DESA
11_MEX,Mexico,2053.0,High,population_1jan,163763.384,0.005425637620137813,UN DESA
11_MEX,Mexico,2054.0,High,population_1jan,164637.284,0.005336357729393448,UN DESA
11_MEX,Mexico,2055.0,High,population_1jan,165503.764,0.00526296340019794,UN DESA
11_MEX,Mexico,2056.0,High,population_1jan,166363.65,0.005195567636757881,UN DESA
11_MEX,Mexico,2057.0,High,population_1jan,167215.106,0.005118041110543148,UN DESA
11_MEX,Mexico,2058.0,High,population_1jan,168061.659,0.005062658633245842,UN DESA
11_MEX,Mexico,2059.0,High,population_1jan,168902.993,0.00500610314694061,UN DESA
11_MEX,Mexico,2060.0,High,population_1jan,169733.981,0.0049199128164649775,UN DESA
11_MEX,Mexico,2061.0,High,population_1jan,170550.605,0.00481119923770601,UN DESA
11_MEX,Mexico,2062.0,High,population_1jan,171358.947,0.00473960206708135,UN DESA
11_MEX,Mexico,2063.0,High,population_1jan,172156.562,0.004654644615667669,UN DESA
11_MEX,Mexico,2064.0,High,population_1jan,172940.912,0.004556027321224176,UN DESA
11_MEX,Mexico,2065.0,High,population_1jan,173710.94,0.004452549666212002,UN DESA
11_MEX,Mexico,2066.0,High,population_1jan,174464.26,0.004336629575546702,UN DESA
11_MEX,Mexico,2067.0,High,population_1jan,175203.222,0.004235606765534694,UN DESA
11_MEX,Mexico,2068.0,High,population_1jan,175929.336,0.004144410083965155,UN DESA
11_MEX,Mexico,2069.0,High,population_1jan,176638.839,0.0040328862492835515,UN DESA
11_MEX,Mexico,2070.0,High,population_1jan,177331.966,0.003923978463196143,UN DESA
11_MEX,Mexico,2071.0,High,population_1jan,178007.493,0.00380939215437337,UN DESA
11_MEX,Mexico,2072.0,High,population_1jan,178674.084,0.003744735621887596,UN DESA
11_MEX,Mexico,2073.0,High,population_1jan,179323.603,0.003635216621566739,UN DESA
11_MEX,Mexico,2074.0,High,population_1jan,179958.298,0.003539383490973158,UN DESA
11_MEX,Mexico,2075.0,High,population_1jan,180580.335,0.0034565619196953445,UN DESA
11_MEX,Mexico,2076.0,High,population_1jan,181192.935,0.00339239596603913,UN DESA
11_MEX,Mexico,2077.0,High,population_1jan,181796.729,0.0033323263956179794,UN DESA
11_MEX,Mexico,2078.0,High,population_1jan,182391.442,0.0032713074832055877,UN DESA
11_MEX,Mexico,2079.0,High,population_1jan,182977.286,0.0032120147391563325,UN DESA
11_MEX,Mexico,2080.0,High,population_1jan,183556.276,0.0031642725316192166,UN DESA
11_MEX,Mexico,2081.0,High,population_1jan,184128.503,0.0031174472073076664,UN DESA
11_MEX,Mexico,2082.0,High,population_1jan,184696.117,0.003082705777497141,UN DESA
11_MEX,Mexico,2083.0,High,population_1jan,185267.616,0.0030942664593214264,UN DESA
11_MEX,Mexico,2084.0,High,population_1jan,185830.967,0.003040741885511178,UN DESA
11_MEX,Mexico,2085.0,High,population_1jan,186392.167,0.0030199487688185034,UN DESA
11_MEX,Mexico,2086.0,High,population_1jan,186947.181,0.002977668047606352,UN DESA
11_MEX,Mexico,2087.0,High,population_1jan,187503.981,0.0029783813643062818,UN DESA
11_MEX,Mexico,2088.0,High,population_1jan,188062.651,0.002979510072375513,UN DESA
11_MEX,Mexico,2089.0,High,population_1jan,188624.163,0.0029857709492779883,UN DESA
11_MEX,Mexico,2090.0,High,population_1jan,189182.219,0.0029585605106170476,UN DESA
11_MEX,Mexico,2091.0,High,population_1jan,189740.952,0.0029534118108636154,UN DESA
11_MEX,Mexico,2092.0,High,population_1jan,190297.661,0.002934047679912677,UN DESA
11_MEX,Mexico,2093.0,High,population_1jan,190858.421,0.002946751930913205,UN DESA
11_MEX,Mexico,2094.0,High,population_1jan,191412.783,0.0029045718658649022,UN DESA
11_MEX,Mexico,2095.0,High,population_1jan,191964.826,0.0028840445833755446,UN DESA
11_MEX,Mexico,2096.0,High,population_1jan,192517.356,0.002878287712979155,UN DESA
11_MEX,Mexico,2097.0,High,population_1jan,193072.914,0.0028857554017103215,UN DESA
11_MEX,Mexico,2098.0,High,population_1jan,193630.595,0.0028884476255433,UN DESA
11_MEX,Mexico,2099.0,High,population_1jan,194192.869,0.0029038489501103104,UN DESA
11_MEX,Mexico,2100.0,High,population_1jan,194758.507,0.0029127640109174457,UN DESA
12_NZ,New Zealand,1950.0,Estimates,population_1jan,1892.688,,UN DESA
12_NZ,New Zealand,1951.0,Estimates,population_1jan,1929.838,0.019628169037897436,UN DESA
12_NZ,New Zealand,1952.0,Estimates,population_1jan,1972.573,0.02214434579482849,UN DESA
12_NZ,New Zealand,1953.0,Estimates,population_1jan,2022.922,0.02552453065108362,UN DESA
12_NZ,New Zealand,1954.0,Estimates,population_1jan,2072.58,0.024547659277025957,UN DESA
12_NZ,New Zealand,1955.0,Estimates,population_1jan,2117.702,0.02177093284698306,UN DESA
12_NZ,New Zealand,1956.0,Estimates,population_1jan,2161.642,0.020748906125602096,UN DESA
12_NZ,New Zealand,1957.0,Estimates,population_1jan,2208.043,0.02146562659311768,UN DESA
12_NZ,New Zealand,1958.0,Estimates,population_1jan,2259.333,0.023228714295872033,UN DESA
12_NZ,New Zealand,1959.0,Estimates,population_1jan,2310.656,0.02271599626969545,UN DESA
12_NZ,New Zealand,1960.0,Estimates,population_1jan,2356.309,0.01975759264901411,UN DESA
12_NZ,New Zealand,1961.0,Estimates,population_1jan,2402.652,0.019667624237737824,UN DESA
12_NZ,New Zealand,1962.0,Estimates,population_1jan,2456.842,0.022554244226796083,UN DESA
12_NZ,New Zealand,1963.0,Estimates,population_1jan,2511.968,0.022437747319526302,UN DESA
12_NZ,New Zealand,1964.0,Estimates,population_1jan,2564.261,0.020817542261684974,UN DESA
12_NZ,New Zealand,1965.0,Estimates,population_1jan,2613.278,0.01911544885641514,UN DESA
12_NZ,New Zealand,1966.0,Estimates,population_1jan,2659.709,0.017767340481954053,UN DESA
12_NZ,New Zealand,1967.0,Estimates,population_1jan,2705.456,0.017200001955101296,UN DESA
12_NZ,New Zealand,1968.0,Estimates,population_1jan,2741.383,0.013279461946525739,UN DESA
12_NZ,New Zealand,1969.0,Estimates,population_1jan,2767.668,0.00958822608880272,UN DESA
12_NZ,New Zealand,1970.0,Estimates,population_1jan,2801.131,0.01209068428727722,UN DESA
12_NZ,New Zealand,1971.0,Estimates,population_1jan,2843.224,0.015027144392747216,UN DESA
12_NZ,New Zealand,1972.0,Estimates,population_1jan,2891.106,0.016840741355587996,UN DESA
12_NZ,New Zealand,1973.0,Estimates,population_1jan,2947.409,0.01947455402880416,UN DESA
12_NZ,New Zealand,1974.0,Estimates,population_1jan,3010.566,0.021427972839873854,UN DESA
12_NZ,New Zealand,1975.0,Estimates,population_1jan,3071.896,0.020371584612328908,UN DESA
12_NZ,New Zealand,1976.0,Estimates,population_1jan,3116.168,0.014411946237763207,UN DESA
12_NZ,New Zealand,1977.0,Estimates,population_1jan,3137.097,0.00671626176765816,UN DESA
12_NZ,New Zealand,1978.0,Estimates,population_1jan,3143.168,0.0019352286524771944,UN DESA
12_NZ,New Zealand,1979.0,Estimates,population_1jan,3141.319,-0.0005882599975566283,UN DESA
12_NZ,New Zealand,1980.0,Estimates,population_1jan,3141.882,0.00017922407752934966,UN DESA
12_NZ,New Zealand,1981.0,Estimates,population_1jan,3150.772,0.002829514284750312,UN DESA
12_NZ,New Zealand,1982.0,Estimates,population_1jan,3168.907,0.005755732245938505,UN DESA
12_NZ,New Zealand,1983.0,Estimates,population_1jan,3201.339,0.0102344436109989,UN DESA
12_NZ,New Zealand,1984.0,Estimates,population_1jan,3237.218,0.011207497862613103,UN DESA
12_NZ,New Zealand,1985.0,Estimates,population_1jan,3262.438,0.0077906399877920585,UN DESA
12_NZ,New Zealand,1986.0,Estimates,population_1jan,3273.618,0.003426885047317363,UN DESA
12_NZ,New Zealand,1987.0,Estimates,population_1jan,3289.398,0.004820354726788656,UN DESA
12_NZ,New Zealand,1988.0,Estimates,population_1jan,3309.488,0.006107500521371989,UN DESA
12_NZ,New Zealand,1989.0,Estimates,population_1jan,3322.564,0.0039510643338183105,UN DESA
12_NZ,New Zealand,1990.0,Estimates,population_1jan,3345.088,0.006779101922491204,UN DESA
12_NZ,New Zealand,1991.0,Estimates,population_1jan,3448.869,0.031024893814452614,UN DESA
12_NZ,New Zealand,1992.0,Estimates,population_1jan,3512.982,0.018589572407650135,UN DESA
12_NZ,New Zealand,1993.0,Estimates,population_1jan,3551.507,0.010966466665641939,UN DESA
12_NZ,New Zealand,1994.0,Estimates,population_1jan,3595.712,0.012446828909530527,UN DESA
12_NZ,New Zealand,1995.0,Estimates,population_1jan,3646.349,0.014082607283341986,UN DESA
12_NZ,New Zealand,1996.0,Estimates,population_1jan,3702.508,0.015401433049880842,UN DESA
12_NZ,New Zealand,1997.0,Estimates,population_1jan,3756.249,0.0145147559438088,UN DESA
12_NZ,New Zealand,1998.0,Estimates,population_1jan,3797.651,0.011022165995917765,UN DESA
12_NZ,New Zealand,1999.0,Estimates,population_1jan,3825.091,0.007225519143280845,UN DESA
12_NZ,New Zealand,2000.0,Estimates,population_1jan,3846.018,0.0054709809518258545,UN DESA
12_NZ,New Zealand,2001.0,Estimates,population_1jan,3869.13,0.006009332249615085,UN DESA
12_NZ,New Zealand,2002.0,Estimates,population_1jan,3914.395,0.011699012439488898,UN DESA
12_NZ,New Zealand,2003.0,Estimates,population_1jan,3987.842,0.018763308250700383,UN DESA
12_NZ,New Zealand,2004.0,Estimates,population_1jan,4057.331,0.01742521393776375,UN DESA
12_NZ,New Zealand,2005.0,Estimates,population_1jan,4110.49,0.01310196284207521,UN DESA
12_NZ,New Zealand,2006.0,Estimates,population_1jan,4159.523,0.011928748154113045,UN DESA
12_NZ,New Zealand,2007.0,Estimates,population_1jan,4204.357,0.010778639762299536,UN DESA
12_NZ,New Zealand,2008.0,Estimates,population_1jan,4242.174,0.008994716671300695,UN DESA
12_NZ,New Zealand,2009.0,Estimates,population_1jan,4281.474,0.00926411787918191,UN DESA
12_NZ,New Zealand,2010.0,Estimates,population_1jan,4327.134,0.0106645515072612,UN DESA
12_NZ,New Zealand,2011.0,Estimates,population_1jan,4368.407,0.009538183934216127,UN DESA
12_NZ,New Zealand,2012.0,Estimates,population_1jan,4396.994,0.006544033099479929,UN DESA
12_NZ,New Zealand,2013.0,Estimates,population_1jan,4426.359,0.00667842621572845,UN DESA
12_NZ,New Zealand,2014.0,Estimates,population_1jan,4481.343,0.012421947700129943,UN DESA
12_NZ,New Zealand,2015.0,Estimates,population_1jan,4564.623,0.018583714748011904,UN DESA
12_NZ,New Zealand,2016.0,Estimates,population_1jan,4663.435,0.021647351818540272,UN DESA
12_NZ,New Zealand,2017.0,Estimates,population_1jan,4766.105,0.022015960338248375,UN DESA
12_NZ,New Zealand,2018.0,Estimates,population_1jan,4859.398,0.019574264519980344,UN DESA
12_NZ,New Zealand,2019.0,Estimates,population_1jan,4942.296,0.017059314754626076,UN DESA
12_NZ,New Zealand,2020.0,Estimates,population_1jan,5036.509,0.019062597626690048,UN DESA
12_NZ,New Zealand,2021.0,Estimates,population_1jan,5103.281,0.013257595687806711,UN DESA
12_NZ,New Zealand,2022.0,Estimates,population_1jan,5112.112,0.0017304553678310075,UN DESA
12_NZ,New Zealand,2023.0,Estimates,population_1jan,5151.357,0.0076768662345425565,UN DESA
12_NZ,New Zealand,2024.0,High,population_1jan,5194.315,0.008339161894623137,UN DESA
12_NZ,New Zealand,2025.0,High,population_1jan,5242.452,0.009267246980593224,UN DESA
12_NZ,New Zealand,2026.0,High,population_1jan,5287.952,0.008679144797129279,UN DESA
12_NZ,New Zealand,2027.0,High,population_1jan,5331.27,0.008191829275303597,UN DESA
12_NZ,New Zealand,2028.0,High,population_1jan,5372.309,0.007697790582731567,UN DESA
12_NZ,New Zealand,2029.0,High,population_1jan,5410.671,0.0071406912744593765,UN DESA
12_NZ,New Zealand,2030.0,High,population_1jan,5452.454,0.007722332405721843,UN DESA
12_NZ,New Zealand,2031.0,High,population_1jan,5491.893,0.007233256805101007,UN DESA
12_NZ,New Zealand,2032.0,High,population_1jan,5530.325,0.006997951343917341,UN DESA
12_NZ,New Zealand,2033.0,High,population_1jan,5566.682,0.00657411634940086,UN DESA
12_NZ,New Zealand,2034.0,High,population_1jan,5602.826,0.006492916247057057,UN DESA
12_NZ,New Zealand,2035.0,High,population_1jan,5640.493,0.006722857358054668,UN DESA
12_NZ,New Zealand,2036.0,High,population_1jan,5678.329,0.006707924289596656,UN DESA
12_NZ,New Zealand,2037.0,High,population_1jan,5715.404,0.006529209561475069,UN DESA
12_NZ,New Zealand,2038.0,High,population_1jan,5752.143,0.006428067027282713,UN DESA
12_NZ,New Zealand,2039.0,High,population_1jan,5789.317,0.006462634882338669,UN DESA
12_NZ,New Zealand,2040.0,High,population_1jan,5825.396,0.006231995933198897,UN DESA
12_NZ,New Zealand,2041.0,High,population_1jan,5861.081,0.006125763810735041,UN DESA
12_NZ,New Zealand,2042.0,High,population_1jan,5897.718,0.006250894672842788,UN DESA
12_NZ,New Zealand,2043.0,High,population_1jan,5933.233,0.0060218206431708055,UN DESA
12_NZ,New Zealand,2044.0,High,population_1jan,5967.102,0.005708354955889838,UN DESA
12_NZ,New Zealand,2045.0,High,population_1jan,5999.664,0.005456920293971823,UN DESA
12_NZ,New Zealand,2046.0,High,population_1jan,6031.513,0.005308463940647323,UN DESA
12_NZ,New Zealand,2047.0,High,population_1jan,6061.608,0.004989626980825612,UN DESA
12_NZ,New Zealand,2048.0,High,population_1jan,6090.837,0.004821987828972141,UN DESA
12_NZ,New Zealand,2049.0,High,population_1jan,6120.09,0.004802788188224438,UN DESA
12_NZ,New Zealand,2050.0,High,population_1jan,6147.352,0.00445450965590366,UN DESA
12_NZ,New Zealand,2051.0,High,population_1jan,6177.425,0.004892025054039628,UN DESA
12_NZ,New Zealand,2052.0,High,population_1jan,6208.625,0.005050648126039503,UN DESA
12_NZ,New Zealand,2053.0,High,population_1jan,6237.154,0.004595059292516579,UN DESA
12_NZ,New Zealand,2054.0,High,population_1jan,6267.5,0.004865360066466096,UN DESA
12_NZ,New Zealand,2055.0,High,population_1jan,6298.232,0.0049033905065816175,UN DESA
12_NZ,New Zealand,2056.0,High,population_1jan,6329.205,0.004917729292919004,UN DESA
12_NZ,New Zealand,2057.0,High,population_1jan,6358.699,0.0046599849428166085,UN DESA
12_NZ,New Zealand,2058.0,High,population_1jan,6388.586,0.004700175303155696,UN DESA
12_NZ,New Zealand,2059.0,High,population_1jan,6419.038,0.004766625979520267,UN DESA
12_NZ,New Zealand,2060.0,High,population_1jan,6449.498,0.004745259336367935,UN DESA
12_NZ,New Zealand,2061.0,High,population_1jan,6479.764,0.004692768336388431,UN DESA
12_NZ,New Zealand,2062.0,High,population_1jan,6508.699,0.004465440408014887,UN DESA
12_NZ,New Zealand,2063.0,High,population_1jan,6541.292,0.005007605974711726,UN DESA
12_NZ,New Zealand,2064.0,High,population_1jan,6572.657,0.004794924305473458,UN DESA
12_NZ,New Zealand,2065.0,High,population_1jan,6606.322,0.005121977306894232,UN DESA
12_NZ,New Zealand,2066.0,High,population_1jan,6641.31,0.005296139061947036,UN DESA
12_NZ,New Zealand,2067.0,High,population_1jan,6676.655,0.005321992197322434,UN DESA
12_NZ,New Zealand,2068.0,High,population_1jan,6711.151,0.0051666590530736745,UN DESA
12_NZ,New Zealand,2069.0,High,population_1jan,6745.341,0.005094506143581201,UN DESA
12_NZ,New Zealand,2070.0,High,population_1jan,6779.568,0.005074168970849557,UN DESA
12_NZ,New Zealand,2071.0,High,population_1jan,6813.577,0.00501639632495765,UN DESA
12_NZ,New Zealand,2072.0,High,population_1jan,6847.255,0.00494277822060285,UN DESA
12_NZ,New Zealand,2073.0,High,population_1jan,6885.04,0.005518269729986702,UN DESA
12_NZ,New Zealand,2074.0,High,population_1jan,6920.511,0.0051518945423700835,UN DESA
12_NZ,New Zealand,2075.0,High,population_1jan,6956.033,0.005132857963812132,UN DESA
12_NZ,New Zealand,2076.0,High,population_1jan,6991.026,0.005030597180893048,UN DESA
12_NZ,New Zealand,2077.0,High,population_1jan,7026.253,0.005038888426391219,UN DESA
12_NZ,New Zealand,2078.0,High,population_1jan,7062.389,0.005142997270380256,UN DESA
12_NZ,New Zealand,2079.0,High,population_1jan,7097.071,0.004910802845892404,UN DESA
12_NZ,New Zealand,2080.0,High,population_1jan,7131.378,0.004833966012175894,UN DESA
12_NZ,New Zealand,2081.0,High,population_1jan,7164.7,0.00467258922469127,UN DESA
12_NZ,New Zealand,2082.0,High,population_1jan,7199.356,0.004837048306279401,UN DESA
12_NZ,New Zealand,2083.0,High,population_1jan,7232.654,0.0046251359149347415,UN DESA
12_NZ,New Zealand,2084.0,High,population_1jan,7265.262,0.004508441852741685,UN DESA
12_NZ,New Zealand,2085.0,High,population_1jan,7298.991,0.004642502913177804,UN DESA
12_NZ,New Zealand,2086.0,High,population_1jan,7333.56,0.004736134076614107,UN DESA
12_NZ,New Zealand,2087.0,High,population_1jan,7369.08,0.004843486655866869,UN DESA
12_NZ,New Zealand,2088.0,High,population_1jan,7405.431,0.004932908857007812,UN DESA
12_NZ,New Zealand,2089.0,High,population_1jan,7444.614,0.005291116749315483,UN DESA
12_NZ,New Zealand,2090.0,High,population_1jan,7482.173,0.005045123897625903,UN DESA
12_NZ,New Zealand,2091.0,High,population_1jan,7522.441,0.005381858986687416,UN DESA
12_NZ,New Zealand,2092.0,High,population_1jan,7562.969,0.005387612877256309,UN DESA
12_NZ,New Zealand,2093.0,High,population_1jan,7605.491,0.0056223951202232225,UN DESA
12_NZ,New Zealand,2094.0,High,population_1jan,7646.453,0.005385845568681935,UN DESA
12_NZ,New Zealand,2095.0,High,population_1jan,7689.393,0.005615675660335606,UN DESA
12_NZ,New Zealand,2096.0,High,population_1jan,7732.428,0.005596670634470113,UN DESA
12_NZ,New Zealand,2097.0,High,population_1jan,7775.443,0.005562935729889862,UN DESA
12_NZ,New Zealand,2098.0,High,population_1jan,7818.62,0.005552995501349578,UN DESA
12_NZ,New Zealand,2099.0,High,population_1jan,7861.347,0.005464775113766862,UN DESA
12_NZ,New Zealand,2100.0,High,population_1jan,7904.374,0.005473235057554371,UN DESA
13_PNG,Papua New Guinea,1950.0,Estimates,population_1jan,1526.961,,UN DESA
13_PNG,Papua New Guinea,1951.0,Estimates,population_1jan,1559.897,0.021569640612955965,UN DESA
13_PNG,Papua New Guinea,1952.0,Estimates,population_1jan,1589.947,0.019264092436872327,UN DESA
13_PNG,Papua New Guinea,1953.0,Estimates,population_1jan,1629.128,0.024642959796773223,UN DESA
13_PNG,Papua New Guinea,1954.0,Estimates,population_1jan,1671.329,0.025904041916902765,UN DESA
13_PNG,Papua New Guinea,1955.0,Estimates,population_1jan,1715.68,0.02653636716648844,UN DESA
13_PNG,Papua New Guinea,1956.0,Estimates,population_1jan,1762.758,0.027439848922875987,UN DESA
13_PNG,Papua New Guinea,1957.0,Estimates,population_1jan,1812.121,0.028003276683469913,UN DESA
13_PNG,Papua New Guinea,1958.0,Estimates,population_1jan,1862.884,0.028013030034970132,UN DESA
13_PNG,Papua New Guinea,1959.0,Estimates,population_1jan,1915.044,0.027999596324838283,UN DESA
13_PNG,Papua New Guinea,1960.0,Estimates,population_1jan,1967.964,0.027633829823231038,UN DESA
13_PNG,Papua New Guinea,1961.0,Estimates,population_1jan,2022.255,0.027587394891370076,UN DESA
13_PNG,Papua New Guinea,1962.0,Estimates,population_1jan,2069.998,0.023608793154176855,UN DESA
13_PNG,Papua New Guinea,1963.0,Estimates,population_1jan,2117.839,0.023111616532962787,UN DESA
13_PNG,Papua New Guinea,1964.0,Estimates,population_1jan,2164.913,0.022227374224386365,UN DESA
13_PNG,Papua New Guinea,1965.0,Estimates,population_1jan,2211.738,0.021629044677545783,UN DESA
13_PNG,Papua New Guinea,1966.0,Estimates,population_1jan,2259.902,0.021776539535876438,UN DESA
13_PNG,Papua New Guinea,1967.0,Estimates,population_1jan,2311.646,0.02289656808127094,UN DESA
13_PNG,Papua New Guinea,1968.0,Estimates,population_1jan,2363.417,0.022395730142071857,UN DESA
13_PNG,Papua New Guinea,1969.0,Estimates,population_1jan,2418.19,0.023175343157809225,UN DESA
13_PNG,Papua New Guinea,1970.0,Estimates,population_1jan,2475.663,0.0237669496606967,UN DESA
13_PNG,Papua New Guinea,1971.0,Estimates,population_1jan,2535.592,0.024207252764208986,UN DESA
13_PNG,Papua New Guinea,1972.0,Estimates,population_1jan,2597.251,0.024317398067196905,UN DESA
13_PNG,Papua New Guinea,1973.0,Estimates,population_1jan,2659.614,0.02401115641114382,UN DESA
13_PNG,Papua New Guinea,1974.0,Estimates,population_1jan,2721.644,0.023322933327919015,UN DESA
13_PNG,Papua New Guinea,1975.0,Estimates,population_1jan,2783.697,0.022799822460248365,UN DESA
13_PNG,Papua New Guinea,1976.0,Estimates,population_1jan,2845.944,0.02236126992269627,UN DESA
13_PNG,Papua New Guinea,1977.0,Estimates,population_1jan,2908.711,0.02205489637181901,UN DESA
13_PNG,Papua New Guinea,1978.0,Estimates,population_1jan,2971.943,0.021738838956500084,UN DESA
13_PNG,Papua New Guinea,1979.0,Estimates,population_1jan,3035.485,0.02138062540230412,UN DESA
13_PNG,Papua New Guinea,1980.0,Estimates,population_1jan,3099.198,0.0209893970815207,UN DESA
13_PNG,Papua New Guinea,1981.0,Estimates,population_1jan,3163.826,0.020853136843789866,UN DESA
13_PNG,Papua New Guinea,1982.0,Estimates,population_1jan,3230.211,0.020982506623309805,UN DESA
13_PNG,Papua New Guinea,1983.0,Estimates,population_1jan,3298.372,0.02110109834930296,UN DESA
13_PNG,Papua New Guinea,1984.0,Estimates,population_1jan,3368.894,0.021380850916755234,UN DESA
13_PNG,Papua New Guinea,1985.0,Estimates,population_1jan,3441.501,0.02155217706463919,UN DESA
13_PNG,Papua New Guinea,1986.0,Estimates,population_1jan,3516.37,0.021754751778366277,UN DESA
13_PNG,Papua New Guinea,1987.0,Estimates,population_1jan,3593.216,0.02185378671755256,UN DESA
13_PNG,Papua New Guinea,1988.0,Estimates,population_1jan,3671.869,0.021889304734254766,UN DESA
13_PNG,Papua New Guinea,1989.0,Estimates,population_1jan,3751.891,0.02179326114303093,UN DESA
13_PNG,Papua New Guinea,1990.0,Estimates,population_1jan,3840.265,0.023554522239585207,UN DESA
13_PNG,Papua New Guinea,1991.0,Estimates,population_1jan,3952.696,0.029276885839909506,UN DESA
13_PNG,Papua New Guinea,1992.0,Estimates,population_1jan,4090.978,0.03498422342623875,UN DESA
13_PNG,Papua New Guinea,1993.0,Estimates,population_1jan,4242.421,0.03701877643927687,UN DESA
13_PNG,Papua New Guinea,1994.0,Estimates,population_1jan,4399.322,0.03698383540907413,UN DESA
13_PNG,Papua New Guinea,1995.0,Estimates,population_1jan,4561.095,0.036772257179629175,UN DESA
13_PNG,Papua New Guinea,1996.0,Estimates,population_1jan,4727.461,0.03647501312733015,UN DESA
13_PNG,Papua New Guinea,1997.0,Estimates,population_1jan,4899.262,0.036341071877694864,UN DESA
13_PNG,Papua New Guinea,1998.0,Estimates,population_1jan,5076.505,0.03617748958924838,UN DESA
13_PNG,Papua New Guinea,1999.0,Estimates,population_1jan,5256.274,0.03541196157592674,UN DESA
13_PNG,Papua New Guinea,2000.0,Estimates,population_1jan,5442.391,0.035408542248748676,UN DESA
13_PNG,Papua New Guinea,2001.0,Estimates,population_1jan,5631.736,0.034790774863474594,UN DESA
13_PNG,Papua New Guinea,2002.0,Estimates,population_1jan,5825.135,0.034340920810208564,UN DESA
13_PNG,Papua New Guinea,2003.0,Estimates,population_1jan,6022.872,0.03394547937515613,UN DESA
13_PNG,Papua New Guinea,2004.0,Estimates,population_1jan,6225.122,0.03358032513392284,UN DESA
13_PNG,Papua New Guinea,2005.0,Estimates,population_1jan,6430.96,0.03306569734697562,UN DESA
13_PNG,Papua New Guinea,2006.0,Estimates,population_1jan,6640.85,0.03263742893751487,UN DESA
13_PNG,Papua New Guinea,2007.0,Estimates,population_1jan,6854.59,0.03218563888658821,UN DESA
13_PNG,Papua New Guinea,2008.0,Estimates,population_1jan,7072.099,0.03173187601300742,UN DESA
13_PNG,Papua New Guinea,2009.0,Estimates,population_1jan,7293.904,0.031363390133537505,UN DESA
13_PNG,Papua New Guinea,2010.0,Estimates,population_1jan,7518.972,0.030857000585694516,UN DESA
13_PNG,Papua New Guinea,2011.0,Estimates,population_1jan,7748.074,0.03046985678361347,UN DESA
13_PNG,Papua New Guinea,2012.0,Estimates,population_1jan,7970.618,0.0287224928414469,UN DESA
13_PNG,Papua New Guinea,2013.0,Estimates,population_1jan,8192.162,0.027795084396216252,UN DESA
13_PNG,Papua New Guinea,2014.0,Estimates,population_1jan,8413.233,0.026985672402474403,UN DESA
13_PNG,Papua New Guinea,2015.0,Estimates,population_1jan,8633.649,0.02619872764726705,UN DESA
13_PNG,Papua New Guinea,2016.0,Estimates,population_1jan,8852.843,0.025388338117521503,UN DESA
13_PNG,Papua New Guinea,2017.0,Estimates,population_1jan,9070.592,0.024596505326029083,UN DESA
13_PNG,Papua New Guinea,2018.0,Estimates,population_1jan,9286.836,0.023840119806953997,UN DESA
13_PNG,Papua New Guinea,2019.0,Estimates,population_1jan,9502.191,0.023189275658577424,UN DESA
13_PNG,Papua New Guinea,2020.0,Estimates,population_1jan,9715.829,0.02248302523070711,UN DESA
13_PNG,Papua New Guinea,2021.0,Estimates,population_1jan,9915.662,0.02056777656337916,UN DESA
13_PNG,Papua New Guinea,2022.0,Estimates,population_1jan,10110.13,0.01961220541805475,UN DESA
13_PNG,Papua New Guinea,2023.0,Estimates,population_1jan,10296.209,0.018405203493921496,UN DESA
13_PNG,Papua New Guinea,2024.0,High,population_1jan,10483.061,0.018147650266229,UN DESA
13_PNG,Papua New Guinea,2025.0,High,population_1jan,10690.289,0.01976789031371662,UN DESA
13_PNG,Papua New Guinea,2026.0,High,population_1jan,10896.579,0.01929695258940134,UN DESA
13_PNG,Papua New Guinea,2027.0,High,population_1jan,11101.699,0.01882425667725629,UN DESA
13_PNG,Papua New Guinea,2028.0,High,population_1jan,11305.326,0.01834196729707749,UN DESA
13_PNG,Papua New Guinea,2029.0,High,population_1jan,11507.414,0.017875468606566747,UN DESA
13_PNG,Papua New Guinea,2030.0,High,population_1jan,11721.194,0.018577588326968986,UN DESA
13_PNG,Papua New Guinea,2031.0,High,population_1jan,11934.467,0.01819550124330349,UN DESA
13_PNG,Papua New Guinea,2032.0,High,population_1jan,12145.595,0.01769060989485327,UN DESA
13_PNG,Papua New Guinea,2033.0,High,population_1jan,12356.117,0.017333197756058905,UN DESA
13_PNG,Papua New Guinea,2034.0,High,population_1jan,12565.51,0.01694650511969087,UN DESA
13_PNG,Papua New Guinea,2035.0,High,population_1jan,12784.549,0.017431763613255713,UN DESA
13_PNG,Papua New Guinea,2036.0,High,population_1jan,13001.869,0.016998644222803616,UN DESA
13_PNG,Papua New Guinea,2037.0,High,population_1jan,13219.69,0.016753052964923798,UN DESA
13_PNG,Papua New Guinea,2038.0,High,population_1jan,13436.286,0.01638434789318044,UN DESA
13_PNG,Papua New Guinea,2039.0,High,population_1jan,13652.081,0.016060613773776433,UN DESA
13_PNG,Papua New Guinea,2040.0,High,population_1jan,13866.365,0.015696068606683378,UN DESA
13_PNG,Papua New Guinea,2041.0,High,population_1jan,14079.52,0.015372089224537255,UN DESA
13_PNG,Papua New Guinea,2042.0,High,population_1jan,14290.937,0.01501592383831274,UN DESA
13_PNG,Papua New Guinea,2043.0,High,population_1jan,14501.247,0.014716319860622162,UN DESA
13_PNG,Papua New Guinea,2044.0,High,population_1jan,14712.114,0.014541301172237064,UN DESA
13_PNG,Papua New Guinea,2045.0,High,population_1jan,14923.853,0.014392153296256316,UN DESA
13_PNG,Papua New Guinea,2046.0,High,population_1jan,15136.396,0.014241831516298209,UN DESA
13_PNG,Papua New Guinea,2047.0,High,population_1jan,15347.244,0.013929868113915722,UN DESA
13_PNG,Papua New Guinea,2048.0,High,population_1jan,15558.059,0.013736342499018006,UN DESA
13_PNG,Papua New Guinea,2049.0,High,population_1jan,15769.168,0.01356910910287712,UN DESA
13_PNG,Papua New Guinea,2050.0,High,population_1jan,15981.121,0.013440975452858384,UN DESA
13_PNG,Papua New Guinea,2051.0,High,population_1jan,16190.975,0.013131369194939513,UN DESA
13_PNG,Papua New Guinea,2052.0,High,population_1jan,16402.099,0.013039610029661475,UN DESA
13_PNG,Papua New Guinea,2053.0,High,population_1jan,16614.344,0.012940112116138547,UN DESA
13_PNG,Papua New Guinea,2054.0,High,population_1jan,16824.981,0.012678020871603302,UN DESA
13_PNG,Papua New Guinea,2055.0,High,population_1jan,17038.182,0.01267169335882179,UN DESA
13_PNG,Papua New Guinea,2056.0,High,population_1jan,17249.063,0.012376966040156034,UN DESA
13_PNG,Papua New Guinea,2057.0,High,population_1jan,17460.17,0.012238751751326937,UN DESA
13_PNG,Papua New Guinea,2058.0,High,population_1jan,17672.238,0.012145815304204,UN DESA
13_PNG,Papua New Guinea,2059.0,High,population_1jan,17884.247,0.011996726164507088,UN DESA
13_PNG,Papua New Guinea,2060.0,High,population_1jan,18097.245,0.011909810907890117,UN DESA
13_PNG,Papua New Guinea,2061.0,High,population_1jan,18311.595,0.011844344263450157,UN DESA
13_PNG,Papua New Guinea,2062.0,High,population_1jan,18522.809,0.011534440336846696,UN DESA
13_PNG,Papua New Guinea,2063.0,High,population_1jan,18733.368,0.01136755229727826,UN DESA
13_PNG,Papua New Guinea,2064.0,High,population_1jan,18943.921,0.011239463186758503,UN DESA
13_PNG,Papua New Guinea,2065.0,High,population_1jan,19156.921,0.011243712428910646,UN DESA
13_PNG,Papua New Guinea,2066.0,High,population_1jan,19370.524,0.011150173871886881,UN DESA
13_PNG,Papua New Guinea,2067.0,High,population_1jan,19583.637,0.011001922302153355,UN DESA
13_PNG,Papua New Guinea,2068.0,High,population_1jan,19796.373,0.01086294644860919,UN DESA
13_PNG,Papua New Guinea,2069.0,High,population_1jan,20007.614,0.010670692050508634,UN DESA
13_PNG,Papua New Guinea,2070.0,High,population_1jan,20217.331,0.010481859556066953,UN DESA
13_PNG,Papua New Guinea,2071.0,High,population_1jan,20426.07,0.010324755527819196,UN DESA
13_PNG,Papua New Guinea,2072.0,High,population_1jan,20635.462,0.010251213277933546,UN DESA
13_PNG,Papua New Guinea,2073.0,High,population_1jan,20843.426,0.01007799098464579,UN DESA
13_PNG,Papua New Guinea,2074.0,High,population_1jan,21048.874,0.00985672892738454,UN DESA
13_PNG,Papua New Guinea,2075.0,High,population_1jan,21253.949,0.009742801443915816,UN DESA
13_PNG,Papua New Guinea,2076.0,High,population_1jan,21459.104,0.009652559155006957,UN DESA
13_PNG,Papua New Guinea,2077.0,High,population_1jan,21663.172,0.009509623514569743,UN DESA
13_PNG,Papua New Guinea,2078.0,High,population_1jan,21868.438,0.009475343684664406,UN DESA
13_PNG,Papua New Guinea,2079.0,High,population_1jan,22075.26,0.009457557050942533,UN DESA
13_PNG,Papua New Guinea,2080.0,High,population_1jan,22280.578,0.009300819107000535,UN DESA
13_PNG,Papua New Guinea,2081.0,High,population_1jan,22490.241,0.00941012392048357,UN DESA
13_PNG,Papua New Guinea,2082.0,High,population_1jan,22696.025,0.009149924182671132,UN DESA
13_PNG,Papua New Guinea,2083.0,High,population_1jan,22901.002,0.009031405279118276,UN DESA
13_PNG,Papua New Guinea,2084.0,High,population_1jan,23108.565,0.00906348988572625,UN DESA
13_PNG,Papua New Guinea,2085.0,High,population_1jan,23314.242,0.008900466125871587,UN DESA
13_PNG,Papua New Guinea,2086.0,High,population_1jan,23521.505,0.008889973776543991,UN DESA
13_PNG,Papua New Guinea,2087.0,High,population_1jan,23729.168,0.008828644255544082,UN DESA
13_PNG,Papua New Guinea,2088.0,High,population_1jan,23935.336,0.00868837879187323,UN DESA
13_PNG,Papua New Guinea,2089.0,High,population_1jan,24140.945,0.008590186492472895,UN DESA
13_PNG,Papua New Guinea,2090.0,High,population_1jan,24346.023,0.008495027845844438,UN DESA
13_PNG,Papua New Guinea,2091.0,High,population_1jan,24554.552,0.008565218228866245,UN DESA
13_PNG,Papua New Guinea,2092.0,High,population_1jan,24760.285,0.008378609391855418,UN DESA
13_PNG,Papua New Guinea,2093.0,High,population_1jan,24964.675,0.008254751510331948,UN DESA
13_PNG,Papua New Guinea,2094.0,High,population_1jan,25167.419,0.008121235305486696,UN DESA
13_PNG,Papua New Guinea,2095.0,High,population_1jan,25369.77,0.008040196732131966,UN DESA
13_PNG,Papua New Guinea,2096.0,High,population_1jan,25570.246,0.007902160721204865,UN DESA
13_PNG,Papua New Guinea,2097.0,High,population_1jan,25769.995,0.0078117746696688695,UN DESA
13_PNG,Papua New Guinea,2098.0,High,population_1jan,25967.11,0.007649011961391672,UN DESA
13_PNG,Papua New Guinea,2099.0,High,population_1jan,26161.91,0.007501797466102245,UN DESA
13_PNG,Papua New Guinea,2100.0,High,population_1jan,26356.127,0.007423655230065496,UN DESA
14_PE,Peru,1950.0,Estimates,population_1jan,7571.186,,UN DESA
14_PE,Peru,1951.0,Estimates,population_1jan,7783.642,0.028061125430018485,UN DESA
14_PE,Peru,1952.0,Estimates,population_1jan,8003.598,0.028258750852107495,UN DESA
14_PE,Peru,1953.0,Estimates,population_1jan,8229.728,0.028253542969049583,UN DESA
14_PE,Peru,1954.0,Estimates,population_1jan,8460.07,0.0279890173770021,UN DESA
14_PE,Peru,1955.0,Estimates,population_1jan,8698.55,0.028188892054084702,UN DESA
14_PE,Peru,1956.0,Estimates,population_1jan,8945.476,0.028387030022245296,UN DESA
14_PE,Peru,1957.0,Estimates,population_1jan,9201.471,0.02861725860088371,UN DESA
14_PE,Peru,1958.0,Estimates,population_1jan,9466.272,0.028778116020797162,UN DESA
14_PE,Peru,1959.0,Estimates,population_1jan,9741.019,0.02902378042802911,UN DESA
14_PE,Peru,1960.0,Estimates,population_1jan,10026.288,0.029285334521983897,UN DESA
14_PE,Peru,1961.0,Estimates,population_1jan,10321.966,0.029490275962549717,UN DESA
14_PE,Peru,1962.0,Estimates,population_1jan,10628.281,0.029676032647268924,UN DESA
14_PE,Peru,1963.0,Estimates,population_1jan,10940.943,0.02941792750869099,UN DESA
14_PE,Peru,1964.0,Estimates,population_1jan,11263.254,0.029459160878545942,UN DESA
14_PE,Peru,1965.0,Estimates,population_1jan,11592.701,0.029249717710352563,UN DESA
14_PE,Peru,1966.0,Estimates,population_1jan,11929.47,0.029050089362263387,UN DESA
14_PE,Peru,1967.0,Estimates,population_1jan,12273.124,0.028807147341834982,UN DESA
14_PE,Peru,1968.0,Estimates,population_1jan,12624.503,0.028629955991644973,UN DESA
14_PE,Peru,1969.0,Estimates,population_1jan,12983.482,0.028435099583722145,UN DESA
14_PE,Peru,1970.0,Estimates,population_1jan,13350.053,0.02823364333235112,UN DESA
14_PE,Peru,1971.0,Estimates,population_1jan,13652.42,0.022649123565277263,UN DESA
14_PE,Peru,1972.0,Estimates,population_1jan,14023.715,0.0271962772900336,UN DESA
14_PE,Peru,1973.0,Estimates,population_1jan,14396.578,0.02658803319947678,UN DESA
14_PE,Peru,1974.0,Estimates,population_1jan,14769.156,0.025879622226893106,UN DESA
14_PE,Peru,1975.0,Estimates,population_1jan,15143.949,0.025376737844735375,UN DESA
14_PE,Peru,1976.0,Estimates,population_1jan,15523.965,0.02509358688410801,UN DESA
14_PE,Peru,1977.0,Estimates,population_1jan,15909.653,0.02484468368744719,UN DESA
14_PE,Peru,1978.0,Estimates,population_1jan,16309.958,0.025161139592422277,UN DESA
14_PE,Peru,1979.0,Estimates,population_1jan,16722.161,0.02527308776638182,UN DESA
14_PE,Peru,1980.0,Estimates,population_1jan,17144.116,0.025233281751084746,UN DESA
14_PE,Peru,1981.0,Estimates,population_1jan,17577.783,0.025295384142290933,UN DESA
14_PE,Peru,1982.0,Estimates,population_1jan,18019.827,0.025147881277178152,UN DESA
14_PE,Peru,1983.0,Estimates,population_1jan,18473.179,0.025158510123321376,UN DESA
14_PE,Peru,1984.0,Estimates,population_1jan,18938.734,0.025201672110685358,UN DESA
14_PE,Peru,1985.0,Estimates,population_1jan,19410.698,0.024920567552192185,UN DESA
14_PE,Peru,1986.0,Estimates,population_1jan,19885.711,0.024471711424287834,UN DESA
14_PE,Peru,1987.0,Estimates,population_1jan,20348.532,0.023274048385798274,UN DESA
14_PE,Peru,1988.0,Estimates,population_1jan,20816.107,0.022978316077051586,UN DESA
14_PE,Peru,1989.0,Estimates,population_1jan,21293.298,0.022924123132149532,UN DESA
14_PE,Peru,1990.0,Estimates,population_1jan,21771.879,0.022475663469322615,UN DESA
14_PE,Peru,1991.0,Estimates,population_1jan,22257.664,0.022312497694847444,UN DESA
14_PE,Peru,1992.0,Estimates,population_1jan,22709.886,0.020317585888617762,UN DESA
14_PE,Peru,1993.0,Estimates,population_1jan,23182.795,0.02082392663706023,UN DESA
14_PE,Peru,1994.0,Estimates,population_1jan,23644.771,0.019927536778891586,UN DESA
14_PE,Peru,1995.0,Estimates,population_1jan,24118.215,0.02002320090137477,UN DESA
14_PE,Peru,1996.0,Estimates,population_1jan,24579.623,0.019131100705421122,UN DESA
14_PE,Peru,1997.0,Estimates,population_1jan,25042.719,0.018840646986326925,UN DESA
14_PE,Peru,1998.0,Estimates,population_1jan,25505.576,0.018482697505809886,UN DESA
14_PE,Peru,1999.0,Estimates,population_1jan,25970.615,0.018232836615805104,UN DESA
14_PE,Peru,2000.0,Estimates,population_1jan,26402.394,0.01662567482518207,UN DESA
14_PE,Peru,2001.0,Estimates,population_1jan,26794.268,0.014842366188460021,UN DESA
14_PE,Peru,2002.0,Estimates,population_1jan,27134.933,0.012714099896291353,UN DESA
14_PE,Peru,2003.0,Estimates,population_1jan,27441.502,0.011297945714478175,UN DESA
14_PE,Peru,2004.0,Estimates,population_1jan,27719.479,0.010129802661676512,UN DESA
14_PE,Peru,2005.0,Estimates,population_1jan,27984.901,0.009575288193548026,UN DESA
14_PE,Peru,2006.0,Estimates,population_1jan,28217.46,0.008310159825114072,UN DESA
14_PE,Peru,2007.0,Estimates,population_1jan,28431.522,0.007586154104586296,UN DESA
14_PE,Peru,2008.0,Estimates,population_1jan,28629.876,0.006976552292909277,UN DESA
14_PE,Peru,2009.0,Estimates,population_1jan,28808.206,0.006228807976674355,UN DESA
14_PE,Peru,2010.0,Estimates,population_1jan,28985.416,0.006151372286077095,UN DESA
14_PE,Peru,2011.0,Estimates,population_1jan,29186.623,0.006941663352356242,UN DESA
14_PE,Peru,2012.0,Estimates,population_1jan,29421.548,0.008049064120915883,UN DESA
14_PE,Peru,2013.0,Estimates,population_1jan,29679.184,0.008756711237627668,UN DESA
14_PE,Peru,2014.0,Estimates,population_1jan,29956.654,0.009348976710410906,UN DESA
14_PE,Peru,2015.0,Estimates,population_1jan,30274.998,0.01062682100611112,UN DESA
14_PE,Peru,2016.0,Estimates,population_1jan,30640.202,0.012062890970298445,UN DESA
14_PE,Peru,2017.0,Estimates,population_1jan,31092.785,0.014770888259809656,UN DESA
14_PE,Peru,2018.0,Estimates,population_1jan,31556.488,0.014913524150377722,UN DESA
14_PE,Peru,2019.0,Estimates,population_1jan,32238.679,0.021618090073901808,UN DESA
14_PE,Peru,2020.0,Estimates,population_1jan,32659.927,0.013066540350490152,UN DESA
14_PE,Peru,2021.0,Estimates,population_1jan,33017.232,0.010940165297981252,UN DESA
14_PE,Peru,2022.0,Estimates,population_1jan,33294.532,0.008398644683479173,UN DESA
14_PE,Peru,2023.0,Estimates,population_1jan,33656.344,0.010867009633894087,UN DESA
14_PE,Peru,2024.0,High,population_1jan,34034.89,0.011247389199492419,UN DESA
14_PE,Peru,2025.0,High,population_1jan,34468.776,0.012748270965470931,UN DESA
14_PE,Peru,2026.0,High,population_1jan,34888.716,0.012183200238964131,UN DESA
14_PE,Peru,2027.0,High,population_1jan,35296.421,0.011685870010234911,UN DESA
14_PE,Peru,2028.0,High,population_1jan,35692.886,0.011232441952117478,UN DESA
14_PE,Peru,2029.0,High,population_1jan,36079.017,0.010818150149024097,UN DESA
14_PE,Peru,2030.0,High,population_1jan,36496.76,0.01157855825173959,UN DESA
14_PE,Peru,2031.0,High,population_1jan,36905.887,0.01120995397947655,UN DESA
14_PE,Peru,2032.0,High,population_1jan,37306.281,0.010849055057259527,UN DESA
14_PE,Peru,2033.0,High,population_1jan,37699.032,0.010527744644393655,UN DESA
14_PE,Peru,2034.0,High,population_1jan,38084.914,0.010235859636926525,UN DESA
14_PE,Peru,2035.0,High,population_1jan,38490.835,0.0106583147332302,UN DESA
14_PE,Peru,2036.0,High,population_1jan,38888.068,0.010320197002741116,UN DESA
14_PE,Peru,2037.0,High,population_1jan,39277.416,0.010012017053662836,UN DESA
14_PE,Peru,2038.0,High,population_1jan,39657.923,0.009687679046910924,UN DESA
14_PE,Peru,2039.0,High,population_1jan,40030.06,0.009383673471754728,UN DESA
14_PE,Peru,2040.0,High,population_1jan,40394.494,0.009104008337734282,UN DESA
14_PE,Peru,2041.0,High,population_1jan,40751.253,0.00883187198730595,UN DESA
14_PE,Peru,2042.0,High,population_1jan,41100.943,0.008581085838023306,UN DESA
14_PE,Peru,2043.0,High,population_1jan,41443.395,0.008331974280979315,UN DESA
14_PE,Peru,2044.0,High,population_1jan,41778.548,0.008087006385456785,UN DESA
14_PE,Peru,2045.0,High,population_1jan,42108.102,0.007888115211662994,UN DESA
14_PE,Peru,2046.0,High,population_1jan,42430.455,0.0076553676059776254,UN DESA
14_PE,Peru,2047.0,High,population_1jan,42746.834,0.007456413088193337,UN DESA
14_PE,Peru,2048.0,High,population_1jan,43056.917,0.007253940724592622,UN DESA
14_PE,Peru,2049.0,High,population_1jan,43361.195,0.007066878476227112,UN DESA
14_PE,Peru,2050.0,High,population_1jan,43661.289,0.006920796347978708,UN DESA
14_PE,Peru,2051.0,High,population_1jan,43957.819,0.006791599762435041,UN DESA
14_PE,Peru,2052.0,High,population_1jan,44250.419,0.00665638120035017,UN DESA
14_PE,Peru,2053.0,High,population_1jan,44539.911,0.006542130143445624,UN DESA
14_PE,Peru,2054.0,High,population_1jan,44827.443,0.006455603380078667,UN DESA
14_PE,Peru,2055.0,High,population_1jan,45111.767,0.006342632569963813,UN DESA
14_PE,Peru,2056.0,High,population_1jan,45393.628,0.006248059403215045,UN DESA
14_PE,Peru,2057.0,High,population_1jan,45672.329,0.0061396502610455705,UN DESA
14_PE,Peru,2058.0,High,population_1jan,45948.935,0.006056314754607772,UN DESA
14_PE,Peru,2059.0,High,population_1jan,46222.379,0.005951041085065389,UN DESA
14_PE,Peru,2060.0,High,population_1jan,46493.693,0.005869754129271376,UN DESA
14_PE,Peru,2061.0,High,population_1jan,46763.162,0.005795818370461392,UN DESA
14_PE,Peru,2062.0,High,population_1jan,47030.148,0.005709323077853545,UN DESA
14_PE,Peru,2063.0,High,population_1jan,47294.069,0.005611740792310638,UN DESA
14_PE,Peru,2064.0,High,population_1jan,47555.211,0.00552166488360295,UN DESA
14_PE,Peru,2065.0,High,population_1jan,47812.284,0.005405779820848666,UN DESA
14_PE,Peru,2066.0,High,population_1jan,48065.824,0.005302821341896191,UN DESA
14_PE,Peru,2067.0,High,population_1jan,48315.271,0.005189695697300545,UN DESA
14_PE,Peru,2068.0,High,population_1jan,48560.069,0.005066679642550254,UN DESA
14_PE,Peru,2069.0,High,population_1jan,48799.623,0.00493314785034582,UN DESA
14_PE,Peru,2070.0,High,population_1jan,49033.446,0.004791491934271752,UN DESA
14_PE,Peru,2071.0,High,population_1jan,49261.634,0.004653721461877147,UN DESA
14_PE,Peru,2072.0,High,population_1jan,49484.836,0.004530949988382549,UN DESA
14_PE,Peru,2073.0,High,population_1jan,49702.578,0.004400176247931764,UN DESA
14_PE,Peru,2074.0,High,population_1jan,49915.018,0.004274224970785223,UN DESA
14_PE,Peru,2075.0,High,population_1jan,50121.529,0.004137251838715272,UN DESA
14_PE,Peru,2076.0,High,population_1jan,50323.115,0.00402194434251979,UN DESA
14_PE,Peru,2077.0,High,population_1jan,50519.854,0.003909515537740438,UN DESA
14_PE,Peru,2078.0,High,population_1jan,50712.554,0.0038143419812732837,UN DESA
14_PE,Peru,2079.0,High,population_1jan,50901.252,0.003720932690552292,UN DESA
14_PE,Peru,2080.0,High,population_1jan,51086.713,0.0036435449564187206,UN DESA
14_PE,Peru,2081.0,High,population_1jan,51268.22,0.0035529199148123247,UN DESA
14_PE,Peru,2082.0,High,population_1jan,51447.474,0.0034963960129685834,UN DESA
14_PE,Peru,2083.0,High,population_1jan,51624.337,0.0034377392367213044,UN DESA
14_PE,Peru,2084.0,High,population_1jan,51800.381,0.003410097063328843,UN DESA
14_PE,Peru,2085.0,High,population_1jan,51974.653,0.0033642995791864916,UN DESA
14_PE,Peru,2086.0,High,population_1jan,52148.189,0.0033388582700109026,UN DESA
14_PE,Peru,2087.0,High,population_1jan,52321.598,0.003325312025696636,UN DESA
14_PE,Peru,2088.0,High,population_1jan,52494.525,0.003305078717205978,UN DESA
14_PE,Peru,2089.0,High,population_1jan,52668.054,0.003305659018726148,UN DESA
14_PE,Peru,2090.0,High,population_1jan,52843.496,0.003331089468390225,UN DESA
14_PE,Peru,2091.0,High,population_1jan,53019.527,0.0033311762719105964,UN DESA
14_PE,Peru,2092.0,High,population_1jan,53196.656,0.0033408257301126287,UN DESA
14_PE,Peru,2093.0,High,population_1jan,53375.097,0.00335436498113717,UN DESA
14_PE,Peru,2094.0,High,population_1jan,53553.447,0.003341445918121577,UN DESA
14_PE,Peru,2095.0,High,population_1jan,53734.718,0.0033848614823990264,UN DESA
14_PE,Peru,2096.0,High,population_1jan,53916.19,0.0033771834440445847,UN DESA
14_PE,Peru,2097.0,High,population_1jan,54098.74,0.00338581045878783,UN DESA
14_PE,Peru,2098.0,High,population_1jan,54282.089,0.003389154719684928,UN DESA
14_PE,Peru,2099.0,High,population_1jan,54466.464,0.0033966084098200344,UN DESA
14_PE,Peru,2100.0,High,population_1jan,54650.887,0.0033859917912058,UN DESA
15_PHL,Philippines,1950.0,Estimates,population_1jan,18500.57,,UN DESA
15_PHL,Philippines,1951.0,Estimates,population_1jan,19198.485,0.03772397282894535,UN DESA
15_PHL,Philippines,1952.0,Estimates,population_1jan,19937.677,0.03850262143080552,UN DESA
15_PHL,Philippines,1953.0,Estimates,population_1jan,20719.827,0.03922974577228833,UN DESA
15_PHL,Philippines,1954.0,Estimates,population_1jan,21545.173,0.03983363374607318,UN DESA
15_PHL,Philippines,1955.0,Estimates,population_1jan,22419.834,0.040596610665414534,UN DESA
15_PHL,Philippines,1956.0,Estimates,population_1jan,23341.313,0.04110106256808144,UN DESA
15_PHL,Philippines,1957.0,Estimates,population_1jan,24310.307,0.04151411705074182,UN DESA
15_PHL,Philippines,1958.0,Estimates,population_1jan,25321.402,0.04159120656106885,UN DESA
15_PHL,Philippines,1959.0,Estimates,population_1jan,26363.646,0.04116059608389788,UN DESA
15_PHL,Philippines,1960.0,Estimates,population_1jan,27451.569,0.04126602974414073,UN DESA
15_PHL,Philippines,1961.0,Estimates,population_1jan,28332.226,0.032080388556297024,UN DESA
15_PHL,Philippines,1962.0,Estimates,population_1jan,29253.015,0.03249970545907699,UN DESA
15_PHL,Philippines,1963.0,Estimates,population_1jan,30194.058,0.032169094365144923,UN DESA
15_PHL,Philippines,1964.0,Estimates,population_1jan,31155.404,0.03183891347098822,UN DESA
15_PHL,Philippines,1965.0,Estimates,population_1jan,32130.659,0.03130291618109027,UN DESA
15_PHL,Philippines,1966.0,Estimates,population_1jan,33119.972,0.030790311521466274,UN DESA
15_PHL,Philippines,1967.0,Estimates,population_1jan,34114.367,0.030024029005821573,UN DESA
15_PHL,Philippines,1968.0,Estimates,population_1jan,35128.273,0.029720791829436655,UN DESA
15_PHL,Philippines,1969.0,Estimates,population_1jan,36148.411,0.0290403687081342,UN DESA
15_PHL,Philippines,1970.0,Estimates,population_1jan,37173.187,0.028349129924410743,UN DESA
15_PHL,Philippines,1971.0,Estimates,population_1jan,38071.221,0.024158111598018284,UN DESA
15_PHL,Philippines,1972.0,Estimates,population_1jan,38966.097,0.023505313895763935,UN DESA
15_PHL,Philippines,1973.0,Estimates,population_1jan,39851.024,0.022710178029890837,UN DESA
15_PHL,Philippines,1974.0,Estimates,population_1jan,40737.236,0.022238123667788212,UN DESA
15_PHL,Philippines,1975.0,Estimates,population_1jan,41611.446,0.021459727901029124,UN DESA
15_PHL,Philippines,1976.0,Estimates,population_1jan,42630.206,0.02448268680689436,UN DESA
15_PHL,Philippines,1977.0,Estimates,population_1jan,43772.77,0.026801747099228113,UN DESA
15_PHL,Philippines,1978.0,Estimates,population_1jan,44963.154,0.027194623506805904,UN DESA
15_PHL,Philippines,1979.0,Estimates,population_1jan,46187.409,0.027227960921068828,UN DESA
15_PHL,Philippines,1980.0,Estimates,population_1jan,47426.798,0.026833914844627937,UN DESA
15_PHL,Philippines,1981.0,Estimates,population_1jan,48660.682,0.026016599307421062,UN DESA
15_PHL,Philippines,1982.0,Estimates,population_1jan,49962.772,0.02675856454293002,UN DESA
15_PHL,Philippines,1983.0,Estimates,population_1jan,51428.643,0.02933926484303151,UN DESA
15_PHL,Philippines,1984.0,Estimates,population_1jan,52960.598,0.029787972433960697,UN DESA
15_PHL,Philippines,1985.0,Estimates,population_1jan,54491.764,0.028911418258532606,UN DESA
15_PHL,Philippines,1986.0,Estimates,population_1jan,55934.248,0.0264715966985396,UN DESA
15_PHL,Philippines,1987.0,Estimates,population_1jan,57355.907,0.025416610588918642,UN DESA
15_PHL,Philippines,1988.0,Estimates,population_1jan,58959.085,0.027951401762332795,UN DESA
15_PHL,Philippines,1989.0,Estimates,population_1jan,60519.018,0.02645789024710954,UN DESA
15_PHL,Philippines,1990.0,Estimates,population_1jan,62011.501,0.024661388259802797,UN DESA
15_PHL,Philippines,1991.0,Estimates,population_1jan,63697.832,0.02719384263896485,UN DESA
15_PHL,Philippines,1992.0,Estimates,population_1jan,65066.665,0.021489475497376453,UN DESA
15_PHL,Philippines,1993.0,Estimates,population_1jan,66785.586,0.026417843914391392,UN DESA
15_PHL,Philippines,1994.0,Estimates,population_1jan,68275.657,0.022311266386133344,UN DESA
15_PHL,Philippines,1995.0,Estimates,population_1jan,69762.925,0.021783283608680648,UN DESA
15_PHL,Philippines,1996.0,Estimates,population_1jan,71329.566,0.022456641547068168,UN DESA
15_PHL,Philippines,1997.0,Estimates,population_1jan,73050.919,0.024132391328442804,UN DESA
15_PHL,Philippines,1998.0,Estimates,population_1jan,74766.701,0.023487480013769657,UN DESA
15_PHL,Philippines,1999.0,Estimates,population_1jan,76815.347,0.02740051349864947,UN DESA
15_PHL,Philippines,2000.0,Estimates,population_1jan,78691.166,0.024419846726722483,UN DESA
15_PHL,Philippines,2001.0,Estimates,population_1jan,80559.628,0.023744240871967692,UN DESA
15_PHL,Philippines,2002.0,Estimates,population_1jan,82243.348,0.0209002951205286,UN DESA
15_PHL,Philippines,2003.0,Estimates,population_1jan,83894.429,0.020075556748978762,UN DESA
15_PHL,Philippines,2004.0,Estimates,population_1jan,85569.241,0.01996332795828426,UN DESA
15_PHL,Philippines,2005.0,Estimates,population_1jan,87219.768,0.019288788596360185,UN DESA
15_PHL,Philippines,2006.0,Estimates,population_1jan,88812.155,0.018257179954892733,UN DESA
15_PHL,Philippines,2007.0,Estimates,population_1jan,90205.817,0.01569224392764701,UN DESA
15_PHL,Philippines,2008.0,Estimates,population_1jan,91944.551,0.019275187097967494,UN DESA
15_PHL,Philippines,2009.0,Estimates,population_1jan,93453.638,0.01641301179446719,UN DESA
15_PHL,Philippines,2010.0,Estimates,population_1jan,95314.862,0.01991601439849755,UN DESA
15_PHL,Philippines,2011.0,Estimates,population_1jan,97359.388,0.021450233018225573,UN DESA
15_PHL,Philippines,2012.0,Estimates,population_1jan,99137.841,0.018266887626696926,UN DESA
15_PHL,Philippines,2013.0,Estimates,population_1jan,101213.184,0.020933913620329925,UN DESA
15_PHL,Philippines,2014.0,Estimates,population_1jan,102939.488,0.017056117906536716,UN DESA
15_PHL,Philippines,2015.0,Estimates,population_1jan,104594.772,0.01608016546575408,UN DESA
15_PHL,Philippines,2016.0,Estimates,population_1jan,106031.211,0.013733372830527335,UN DESA
15_PHL,Philippines,2017.0,Estimates,population_1jan,107440.227,0.013288691006273723,UN DESA
15_PHL,Philippines,2018.0,Estimates,population_1jan,108799.16,0.012648270000397588,UN DESA
15_PHL,Philippines,2019.0,Estimates,population_1jan,110131.413,0.012245066965590468,UN DESA
15_PHL,Philippines,2020.0,Estimates,population_1jan,111477.954,0.012226675054101133,UN DESA
15_PHL,Philippines,2021.0,Estimates,population_1jan,112684.574,0.010823844147695771,UN DESA
15_PHL,Philippines,2022.0,Estimates,population_1jan,113517.326,0.007390115349772852,UN DESA
15_PHL,Philippines,2023.0,Estimates,population_1jan,114411.351,0.007875670010056401,UN DESA
15_PHL,Philippines,2024.0,High,population_1jan,115371.047,0.008388118762796548,UN DESA
15_PHL,Philippines,2025.0,High,population_1jan,116555.088,0.010262895507917147,UN DESA
15_PHL,Philippines,2026.0,High,population_1jan,117737.303,0.010142972051121468,UN DESA
15_PHL,Philippines,2027.0,High,population_1jan,118914.177,0.009995761496252253,UN DESA
15_PHL,Philippines,2028.0,High,population_1jan,120089.995,0.009887954738987847,UN DESA
15_PHL,Philippines,2029.0,High,population_1jan,121262.964,0.00976741651125912,UN DESA
15_PHL,Philippines,2030.0,High,population_1jan,122574.764,0.010817812436120233,UN DESA
15_PHL,Philippines,2031.0,High,population_1jan,123880.724,0.010654395385986781,UN DESA
15_PHL,Philippines,2032.0,High,population_1jan,125171.036,0.010415760889482595,UN DESA
15_PHL,Philippines,2033.0,High,population_1jan,126455.284,0.010259945439774265,UN DESA
15_PHL,Philippines,2034.0,High,population_1jan,127731.104,0.010089099954099234,UN DESA
15_PHL,Philippines,2035.0,High,population_1jan,129097.281,0.010695726860702637,UN DESA
15_PHL,Philippines,2036.0,High,population_1jan,130445.33,0.010442117677133655,UN DESA
15_PHL,Philippines,2037.0,High,population_1jan,131776.036,0.010201254425896256,UN DESA
15_PHL,Philippines,2038.0,High,population_1jan,133080.52,0.009899250573905505,UN DESA
15_PHL,Philippines,2039.0,High,population_1jan,134354.292,0.00957143840435859,UN DESA
15_PHL,Philippines,2040.0,High,population_1jan,135587.721,0.00918042127005525,UN DESA
15_PHL,Philippines,2041.0,High,population_1jan,136788.893,0.008859002800113647,UN DESA
15_PHL,Philippines,2042.0,High,population_1jan,137953.607,0.0085146825480924,UN DESA
15_PHL,Philippines,2043.0,High,population_1jan,139082.9,0.008186034599298342,UN DESA
15_PHL,Philippines,2044.0,High,population_1jan,140175.685,0.00785707660682955,UN DESA
15_PHL,Philippines,2045.0,High,population_1jan,141231.51,0.00753215509522942,UN DESA
15_PHL,Philippines,2046.0,High,population_1jan,142248.454,0.007200546110425199,UN DESA
15_PHL,Philippines,2047.0,High,population_1jan,143225.288,0.006867097480019124,UN DESA
15_PHL,Philippines,2048.0,High,population_1jan,144157.165,0.006506371975317782,UN DESA
15_PHL,Philippines,2049.0,High,population_1jan,145046.908,0.00617203452911963,UN DESA
15_PHL,Philippines,2050.0,High,population_1jan,145904.096,0.005909729561418775,UN DESA
15_PHL,Philippines,2051.0,High,population_1jan,146721.94,0.0056053532588968835,UN DESA
15_PHL,Philippines,2052.0,High,population_1jan,147511.66,0.005382426104780347,UN DESA
15_PHL,Philippines,2053.0,High,population_1jan,148264.112,0.005100966255819905,UN DESA
15_PHL,Philippines,2054.0,High,population_1jan,148997.325,0.0049453167736237535,UN DESA
15_PHL,Philippines,2055.0,High,population_1jan,149714.233,0.004811549469092791,UN DESA
15_PHL,Philippines,2056.0,High,population_1jan,150412.148,0.004661647633728894,UN DESA
15_PHL,Philippines,2057.0,High,population_1jan,151092.63,0.004524115964356978,UN DESA
15_PHL,Philippines,2058.0,High,population_1jan,151773.652,0.004507314486484226,UN DESA
15_PHL,Philippines,2059.0,High,population_1jan,152451.632,0.004467046757232973,UN DESA
15_PHL,Philippines,2060.0,High,population_1jan,153118.581,0.004374823616188017,UN DESA
15_PHL,Philippines,2061.0,High,population_1jan,153785.173,0.004353436373603747,UN DESA
15_PHL,Philippines,2062.0,High,population_1jan,154451.691,0.004334084925079029,UN DESA
15_PHL,Philippines,2063.0,High,population_1jan,155115.705,0.004299169505369793,UN DESA
15_PHL,Philippines,2064.0,High,population_1jan,155782.987,0.004301833911659836,UN DESA
15_PHL,Philippines,2065.0,High,population_1jan,156448.42,0.004271538329150282,UN DESA
15_PHL,Philippines,2066.0,High,population_1jan,157104.482,0.0041934715607865325,UN DESA
15_PHL,Philippines,2067.0,High,population_1jan,157763.841,0.004196945826154153,UN DESA
15_PHL,Philippines,2068.0,High,population_1jan,158406.856,0.00407580720603784,UN DESA
15_PHL,Philippines,2069.0,High,population_1jan,159042.269,0.004011272087869777,UN DESA
15_PHL,Philippines,2070.0,High,population_1jan,159662.075,0.003897114923580469,UN DESA
15_PHL,Philippines,2071.0,High,population_1jan,160261.725,0.0037557447502796215,UN DESA
15_PHL,Philippines,2072.0,High,population_1jan,160844.975,0.003639359304288048,UN DESA
15_PHL,Philippines,2073.0,High,population_1jan,161401.605,0.003460661422590272,UN DESA
15_PHL,Philippines,2074.0,High,population_1jan,161935.98,0.0033108406821604763,UN DESA
15_PHL,Philippines,2075.0,High,population_1jan,162441.111,0.0031193253037402613,UN DESA
15_PHL,Philippines,2076.0,High,population_1jan,162926.737,0.002989551087224429,UN DESA
15_PHL,Philippines,2077.0,High,population_1jan,163383.826,0.002805487966042186,UN DESA
15_PHL,Philippines,2078.0,High,population_1jan,163805.219,0.0025791598245472613,UN DESA
15_PHL,Philippines,2079.0,High,population_1jan,164208.774,0.0024636272425482275,UN DESA
15_PHL,Philippines,2080.0,High,population_1jan,164595.564,0.002355477058735067,UN DESA
15_PHL,Philippines,2081.0,High,population_1jan,164955.306,0.0021856117580423273,UN DESA
15_PHL,Philippines,2082.0,High,population_1jan,165301.746,0.0021002052519607517,UN DESA
15_PHL,Philippines,2083.0,High,population_1jan,165629.308,0.0019816003637371793,UN DESA
15_PHL,Philippines,2084.0,High,population_1jan,165947.273,0.0019197387457539072,UN DESA
15_PHL,Philippines,2085.0,High,population_1jan,166249.439,0.0018208554713643466,UN DESA
15_PHL,Philippines,2086.0,High,population_1jan,166538.513,0.0017387968449023017,UN DESA
15_PHL,Philippines,2087.0,High,population_1jan,166824.122,0.001714972680223248,UN DESA
15_PHL,Philippines,2088.0,High,population_1jan,167109.914,0.0017131335479170229,UN DESA
15_PHL,Philippines,2089.0,High,population_1jan,167398.475,0.001726773673045079,UN DESA
15_PHL,Philippines,2090.0,High,population_1jan,167690.993,0.0017474352738278132,UN DESA
15_PHL,Philippines,2091.0,High,population_1jan,167988.596,0.0017747107025598563,UN DESA
15_PHL,Philippines,2092.0,High,population_1jan,168287.605,0.0017799362999617596,UN DESA
15_PHL,Philippines,2093.0,High,population_1jan,168596.883,0.0018377942926930402,UN DESA
15_PHL,Philippines,2094.0,High,population_1jan,168915.288,0.0018885580464735874,UN DESA
15_PHL,Philippines,2095.0,High,population_1jan,169244.57,0.0019493913422448106,UN DESA
15_PHL,Philippines,2096.0,High,population_1jan,169576.938,0.0019638325767259435,UN DESA
15_PHL,Philippines,2097.0,High,population_1jan,169916.757,0.002003922255041646,UN DESA
15_PHL,Philippines,2098.0,High,population_1jan,170269.001,0.002073038623259471,UN DESA
15_PHL,Philippines,2099.0,High,population_1jan,170628.862,0.0021134851199366977,UN DESA
15_PHL,Philippines,2100.0,High,population_1jan,170993.888,0.0021392980983487853,UN DESA
16_RUS,Russia,1950.0,Estimates,population_1jan,102666.467,,UN DESA
16_RUS,Russia,1951.0,Estimates,population_1jan,104118.253,0.014140800228374495,UN DESA
16_RUS,Russia,1952.0,Estimates,population_1jan,105571.062,0.013953451562426888,UN DESA
16_RUS,Russia,1953.0,Estimates,population_1jan,107081.701,0.014309214773267964,UN DESA
16_RUS,Russia,1954.0,Estimates,population_1jan,108621.657,0.01438113128217866,UN DESA
16_RUS,Russia,1955.0,Estimates,population_1jan,110304.822,0.015495666761923932,UN DESA
16_RUS,Russia,1956.0,Estimates,population_1jan,112017.163,0.015523718446325052,UN DESA
16_RUS,Russia,1957.0,Estimates,population_1jan,113801.044,0.015925068554003552,UN DESA
16_RUS,Russia,1958.0,Estimates,population_1jan,115659.626,0.016331853686684994,UN DESA
16_RUS,Russia,1959.0,Estimates,population_1jan,117517.906,0.016066799316815983,UN DESA
16_RUS,Russia,1960.0,Estimates,population_1jan,119069.875,0.013206234290798147,UN DESA
16_RUS,Russia,1961.0,Estimates,population_1jan,120798.408,0.01451696325371965,UN DESA
16_RUS,Russia,1962.0,Estimates,population_1jan,122410.2,0.013342824849148727,UN DESA
16_RUS,Russia,1963.0,Estimates,population_1jan,123813.227,0.01146168374857659,UN DESA
16_RUS,Russia,1964.0,Estimates,population_1jan,125086.278,0.010282027460604137,UN DESA
16_RUS,Russia,1965.0,Estimates,population_1jan,126174.029,0.008696005808086937,UN DESA
16_RUS,Russia,1966.0,Estimates,population_1jan,127094.399,0.007294448844143764,UN DESA
16_RUS,Russia,1967.0,Estimates,population_1jan,127972.863,0.006911901758943628,UN DESA
16_RUS,Russia,1968.0,Estimates,population_1jan,128712.424,0.005779045515297954,UN DESA
16_RUS,Russia,1969.0,Estimates,population_1jan,129417.657,0.0054791369634994425,UN DESA
16_RUS,Russia,1970.0,Estimates,population_1jan,130106.717,0.005324312122263253,UN DESA
16_RUS,Russia,1971.0,Estimates,population_1jan,130627.662,0.0040039823616484504,UN DESA
16_RUS,Russia,1972.0,Estimates,population_1jan,131346.563,0.005503436171122811,UN DESA
16_RUS,Russia,1973.0,Estimates,population_1jan,132106.275,0.005784026491808536,UN DESA
16_RUS,Russia,1974.0,Estimates,population_1jan,132844.024,0.0055845114094694726,UN DESA
16_RUS,Russia,1975.0,Estimates,population_1jan,133674.292,0.006249946177480981,UN DESA
16_RUS,Russia,1976.0,Estimates,population_1jan,134597.903,0.006909413816083676,UN DESA
16_RUS,Russia,1977.0,Estimates,population_1jan,135563.478,0.0071737744680910875,UN DESA
16_RUS,Russia,1978.0,Estimates,population_1jan,136518.473,0.007044633363567199,UN DESA
16_RUS,Russia,1979.0,Estimates,population_1jan,137439.702,0.006748017171273268,UN DESA
16_RUS,Russia,1980.0,Estimates,population_1jan,138193.379,0.0054836920411831525,UN DESA
16_RUS,Russia,1981.0,Estimates,population_1jan,138951.867,0.005488598697626523,UN DESA
16_RUS,Russia,1982.0,Estimates,population_1jan,139751.129,0.005752078163872243,UN DESA
16_RUS,Russia,1983.0,Estimates,population_1jan,140744.368,0.007107198396944625,UN DESA
16_RUS,Russia,1984.0,Estimates,population_1jan,141918.189,0.008340092159140777,UN DESA
16_RUS,Russia,1985.0,Estimates,population_1jan,143010.289,0.007695278580534648,UN DESA
16_RUS,Russia,1986.0,Estimates,population_1jan,144128.489,0.007819017833045727,UN DESA
16_RUS,Russia,1987.0,Estimates,population_1jan,145487.137,0.00942664430486051,UN DESA
16_RUS,Russia,1988.0,Estimates,population_1jan,146807.628,0.00907634191743023,UN DESA
16_RUS,Russia,1989.0,Estimates,population_1jan,147921.351,0.007586274740437826,UN DESA
16_RUS,Russia,1990.0,Estimates,population_1jan,148642.381,0.0048744146475514505,UN DESA
16_RUS,Russia,1991.0,Estimates,population_1jan,149316.7,0.004536519096797864,UN DESA
16_RUS,Russia,1992.0,Estimates,population_1jan,149580.166,0.001764477784467422,UN DESA
16_RUS,Russia,1993.0,Estimates,population_1jan,148251.816,-0.008880522301332405,UN DESA
16_RUS,Russia,1994.0,Estimates,population_1jan,148019.032,-0.001570193244715412,UN DESA
16_RUS,Russia,1995.0,Estimates,population_1jan,148382.441,0.002455150497133296,UN DESA
16_RUS,Russia,1996.0,Estimates,population_1jan,148200.365,-0.0012270724135075017,UN DESA
16_RUS,Russia,1997.0,Estimates,population_1jan,147968.8,-0.0015625130208012372,UN DESA
16_RUS,Russia,1998.0,Estimates,population_1jan,147738.741,-0.001554780467233452,UN DESA
16_RUS,Russia,1999.0,Estimates,population_1jan,147532.321,-0.0013971961491130447,UN DESA
16_RUS,Russia,2000.0,Estimates,population_1jan,146951.628,-0.003936039208655817,UN DESA
16_RUS,Russia,2001.0,Estimates,population_1jan,146483.937,-0.0031826187049794896,UN DESA
16_RUS,Russia,2002.0,Estimates,population_1jan,145750.631,-0.005006050595158462,UN DESA
16_RUS,Russia,2003.0,Estimates,population_1jan,146128.369,0.0025916731708695018,UN DESA
16_RUS,Russia,2004.0,Estimates,population_1jan,145460.09,-0.0045732324570050276,UN DESA
16_RUS,Russia,2005.0,Estimates,population_1jan,144900.103,-0.003849763876813128,UN DESA
16_RUS,Russia,2006.0,Estimates,population_1jan,144295.666,-0.0041714049023140465,UN DESA
16_RUS,Russia,2007.0,Estimates,population_1jan,143910.23,-0.0026711543782610425,UN DESA
16_RUS,Russia,2008.0,Estimates,population_1jan,143809.297,-0.0007013608414080386,UN DESA
16_RUS,Russia,2009.0,Estimates,population_1jan,143814.384,3.537323459701369e-05,UN DESA
16_RUS,Russia,2010.0,Estimates,population_1jan,143923.88,0.0007613702951994039,UN DESA
16_RUS,Russia,2011.0,Estimates,population_1jan,143945.051,0.0001470985912830347,UN DESA
16_RUS,Russia,2012.0,Estimates,population_1jan,144142.446,0.0013713218942135175,UN DESA
16_RUS,Russia,2013.0,Estimates,population_1jan,144439.612,0.0020616134126099084,UN DESA
16_RUS,Russia,2014.0,Estimates,population_1jan,144768.583,0.002277567735366137,UN DESA
16_RUS,Russia,2015.0,Estimates,population_1jan,145082.693,0.0021697387201751184,UN DESA
16_RUS,Russia,2016.0,Estimates,population_1jan,145532.538,0.0031006110425590983,UN DESA
16_RUS,Russia,2017.0,Estimates,population_1jan,146024.816,0.0033825975054457835,UN DESA
16_RUS,Russia,2018.0,Estimates,population_1jan,146348.782,0.002218568109683572,UN DESA
16_RUS,Russia,2019.0,Estimates,population_1jan,146511.509,0.0011119122262321923,UN DESA
16_RUS,Russia,2020.0,Estimates,population_1jan,146554.625,0.0002942840483610709,UN DESA
16_RUS,Russia,2021.0,Estimates,population_1jan,146187.972,-0.002501818008131762,UN DESA
16_RUS,Russia,2022.0,Estimates,population_1jan,145484.378,-0.004812940424401058,UN DESA
16_RUS,Russia,2023.0,Estimates,population_1jan,145675.42,0.0013131444257197256,UN DESA
16_RUS,Russia,2024.0,High,population_1jan,145205.581,-0.003225245549317801,UN DESA
16_RUS,Russia,2025.0,High,population_1jan,144652.348,-0.0038099981845739483,UN DESA
16_RUS,Russia,2026.0,High,population_1jan,143987.474,-0.004596358159357439,UN DESA
16_RUS,Russia,2027.0,High,population_1jan,143862.799,-0.0008658739301169449,UN DESA
16_RUS,Russia,2028.0,High,population_1jan,143695.491,-0.0011629691703689549,UN DESA
16_RUS,Russia,2029.0,High,population_1jan,143519.613,-0.0012239632487841545,UN DESA
16_RUS,Russia,2030.0,High,population_1jan,143450.643,-0.0004805614964973337,UN DESA
16_RUS,Russia,2031.0,High,population_1jan,143374.523,-0.000530635474391139,UN DESA
16_RUS,Russia,2032.0,High,population_1jan,143273.214,-0.000706603920139881,UN DESA
16_RUS,Russia,2033.0,High,population_1jan,143201.867,-0.0004979786382122153,UN DESA
16_RUS,Russia,2034.0,High,population_1jan,143148.625,-0.00037179682859855845,UN DESA
16_RUS,Russia,2035.0,High,population_1jan,143194.969,0.00032374743382979077,UN DESA
16_RUS,Russia,2036.0,High,population_1jan,143262.865,0.00047415073639900385,UN DESA
16_RUS,Russia,2037.0,High,population_1jan,143349.782,0.0006066959501334068,UN DESA
16_RUS,Russia,2038.0,High,population_1jan,143453.597,0.0007242075889588584,UN DESA
16_RUS,Russia,2039.0,High,population_1jan,143587.072,0.0009304402454264338,UN DESA
16_RUS,Russia,2040.0,High,population_1jan,143732.916,0.0010157181838768015,UN DESA
16_RUS,Russia,2041.0,High,population_1jan,143914.312,0.00126203520423962,UN DESA
16_RUS,Russia,2042.0,High,population_1jan,144105.823,0.0013307293578972423,UN DESA
16_RUS,Russia,2043.0,High,population_1jan,144319.091,0.0014799401964484815,UN DESA
16_RUS,Russia,2044.0,High,population_1jan,144524.711,0.0014247595281764447,UN DESA
16_RUS,Russia,2045.0,High,population_1jan,144749.223,0.0015534506067962361,UN DESA
16_RUS,Russia,2046.0,High,population_1jan,144988.797,0.0016550969672561866,UN DESA
16_RUS,Russia,2047.0,High,population_1jan,145242.661,0.0017509214867132972,UN DESA
16_RUS,Russia,2048.0,High,population_1jan,145479.424,0.0016301202303090623,UN DESA
16_RUS,Russia,2049.0,High,population_1jan,145711.796,0.001597284300493218,UN DESA
16_RUS,Russia,2050.0,High,population_1jan,145943.983,0.0015934674225002166,UN DESA
16_RUS,Russia,2051.0,High,population_1jan,146169.606,0.0015459561631945284,UN DESA
16_RUS,Russia,2052.0,High,population_1jan,146392.374,0.0015240377674685668,UN DESA
16_RUS,Russia,2053.0,High,population_1jan,146629.506,0.0016198384760122142,UN DESA
16_RUS,Russia,2054.0,High,population_1jan,146830.239,0.0013689809471226777,UN DESA
16_RUS,Russia,2055.0,High,population_1jan,147042.542,0.0014459078827759875,UN DESA
16_RUS,Russia,2056.0,High,population_1jan,147246.785,0.0013890061829862077,UN DESA
16_RUS,Russia,2057.0,High,population_1jan,147470.27,0.0015177580957028702,UN DESA
16_RUS,Russia,2058.0,High,population_1jan,147711.359,0.0016348312103857676,UN DESA
16_RUS,Russia,2059.0,High,population_1jan,147943.164,0.0015693105903926696,UN DESA
16_RUS,Russia,2060.0,High,population_1jan,148196.884,0.0017149829241180914,UN DESA
16_RUS,Russia,2061.0,High,population_1jan,148499.094,0.0020392466551457655,UN DESA
16_RUS,Russia,2062.0,High,population_1jan,148796.764,0.002004524014132869,UN DESA
16_RUS,Russia,2063.0,High,population_1jan,149131.866,0.002252078546546965,UN DESA
16_RUS,Russia,2064.0,High,population_1jan,149469.953,0.0022670339282149232,UN DESA
16_RUS,Russia,2065.0,High,population_1jan,149835.718,0.0024470804510119404,UN DESA
16_RUS,Russia,2066.0,High,population_1jan,150222.891,0.0025839833463474626,UN DESA
16_RUS,Russia,2067.0,High,population_1jan,150646.012,0.0028166213363580717,UN DESA
16_RUS,Russia,2068.0,High,population_1jan,151108.163,0.003067794453131656,UN DESA
16_RUS,Russia,2069.0,High,population_1jan,151587.967,0.003175235476855054,UN DESA
16_RUS,Russia,2070.0,High,population_1jan,152069.077,0.0031738007278636626,UN DESA
16_RUS,Russia,2071.0,High,population_1jan,152575.576,0.003330716605848938,UN DESA
16_RUS,Russia,2072.0,High,population_1jan,153085.342,0.0033410720992461673,UN DESA
16_RUS,Russia,2073.0,High,population_1jan,153656.192,0.0037289657686494504,UN DESA
16_RUS,Russia,2074.0,High,population_1jan,154245.998,0.0038384785690899204,UN DESA
16_RUS,Russia,2075.0,High,population_1jan,154860.92,0.003986631795789064,UN DESA
16_RUS,Russia,2076.0,High,population_1jan,155495.869,0.004100124163023189,UN DESA
16_RUS,Russia,2077.0,High,population_1jan,156167.81,0.004321278785869076,UN DESA
16_RUS,Russia,2078.0,High,population_1jan,156841.8,0.004315806183105231,UN DESA
16_RUS,Russia,2079.0,High,population_1jan,157538.391,0.004441360657681859,UN DESA
16_RUS,Russia,2080.0,High,population_1jan,158261.616,0.004590785746948489,UN DESA
16_RUS,Russia,2081.0,High,population_1jan,159016.096,0.00476729619644467,UN DESA
16_RUS,Russia,2082.0,High,population_1jan,159791.816,0.004878248300096644,UN DESA
16_RUS,Russia,2083.0,High,population_1jan,160575.883,0.004906803237031854,UN DESA
16_RUS,Russia,2084.0,High,population_1jan,161377.519,0.004992256527090122,UN DESA
16_RUS,Russia,2085.0,High,population_1jan,162188.304,0.005024150854618048,UN DESA
16_RUS,Russia,2086.0,High,population_1jan,163007.278,0.005049525642736752,UN DESA
16_RUS,Russia,2087.0,High,population_1jan,163844.683,0.005137224609075508,UN DESA
16_RUS,Russia,2088.0,High,population_1jan,164713.029,0.005299811895635553,UN DESA
16_RUS,Russia,2089.0,High,population_1jan,165590.386,0.005326579234967488,UN DESA
16_RUS,Russia,2090.0,High,population_1jan,166476.696,0.005352424264534195,UN DESA
16_RUS,Russia,2091.0,High,population_1jan,167371.612,0.005375623264411766,UN DESA
16_RUS,Russia,2092.0,High,population_1jan,168284.499,0.005454252301758444,UN DESA
16_RUS,Russia,2093.0,High,population_1jan,169182.375,0.005335464676399004,UN DESA
16_RUS,Russia,2094.0,High,population_1jan,170110.195,0.005484141004640675,UN DESA
16_RUS,Russia,2095.0,High,population_1jan,171052.392,0.005538745046997251,UN DESA
16_RUS,Russia,2096.0,High,population_1jan,171990.124,0.005482133216821783,UN DESA
16_RUS,Russia,2097.0,High,population_1jan,172916.97,0.005388948960813433,UN DESA
16_RUS,Russia,2098.0,High,population_1jan,173866.277,0.005489958562193253,UN DESA
16_RUS,Russia,2099.0,High,population_1jan,174803.882,0.005392678880447921,UN DESA
16_RUS,Russia,2100.0,High,population_1jan,175748.02,0.005401127190070021,UN DESA
17_SGP,Singapore,1950.0,Estimates,population_1jan,986.749,,UN DESA
17_SGP,Singapore,1951.0,Estimates,population_1jan,1039.878,0.05384246652390812,UN DESA
17_SGP,Singapore,1952.0,Estimates,population_1jan,1096.193,0.05415539130551861,UN DESA
17_SGP,Singapore,1953.0,Estimates,population_1jan,1155.986,0.054546051653312944,UN DESA
17_SGP,Singapore,1954.0,Estimates,population_1jan,1219.054,0.05455775415965247,UN DESA
17_SGP,Singapore,1955.0,Estimates,population_1jan,1285.508,0.05451276153476381,UN DESA
17_SGP,Singapore,1956.0,Estimates,population_1jan,1354.953,0.054021445218543906,UN DESA
17_SGP,Singapore,1957.0,Estimates,population_1jan,1426.958,0.05314206470630345,UN DESA
17_SGP,Singapore,1958.0,Estimates,population_1jan,1489.584,0.04388776684387352,UN DESA
17_SGP,Singapore,1959.0,Estimates,population_1jan,1541.87,0.03510107519951866,UN DESA
17_SGP,Singapore,1960.0,Estimates,population_1jan,1593.638,0.03357481499737336,UN DESA
17_SGP,Singapore,1961.0,Estimates,population_1jan,1645.007,0.032233794625881274,UN DESA
17_SGP,Singapore,1962.0,Estimates,population_1jan,1695.915,0.030946980772726063,UN DESA
17_SGP,Singapore,1963.0,Estimates,population_1jan,1746.436,0.02978981847557205,UN DESA
17_SGP,Singapore,1964.0,Estimates,population_1jan,1796.589,0.028717342061203466,UN DESA
17_SGP,Singapore,1965.0,Estimates,population_1jan,1846.342,0.027693033854710336,UN DESA
17_SGP,Singapore,1966.0,Estimates,population_1jan,1895.303,0.026517839056902748,UN DESA
17_SGP,Singapore,1967.0,Estimates,population_1jan,1942.876,0.025100472061722945,UN DESA
17_SGP,Singapore,1968.0,Estimates,population_1jan,1988.482,0.023473448640057404,UN DESA
17_SGP,Singapore,1969.0,Estimates,population_1jan,2031.702,0.02173517286050375,UN DESA
17_SGP,Singapore,1970.0,Estimates,population_1jan,2072.613,0.020136319204292707,UN DESA
17_SGP,Singapore,1971.0,Estimates,population_1jan,2110.503,0.01828127103323207,UN DESA
17_SGP,Singapore,1972.0,Estimates,population_1jan,2146.363,0.016991210152271563,UN DESA
17_SGP,Singapore,1973.0,Estimates,population_1jan,2182.305,0.01674553651921884,UN DESA
17_SGP,Singapore,1974.0,Estimates,population_1jan,2217.969,0.01634235361235037,UN DESA
17_SGP,Singapore,1975.0,Estimates,population_1jan,2252.181,0.015424922530477225,UN DESA
17_SGP,Singapore,1976.0,Estimates,population_1jan,2284.865,0.014512155106538804,UN DESA
17_SGP,Singapore,1977.0,Estimates,population_1jan,2316.621,0.013898414129500214,UN DESA
17_SGP,Singapore,1978.0,Estimates,population_1jan,2346.469,0.012884282754926257,UN DESA
17_SGP,Singapore,1979.0,Estimates,population_1jan,2374.736,0.01204661131257212,UN DESA
17_SGP,Singapore,1980.0,Estimates,population_1jan,2401.578,0.011303151171330184,UN DESA
17_SGP,Singapore,1981.0,Estimates,population_1jan,2473.408,0.029909501169647523,UN DESA
17_SGP,Singapore,1982.0,Estimates,population_1jan,2590.196,0.0472174424923022,UN DESA
17_SGP,Singapore,1983.0,Estimates,population_1jan,2664.638,0.028739910029974558,UN DESA
17_SGP,Singapore,1984.0,Estimates,population_1jan,2707.325,0.016019812072033845,UN DESA
17_SGP,Singapore,1985.0,Estimates,population_1jan,2734.521,0.01004533995733814,UN DESA
17_SGP,Singapore,1986.0,Estimates,population_1jan,2735.538,0.000371911570618666,UN DESA
17_SGP,Singapore,1987.0,Estimates,population_1jan,2753.769,0.006664502558545893,UN DESA
17_SGP,Singapore,1988.0,Estimates,population_1jan,2809.461,0.02022391856397543,UN DESA
17_SGP,Singapore,1989.0,Estimates,population_1jan,2888.629,0.028179070647359028,UN DESA
17_SGP,Singapore,1990.0,Estimates,population_1jan,2988.681,0.03463650056826273,UN DESA
17_SGP,Singapore,1991.0,Estimates,population_1jan,3090.501,0.034068540603697794,UN DESA
17_SGP,Singapore,1992.0,Estimates,population_1jan,3182.081,0.02963273592210447,UN DESA
17_SGP,Singapore,1993.0,Estimates,population_1jan,3270.848,0.027895895799006976,UN DESA
17_SGP,Singapore,1994.0,Estimates,population_1jan,3364.936,0.02876562897450463,UN DESA
17_SGP,Singapore,1995.0,Estimates,population_1jan,3470.698,0.03143061264761049,UN DESA
17_SGP,Singapore,1996.0,Estimates,population_1jan,3596.551,0.03626158196420426,UN DESA
17_SGP,Singapore,1997.0,Estimates,population_1jan,3732.569,0.03781901049088421,UN DESA
17_SGP,Singapore,1998.0,Estimates,population_1jan,3860.676,0.034321401694114684,UN DESA
17_SGP,Singapore,1999.0,Estimates,population_1jan,3942.159,0.021105889227689634,UN DESA
17_SGP,Singapore,2000.0,Estimates,population_1jan,3990.955,0.012377988812729113,UN DESA
17_SGP,Singapore,2001.0,Estimates,population_1jan,4079.535,0.02219518887083405,UN DESA
17_SGP,Singapore,2002.0,Estimates,population_1jan,4152.797,0.0179584192806288,UN DESA
17_SGP,Singapore,2003.0,Estimates,population_1jan,4140.988,-0.002843625633518587,UN DESA
17_SGP,Singapore,2004.0,Estimates,population_1jan,4135.502,-0.001324804611846253,UN DESA
17_SGP,Singapore,2005.0,Estimates,population_1jan,4210.033,0.018022237687226328,UN DESA
17_SGP,Singapore,2006.0,Estimates,population_1jan,4326.694,0.027710234100302822,UN DESA
17_SGP,Singapore,2007.0,Estimates,population_1jan,4487.422,0.03714799336398622,UN DESA
17_SGP,Singapore,2008.0,Estimates,population_1jan,4705.608,0.04862168077796136,UN DESA
17_SGP,Singapore,2009.0,Estimates,population_1jan,4907.874,0.04298403096900549,UN DESA
17_SGP,Singapore,2010.0,Estimates,population_1jan,5029.261,0.02473311254526922,UN DESA
17_SGP,Singapore,2011.0,Estimates,population_1jan,5124.767,0.01899006633380118,UN DESA
17_SGP,Singapore,2012.0,Estimates,population_1jan,5239.711,0.022429117265233778,UN DESA
17_SGP,Singapore,2013.0,Estimates,population_1jan,5346.968,0.020470022106180874,UN DESA
17_SGP,Singapore,2014.0,Estimates,population_1jan,5424.209,0.014445756922427888,UN DESA
17_SGP,Singapore,2015.0,Estimates,population_1jan,5491.591,0.012422456435583706,UN DESA
17_SGP,Singapore,2016.0,Estimates,population_1jan,5559.088,0.01229097359945408,UN DESA
17_SGP,Singapore,2017.0,Estimates,population_1jan,5596.771,0.006778629875979547,UN DESA
17_SGP,Singapore,2018.0,Estimates,population_1jan,5611.386,0.0026113271384520242,UN DESA
17_SGP,Singapore,2019.0,Estimates,population_1jan,5657.353,0.008191737299839907,UN DESA
17_SGP,Singapore,2020.0,Estimates,population_1jan,5681.772,0.0043163295626063025,UN DESA
17_SGP,Singapore,2021.0,Estimates,population_1jan,5558.529,-0.021690944303995208,UN DESA
17_SGP,Singapore,2022.0,Estimates,population_1jan,5534.051,-0.004403683060752228,UN DESA
17_SGP,Singapore,2023.0,Estimates,population_1jan,5765.718,0.04186210065646301,UN DESA
17_SGP,Singapore,2024.0,High,population_1jan,5812.461,0.008107056224393894,UN DESA
17_SGP,Singapore,2025.0,High,population_1jan,5865.11,0.009057953249062667,UN DESA
17_SGP,Singapore,2026.0,High,population_1jan,5914.901,0.008489354845859776,UN DESA
17_SGP,Singapore,2027.0,High,population_1jan,5961.003,0.007794213292834362,UN DESA
17_SGP,Singapore,2028.0,High,population_1jan,6008.468,0.007962586162093777,UN DESA
17_SGP,Singapore,2029.0,High,population_1jan,6054.549,0.007669342667715018,UN DESA
17_SGP,Singapore,2030.0,High,population_1jan,6103.495,0.008084169440200961,UN DESA
17_SGP,Singapore,2031.0,High,population_1jan,6150.066,0.0076302184240339965,UN DESA
17_SGP,Singapore,2032.0,High,population_1jan,6197.907,0.007778940908926835,UN DESA
17_SGP,Singapore,2033.0,High,population_1jan,6243.33,0.007328764371585361,UN DESA
17_SGP,Singapore,2034.0,High,population_1jan,6288.504,0.007235561791543832,UN DESA
17_SGP,Singapore,2035.0,High,population_1jan,6332.936,0.007065591434783247,UN DESA
17_SGP,Singapore,2036.0,High,population_1jan,6371.036,0.006016166908997755,UN DESA
17_SGP,Singapore,2037.0,High,population_1jan,6404.077,0.005186126714713302,UN DESA
17_SGP,Singapore,2038.0,High,population_1jan,6435.794,0.00495262627229498,UN DESA
17_SGP,Singapore,2039.0,High,population_1jan,6463.848,0.004359058105340319,UN DESA
17_SGP,Singapore,2040.0,High,population_1jan,6485.692,0.0033794111495195622,UN DESA
17_SGP,Singapore,2041.0,High,population_1jan,6501.866,0.002493797115250107,UN DESA
17_SGP,Singapore,2042.0,High,population_1jan,6513.323,0.0017621095236353135,UN DESA
17_SGP,Singapore,2043.0,High,population_1jan,6522.934,0.0014755908773447235,UN DESA
17_SGP,Singapore,2044.0,High,population_1jan,6530.749,0.0011980804956788216,UN DESA
17_SGP,Singapore,2045.0,High,population_1jan,6533.31,0.0003921449132404664,UN DESA
17_SGP,Singapore,2046.0,High,population_1jan,6536.591,0.0005021956711068754,UN DESA
17_SGP,Singapore,2047.0,High,population_1jan,6537.454,0.00013202600560435762,UN DESA
17_SGP,Singapore,2048.0,High,population_1jan,6534.727,-0.00041713486626437923,UN DESA
17_SGP,Singapore,2049.0,High,population_1jan,6536.523,0.0002748393314671027,UN DESA
17_SGP,Singapore,2050.0,High,population_1jan,6534.961,-0.00023896496654263188,UN DESA
17_SGP,Singapore,2051.0,High,population_1jan,6532.269,-0.0004119381890725915,UN DESA
17_SGP,Singapore,2052.0,High,population_1jan,6531.27,-0.0001529330773120119,UN DESA
17_SGP,Singapore,2053.0,High,population_1jan,6535.64,0.000669088860206335,UN DESA
17_SGP,Singapore,2054.0,High,population_1jan,6537.271,0.0002495547490375394,UN DESA
17_SGP,Singapore,2055.0,High,population_1jan,6535.074,-0.0003360729576608046,UN DESA
17_SGP,Singapore,2056.0,High,population_1jan,6536.543,0.00022478704908324154,UN DESA
17_SGP,Singapore,2057.0,High,population_1jan,6539.808,0.000499499506084522,UN DESA
17_SGP,Singapore,2058.0,High,population_1jan,6544.916,0.0007810626856323832,UN DESA
17_SGP,Singapore,2059.0,High,population_1jan,6546.827,0.00029198235699290365,UN DESA
17_SGP,Singapore,2060.0,High,population_1jan,6551.522,0.0007171412960813583,UN DESA
17_SGP,Singapore,2061.0,High,population_1jan,6553.059,0.00023460197493041512,UN DESA
17_SGP,Singapore,2062.0,High,population_1jan,6557.961,0.0007480475912089446,UN DESA
17_SGP,Singapore,2063.0,High,population_1jan,6562.384,0.0006744474387694321,UN DESA
17_SGP,Singapore,2064.0,High,population_1jan,6569.631,0.0011043242821511257,UN DESA
17_SGP,Singapore,2065.0,High,population_1jan,6573.502,0.0005892263964293321,UN DESA
17_SGP,Singapore,2066.0,High,population_1jan,6573.071,-6.55662689386105e-05,UN DESA
17_SGP,Singapore,2067.0,High,population_1jan,6571.392,-0.0002554361576194708,UN DESA
17_SGP,Singapore,2068.0,High,population_1jan,6573.993,0.00039580655057558367,UN DESA
17_SGP,Singapore,2069.0,High,population_1jan,6573.907,-1.308185147141927e-05,UN DESA
17_SGP,Singapore,2070.0,High,population_1jan,6571.843,-0.00031396854260334894,UN DESA
17_SGP,Singapore,2071.0,High,population_1jan,6570.986,-0.00013040481947002025,UN DESA
17_SGP,Singapore,2072.0,High,population_1jan,6566.938,-0.0006160414890550303,UN DESA
17_SGP,Singapore,2073.0,High,population_1jan,6560.317,-0.0010082324517149965,UN DESA
17_SGP,Singapore,2074.0,High,population_1jan,6550.172,-0.001546419174561331,UN DESA
17_SGP,Singapore,2075.0,High,population_1jan,6532.86,-0.002642984031564377,UN DESA
17_SGP,Singapore,2076.0,High,population_1jan,6513.346,-0.0029870531436461123,UN DESA
17_SGP,Singapore,2077.0,High,population_1jan,6497.069,-0.00249902277569769,UN DESA
17_SGP,Singapore,2078.0,High,population_1jan,6476.192,-0.003213295102761027,UN DESA
17_SGP,Singapore,2079.0,High,population_1jan,6452.68,-0.003630528557522661,UN DESA
17_SGP,Singapore,2080.0,High,population_1jan,6425.541,-0.00420584935251711,UN DESA
17_SGP,Singapore,2081.0,High,population_1jan,6397.648,-0.004340957438447646,UN DESA
17_SGP,Singapore,2082.0,High,population_1jan,6367.983,-0.00463686029615884,UN DESA
17_SGP,Singapore,2083.0,High,population_1jan,6337.261,-0.004824447552702282,UN DESA
17_SGP,Singapore,2084.0,High,population_1jan,6307.286,-0.004729961413929562,UN DESA
17_SGP,Singapore,2085.0,High,population_1jan,6278.148,-0.004619736603033386,UN DESA
17_SGP,Singapore,2086.0,High,population_1jan,6247.886,-0.004820211310724076,UN DESA
17_SGP,Singapore,2087.0,High,population_1jan,6216.945,-0.004952235043981346,UN DESA
17_SGP,Singapore,2088.0,High,population_1jan,6187.894,-0.004672873895458229,UN DESA
17_SGP,Singapore,2089.0,High,population_1jan,6160.739,-0.004388407429086638,UN DESA
17_SGP,Singapore,2090.0,High,population_1jan,6132.114,-0.004646358172290643,UN DESA
17_SGP,Singapore,2091.0,High,population_1jan,6107.035,-0.004089780457440906,UN DESA
17_SGP,Singapore,2092.0,High,population_1jan,6083.536,-0.003847857429996715,UN DESA
17_SGP,Singapore,2093.0,High,population_1jan,6064.812,-0.0030778152705926987,UN DESA
17_SGP,Singapore,2094.0,High,population_1jan,6046.302,-0.003052031950866785,UN DESA
17_SGP,Singapore,2095.0,High,population_1jan,6027.354,-0.0031338163393094254,UN DESA
17_SGP,Singapore,2096.0,High,population_1jan,6011.896,-0.0025646411344016906,UN DESA
17_SGP,Singapore,2097.0,High,population_1jan,5997.554,-0.002385603476839915,UN DESA
17_SGP,Singapore,2098.0,High,population_1jan,5985.591,-0.0019946464842166556,UN DESA
17_SGP,Singapore,2099.0,High,population_1jan,5974.496,-0.0018536181306073596,UN DESA
17_SGP,Singapore,2100.0,High,population_1jan,5967.414,-0.001185371954387504,UN DESA
18_CT,Chinese Taipei,1950.0,Estimates,population_1jan,7468.442,,UN DESA
18_CT,Chinese Taipei,1951.0,Estimates,population_1jan,7724.618,0.034301130008106195,UN DESA
18_CT,Chinese Taipei,1952.0,Estimates,population_1jan,8000.974,0.035776008600036935,UN DESA
18_CT,Chinese Taipei,1953.0,Estimates,population_1jan,8297.006,0.03699949531144564,UN DESA
18_CT,Chinese Taipei,1954.0,Estimates,population_1jan,8605.735,0.03720968744629105,UN DESA
18_CT,Chinese Taipei,1955.0,Estimates,population_1jan,8929.812,0.037658259288718465,UN DESA
18_CT,Chinese Taipei,1956.0,Estimates,population_1jan,9278.456,0.03904270325063952,UN DESA
18_CT,Chinese Taipei,1957.0,Estimates,population_1jan,9652.963,0.04036307333892619,UN DESA
18_CT,Chinese Taipei,1958.0,Estimates,population_1jan,10048.088,0.040933027506683706,UN DESA
18_CT,Chinese Taipei,1959.0,Estimates,population_1jan,10444.225,0.039424117304705186,UN DESA
18_CT,Chinese Taipei,1960.0,Estimates,population_1jan,10844.126,0.0382891980975133,UN DESA
18_CT,Chinese Taipei,1961.0,Estimates,population_1jan,11248.391,0.03727962954321984,UN DESA
18_CT,Chinese Taipei,1962.0,Estimates,population_1jan,11658.609,0.0364690381050945,UN DESA
18_CT,Chinese Taipei,1963.0,Estimates,population_1jan,12074.734,0.03569250842875005,UN DESA
18_CT,Chinese Taipei,1964.0,Estimates,population_1jan,12496.71,0.034947022435442454,UN DESA
18_CT,Chinese Taipei,1965.0,Estimates,population_1jan,12916.639,0.033603164352857595,UN DESA
18_CT,Chinese Taipei,1966.0,Estimates,population_1jan,13332.966,0.032231836780450385,UN DESA
18_CT,Chinese Taipei,1967.0,Estimates,population_1jan,13742.447,0.030711921113426577,UN DESA
18_CT,Chinese Taipei,1968.0,Estimates,population_1jan,14060.493,0.023143331023943503,UN DESA
18_CT,Chinese Taipei,1969.0,Estimates,population_1jan,14370.676,0.022060606267504168,UN DESA
18_CT,Chinese Taipei,1970.0,Estimates,population_1jan,14676.513,0.021282019022626386,UN DESA
18_CT,Chinese Taipei,1971.0,Estimates,population_1jan,14954.976,0.01897337603284921,UN DESA
18_CT,Chinese Taipei,1972.0,Estimates,population_1jan,15287.298,0.022221500054563803,UN DESA
18_CT,Chinese Taipei,1973.0,Estimates,population_1jan,15613.926,0.021365973241314284,UN DESA
18_CT,Chinese Taipei,1974.0,Estimates,population_1jan,15931.467,0.020337037590673956,UN DESA
18_CT,Chinese Taipei,1975.0,Estimates,population_1jan,16233.183,0.018938368952463813,UN DESA
18_CT,Chinese Taipei,1976.0,Estimates,population_1jan,16497.352,0.01627339505751868,UN DESA
18_CT,Chinese Taipei,1977.0,Estimates,population_1jan,16845.646,0.021112115447376123,UN DESA
18_CT,Chinese Taipei,1978.0,Estimates,population_1jan,17194.549,0.020711761365518333,UN DESA
18_CT,Chinese Taipei,1979.0,Estimates,population_1jan,17552.906,0.02084131430257341,UN DESA
18_CT,Chinese Taipei,1980.0,Estimates,population_1jan,17918.655,0.020836948594153082,UN DESA
18_CT,Chinese Taipei,1981.0,Estimates,population_1jan,18254.386,0.018736395114477,UN DESA
18_CT,Chinese Taipei,1982.0,Estimates,population_1jan,18571.269,0.01735928012040522,UN DESA
18_CT,Chinese Taipei,1983.0,Estimates,population_1jan,18876.702,0.01644653362136972,UN DESA
18_CT,Chinese Taipei,1984.0,Estimates,population_1jan,19168.547,0.01546059263954036,UN DESA
18_CT,Chinese Taipei,1985.0,Estimates,population_1jan,19444.978,0.014421072186640016,UN DESA
18_CT,Chinese Taipei,1986.0,Estimates,population_1jan,19698.396,0.013032568100617148,UN DESA
18_CT,Chinese Taipei,1987.0,Estimates,population_1jan,19913.563,0.010923072112064336,UN DESA
18_CT,Chinese Taipei,1988.0,Estimates,population_1jan,20118.074,0.010269935119094464,UN DESA
18_CT,Chinese Taipei,1989.0,Estimates,population_1jan,20329.221,0.010495388375646675,UN DESA
18_CT,Chinese Taipei,1990.0,Estimates,population_1jan,20508.591,0.008823259877985379,UN DESA
18_CT,Chinese Taipei,1991.0,Estimates,population_1jan,20681.221,0.008417448083098522,UN DESA
18_CT,Chinese Taipei,1992.0,Estimates,population_1jan,20882.279,0.009721766427620349,UN DESA
18_CT,Chinese Taipei,1993.0,Estimates,population_1jan,21081.897,0.009559205678652427,UN DESA
18_CT,Chinese Taipei,1994.0,Estimates,population_1jan,21267.467,0.00880233880281267,UN DESA
18_CT,Chinese Taipei,1995.0,Estimates,population_1jan,21446.813,0.008432880135655019,UN DESA
18_CT,Chinese Taipei,1996.0,Estimates,population_1jan,21622.177,0.00817669273285504,UN DESA
18_CT,Chinese Taipei,1997.0,Estimates,population_1jan,21796.376,0.008056496808808822,UN DESA
18_CT,Chinese Taipei,1998.0,Estimates,population_1jan,21974.281,0.008162136678133924,UN DESA
18_CT,Chinese Taipei,1999.0,Estimates,population_1jan,22124.171,0.006821156059668043,UN DESA
18_CT,Chinese Taipei,2000.0,Estimates,population_1jan,22283.391,0.007196653831684774,UN DESA
18_CT,Chinese Taipei,2001.0,Estimates,population_1jan,22382.348,0.00444084116281962,UN DESA
18_CT,Chinese Taipei,2002.0,Estimates,population_1jan,22510.167,0.005710705597107069,UN DESA
18_CT,Chinese Taipei,2003.0,Estimates,population_1jan,22623.636,0.005040788902187954,UN DESA
18_CT,Chinese Taipei,2004.0,Estimates,population_1jan,22704.613,0.0035793097095446758,UN DESA
18_CT,Chinese Taipei,2005.0,Estimates,population_1jan,22786.249,0.0035955688828521737,UN DESA
18_CT,Chinese Taipei,2006.0,Estimates,population_1jan,22863.614,0.0033952494769982078,UN DESA
18_CT,Chinese Taipei,2007.0,Estimates,population_1jan,22965.654,0.004462986472742125,UN DESA
18_CT,Chinese Taipei,2008.0,Estimates,population_1jan,23048.194,0.003594062681602672,UN DESA
18_CT,Chinese Taipei,2009.0,Estimates,population_1jan,23124.284,0.003301343263597989,UN DESA
18_CT,Chinese Taipei,2010.0,Estimates,population_1jan,23204.438,0.003466226240777859,UN DESA
18_CT,Chinese Taipei,2011.0,Estimates,population_1jan,23243.66,0.0016902801093481301,UN DESA
18_CT,Chinese Taipei,2012.0,Estimates,population_1jan,23302.493,0.0025311418253406437,UN DESA
18_CT,Chinese Taipei,2013.0,Estimates,population_1jan,23389.429,0.0037307596230156115,UN DESA
18_CT,Chinese Taipei,2014.0,Estimates,population_1jan,23444.32,0.002346829415972529,UN DESA
18_CT,Chinese Taipei,2015.0,Estimates,population_1jan,23501.311,0.0024309086379985523,UN DESA
18_CT,Chinese Taipei,2016.0,Estimates,population_1jan,23557.197,0.002377994997810884,UN DESA
18_CT,Chinese Taipei,2017.0,Estimates,population_1jan,23615.088,0.0024574655465163797,UN DESA
18_CT,Chinese Taipei,2018.0,Estimates,population_1jan,23650.808,0.001512592288455572,UN DESA
18_CT,Chinese Taipei,2019.0,Estimates,population_1jan,23667.802,0.0007185378190883718,UN DESA
18_CT,Chinese Taipei,2020.0,Estimates,population_1jan,23680.473,0.0005353686835811722,UN DESA
18_CT,Chinese Taipei,2021.0,Estimates,population_1jan,23646.445,-0.001436964540362129,UN DESA
18_CT,Chinese Taipei,2022.0,Estimates,population_1jan,23470.22,-0.007452494444725177,UN DESA
18_CT,Chinese Taipei,2023.0,Estimates,population_1jan,23370.002,-0.004270006842713947,UN DESA
18_CT,Chinese Taipei,2024.0,High,population_1jan,23264.288,-0.004523491268849655,UN DESA
18_CT,Chinese Taipei,2025.0,High,population_1jan,23200.806,-0.0027287316938304773,UN DESA
18_CT,Chinese Taipei,2026.0,High,population_1jan,23135.416,-0.0028184365663848077,UN DESA
18_CT,Chinese Taipei,2027.0,High,population_1jan,23069.569,-0.0028461558676965426,UN DESA
18_CT,Chinese Taipei,2028.0,High,population_1jan,22999.659,-0.003030399050801491,UN DESA
18_CT,Chinese Taipei,2029.0,High,population_1jan,22929.064,-0.00306939333317946,UN DESA
18_CT,Chinese Taipei,2030.0,High,population_1jan,22875.795,-0.0023232086577977817,UN DESA
18_CT,Chinese Taipei,2031.0,High,population_1jan,22817.409,-0.002552304739572908,UN DESA
18_CT,Chinese Taipei,2032.0,High,population_1jan,22753.047,-0.002820740952664713,UN DESA
18_CT,Chinese Taipei,2033.0,High,population_1jan,22684.621,-0.003007333479335683,UN DESA
18_CT,Chinese Taipei,2034.0,High,population_1jan,22611.464,-0.0032249602054184034,UN DESA
18_CT,Chinese Taipei,2035.0,High,population_1jan,22542.16,-0.003064993934050464,UN DESA
18_CT,Chinese Taipei,2036.0,High,population_1jan,22467.882,-0.0032950702150991162,UN DESA
18_CT,Chinese Taipei,2037.0,High,population_1jan,22387.738,-0.0035670473968129057,UN DESA
18_CT,Chinese Taipei,2038.0,High,population_1jan,22299.453,-0.003943453331462066,UN DESA
18_CT,Chinese Taipei,2039.0,High,population_1jan,22206.572,-0.004165169432631455,UN DESA
18_CT,Chinese Taipei,2040.0,High,population_1jan,22106.883,-0.004489166540427747,UN DESA
18_CT,Chinese Taipei,2041.0,High,population_1jan,22001.335,-0.004774440612003161,UN DESA
18_CT,Chinese Taipei,2042.0,High,population_1jan,21889.255,-0.005094236327022772,UN DESA
18_CT,Chinese Taipei,2043.0,High,population_1jan,21771.046,-0.0054003208423494264,UN DESA
18_CT,Chinese Taipei,2044.0,High,population_1jan,21648.001,-0.0056517725423022025,UN DESA
18_CT,Chinese Taipei,2045.0,High,population_1jan,21521.588,-0.0058394768182059575,UN DESA
18_CT,Chinese Taipei,2046.0,High,population_1jan,21387.649,-0.006223471985431495,UN DESA
18_CT,Chinese Taipei,2047.0,High,population_1jan,21253.159,-0.006288208675951368,UN DESA
18_CT,Chinese Taipei,2048.0,High,population_1jan,21111.781,-0.006652093460553399,UN DESA
18_CT,Chinese Taipei,2049.0,High,population_1jan,20968.801,-0.006772521939290677,UN DESA
18_CT,Chinese Taipei,2050.0,High,population_1jan,20819.745,-0.007108465572256639,UN DESA
18_CT,Chinese Taipei,2051.0,High,population_1jan,20668.971,-0.007241875440837431,UN DESA
18_CT,Chinese Taipei,2052.0,High,population_1jan,20516.784,-0.00736306611490245,UN DESA
18_CT,Chinese Taipei,2053.0,High,population_1jan,20362.078,-0.007540460532215909,UN DESA
18_CT,Chinese Taipei,2054.0,High,population_1jan,20203.973,-0.007764679027356669,UN DESA
18_CT,Chinese Taipei,2055.0,High,population_1jan,20042.29,-0.008002534946963236,UN DESA
18_CT,Chinese Taipei,2056.0,High,population_1jan,19878.704,-0.00816204136353682,UN DESA
18_CT,Chinese Taipei,2057.0,High,population_1jan,19716.379,-0.008165773784850394,UN DESA
18_CT,Chinese Taipei,2058.0,High,population_1jan,19550.097,-0.008433698702992043,UN DESA
18_CT,Chinese Taipei,2059.0,High,population_1jan,19383.447,-0.008524254380937402,UN DESA
18_CT,Chinese Taipei,2060.0,High,population_1jan,19214.336,-0.008724506017944167,UN DESA
18_CT,Chinese Taipei,2061.0,High,population_1jan,19044.222,-0.008853493558143133,UN DESA
18_CT,Chinese Taipei,2062.0,High,population_1jan,18873.567,-0.008960985646985331,UN DESA
18_CT,Chinese Taipei,2063.0,High,population_1jan,18704.518,-0.008956918424588123,UN DESA
18_CT,Chinese Taipei,2064.0,High,population_1jan,18539.119,-0.008842729868794308,UN DESA
18_CT,Chinese Taipei,2065.0,High,population_1jan,18374.964,-0.00885452000173248,UN DESA
18_CT,Chinese Taipei,2066.0,High,population_1jan,18213.72,-0.008775200865699606,UN DESA
18_CT,Chinese Taipei,2067.0,High,population_1jan,18056.11,-0.008653366802608198,UN DESA
18_CT,Chinese Taipei,2068.0,High,population_1jan,17899.959,-0.008648097513805686,UN DESA
18_CT,Chinese Taipei,2069.0,High,population_1jan,17746.297,-0.008584488936538959,UN DESA
18_CT,Chinese Taipei,2070.0,High,population_1jan,17597.386,-0.008391102662149708,UN DESA
18_CT,Chinese Taipei,2071.0,High,population_1jan,17450.371,-0.008354365813195153,UN DESA
18_CT,Chinese Taipei,2072.0,High,population_1jan,17304.309,-0.008370137230893193,UN DESA
18_CT,Chinese Taipei,2073.0,High,population_1jan,17159.976,-0.008340870473360296,UN DESA
18_CT,Chinese Taipei,2074.0,High,population_1jan,17020.025,-0.008155664087175718,UN DESA
18_CT,Chinese Taipei,2075.0,High,population_1jan,16882.324,-0.008090528656685358,UN DESA
18_CT,Chinese Taipei,2076.0,High,population_1jan,16747.687,-0.007975027608758012,UN DESA
18_CT,Chinese Taipei,2077.0,High,population_1jan,16617.823,-0.00775414539333108,UN DESA
18_CT,Chinese Taipei,2078.0,High,population_1jan,16490.703,-0.007649618123866109,UN DESA
18_CT,Chinese Taipei,2079.0,High,population_1jan,16366.426,-0.0075361856920230785,UN DESA
18_CT,Chinese Taipei,2080.0,High,population_1jan,16246.889,-0.007303793754360299,UN DESA
18_CT,Chinese Taipei,2081.0,High,population_1jan,16132.585,-0.0070354392154707845,UN DESA
18_CT,Chinese Taipei,2082.0,High,population_1jan,16021.728,-0.006871620388177124,UN DESA
18_CT,Chinese Taipei,2083.0,High,population_1jan,15916.326,-0.006578691137435366,UN DESA
18_CT,Chinese Taipei,2084.0,High,population_1jan,15814.635,-0.006389100097597855,UN DESA
18_CT,Chinese Taipei,2085.0,High,population_1jan,15715.936,-0.00624099133492495,UN DESA
18_CT,Chinese Taipei,2086.0,High,population_1jan,15622.569,-0.005940912459811543,UN DESA
18_CT,Chinese Taipei,2087.0,High,population_1jan,15534.106,-0.005662512996422064,UN DESA
18_CT,Chinese Taipei,2088.0,High,population_1jan,15448.658,-0.005500670588960865,UN DESA
18_CT,Chinese Taipei,2089.0,High,population_1jan,15365.565,-0.005378654896755375,UN DESA
18_CT,Chinese Taipei,2090.0,High,population_1jan,15286.531,-0.00514357916549113,UN DESA
18_CT,Chinese Taipei,2091.0,High,population_1jan,15209.642,-0.0050298527507647295,UN DESA
18_CT,Chinese Taipei,2092.0,High,population_1jan,15137.545,-0.004740216765128369,UN DESA
18_CT,Chinese Taipei,2093.0,High,population_1jan,15068.883,-0.0045358742120997775,UN DESA
18_CT,Chinese Taipei,2094.0,High,population_1jan,15003.177,-0.004360376280046818,UN DESA
18_CT,Chinese Taipei,2095.0,High,population_1jan,14940.107,-0.004203776306844875,UN DESA
18_CT,Chinese Taipei,2096.0,High,population_1jan,14880.124,-0.004014897617533819,UN DESA
18_CT,Chinese Taipei,2097.0,High,population_1jan,14823.368,-0.0038142155266984723,UN DESA
18_CT,Chinese Taipei,2098.0,High,population_1jan,14768.736,-0.003685532194842578,UN DESA
18_CT,Chinese Taipei,2099.0,High,population_1jan,14716.963,-0.003505580978629519,UN DESA
18_CT,Chinese Taipei,2100.0,High,population_1jan,14668.094,-0.003320589988573097,UN DESA
19_THA,Thailand,1950.0,Estimates,population_1jan,20167.324,,UN DESA
19_THA,Thailand,1951.0,Estimates,population_1jan,20689.48,0.025891189133471437,UN DESA
19_THA,Thailand,1952.0,Estimates,population_1jan,21240.885,0.026651467315756516,UN DESA
19_THA,Thailand,1953.0,Estimates,population_1jan,21814.278,0.026994779172336836,UN DESA
19_THA,Thailand,1954.0,Estimates,population_1jan,22404.369,0.02705067754247925,UN DESA
19_THA,Thailand,1955.0,Estimates,population_1jan,23022.306,0.02758109366972139,UN DESA
19_THA,Thailand,1956.0,Estimates,population_1jan,23664.056,0.02787513987521484,UN DESA
19_THA,Thailand,1957.0,Estimates,population_1jan,24330.473,0.02816157128769481,UN DESA
19_THA,Thailand,1958.0,Estimates,population_1jan,25019.187,0.028306642456149556,UN DESA
19_THA,Thailand,1959.0,Estimates,population_1jan,25714.823,0.0278041009086345,UN DESA
19_THA,Thailand,1960.0,Estimates,population_1jan,26461.202,0.029025243533661538,UN DESA
19_THA,Thailand,1961.0,Estimates,population_1jan,27242.292,0.029518311375273054,UN DESA
19_THA,Thailand,1962.0,Estimates,population_1jan,28058.375,0.029956473559566765,UN DESA
19_THA,Thailand,1963.0,Estimates,population_1jan,28903.705,0.030127546588139875,UN DESA
19_THA,Thailand,1964.0,Estimates,population_1jan,29780.939,0.030350226726988616,UN DESA
19_THA,Thailand,1965.0,Estimates,population_1jan,30683.342,0.030301361552098838,UN DESA
19_THA,Thailand,1966.0,Estimates,population_1jan,31615.331,0.03037442922612521,UN DESA
19_THA,Thailand,1967.0,Estimates,population_1jan,32556.811,0.02977922325089688,UN DESA
19_THA,Thailand,1968.0,Estimates,population_1jan,33518.791,0.02954773426672519,UN DESA
19_THA,Thailand,1969.0,Estimates,population_1jan,34486.33,0.0288655697635396,UN DESA
19_THA,Thailand,1970.0,Estimates,population_1jan,35461.234,0.0282692881498261,UN DESA
19_THA,Thailand,1971.0,Estimates,population_1jan,36447.582,0.027814824492571333,UN DESA
19_THA,Thailand,1972.0,Estimates,population_1jan,37427.192,0.026877228782968388,UN DESA
19_THA,Thailand,1973.0,Estimates,population_1jan,38440.667,0.02707857431570071,UN DESA
19_THA,Thailand,1974.0,Estimates,population_1jan,39454.906,0.026384531777245313,UN DESA
19_THA,Thailand,1975.0,Estimates,population_1jan,40450.877,0.025243273928976073,UN DESA
19_THA,Thailand,1976.0,Estimates,population_1jan,41429.132,0.02418377727632448,UN DESA
19_THA,Thailand,1977.0,Estimates,population_1jan,42363.876,0.022562480913189242,UN DESA
19_THA,Thailand,1978.0,Estimates,population_1jan,43324.073,0.022665466209937923,UN DESA
19_THA,Thailand,1979.0,Estimates,population_1jan,44253.878,0.021461624810760638,UN DESA
19_THA,Thailand,1980.0,Estimates,population_1jan,45182.99,0.020995041383717883,UN DESA
19_THA,Thailand,1981.0,Estimates,population_1jan,46117.053,0.020672890395257104,UN DESA
19_THA,Thailand,1982.0,Estimates,population_1jan,47034.658,0.01989730349855634,UN DESA
19_THA,Thailand,1983.0,Estimates,population_1jan,47954.496,0.01955660015642069,UN DESA
19_THA,Thailand,1984.0,Estimates,population_1jan,48892.122,0.019552410685329757,UN DESA
19_THA,Thailand,1985.0,Estimates,population_1jan,49811.294,0.0188000021762198,UN DESA
19_THA,Thailand,1986.0,Estimates,population_1jan,50730.211,0.01844796483303579,UN DESA
19_THA,Thailand,1987.0,Estimates,population_1jan,51625.456,0.017647176748387672,UN DESA
19_THA,Thailand,1988.0,Estimates,population_1jan,52522.755,0.017380940906362108,UN DESA
19_THA,Thailand,1989.0,Estimates,population_1jan,53416.435,0.01701510135940132,UN DESA
19_THA,Thailand,1990.0,Estimates,population_1jan,54281.477,0.016194304243628332,UN DESA
19_THA,Thailand,1991.0,Estimates,population_1jan,55195.181,0.01683270335477416,UN DESA
19_THA,Thailand,1992.0,Estimates,population_1jan,56079.687,0.016025058419502303,UN DESA
19_THA,Thailand,1993.0,Estimates,population_1jan,56977.982,0.016018188546594425,UN DESA
19_THA,Thailand,1994.0,Estimates,population_1jan,57838.415,0.015101149071934383,UN DESA
19_THA,Thailand,1995.0,Estimates,population_1jan,58683.293,0.014607557969906315,UN DESA
19_THA,Thailand,1996.0,Estimates,population_1jan,59513.172,0.014141656978929218,UN DESA
19_THA,Thailand,1997.0,Estimates,population_1jan,60326.956,0.01367401488867026,UN DESA
19_THA,Thailand,1998.0,Estimates,population_1jan,61122.213,0.013182448655291168,UN DESA
19_THA,Thailand,1999.0,Estimates,population_1jan,61923.048,0.013102192487696618,UN DESA
19_THA,Thailand,2000.0,Estimates,population_1jan,62675.039,0.012143959709476793,UN DESA
19_THA,Thailand,2001.0,Estimates,population_1jan,63340.591,0.010619091916320933,UN DESA
19_THA,Thailand,2002.0,Estimates,population_1jan,63961.692,0.009805734209205719,UN DESA
19_THA,Thailand,2003.0,Estimates,population_1jan,64571.181,0.009528969308691737,UN DESA
19_THA,Thailand,2004.0,Estimates,population_1jan,65165.152,0.009198701197675296,UN DESA
19_THA,Thailand,2005.0,Estimates,population_1jan,65738.942,0.008805166295015932,UN DESA
19_THA,Thailand,2006.0,Estimates,population_1jan,66295.897,0.008472223358872988,UN DESA
19_THA,Thailand,2007.0,Estimates,population_1jan,66839.477,0.008199300780257879,UN DESA
19_THA,Thailand,2008.0,Estimates,population_1jan,67365.312,0.007867132173999591,UN DESA
19_THA,Thailand,2009.0,Estimates,population_1jan,67874.349,0.007556366695072869,UN DESA
19_THA,Thailand,2010.0,Estimates,population_1jan,68367.811,0.0072702281092964505,UN DESA
19_THA,Thailand,2011.0,Estimates,population_1jan,68791.084,0.006191115289620797,UN DESA
19_THA,Thailand,2012.0,Estimates,population_1jan,69223.332,0.0062834887149036955,UN DESA
19_THA,Thailand,2013.0,Estimates,population_1jan,69648.864,0.006147233710160238,UN DESA
19_THA,Thailand,2014.0,Estimates,population_1jan,70041.365,0.005635425726398191,UN DESA
19_THA,Thailand,2015.0,Estimates,population_1jan,70391.368,0.00499708993392689,UN DESA
19_THA,Thailand,2016.0,Estimates,population_1jan,70690.223,0.0042456200027252144,UN DESA
19_THA,Thailand,2017.0,Estimates,population_1jan,71029.46,0.004798923890790396,UN DESA
19_THA,Thailand,2018.0,Estimates,population_1jan,71290.914,0.0036809233802423957,UN DESA
19_THA,Thailand,2019.0,Estimates,population_1jan,71461.243,0.0023892104960248073,UN DESA
19_THA,Thailand,2020.0,Estimates,population_1jan,71583.299,0.0017080027561233724,UN DESA
19_THA,Thailand,2021.0,Estimates,population_1jan,71699.668,0.0016256445515316909,UN DESA
19_THA,Thailand,2022.0,Estimates,population_1jan,71754.996,0.0007716632662788658,UN DESA
19_THA,Thailand,2023.0,Estimates,population_1jan,71715.662,-0.0005481708897315807,UN DESA
19_THA,Thailand,2024.0,High,population_1jan,71689.208,-0.00036887339895153026,UN DESA
19_THA,Thailand,2025.0,High,population_1jan,71766.808,0.001082450234350496,UN DESA
19_THA,Thailand,2026.0,High,population_1jan,71831.725,0.0009045546515040748,UN DESA
19_THA,Thailand,2027.0,High,population_1jan,71882.916,0.0007126516869808697,UN DESA
19_THA,Thailand,2028.0,High,population_1jan,71923.402,0.0005632214474995401,UN DESA
19_THA,Thailand,2029.0,High,population_1jan,71953.267,0.00041523341735150154,UN DESA
19_THA,Thailand,2030.0,High,population_1jan,72042.421,0.0012390542322420206,UN DESA
19_THA,Thailand,2031.0,High,population_1jan,72118.609,0.001057543582551057,UN DESA
19_THA,Thailand,2032.0,High,population_1jan,72184.556,0.0009144241814202925,UN DESA
19_THA,Thailand,2033.0,High,population_1jan,72235.921,0.0007115788036433646,UN DESA
19_THA,Thailand,2034.0,High,population_1jan,72273.366,0.0005183709085676558,UN DESA
19_THA,Thailand,2035.0,High,population_1jan,72341.959,0.0009490771468982917,UN DESA
19_THA,Thailand,2036.0,High,population_1jan,72390.694,0.0006736754253502397,UN DESA
19_THA,Thailand,2037.0,High,population_1jan,72427.031,0.0005019567846662465,UN DESA
19_THA,Thailand,2038.0,High,population_1jan,72446.783,0.00027271585935917386,UN DESA
19_THA,Thailand,2039.0,High,population_1jan,72449.222,3.366609114996422e-05,UN DESA
19_THA,Thailand,2040.0,High,population_1jan,72436.105,-0.0001810509435146157,UN DESA
19_THA,Thailand,2041.0,High,population_1jan,72406.554,-0.0004079595389618884,UN DESA
19_THA,Thailand,2042.0,High,population_1jan,72354.377,-0.0007206115623180631,UN DESA
19_THA,Thailand,2043.0,High,population_1jan,72288.391,-0.0009119835279625121,UN DESA
19_THA,Thailand,2044.0,High,population_1jan,72205.461,-0.0011472104836308672,UN DESA
19_THA,Thailand,2045.0,High,population_1jan,72109.375,-0.0013307303723190111,UN DESA
19_THA,Thailand,2046.0,High,population_1jan,71996.353,-0.0015673690140844965,UN DESA
19_THA,Thailand,2047.0,High,population_1jan,71868.134,-0.0017809096524652457,UN DESA
19_THA,Thailand,2048.0,High,population_1jan,71727.02,-0.0019635127857918766,UN DESA
19_THA,Thailand,2049.0,High,population_1jan,71572.899,-0.0021487160626497692,UN DESA
19_THA,Thailand,2050.0,High,population_1jan,71402.667,-0.002378442153083693,UN DESA
19_THA,Thailand,2051.0,High,population_1jan,71223.66,-0.002507007196243749,UN DESA
19_THA,Thailand,2052.0,High,population_1jan,71033.891,-0.0026644095515451216,UN DESA
19_THA,Thailand,2053.0,High,population_1jan,70832.811,-0.0028307614459694985,UN DESA
19_THA,Thailand,2054.0,High,population_1jan,70630.402,-0.002857559895512285,UN DESA
19_THA,Thailand,2055.0,High,population_1jan,70420.102,-0.002977471372738405,UN DESA
19_THA,Thailand,2056.0,High,population_1jan,70209.037,-0.002997226558973165,UN DESA
19_THA,Thailand,2057.0,High,population_1jan,69994.888,-0.003050162901393927,UN DESA
19_THA,Thailand,2058.0,High,population_1jan,69782.787,-0.0030302355794898927,UN DESA
19_THA,Thailand,2059.0,High,population_1jan,69575.173,-0.0029751462921651095,UN DESA
19_THA,Thailand,2060.0,High,population_1jan,69373.89,-0.0028930290981812323,UN DESA
19_THA,Thailand,2061.0,High,population_1jan,69177.063,-0.002837191341007461,UN DESA
19_THA,Thailand,2062.0,High,population_1jan,68992.45,-0.002668702485967067,UN DESA
19_THA,Thailand,2063.0,High,population_1jan,68813.729,-0.0025904428672991475,UN DESA
19_THA,Thailand,2064.0,High,population_1jan,68646.674,-0.002427640565736633,UN DESA
19_THA,Thailand,2065.0,High,population_1jan,68487.906,-0.0023128287322412566,UN DESA
19_THA,Thailand,2066.0,High,population_1jan,68333.802,-0.0022500906948448307,UN DESA
19_THA,Thailand,2067.0,High,population_1jan,68192.767,-0.0020639126738475344,UN DESA
19_THA,Thailand,2068.0,High,population_1jan,68055.726,-0.002009611957819679,UN DESA
19_THA,Thailand,2069.0,High,population_1jan,67922.234,-0.0019615101894585596,UN DESA
19_THA,Thailand,2070.0,High,population_1jan,67796.132,-0.001856564376254144,UN DESA
19_THA,Thailand,2071.0,High,population_1jan,67672.855,-0.001818348574812556,UN DESA
19_THA,Thailand,2072.0,High,population_1jan,67557.55,-0.0017038589549678296,UN DESA
19_THA,Thailand,2073.0,High,population_1jan,67445.37,-0.0016605101872404493,UN DESA
19_THA,Thailand,2074.0,High,population_1jan,67335.935,-0.00162257246123787,UN DESA
19_THA,Thailand,2075.0,High,population_1jan,67228.94,-0.0015889732577410998,UN DESA
19_THA,Thailand,2076.0,High,population_1jan,67128.618,-0.0014922442626642551,UN DESA
19_THA,Thailand,2077.0,High,population_1jan,67030.63,-0.0014597053078018174,UN DESA
19_THA,Thailand,2078.0,High,population_1jan,66935.141,-0.0014245576984730501,UN DESA
19_THA,Thailand,2079.0,High,population_1jan,66842.196,-0.0013885830165055735,UN DESA
19_THA,Thailand,2080.0,High,population_1jan,66749.934,-0.001380295764070949,UN DESA
19_THA,Thailand,2081.0,High,population_1jan,66664.012,-0.0012872222465417638,UN DESA
19_THA,Thailand,2082.0,High,population_1jan,66583.807,-0.001203122908354226,UN DESA
19_THA,Thailand,2083.0,High,population_1jan,66504.255,-0.001194764967404116,UN DESA
19_THA,Thailand,2084.0,High,population_1jan,66429.204,-0.0011285142582231344,UN DESA
19_THA,Thailand,2085.0,High,population_1jan,66357.467,-0.0010799015445073223,UN DESA
19_THA,Thailand,2086.0,High,population_1jan,66294.5,-0.000948906021382756,UN DESA
19_THA,Thailand,2087.0,High,population_1jan,66238.29,-0.0008478833085702187,UN DESA
19_THA,Thailand,2088.0,High,population_1jan,66188.821,-0.0007468338932058449,UN DESA
19_THA,Thailand,2089.0,High,population_1jan,66147.511,-0.0006241235207981033,UN DESA
19_THA,Thailand,2090.0,High,population_1jan,66106.993,-0.0006125400546060922,UN DESA
19_THA,Thailand,2091.0,High,population_1jan,66075.531,-0.0004759254440751537,UN DESA
19_THA,Thailand,2092.0,High,population_1jan,66052.493,-0.0003486615945621496,UN DESA
19_THA,Thailand,2093.0,High,population_1jan,66034.122,-0.00027812727674036974,UN DESA
19_THA,Thailand,2094.0,High,population_1jan,66025.209,-0.00013497567212295003,UN DESA
19_THA,Thailand,2095.0,High,population_1jan,66023.84,-2.073450460426951e-05,UN DESA
19_THA,Thailand,2096.0,High,population_1jan,66030.639,0.00010297795462976822,UN DESA
19_THA,Thailand,2097.0,High,population_1jan,66045.1,0.0002190043927943197,UN DESA
19_THA,Thailand,2098.0,High,population_1jan,66068.486,0.00035409137089659204,UN DESA
19_THA,Thailand,2099.0,High,population_1jan,66098.861,0.00045975020526434207,UN DESA
19_THA,Thailand,2100.0,High,population_1jan,66136.593,0.0005708419090608707,UN DESA
20_USA,United States of America,1950.0,Estimates,population_1jan,153067.374,,UN DESA
20_USA,United States of America,1951.0,Estimates,population_1jan,155337.987,0.014834075614310827,UN DESA
20_USA,United States of America,1952.0,Estimates,population_1jan,157624.659,0.014720623359178786,UN DESA
20_USA,United States of America,1953.0,Estimates,population_1jan,159963.785,0.014839848123002097,UN DESA
20_USA,United States of America,1954.0,Estimates,population_1jan,162372.846,0.015060039995927754,UN DESA
20_USA,United States of America,1955.0,Estimates,population_1jan,164899.771,0.015562485121434655,UN DESA
20_USA,United States of America,1956.0,Estimates,population_1jan,167500.278,0.015770228086005034,UN DESA
20_USA,United States of America,1957.0,Estimates,population_1jan,170149.642,0.015817072255844167,UN DESA
20_USA,United States of America,1958.0,Estimates,population_1jan,172848.811,0.01586350090586719,UN DESA
20_USA,United States of America,1959.0,Estimates,population_1jan,175581.808,0.015811488573097554,UN DESA
20_USA,United States of America,1960.0,Estimates,population_1jan,178709.721,0.01781456197329967,UN DESA
20_USA,United States of America,1961.0,Estimates,population_1jan,181839.389,0.01751257840081344,UN DESA
20_USA,United States of America,1962.0,Estimates,population_1jan,185139.581,0.01814893911681592,UN DESA
20_USA,United States of America,1963.0,Estimates,population_1jan,188308.964,0.017118883940868468,UN DESA
20_USA,United States of America,1964.0,Estimates,population_1jan,191341.489,0.016103986425202832,UN DESA
20_USA,United States of America,1965.0,Estimates,population_1jan,194297.415,0.01544843209618807,UN DESA
20_USA,United States of America,1966.0,Estimates,population_1jan,197010.133,0.013961678285838275,UN DESA
20_USA,United States of America,1967.0,Estimates,population_1jan,199520.679,0.012743232856961662,UN DESA
20_USA,United States of America,1968.0,Estimates,population_1jan,201879.144,0.011820654439532952,UN DESA
20_USA,United States of America,1969.0,Estimates,population_1jan,204142.895,0.011213397060966246,UN DESA
20_USA,United States of America,1970.0,Estimates,population_1jan,206457.17,0.011336544433740992,UN DESA
20_USA,United States of America,1971.0,Estimates,population_1jan,209135.508,0.012972850494850752,UN DESA
20_USA,United States of America,1972.0,Estimates,population_1jan,211717.355,0.012345330664747856,UN DESA
20_USA,United States of America,1973.0,Estimates,population_1jan,213967.79,0.010629430922183936,UN DESA
20_USA,United States of America,1974.0,Estimates,population_1jan,216045.312,0.009709508146062529,UN DESA
20_USA,United States of America,1975.0,Estimates,population_1jan,218107.641,0.009545816944178886,UN DESA
20_USA,United States of America,1976.0,Estimates,population_1jan,220150.961,0.009368401724174413,UN DESA
20_USA,United States of America,1977.0,Estimates,population_1jan,222186.554,0.009246350734757769,UN DESA
20_USA,United States of America,1978.0,Estimates,population_1jan,224332.284,0.00965733506988009,UN DESA
20_USA,United States of America,1979.0,Estimates,population_1jan,226459.908,0.009484252386963599,UN DESA
20_USA,United States of America,1980.0,Estimates,population_1jan,228690.259,0.009848767579645923,UN DESA
20_USA,United States of America,1981.0,Estimates,population_1jan,231027.051,0.010218152754814191,UN DESA
20_USA,United States of America,1982.0,Estimates,population_1jan,233376.184,0.010168216188674917,UN DESA
20_USA,United States of America,1983.0,Estimates,population_1jan,235790.119,0.010343536168197831,UN DESA
20_USA,United States of America,1984.0,Estimates,population_1jan,238182.611,0.010146701694484506,UN DESA
20_USA,United States of America,1985.0,Estimates,population_1jan,240525.324,0.00983578519928141,UN DESA
20_USA,United States of America,1986.0,Estimates,population_1jan,242855.563,0.009688123317942221,UN DESA
20_USA,United States of America,1987.0,Estimates,population_1jan,245052.052,0.009044425307235038,UN DESA
20_USA,United States of America,1988.0,Estimates,population_1jan,247270.53,0.009053088851506574,UN DESA
20_USA,United States of America,1989.0,Estimates,population_1jan,249515.94,0.009080782897986195,UN DESA
20_USA,United States of America,1990.0,Estimates,population_1jan,251834.166,0.009290893399435785,UN DESA
20_USA,United States of America,1991.0,Estimates,population_1jan,254912.608,0.012224084002962599,UN DESA
20_USA,United States of America,1992.0,Estimates,population_1jan,258030.237,0.012230187531563796,UN DESA
20_USA,United States of America,1993.0,Estimates,population_1jan,261181.802,0.012213936772069056,UN DESA
20_USA,United States of America,1994.0,Estimates,population_1jan,264084.66,0.011114319519091032,UN DESA
20_USA,United States of America,1995.0,Estimates,population_1jan,266864.96,0.01052806323547939,UN DESA
20_USA,United States of America,1996.0,Estimates,population_1jan,269546.629,0.010048786472379057,UN DESA
20_USA,United States of America,1997.0,Estimates,population_1jan,272174.763,0.009750201698867977,UN DESA
20_USA,United States of America,1998.0,Estimates,population_1jan,274761.262,0.009503081665216628,UN DESA
20_USA,United States of America,1999.0,Estimates,population_1jan,277477.403,0.009885458307437922,UN DESA
20_USA,United States of America,2000.0,Estimates,population_1jan,280093.565,0.009428378569623641,UN DESA
20_USA,United States of America,2001.0,Estimates,population_1jan,282874.696,0.009929292734733197,UN DESA
20_USA,United States of America,2002.0,Estimates,population_1jan,285684.581,0.009933320440934867,UN DESA
20_USA,United States of America,2003.0,Estimates,population_1jan,288484.095,0.009799317800774032,UN DESA
20_USA,United States of America,2004.0,Estimates,population_1jan,291332.104,0.009872325890271316,UN DESA
20_USA,United States of America,2005.0,Estimates,population_1jan,294240.403,0.00998276180369051,UN DESA
20_USA,United States of America,2006.0,Estimates,population_1jan,297192.924,0.010034383347415465,UN DESA
20_USA,United States of America,2007.0,Estimates,population_1jan,300267.495,0.010345370807011589,UN DESA
20_USA,United States of America,2008.0,Estimates,population_1jan,303420.956,0.01050217240464213,UN DESA
20_USA,United States of America,2009.0,Estimates,population_1jan,306519.709,0.010212719124119918,UN DESA
20_USA,United States of America,2010.0,Estimates,population_1jan,309527.2,0.00981173775027977,UN DESA
20_USA,United States of America,2011.0,Estimates,population_1jan,312598.38,0.009922165160283214,UN DESA
20_USA,United States of America,2012.0,Estimates,population_1jan,315611.776,0.009639832426514783,UN DESA
20_USA,United States of America,2013.0,Estimates,population_1jan,318618.933,0.009528025342121493,UN DESA
20_USA,United States of America,2014.0,Estimates,population_1jan,321602.585,0.009364327386031324,UN DESA
20_USA,United States of America,2015.0,Estimates,population_1jan,324628.169,0.009407834828193185,UN DESA
20_USA,United States of America,2016.0,Estimates,population_1jan,327624.824,0.009231038111175316,UN DESA
20_USA,United States of America,2017.0,Estimates,population_1jan,330734.029,0.00949013863491599,UN DESA
20_USA,United States of America,2018.0,Estimates,population_1jan,333675.29,0.008893130860749832,UN DESA
20_USA,United States of America,2019.0,Estimates,population_1jan,336437.705,0.008278752076607221,UN DESA
20_USA,United States of America,2020.0,Estimates,population_1jan,339142.428,0.008039298092346714,UN DESA
20_USA,United States of America,2021.0,Estimates,population_1jan,339729.889,0.001732195536442882,UN DESA
20_USA,United States of America,2022.0,Estimates,population_1jan,340592.993,0.0025405595090279842,UN DESA
20_USA,United States of America,2023.0,Estimates,population_1jan,342475.098,0.005525965121660592,UN DESA
20_USA,United States of America,2024.0,High,population_1jan,344479.572,0.005852904376714596,UN DESA
20_USA,United States of America,2025.0,High,population_1jan,346934.402,0.00712619905368439,UN DESA
20_USA,United States of America,2026.0,High,population_1jan,349300.318,0.00681949090767886,UN DESA
20_USA,United States of America,2027.0,High,population_1jan,351577.725,0.006519911041134474,UN DESA
20_USA,United States of America,2028.0,High,population_1jan,353812.396,0.006356122248643681,UN DESA
20_USA,United States of America,2029.0,High,population_1jan,356058.523,0.006348355867101807,UN DESA
20_USA,United States of America,2030.0,High,population_1jan,358578.265,0.007076763613941051,UN DESA
20_USA,United States of America,2031.0,High,population_1jan,361076.349,0.006966635303453206,UN DESA
20_USA,United States of America,2032.0,High,population_1jan,363548.035,0.006845327883826524,UN DESA
20_USA,United States of America,2033.0,High,population_1jan,366000.86,0.0067469075991568594,UN DESA
20_USA,United States of America,2034.0,High,population_1jan,368432.106,0.006642733025272296,UN DESA
20_USA,United States of America,2035.0,High,population_1jan,371090.862,0.007216406921930929,UN DESA
20_USA,United States of America,2036.0,High,population_1jan,373712.276,0.007064075859674501,UN DESA
20_USA,United States of America,2037.0,High,population_1jan,376308.439,0.006946956700988771,UN DESA
20_USA,United States of America,2038.0,High,population_1jan,378886.612,0.0068512229139778835,UN DESA
20_USA,United States of America,2039.0,High,population_1jan,381448.067,0.006760479042737799,UN DESA
20_USA,United States of America,2040.0,High,population_1jan,383946.363,0.00654950494217621,UN DESA
20_USA,United States of America,2041.0,High,population_1jan,386408.488,0.006412679575245717,UN DESA
20_USA,United States of America,2042.0,High,population_1jan,388827.71,0.006260788971074627,UN DESA
20_USA,United States of America,2043.0,High,population_1jan,391246.223,0.0062200119430788625,UN DESA
20_USA,United States of America,2044.0,High,population_1jan,393594.504,0.006002054108008581,UN DESA
20_USA,United States of America,2045.0,High,population_1jan,395889.801,0.005831628685546875,UN DESA
20_USA,United States of America,2046.0,High,population_1jan,398150.686,0.005710894785087017,UN DESA
20_USA,United States of America,2047.0,High,population_1jan,400359.969,0.005548861467991939,UN DESA
20_USA,United States of America,2048.0,High,population_1jan,402563.431,0.005503702094651786,UN DESA
20_USA,United States of America,2049.0,High,population_1jan,404718.214,0.005352654598176798,UN DESA
20_USA,United States of America,2050.0,High,population_1jan,406868.424,0.005312857009198035,UN DESA
20_USA,United States of America,2051.0,High,population_1jan,409017.95,0.0052830985970049316,UN DESA
20_USA,United States of America,2052.0,High,population_1jan,411182.678,0.005292501221523471,UN DESA
20_USA,United States of America,2053.0,High,population_1jan,413343.718,0.005255668868424435,UN DESA
20_USA,United States of America,2054.0,High,population_1jan,415544.967,0.005325468621250495,UN DESA
20_USA,United States of America,2055.0,High,population_1jan,417735.927,0.005272497982149904,UN DESA
20_USA,United States of America,2056.0,High,population_1jan,419959.979,0.005324062059905099,UN DESA
20_USA,United States of America,2057.0,High,population_1jan,422259.081,0.005474574042685143,UN DESA
20_USA,United States of America,2058.0,High,population_1jan,424670.867,0.005711626128414693,UN DESA
20_USA,United States of America,2059.0,High,population_1jan,427187.68,0.005926502606075745,UN DESA
20_USA,United States of America,2060.0,High,population_1jan,429754.615,0.0060089162683718556,UN DESA
20_USA,United States of America,2061.0,High,population_1jan,432381.011,0.006111385214560228,UN DESA
20_USA,United States of America,2062.0,High,population_1jan,435127.894,0.0063529223766025655,UN DESA
20_USA,United States of America,2063.0,High,population_1jan,437957.892,0.006503830342809547,UN DESA
20_USA,United States of America,2064.0,High,population_1jan,440864.44,0.006636592359888338,UN DESA
20_USA,United States of America,2065.0,High,population_1jan,443816.209,0.006695411859482192,UN DESA
20_USA,United States of America,2066.0,High,population_1jan,446853.482,0.006843537794267496,UN DESA
20_USA,United States of America,2067.0,High,population_1jan,449972.802,0.006980632636090833,UN DESA
20_USA,United States of America,2068.0,High,population_1jan,453163.622,0.0070911396995945175,UN DESA
20_USA,United States of America,2069.0,High,population_1jan,456381.171,0.0071001926099001356,UN DESA
20_USA,United States of America,2070.0,High,population_1jan,459660.336,0.007185145243426394,UN DESA
20_USA,United States of America,2071.0,High,population_1jan,462925.158,0.007102683752117311,UN DESA
20_USA,United States of America,2072.0,High,population_1jan,466247.205,0.007176207519920652,UN DESA
20_USA,United States of America,2073.0,High,population_1jan,469526.986,0.007034425010654877,UN DESA
20_USA,United States of America,2074.0,High,population_1jan,472829.721,0.00703417502822723,UN DESA
20_USA,United States of America,2075.0,High,population_1jan,476114.288,0.00694661704652022,UN DESA
20_USA,United States of America,2076.0,High,population_1jan,479460.07,0.007027266528913723,UN DESA
20_USA,United States of America,2077.0,High,population_1jan,482765.672,0.006894426057210579,UN DESA
20_USA,United States of America,2078.0,High,population_1jan,486048.366,0.006799766823520015,UN DESA
20_USA,United States of America,2079.0,High,population_1jan,489334.234,0.006760372485235422,UN DESA
20_USA,United States of America,2080.0,High,population_1jan,492584.967,0.006643175102275745,UN DESA
20_USA,United States of America,2081.0,High,population_1jan,495826.71,0.006581083908717922,UN DESA
20_USA,United States of America,2082.0,High,population_1jan,499173.831,0.006750586308672313,UN DESA
20_USA,United States of America,2083.0,High,population_1jan,502471.486,0.006606225717790126,UN DESA
20_USA,United States of America,2084.0,High,population_1jan,505787.781,0.006599966550141723,UN DESA
20_USA,United States of America,2085.0,High,population_1jan,509123.274,0.006594649228981675,UN DESA
20_USA,United States of America,2086.0,High,population_1jan,512435.384,0.006505516775884068,UN DESA
20_USA,United States of America,2087.0,High,population_1jan,515839.067,0.00664217012773638,UN DESA
20_USA,United States of America,2088.0,High,population_1jan,519289.072,0.006688142137167841,UN DESA
20_USA,United States of America,2089.0,High,population_1jan,522834.366,0.0068272070242987315,UN DESA
20_USA,United States of America,2090.0,High,population_1jan,526402.871,0.006825306888874394,UN DESA
20_USA,United States of America,2091.0,High,population_1jan,530002.32,0.0068378217488860304,UN DESA
20_USA,United States of America,2092.0,High,population_1jan,533679.175,0.006937431896524737,UN DESA
20_USA,United States of America,2093.0,High,population_1jan,537413.613,0.00699753367741951,UN DESA
20_USA,United States of America,2094.0,High,population_1jan,541180.882,0.0070099992052117255,UN DESA
20_USA,United States of America,2095.0,High,population_1jan,545015.43,0.007085520068316198,UN DESA
20_USA,United States of America,2096.0,High,population_1jan,548878.835,0.0070886158213905315,UN DESA
20_USA,United States of America,2097.0,High,population_1jan,552738.651,0.007032182248382757,UN DESA
20_USA,United States of America,2098.0,High,population_1jan,556655.115,0.00708556203354771,UN DESA
20_USA,United States of America,2099.0,High,population_1jan,560556.448,0.007008528072179887,UN DESA
20_USA,United States of America,2100.0,High,population_1jan,564504.207,0.007042571741142645,UN DESA
21_VN,Viet Nam,1950.0,Estimates,population_1jan,24831.63,,UN DESA
21_VN,Viet Nam,1951.0,Estimates,population_1jan,25369.846,0.021674614191657948,UN DESA
21_VN,Viet Nam,1952.0,Estimates,population_1jan,25830.691,0.018165068877438184,UN DESA
21_VN,Viet Nam,1953.0,Estimates,population_1jan,26457.144,0.024252274164868526,UN DESA
21_VN,Viet Nam,1954.0,Estimates,population_1jan,27058.785,0.022740209600854877,UN DESA
21_VN,Viet Nam,1955.0,Estimates,population_1jan,27797.032,0.02728308015308145,UN DESA
21_VN,Viet Nam,1956.0,Estimates,population_1jan,28535.859,0.026579348471448272,UN DESA
21_VN,Viet Nam,1957.0,Estimates,population_1jan,29308.76,0.02708525438116305,UN DESA
21_VN,Viet Nam,1958.0,Estimates,population_1jan,30200.095,0.030411897330354654,UN DESA
21_VN,Viet Nam,1959.0,Estimates,population_1jan,31116.798,0.03035430848810239,UN DESA
21_VN,Viet Nam,1960.0,Estimates,population_1jan,32054.296,0.030128357037250364,UN DESA
21_VN,Viet Nam,1961.0,Estimates,population_1jan,33009.57,0.029801746386818317,UN DESA
21_VN,Viet Nam,1962.0,Estimates,population_1jan,33808.548,0.02420443525922944,UN DESA
21_VN,Viet Nam,1963.0,Estimates,population_1jan,34768.571,0.028395866039559126,UN DESA
21_VN,Viet Nam,1964.0,Estimates,population_1jan,35729.631,0.027641630712979204,UN DESA
21_VN,Viet Nam,1965.0,Estimates,population_1jan,36673.496,0.026416869516508568,UN DESA
21_VN,Viet Nam,1966.0,Estimates,population_1jan,37585.817,0.024876848392092255,UN DESA
21_VN,Viet Nam,1967.0,Estimates,population_1jan,38463.855,0.0233608863683874,UN DESA
21_VN,Viet Nam,1968.0,Estimates,population_1jan,39326.306,0.022422375500323444,UN DESA
21_VN,Viet Nam,1969.0,Estimates,population_1jan,40142.912,0.020764879365989808,UN DESA
21_VN,Viet Nam,1970.0,Estimates,population_1jan,41021.281,0.021881048390311353,UN DESA
21_VN,Viet Nam,1971.0,Estimates,population_1jan,41929.178,0.022132341503426023,UN DESA
21_VN,Viet Nam,1972.0,Estimates,population_1jan,42969.373,0.024808380455252355,UN DESA
21_VN,Viet Nam,1973.0,Estimates,population_1jan,43888.964,0.021401080253137472,UN DESA
21_VN,Viet Nam,1974.0,Estimates,population_1jan,44930.757,0.023737015072855083,UN DESA
21_VN,Viet Nam,1975.0,Estimates,population_1jan,45896.318,0.021489978457295944,UN DESA
21_VN,Viet Nam,1976.0,Estimates,population_1jan,47069.488,0.025561309732950566,UN DESA
21_VN,Viet Nam,1977.0,Estimates,population_1jan,48300.373,0.02615038005087289,UN DESA
21_VN,Viet Nam,1978.0,Estimates,population_1jan,49609.372,0.02710121928043918,UN DESA
21_VN,Viet Nam,1979.0,Estimates,population_1jan,50889.733,0.025808853214267513,UN DESA
21_VN,Viet Nam,1980.0,Estimates,population_1jan,51866.688,0.019197487241680022,UN DESA
21_VN,Viet Nam,1981.0,Estimates,population_1jan,53113.515,0.024039071089328123,UN DESA
21_VN,Viet Nam,1982.0,Estimates,population_1jan,54362.766,0.023520397774464907,UN DESA
21_VN,Viet Nam,1983.0,Estimates,population_1jan,55659.812,0.023859087670410117,UN DESA
21_VN,Viet Nam,1984.0,Estimates,population_1jan,57016.03,0.024366198002968575,UN DESA
21_VN,Viet Nam,1985.0,Estimates,population_1jan,58396.103,0.024204999892135648,UN DESA
21_VN,Viet Nam,1986.0,Estimates,population_1jan,59725.14,0.022759001572416615,UN DESA
21_VN,Viet Nam,1987.0,Estimates,population_1jan,60968.956,0.020825669056615093,UN DESA
21_VN,Viet Nam,1988.0,Estimates,population_1jan,62200.346,0.020196999928947523,UN DESA
21_VN,Viet Nam,1989.0,Estimates,population_1jan,63486.109,0.020671315879818408,UN DESA
21_VN,Viet Nam,1990.0,Estimates,population_1jan,64808.586,0.020830966345724677,UN DESA
21_VN,Viet Nam,1991.0,Estimates,population_1jan,66200.519,0.021477601748632447,UN DESA
21_VN,Viet Nam,1992.0,Estimates,population_1jan,67583.031,0.020883703343775872,UN DESA
21_VN,Viet Nam,1993.0,Estimates,population_1jan,68937.644,0.02004368522625155,UN DESA
21_VN,Viet Nam,1994.0,Estimates,population_1jan,70235.124,0.01882106675998374,UN DESA
21_VN,Viet Nam,1995.0,Estimates,population_1jan,71473.658,0.01763411138848414,UN DESA
21_VN,Viet Nam,1996.0,Estimates,population_1jan,72626.222,0.016125717253760774,UN DESA
21_VN,Viet Nam,1997.0,Estimates,population_1jan,73686.671,0.014601461714475628,UN DESA
21_VN,Viet Nam,1998.0,Estimates,population_1jan,74767.106,0.014662556814379668,UN DESA
21_VN,Viet Nam,1999.0,Estimates,population_1jan,75832.215,0.014245689809098572,UN DESA
21_VN,Viet Nam,2000.0,Estimates,population_1jan,76742.689,0.01200642761127324,UN DESA
21_VN,Viet Nam,2001.0,Estimates,population_1jan,77565.332,0.010719496680654528,UN DESA
21_VN,Viet Nam,2002.0,Estimates,population_1jan,78373.39,0.010417772723515295,UN DESA
21_VN,Viet Nam,2003.0,Estimates,population_1jan,79171.058,0.010177791212042875,UN DESA
21_VN,Viet Nam,2004.0,Estimates,population_1jan,79956.496,0.00992077180527251,UN DESA
21_VN,Viet Nam,2005.0,Estimates,population_1jan,80721.447,0.00956709008358736,UN DESA
21_VN,Viet Nam,2006.0,Estimates,population_1jan,81455.179,0.009089678484083707,UN DESA
21_VN,Viet Nam,2007.0,Estimates,population_1jan,82880.614,0.017499623934286612,UN DESA
21_VN,Viet Nam,2008.0,Estimates,population_1jan,84386.137,0.018164959540478254,UN DESA
21_VN,Viet Nam,2009.0,Estimates,population_1jan,85965.438,0.018715171189789048,UN DESA
21_VN,Viet Nam,2010.0,Estimates,population_1jan,86954.597,0.011506473101434045,UN DESA
21_VN,Viet Nam,2011.0,Estimates,population_1jan,87955.706,0.01151300833468305,UN DESA
21_VN,Viet Nam,2012.0,Estimates,population_1jan,88980.922,0.011656048784373318,UN DESA
21_VN,Viet Nam,2013.0,Estimates,population_1jan,90039.789,0.011899932886737297,UN DESA
21_VN,Viet Nam,2014.0,Estimates,population_1jan,91106.419,0.011846207236225093,UN DESA
21_VN,Viet Nam,2015.0,Estimates,population_1jan,92252.737,0.012582186991676236,UN DESA
21_VN,Viet Nam,2016.0,Estimates,population_1jan,93393.771,0.01236856528170005,UN DESA
21_VN,Viet Nam,2017.0,Estimates,population_1jan,94606.462,0.012984709654779936,UN DESA
21_VN,Viet Nam,2018.0,Estimates,population_1jan,95747.492,0.01206080404951626,UN DESA
21_VN,Viet Nam,2019.0,Estimates,population_1jan,96727.147,0.010231651811830167,UN DESA
21_VN,Viet Nam,2020.0,Estimates,population_1jan,97620.404,0.009234811815549637,UN DESA
21_VN,Viet Nam,2021.0,Estimates,population_1jan,98537.978,0.00939940793525107,UN DESA
21_VN,Viet Nam,2022.0,Estimates,population_1jan,99332.219,0.008060252667250634,UN DESA
21_VN,Viet Nam,2023.0,Estimates,population_1jan,100029.091,0.007015568634382463,UN DESA
21_VN,Viet Nam,2024.0,High,population_1jan,100675.292,0.006460130683382914,UN DESA
21_VN,Viet Nam,2025.0,High,population_1jan,101476.526,0.007958596236304016,UN DESA
21_VN,Viet Nam,2026.0,High,population_1jan,102247.543,0.007597983793808716,UN DESA
21_VN,Viet Nam,2027.0,High,population_1jan,102980.954,0.007172896076338864,UN DESA
21_VN,Viet Nam,2028.0,High,population_1jan,103691.424,0.006899042710363679,UN DESA
21_VN,Viet Nam,2029.0,High,population_1jan,104380.174,0.006642304381893727,UN DESA
21_VN,Viet Nam,2030.0,High,population_1jan,105146.541,0.0073420743674943445,UN DESA
21_VN,Viet Nam,2031.0,High,population_1jan,105914.837,0.007306907033679755,UN DESA
21_VN,Viet Nam,2032.0,High,population_1jan,106662.291,0.0070571226956615,UN DESA
21_VN,Viet Nam,2033.0,High,population_1jan,107402.374,0.006938562757854205,UN DESA
21_VN,Viet Nam,2034.0,High,population_1jan,108126.996,0.006746796863168036,UN DESA
21_VN,Viet Nam,2035.0,High,population_1jan,108923.344,0.00736493225059176,UN DESA
21_VN,Viet Nam,2036.0,High,population_1jan,109709.975,0.0072218770661320875,UN DESA
21_VN,Viet Nam,2037.0,High,population_1jan,110477.326,0.006994359446349296,UN DESA
21_VN,Viet Nam,2038.0,High,population_1jan,111239.444,0.006898410991591275,UN DESA
21_VN,Viet Nam,2039.0,High,population_1jan,111981.906,0.006674449038058805,UN DESA
21_VN,Viet Nam,2040.0,High,population_1jan,112705.18,0.006458847021232117,UN DESA
21_VN,Viet Nam,2041.0,High,population_1jan,113397.032,0.006138599840752823,UN DESA
21_VN,Viet Nam,2042.0,High,population_1jan,114069.855,0.0059333387138384985,UN DESA
21_VN,Viet Nam,2043.0,High,population_1jan,114709.76,0.005609764297499931,UN DESA
21_VN,Viet Nam,2044.0,High,population_1jan,115313.181,0.0052604155043127765,UN DESA
21_VN,Viet Nam,2045.0,High,population_1jan,115880.18,0.004917035460152652,UN DESA
21_VN,Viet Nam,2046.0,High,population_1jan,116420.895,0.0046661560242657885,UN DESA
21_VN,Viet Nam,2047.0,High,population_1jan,116923.18,0.004314388752981069,UN DESA
21_VN,Viet Nam,2048.0,High,population_1jan,117396.581,0.004048820772750261,UN DESA
21_VN,Viet Nam,2049.0,High,population_1jan,117836.534,0.003747579326862871,UN DESA
21_VN,Viet Nam,2050.0,High,population_1jan,118248.681,0.0034976164522964037,UN DESA
21_VN,Viet Nam,2051.0,High,population_1jan,118643.564,0.0033394283696068783,UN DESA
21_VN,Viet Nam,2052.0,High,population_1jan,119006.145,0.003056052834016443,UN DESA
21_VN,Viet Nam,2053.0,High,population_1jan,119354.208,0.002924748129602861,UN DESA
21_VN,Viet Nam,2054.0,High,population_1jan,119692.624,0.002835392280429616,UN DESA
21_VN,Viet Nam,2055.0,High,population_1jan,120018.637,0.0027237517994425087,UN DESA
21_VN,Viet Nam,2056.0,High,population_1jan,120338.989,0.0026691854532558956,UN DESA
21_VN,Viet Nam,2057.0,High,population_1jan,120662.668,0.0026897267684373727,UN DESA
21_VN,Viet Nam,2058.0,High,population_1jan,120979.489,0.002625675407740724,UN DESA
21_VN,Viet Nam,2059.0,High,population_1jan,121290.267,0.0025688486748360884,UN DESA
21_VN,Viet Nam,2060.0,High,population_1jan,121606.167,0.0026044958743474123,UN DESA
21_VN,Viet Nam,2061.0,High,population_1jan,121932.422,0.0026828820285076382,UN DESA
21_VN,Viet Nam,2062.0,High,population_1jan,122257.469,0.002665796304776036,UN DESA
21_VN,Viet Nam,2063.0,High,population_1jan,122579.941,0.0026376466210011884,UN DESA
21_VN,Viet Nam,2064.0,High,population_1jan,122904.954,0.002651437073215579,UN DESA
21_VN,Viet Nam,2065.0,High,population_1jan,123233.626,0.0026741965177417004,UN DESA
21_VN,Viet Nam,2066.0,High,population_1jan,123557.404,0.002627351077050921,UN DESA
21_VN,Viet Nam,2067.0,High,population_1jan,123872.783,0.002552489691350246,UN DESA
21_VN,Viet Nam,2068.0,High,population_1jan,124187.022,0.0025367880852407154,UN DESA
21_VN,Viet Nam,2069.0,High,population_1jan,124503.712,0.0025501054369434506,UN DESA
21_VN,Viet Nam,2070.0,High,population_1jan,124817.187,0.002517796417186302,UN DESA
21_VN,Viet Nam,2071.0,High,population_1jan,125116.413,0.0023973140814332883,UN DESA
21_VN,Viet Nam,2072.0,High,population_1jan,125413.672,0.0023758593526814753,UN DESA
21_VN,Viet Nam,2073.0,High,population_1jan,125695.816,0.002249706874063895,UN DESA
21_VN,Viet Nam,2074.0,High,population_1jan,125971.843,0.0021959919493261815,UN DESA
21_VN,Viet Nam,2075.0,High,population_1jan,126247.099,0.002185059720051896,UN DESA
21_VN,Viet Nam,2076.0,High,population_1jan,126517.038,0.002138179824630937,UN DESA
21_VN,Viet Nam,2077.0,High,population_1jan,126786.577,0.0021304561366668473,UN DESA
21_VN,Viet Nam,2078.0,High,population_1jan,127044.298,0.0020327151824597323,UN DESA
21_VN,Viet Nam,2079.0,High,population_1jan,127307.704,0.0020733398046719476,UN DESA
21_VN,Viet Nam,2080.0,High,population_1jan,127566.092,0.002029633650450613,UN DESA
21_VN,Viet Nam,2081.0,High,population_1jan,127831,0.0020766333423460903,UN DESA
21_VN,Viet Nam,2082.0,High,population_1jan,128099.202,0.0020980982703726614,UN DESA
21_VN,Viet Nam,2083.0,High,population_1jan,128374.713,0.002150762812714424,UN DESA
21_VN,Viet Nam,2084.0,High,population_1jan,128665.812,0.002267572742304713,UN DESA
21_VN,Viet Nam,2085.0,High,population_1jan,128974.261,0.002397287944679416,UN DESA
21_VN,Viet Nam,2086.0,High,population_1jan,129294.465,0.00248269691578229,UN DESA
21_VN,Viet Nam,2087.0,High,population_1jan,129622.473,0.002536906742295564,UN DESA
21_VN,Viet Nam,2088.0,High,population_1jan,129960.331,0.002606477041986466,UN DESA
21_VN,Viet Nam,2089.0,High,population_1jan,130316.338,0.0027393512871247694,UN DESA
21_VN,Viet Nam,2090.0,High,population_1jan,130680.563,0.002794929673361368,UN DESA
21_VN,Viet Nam,2091.0,High,population_1jan,131052.737,0.002847967528269768,UN DESA
21_VN,Viet Nam,2092.0,High,population_1jan,131438.916,0.002946745019144492,UN DESA
21_VN,Viet Nam,2093.0,High,population_1jan,131836.872,0.003027687781600452,UN DESA
21_VN,Viet Nam,2094.0,High,population_1jan,132240.338,0.003060342633129043,UN DESA
21_VN,Viet Nam,2095.0,High,population_1jan,132653.306,0.0031228595317112084,UN DESA
21_VN,Viet Nam,2096.0,High,population_1jan,133068.889,0.00313285068070579,UN DESA
21_VN,Viet Nam,2097.0,High,population_1jan,133478.093,0.003075129003293986,UN DESA
21_VN,Viet Nam,2098.0,High,population_1jan,133891.503,0.0030972123642791782,UN DESA
21_VN,Viet Nam,2099.0,High,population_1jan,134293.468,0.0030021695999633558,UN DESA
21_VN,Viet Nam,2100.0,High,population_1jan,134693.978,0.0029823490744911307,UN DESA
01_AUS,Australia,1950.0,Estimates,population_1jul,8176.75,,UN DESA
01_AUS,Australia,1951.0,Estimates,population_1jul,8418.61,0.029578989207203366,UN DESA
01_AUS,Australia,1952.0,Estimates,population_1jul,8630.704,0.0251934701809442,UN DESA
01_AUS,Australia,1953.0,Estimates,population_1jul,8816.081,0.02147878087349553,UN DESA
01_AUS,Australia,1954.0,Estimates,population_1jul,8999.383,0.02079177811546873,UN DESA
01_AUS,Australia,1955.0,Estimates,population_1jul,9205.181,0.022868012173723473,UN DESA
01_AUS,Australia,1956.0,Estimates,population_1jul,9424.662,0.023843203083133258,UN DESA
01_AUS,Australia,1957.0,Estimates,population_1jul,9638.775,0.022718374409607334,UN DESA
01_AUS,Australia,1958.0,Estimates,population_1jul,9847.637,0.02166893614593146,UN DESA
01_AUS,Australia,1959.0,Estimates,population_1jul,10060.036,0.02156852450999147,UN DESA
01_AUS,Australia,1960.0,Estimates,population_1jul,10280.813,0.02194594532266092,UN DESA
01_AUS,Australia,1961.0,Estimates,population_1jul,10500.443,0.021363096478848487,UN DESA
01_AUS,Australia,1962.0,Estimates,population_1jul,10707.236,0.01969374054028017,UN DESA
01_AUS,Australia,1963.0,Estimates,population_1jul,10913.265,0.019242034078636117,UN DESA
01_AUS,Australia,1964.0,Estimates,population_1jul,11128.251,0.019699512474039782,UN DESA
01_AUS,Australia,1965.0,Estimates,population_1jul,11357.477,0.020598564859833024,UN DESA
01_AUS,Australia,1966.0,Estimates,population_1jul,11592.485,0.020691919516984347,UN DESA
01_AUS,Australia,1967.0,Estimates,population_1jul,11810.519,0.018808219290342043,UN DESA
01_AUS,Australia,1968.0,Estimates,population_1jul,12030.013,0.018584619355000553,UN DESA
01_AUS,Australia,1969.0,Estimates,population_1jul,12272.38,0.020146861021679507,UN DESA
01_AUS,Australia,1970.0,Estimates,population_1jul,12599.411,0.026647724402275808,UN DESA
01_AUS,Australia,1971.0,Estimates,population_1jul,12997.964,0.03163266917794805,UN DESA
01_AUS,Australia,1972.0,Estimates,population_1jul,13304.896,0.02361385213868883,UN DESA
01_AUS,Australia,1973.0,Estimates,population_1jul,13518.685,0.016068445781161955,UN DESA
01_AUS,Australia,1974.0,Estimates,population_1jul,13719.495,0.014854255424991525,UN DESA
01_AUS,Australia,1975.0,Estimates,population_1jul,13893.989,0.012718689718535403,UN DESA
01_AUS,Australia,1976.0,Estimates,population_1jul,14046.755,0.010995114505992554,UN DESA
01_AUS,Australia,1977.0,Estimates,population_1jul,14203.508,0.011159374531698019,UN DESA
01_AUS,Australia,1978.0,Estimates,population_1jul,14367.098,0.011517577206982876,UN DESA
01_AUS,Australia,1979.0,Estimates,population_1jul,14533.035,0.011549792449386809,UN DESA
01_AUS,Australia,1980.0,Estimates,population_1jul,14721.347,0.012957513692081424,UN DESA
01_AUS,Australia,1981.0,Estimates,population_1jul,14949.202,0.015477863540612091,UN DESA
01_AUS,Australia,1982.0,Estimates,population_1jul,15192.485,0.016273979039148845,UN DESA
01_AUS,Australia,1983.0,Estimates,population_1jul,15414.893,0.01463934306994541,UN DESA
01_AUS,Australia,1984.0,Estimates,population_1jul,15620.653,0.013348130278945103,UN DESA
01_AUS,Australia,1985.0,Estimates,population_1jul,15835.747,0.013769846881561243,UN DESA
01_AUS,Australia,1986.0,Estimates,population_1jul,16069.633,0.014769495875376126,UN DESA
01_AUS,Australia,1987.0,Estimates,population_1jul,16322.269,0.015721329790170158,UN DESA
01_AUS,Australia,1988.0,Estimates,population_1jul,16594.099,0.016653934572454343,UN DESA
01_AUS,Australia,1989.0,Estimates,population_1jul,16869.362,0.016588005169789755,UN DESA
01_AUS,Australia,1990.0,Estimates,population_1jul,17126.298,0.015230925745739476,UN DESA
01_AUS,Australia,1991.0,Estimates,population_1jul,17353.193,0.013248338899626733,UN DESA
01_AUS,Australia,1992.0,Estimates,population_1jul,17549.288,0.01130022584316337,UN DESA
01_AUS,Australia,1993.0,Estimates,population_1jul,17722.911,0.009893449808334065,UN DESA
01_AUS,Australia,1994.0,Estimates,population_1jul,17897.433,0.009847253648116894,UN DESA
01_AUS,Australia,1995.0,Estimates,population_1jul,18095.344,0.011058066260116739,UN DESA
01_AUS,Australia,1996.0,Estimates,population_1jul,18305.307,0.01160315051208749,UN DESA
01_AUS,Australia,1997.0,Estimates,population_1jul,18504.912,0.010904214826880532,UN DESA
01_AUS,Australia,1998.0,Estimates,population_1jul,18701.717,0.010635284296407477,UN DESA
01_AUS,Australia,1999.0,Estimates,population_1jul,18909.981,0.011136089803946758,UN DESA
01_AUS,Australia,2000.0,Estimates,population_1jul,19132.471,0.011765744238452891,UN DESA
01_AUS,Australia,2001.0,Estimates,population_1jul,19365.433,0.012176263066072224,UN DESA
01_AUS,Australia,2002.0,Estimates,population_1jul,19595.355,0.011872804496547928,UN DESA
01_AUS,Australia,2003.0,Estimates,population_1jul,19819.454,0.011436332743142597,UN DESA
01_AUS,Australia,2004.0,Estimates,population_1jul,20046.677,0.011464644787893663,UN DESA
01_AUS,Australia,2005.0,Estimates,population_1jul,20294.49,0.012361799414436714,UN DESA
01_AUS,Australia,2006.0,Estimates,population_1jul,20590.559,0.014588639576555096,UN DESA
01_AUS,Australia,2007.0,Estimates,population_1jul,20954.549,0.017677519099894123,UN DESA
01_AUS,Australia,2008.0,Estimates,population_1jul,21370.589,0.01985440011140316,UN DESA
01_AUS,Australia,2009.0,Estimates,population_1jul,21783.011,0.019298578995646798,UN DESA
01_AUS,Australia,2010.0,Estimates,population_1jul,22141.581,0.0164609933860842,UN DESA
01_AUS,Australia,2011.0,Estimates,population_1jul,22479.775,0.01527415770355356,UN DESA
01_AUS,Australia,2012.0,Estimates,population_1jul,22852.644,0.01658686530447917,UN DESA
01_AUS,Australia,2013.0,Estimates,population_1jul,23236.27,0.016786941589778337,UN DESA
01_AUS,Australia,2014.0,Estimates,population_1jul,23595.601,0.015464228983395278,UN DESA
01_AUS,Australia,2015.0,Estimates,population_1jul,23948.002,0.014935029626920837,UN DESA
01_AUS,Australia,2016.0,Estimates,population_1jul,24329.963,0.01594959779943217,UN DESA
01_AUS,Australia,2017.0,Estimates,population_1jul,24731.038,0.016484817506709826,UN DESA
01_AUS,Australia,2018.0,Estimates,population_1jul,25119.706,0.015715798099537936,UN DESA
01_AUS,Australia,2019.0,Estimates,population_1jul,25482.714,0.014451124547397276,UN DESA
01_AUS,Australia,2020.0,Estimates,population_1jul,25743.791,0.01024525880563587,UN DESA
01_AUS,Australia,2021.0,Estimates,population_1jul,25956.417,0.008259311924960766,UN DESA
01_AUS,Australia,2022.0,Estimates,population_1jul,26200.984,0.009422217249784426,UN DESA
01_AUS,Australia,2023.0,Estimates,population_1jul,26451.124,0.009546969686329287,UN DESA
01_AUS,Australia,2024.0,High,population_1jul,26736.428,0.01078608228519884,UN DESA
01_AUS,Australia,2025.0,High,population_1jul,27043.621,0.011489679922837892,UN DESA
01_AUS,Australia,2026.0,High,population_1jul,27342.907,0.011066787247166365,UN DESA
01_AUS,Australia,2027.0,High,population_1jul,27636.106,0.010723036873877323,UN DESA
01_AUS,Australia,2028.0,High,population_1jul,27926.486,0.01050726900526433,UN DESA
01_AUS,Australia,2029.0,High,population_1jul,28223.506,0.010635781386888477,UN DESA
01_AUS,Australia,2030.0,High,population_1jul,28528.185,0.010795221543347555,UN DESA
01_AUS,Australia,2031.0,High,population_1jul,28829.897,0.010575926929806467,UN DESA
01_AUS,Australia,2032.0,High,population_1jul,29126.36,0.010283179298212541,UN DESA
01_AUS,Australia,2033.0,High,population_1jul,29418.402,0.010026724932329367,UN DESA
01_AUS,Australia,2034.0,High,population_1jul,29717.438,0.01016493010055397,UN DESA
01_AUS,Australia,2035.0,High,population_1jul,30025.757,0.010375019542398167,UN DESA
01_AUS,Australia,2036.0,High,population_1jul,30334.961,0.010297958516083394,UN DESA
01_AUS,Australia,2037.0,High,population_1jul,30640.511,0.010072536437412793,UN DESA
01_AUS,Australia,2038.0,High,population_1jul,30945.284,0.009946733590702861,UN DESA
01_AUS,Australia,2039.0,High,population_1jul,31249.934,0.009844795736888345,UN DESA
01_AUS,Australia,2040.0,High,population_1jul,31554.138,0.009734548559366507,UN DESA
01_AUS,Australia,2041.0,High,population_1jul,31863.059,0.00979018980014601,UN DESA
01_AUS,Australia,2042.0,High,population_1jul,32176.184,0.009827210877649817,UN DESA
01_AUS,Australia,2043.0,High,population_1jul,32490.167,0.009758242307415843,UN DESA
01_AUS,Australia,2044.0,High,population_1jul,32803.268,0.009636792571733999,UN DESA
01_AUS,Australia,2045.0,High,population_1jul,33118.719,0.009616450409758004,UN DESA
01_AUS,Australia,2046.0,High,population_1jul,33439.84,0.009696057386760604,UN DESA
01_AUS,Australia,2047.0,High,population_1jul,33758.819,0.00953889133440855,UN DESA
01_AUS,Australia,2048.0,High,population_1jul,34079.117,0.009487831905493849,UN DESA
01_AUS,Australia,2049.0,High,population_1jul,34401.491,0.009459576079978937,UN DESA
01_AUS,Australia,2050.0,High,population_1jul,34720.388,0.00926985984415607,UN DESA
01_AUS,Australia,2051.0,High,population_1jul,35041.329,0.00924358909814016,UN DESA
01_AUS,Australia,2052.0,High,population_1jul,35362.229,0.00915775768664484,UN DESA
01_AUS,Australia,2053.0,High,population_1jul,35684.796,0.009121794895904367,UN DESA
01_AUS,Australia,2054.0,High,population_1jul,36013.736,0.009217931356536146,UN DESA
01_AUS,Australia,2055.0,High,population_1jul,36349.963,0.009336076656973447,UN DESA
01_AUS,Australia,2056.0,High,population_1jul,36689.486,0.009340394651845774,UN DESA
01_AUS,Australia,2057.0,High,population_1jul,37032.253,0.009342376723402435,UN DESA
01_AUS,Australia,2058.0,High,population_1jul,37384.806,0.009520160709638681,UN DESA
01_AUS,Australia,2059.0,High,population_1jul,37741.264,0.009534836157769622,UN DESA
01_AUS,Australia,2060.0,High,population_1jul,38097.745,0.009445391124155211,UN DESA
01_AUS,Australia,2061.0,High,population_1jul,38461.834,0.009556707358926442,UN DESA
01_AUS,Australia,2062.0,High,population_1jul,38833.918,0.009674109664141284,UN DESA
01_AUS,Australia,2063.0,High,population_1jul,39212.965,0.009760719997400136,UN DESA
01_AUS,Australia,2064.0,High,population_1jul,39592.882,0.009688555813109234,UN DESA
01_AUS,Australia,2065.0,High,population_1jul,39975.194,0.009656079090176073,UN DESA
01_AUS,Australia,2066.0,High,population_1jul,40369.317,0.009859189176167682,UN DESA
01_AUS,Australia,2067.0,High,population_1jul,40772.454,0.009986222952446555,UN DESA
01_AUS,Australia,2068.0,High,population_1jul,41180.615,0.010010704776317825,UN DESA
01_AUS,Australia,2069.0,High,population_1jul,41592.192,0.009994435488639652,UN DESA
01_AUS,Australia,2070.0,High,population_1jul,42003.732,0.009894645610406982,UN DESA
01_AUS,Australia,2071.0,High,population_1jul,42412.332,0.00972770705231607,UN DESA
01_AUS,Australia,2072.0,High,population_1jul,42820.918,0.009633660323134174,UN DESA
01_AUS,Australia,2073.0,High,population_1jul,43234.038,0.009647621286400287,UN DESA
01_AUS,Australia,2074.0,High,population_1jul,43652.805,0.009686048756306409,UN DESA
01_AUS,Australia,2075.0,High,population_1jul,44075.027,0.009672276500902965,UN DESA
01_AUS,Australia,2076.0,High,population_1jul,44498.086,0.00959861011542884,UN DESA
01_AUS,Australia,2077.0,High,population_1jul,44925.686,0.009609402076304896,UN DESA
01_AUS,Australia,2078.0,High,population_1jul,45358.012,0.009623136305586977,UN DESA
01_AUS,Australia,2079.0,High,population_1jul,45791.897,0.009565785202402477,UN DESA
01_AUS,Australia,2080.0,High,population_1jul,46228.003,0.009523650002968953,UN DESA
01_AUS,Australia,2081.0,High,population_1jul,46671.84,0.009601042035062513,UN DESA
01_AUS,Australia,2082.0,High,population_1jul,47120.408,0.009611105968824196,UN DESA
01_AUS,Australia,2083.0,High,population_1jul,47572.787,0.009600489876912643,UN DESA
01_AUS,Australia,2084.0,High,population_1jul,48026.897,0.009545583276422409,UN DESA
01_AUS,Australia,2085.0,High,population_1jul,48480.246,0.009439481380610681,UN DESA
01_AUS,Australia,2086.0,High,population_1jul,48942.412,0.009533078689410779,UN DESA
01_AUS,Australia,2087.0,High,population_1jul,49416.364,0.009683870913431925,UN DESA
01_AUS,Australia,2088.0,High,population_1jul,49905.071,0.009889578278159172,UN DESA
01_AUS,Australia,2089.0,High,population_1jul,50401.309,0.00994363879374105,UN DESA
01_AUS,Australia,2090.0,High,population_1jul,50902.997,0.009953868460043314,UN DESA
01_AUS,Australia,2091.0,High,population_1jul,51414.537,0.010049310063216854,UN DESA
01_AUS,Australia,2092.0,High,population_1jul,51929.993,0.010025491428620859,UN DESA
01_AUS,Australia,2093.0,High,population_1jul,52447.622,0.009967823411799914,UN DESA
01_AUS,Australia,2094.0,High,population_1jul,52963.065,0.009827766833737428,UN DESA
01_AUS,Australia,2095.0,High,population_1jul,53480.574,0.009771130126249306,UN DESA
01_AUS,Australia,2096.0,High,population_1jul,54010.541,0.009909523409378451,UN DESA
01_AUS,Australia,2097.0,High,population_1jul,54552.293,0.010030486456338306,UN DESA
01_AUS,Australia,2098.0,High,population_1jul,55094.616,0.009941341970721718,UN DESA
01_AUS,Australia,2099.0,High,population_1jul,55631.619,0.009746923365433702,UN DESA
01_AUS,Australia,2100.0,High,population_1jul,56169.996,0.009677536078897875,UN DESA
02_BD,Brunei Darussalam,1950.0,Estimates,population_1jul,48.297,,UN DESA
02_BD,Brunei Darussalam,1951.0,Estimates,population_1jul,51.19,0.05990020084063197,UN DESA
02_BD,Brunei Darussalam,1952.0,Estimates,population_1jul,54.233,0.05944520414143395,UN DESA
02_BD,Brunei Darussalam,1953.0,Estimates,population_1jul,57.559,0.06132797374292398,UN DESA
02_BD,Brunei Darussalam,1954.0,Estimates,population_1jul,61.209,0.06341319341892682,UN DESA
02_BD,Brunei Darussalam,1955.0,Estimates,population_1jul,65.21,0.06536620431635853,UN DESA
02_BD,Brunei Darussalam,1956.0,Estimates,population_1jul,69.548,0.06652353933445809,UN DESA
02_BD,Brunei Darussalam,1957.0,Estimates,population_1jul,74.164,0.06637142692816478,UN DESA
02_BD,Brunei Darussalam,1958.0,Estimates,population_1jul,78.972,0.06482929723315878,UN DESA
02_BD,Brunei Darussalam,1959.0,Estimates,population_1jul,83.842,0.06166742642962064,UN DESA
02_BD,Brunei Darussalam,1960.0,Estimates,population_1jul,88.347,0.053732019751437265,UN DESA
02_BD,Brunei Darussalam,1961.0,Estimates,population_1jul,92.517,0.04720024449047511,UN DESA
02_BD,Brunei Darussalam,1962.0,Estimates,population_1jul,96.719,0.04541867981019698,UN DESA
02_BD,Brunei Darussalam,1963.0,Estimates,population_1jul,101.159,0.045906181825701387,UN DESA
02_BD,Brunei Darussalam,1964.0,Estimates,population_1jul,105.922,0.04708429304362438,UN DESA
02_BD,Brunei Darussalam,1965.0,Estimates,population_1jul,110.838,0.046411510356677566,UN DESA
02_BD,Brunei Darussalam,1966.0,Estimates,population_1jul,115.874,0.045435680903661124,UN DESA
02_BD,Brunei Darussalam,1967.0,Estimates,population_1jul,121.017,0.04438441755700162,UN DESA
02_BD,Brunei Darussalam,1968.0,Estimates,population_1jul,126.222,0.043010486130047765,UN DESA
02_BD,Brunei Darussalam,1969.0,Estimates,population_1jul,131.446,0.04138739680879722,UN DESA
02_BD,Brunei Darussalam,1970.0,Estimates,population_1jul,135.138,0.028087579690519338,UN DESA
02_BD,Brunei Darussalam,1971.0,Estimates,population_1jul,137.921,0.020593763412215527,UN DESA
02_BD,Brunei Darussalam,1972.0,Estimates,population_1jul,142.189,0.030945251267029628,UN DESA
02_BD,Brunei Darussalam,1973.0,Estimates,population_1jul,147.369,0.03643038491022521,UN DESA
02_BD,Brunei Darussalam,1974.0,Estimates,population_1jul,152.656,0.035875930487415886,UN DESA
02_BD,Brunei Darussalam,1975.0,Estimates,population_1jul,158.07,0.035465360025154435,UN DESA
02_BD,Brunei Darussalam,1976.0,Estimates,population_1jul,163.607,0.03502878471563231,UN DESA
02_BD,Brunei Darussalam,1977.0,Estimates,population_1jul,169.277,0.034656218865940946,UN DESA
02_BD,Brunei Darussalam,1978.0,Estimates,population_1jul,174.884,0.033123224064698586,UN DESA
02_BD,Brunei Darussalam,1979.0,Estimates,population_1jul,180.422,0.03166670478717326,UN DESA
02_BD,Brunei Darussalam,1980.0,Estimates,population_1jul,186.111,0.03153163139750137,UN DESA
02_BD,Brunei Darussalam,1981.0,Estimates,population_1jul,191.977,0.031518824787358124,UN DESA
02_BD,Brunei Darussalam,1982.0,Estimates,population_1jul,198.165,0.032233027914802204,UN DESA
02_BD,Brunei Darussalam,1983.0,Estimates,population_1jul,204.741,0.033184467489213665,UN DESA
02_BD,Brunei Darussalam,1984.0,Estimates,population_1jul,211.661,0.033798799458828466,UN DESA
02_BD,Brunei Darussalam,1985.0,Estimates,population_1jul,218.919,0.03429068179778039,UN DESA
02_BD,Brunei Darussalam,1986.0,Estimates,population_1jul,226.495,0.03460640693589867,UN DESA
02_BD,Brunei Darussalam,1987.0,Estimates,population_1jul,233.86,0.03251727411201144,UN DESA
02_BD,Brunei Darussalam,1988.0,Estimates,population_1jul,240.913,0.030159069528777893,UN DESA
02_BD,Brunei Darussalam,1989.0,Estimates,population_1jul,248.064,0.029682914579121755,UN DESA
02_BD,Brunei Darussalam,1990.0,Estimates,population_1jul,255.292,0.02913764189886492,UN DESA
02_BD,Brunei Darussalam,1991.0,Estimates,population_1jul,262.596,0.02861037556993562,UN DESA
02_BD,Brunei Darussalam,1992.0,Estimates,population_1jul,269.839,0.027582293713537043,UN DESA
02_BD,Brunei Darussalam,1993.0,Estimates,population_1jul,276.971,0.026430575268956646,UN DESA
02_BD,Brunei Darussalam,1994.0,Estimates,population_1jul,284.091,0.025706662430362792,UN DESA
02_BD,Brunei Darussalam,1995.0,Estimates,population_1jul,291.195,0.025006071998056933,UN DESA
02_BD,Brunei Darussalam,1996.0,Estimates,population_1jul,298.276,0.024317038410686997,UN DESA
02_BD,Brunei Darussalam,1997.0,Estimates,population_1jul,305.341,0.023686116214512776,UN DESA
02_BD,Brunei Darussalam,1998.0,Estimates,population_1jul,312.385,0.023069289744908072,UN DESA
02_BD,Brunei Darussalam,1999.0,Estimates,population_1jul,319.411,0.02249147686348585,UN DESA
02_BD,Brunei Darussalam,2000.0,Estimates,population_1jul,326.424,0.021956037832134623,UN DESA
02_BD,Brunei Darussalam,2001.0,Estimates,population_1jul,333.345,0.021202485111389002,UN DESA
02_BD,Brunei Darussalam,2002.0,Estimates,population_1jul,340.099,0.02026129085481987,UN DESA
02_BD,Brunei Darussalam,2003.0,Estimates,population_1jul,346.637,0.019223814242323556,UN DESA
02_BD,Brunei Darussalam,2004.0,Estimates,population_1jul,352.911,0.018099625833364552,UN DESA
02_BD,Brunei Darussalam,2005.0,Estimates,population_1jul,358.916,0.017015621502305178,UN DESA
02_BD,Brunei Darussalam,2006.0,Estimates,population_1jul,364.663,0.016012103110477183,UN DESA
02_BD,Brunei Darussalam,2007.0,Estimates,population_1jul,370.873,0.017029421685227142,UN DESA
02_BD,Brunei Darussalam,2008.0,Estimates,population_1jul,377.793,0.018658678307668763,UN DESA
02_BD,Brunei Darussalam,2009.0,Estimates,population_1jul,384.952,0.018949530563033168,UN DESA
02_BD,Brunei Darussalam,2010.0,Estimates,population_1jul,392.332,0.01917122134707694,UN DESA
02_BD,Brunei Darussalam,2011.0,Estimates,population_1jul,399.389,0.01798731686428856,UN DESA
02_BD,Brunei Darussalam,2012.0,Estimates,population_1jul,405.557,0.01544359008385321,UN DESA
02_BD,Brunei Darussalam,2013.0,Estimates,population_1jul,411.202,0.013919128507213552,UN DESA
02_BD,Brunei Darussalam,2014.0,Estimates,population_1jul,416.75,0.013492152275524028,UN DESA
02_BD,Brunei Darussalam,2015.0,Estimates,population_1jul,422.212,0.013106178764247023,UN DESA
02_BD,Brunei Darussalam,2016.0,Estimates,population_1jul,427.564,0.01267609636864897,UN DESA
02_BD,Brunei Darussalam,2017.0,Estimates,population_1jul,432.772,0.012180632607048159,UN DESA
02_BD,Brunei Darussalam,2018.0,Estimates,population_1jul,437.81,0.01164123372122039,UN DESA
02_BD,Brunei Darussalam,2019.0,Estimates,population_1jul,442.68,0.011123546744021384,UN DESA
02_BD,Brunei Darussalam,2020.0,Estimates,population_1jul,447.404,0.010671365320321646,UN DESA
02_BD,Brunei Darussalam,2021.0,Estimates,population_1jul,451.721,0.009648997326800801,UN DESA
02_BD,Brunei Darussalam,2022.0,Estimates,population_1jul,455.37,0.008077995045614461,UN DESA
02_BD,Brunei Darussalam,2023.0,Estimates,population_1jul,458.949,0.00785954278938017,UN DESA
02_BD,Brunei Darussalam,2024.0,High,population_1jul,463.164,0.00918402698339027,UN DESA
02_BD,Brunei Darussalam,2025.0,High,population_1jul,467.655,0.009696349457211761,UN DESA
02_BD,Brunei Darussalam,2026.0,High,population_1jul,471.976,0.00923971731297657,UN DESA
02_BD,Brunei Darussalam,2027.0,High,population_1jul,476.229,0.009011051409393733,UN DESA
02_BD,Brunei Darussalam,2028.0,High,population_1jul,480.37,0.008695396542419687,UN DESA
02_BD,Brunei Darussalam,2029.0,High,population_1jul,484.548,0.008697462372754261,UN DESA
02_BD,Brunei Darussalam,2030.0,High,population_1jul,488.868,0.008915525396864687,UN DESA
02_BD,Brunei Darussalam,2031.0,High,population_1jul,493.094,0.008644460263302234,UN DESA
02_BD,Brunei Darussalam,2032.0,High,population_1jul,497.077,0.008077567360381677,UN DESA
02_BD,Brunei Darussalam,2033.0,High,population_1jul,500.899,0.007688949599357953,UN DESA
02_BD,Brunei Darussalam,2034.0,High,population_1jul,504.851,0.007889814114222515,UN DESA
02_BD,Brunei Darussalam,2035.0,High,population_1jul,508.9,0.008020188134716832,UN DESA
02_BD,Brunei Darussalam,2036.0,High,population_1jul,512.81,0.00768323835724094,UN DESA
02_BD,Brunei Darussalam,2037.0,High,population_1jul,516.597,0.0073848013884285635,UN DESA
02_BD,Brunei Darussalam,2038.0,High,population_1jul,520.443,0.0074448748250570684,UN DESA
02_BD,Brunei Darussalam,2039.0,High,population_1jul,524.216,0.007249593135079113,UN DESA
02_BD,Brunei Darussalam,2040.0,High,population_1jul,527.755,0.006751033924947025,UN DESA
02_BD,Brunei Darussalam,2041.0,High,population_1jul,531.218,0.006561756875822944,UN DESA
02_BD,Brunei Darussalam,2042.0,High,population_1jul,534.595,0.00635708880346697,UN DESA
02_BD,Brunei Darussalam,2043.0,High,population_1jul,537.822,0.006036345270718835,UN DESA
02_BD,Brunei Darussalam,2044.0,High,population_1jul,540.936,0.005790019746310104,UN DESA
02_BD,Brunei Darussalam,2045.0,High,population_1jul,544.048,0.005752991111702688,UN DESA
02_BD,Brunei Darussalam,2046.0,High,population_1jul,547.088,0.005587742258035933,UN DESA
02_BD,Brunei Darussalam,2047.0,High,population_1jul,549.964,0.005256923931798996,UN DESA
02_BD,Brunei Darussalam,2048.0,High,population_1jul,552.766,0.005094878937530245,UN DESA
02_BD,Brunei Darussalam,2049.0,High,population_1jul,555.487,0.004922516942069466,UN DESA
02_BD,Brunei Darussalam,2050.0,High,population_1jul,558.112,0.004725583136959033,UN DESA
02_BD,Brunei Darussalam,2051.0,High,population_1jul,560.638,0.0045259732813487386,UN DESA
02_BD,Brunei Darussalam,2052.0,High,population_1jul,562.999,0.004211273584737274,UN DESA
02_BD,Brunei Darussalam,2053.0,High,population_1jul,565.202,0.003912973202438996,UN DESA
02_BD,Brunei Darussalam,2054.0,High,population_1jul,567.383,0.003858797385713597,UN DESA
02_BD,Brunei Darussalam,2055.0,High,population_1jul,569.532,0.0037875650134036043,UN DESA
02_BD,Brunei Darussalam,2056.0,High,population_1jul,571.652,0.0037223544945674814,UN DESA
02_BD,Brunei Darussalam,2057.0,High,population_1jul,573.74,0.003652571844408703,UN DESA
02_BD,Brunei Darussalam,2058.0,High,population_1jul,575.769,0.0035364450796528946,UN DESA
02_BD,Brunei Darussalam,2059.0,High,population_1jul,577.817,0.003556982053566582,UN DESA
02_BD,Brunei Darussalam,2060.0,High,population_1jul,579.902,0.00360840889070424,UN DESA
02_BD,Brunei Darussalam,2061.0,High,population_1jul,581.999,0.00361612824235813,UN DESA
02_BD,Brunei Darussalam,2062.0,High,population_1jul,584.133,0.0036666729667920173,UN DESA
02_BD,Brunei Darussalam,2063.0,High,population_1jul,586.236,0.003600207486993412,UN DESA
02_BD,Brunei Darussalam,2064.0,High,population_1jul,588.236,0.0034115953302082946,UN DESA
02_BD,Brunei Darussalam,2065.0,High,population_1jul,590.153,0.0032588960893247254,UN DESA
02_BD,Brunei Darussalam,2066.0,High,population_1jul,591.986,0.0031059742134667,UN DESA
02_BD,Brunei Darussalam,2067.0,High,population_1jul,593.696,0.002888581824570302,UN DESA
02_BD,Brunei Darussalam,2068.0,High,population_1jul,595.328,0.002748881582493201,UN DESA
02_BD,Brunei Darussalam,2069.0,High,population_1jul,597.011,0.0028270130079552924,UN DESA
02_BD,Brunei Darussalam,2070.0,High,population_1jul,598.788,0.002976494570451793,UN DESA
02_BD,Brunei Darussalam,2071.0,High,population_1jul,600.62,0.0030595135507056614,UN DESA
02_BD,Brunei Darussalam,2072.0,High,population_1jul,602.339,0.0028620425560255125,UN DESA
02_BD,Brunei Darussalam,2073.0,High,population_1jul,603.909,0.00260650563885112,UN DESA
02_BD,Brunei Darussalam,2074.0,High,population_1jul,605.376,0.002429173931834061,UN DESA
02_BD,Brunei Darussalam,2075.0,High,population_1jul,606.724,0.0022267152976003235,UN DESA
02_BD,Brunei Darussalam,2076.0,High,population_1jul,608.167,0.0023783466617439686,UN DESA
02_BD,Brunei Darussalam,2077.0,High,population_1jul,609.734,0.002576594915541408,UN DESA
02_BD,Brunei Darussalam,2078.0,High,population_1jul,611.331,0.00261917491889907,UN DESA
02_BD,Brunei Darussalam,2079.0,High,population_1jul,612.957,0.0026597702390358524,UN DESA
02_BD,Brunei Darussalam,2080.0,High,population_1jul,614.554,0.002605402989116712,UN DESA
02_BD,Brunei Darussalam,2081.0,High,population_1jul,616.142,0.002583987737448723,UN DESA
02_BD,Brunei Darussalam,2082.0,High,population_1jul,617.726,0.002570835943662253,UN DESA
02_BD,Brunei Darussalam,2083.0,High,population_1jul,619.332,0.002599858189553217,UN DESA
02_BD,Brunei Darussalam,2084.0,High,population_1jul,621.016,0.002719058598619206,UN DESA
02_BD,Brunei Darussalam,2085.0,High,population_1jul,622.764,0.002814742293274275,UN DESA
02_BD,Brunei Darussalam,2086.0,High,population_1jul,624.61,0.0029642047388738213,UN DESA
02_BD,Brunei Darussalam,2087.0,High,population_1jul,626.551,0.0031075391044010914,UN DESA
02_BD,Brunei Darussalam,2088.0,High,population_1jul,628.475,0.0030707795534601345,UN DESA
02_BD,Brunei Darussalam,2089.0,High,population_1jul,630.421,0.0030963841043796236,UN DESA
02_BD,Brunei Darussalam,2090.0,High,population_1jul,632.476,0.0032597264367779655,UN DESA
02_BD,Brunei Darussalam,2091.0,High,population_1jul,634.657,0.0034483521904389303,UN DESA
02_BD,Brunei Darussalam,2092.0,High,population_1jul,636.904,0.0035404951020787667,UN DESA
02_BD,Brunei Darussalam,2093.0,High,population_1jul,639.197,0.0036002286058809396,UN DESA
02_BD,Brunei Darussalam,2094.0,High,population_1jul,641.545,0.0036733589175168557,UN DESA
02_BD,Brunei Darussalam,2095.0,High,population_1jul,643.962,0.003767467597752372,UN DESA
02_BD,Brunei Darussalam,2096.0,High,population_1jul,646.428,0.0038294185060609998,UN DESA
02_BD,Brunei Darussalam,2097.0,High,population_1jul,648.944,0.0038921581367143965,UN DESA
02_BD,Brunei Darussalam,2098.0,High,population_1jul,651.481,0.0039094282403413505,UN DESA
02_BD,Brunei Darussalam,2099.0,High,population_1jul,653.981,0.0038374104540270793,UN DESA
02_BD,Brunei Darussalam,2100.0,High,population_1jul,656.517,0.003877788498442669,UN DESA
03_CDA,Canada,1950.0,Estimates,population_1jul,13741.747,,UN DESA
03_CDA,Canada,1951.0,Estimates,population_1jul,14083.299,0.024855063915818043,UN DESA
03_CDA,Canada,1952.0,Estimates,population_1jul,14482.799,0.028366933060215427,UN DESA
03_CDA,Canada,1953.0,Estimates,population_1jul,14897.875,0.0286599296171961,UN DESA
03_CDA,Canada,1954.0,Estimates,population_1jul,15318.987,0.02826658164335516,UN DESA
03_CDA,Canada,1955.0,Estimates,population_1jul,15728.274,0.026717628260928716,UN DESA
03_CDA,Canada,1956.0,Estimates,population_1jul,16159.622,0.027425005439249084,UN DESA
03_CDA,Canada,1957.0,Estimates,population_1jul,16641.33,0.029809360639747817,UN DESA
03_CDA,Canada,1958.0,Estimates,population_1jul,17104.086,0.02780763316393564,UN DESA
03_CDA,Canada,1959.0,Estimates,population_1jul,17515.52,0.024054720024209386,UN DESA
03_CDA,Canada,1960.0,Estimates,population_1jul,17898.79,0.02188173688249062,UN DESA
03_CDA,Canada,1961.0,Estimates,population_1jul,18263.074,0.020352437231790477,UN DESA
03_CDA,Canada,1962.0,Estimates,population_1jul,18613.601,0.01919320920454015,UN DESA
03_CDA,Canada,1963.0,Estimates,population_1jul,18964.262,0.018838966194665963,UN DESA
03_CDA,Canada,1964.0,Estimates,population_1jul,19321.666,0.01884618552517381,UN DESA
03_CDA,Canada,1965.0,Estimates,population_1jul,19685.518,0.01883129539657702,UN DESA
03_CDA,Canada,1966.0,Estimates,population_1jul,20053.671,0.018701717678955676,UN DESA
03_CDA,Canada,1967.0,Estimates,population_1jul,20408.78,0.017707929884757778,UN DESA
03_CDA,Canada,1968.0,Estimates,population_1jul,20734.172,0.01594372618059481,UN DESA
03_CDA,Canada,1969.0,Estimates,population_1jul,21037.618,0.014635067173166982,UN DESA
03_CDA,Canada,1970.0,Estimates,population_1jul,21440.022,0.019127830916979338,UN DESA
03_CDA,Canada,1971.0,Estimates,population_1jul,21895.691,0.02125319647526469,UN DESA
03_CDA,Canada,1972.0,Estimates,population_1jul,22230.88,0.015308445849002927,UN DESA
03_CDA,Canada,1973.0,Estimates,population_1jul,22512.227,0.012655684345378893,UN DESA
03_CDA,Canada,1974.0,Estimates,population_1jul,22824.082,0.013852694360269258,UN DESA
03_CDA,Canada,1975.0,Estimates,population_1jul,23148.986,0.014235139884267944,UN DESA
03_CDA,Canada,1976.0,Estimates,population_1jul,23455.781,0.013253064302686912,UN DESA
03_CDA,Canada,1977.0,Estimates,population_1jul,23730.34,0.011705387256131017,UN DESA
03_CDA,Canada,1978.0,Estimates,population_1jul,23978.738,0.010467528067444443,UN DESA
03_CDA,Canada,1979.0,Estimates,population_1jul,24237.173,0.010777673120244913,UN DESA
03_CDA,Canada,1980.0,Estimates,population_1jul,24533.776,0.012237524566087066,UN DESA
03_CDA,Canada,1981.0,Estimates,population_1jul,24844.974,0.01268447221495772,UN DESA
03_CDA,Canada,1982.0,Estimates,population_1jul,25140.164,0.011881276269397612,UN DESA
03_CDA,Canada,1983.0,Estimates,population_1jul,25412.608,0.010837001699750326,UN DESA
03_CDA,Canada,1984.0,Estimates,population_1jul,25670.375,0.010143272189930386,UN DESA
03_CDA,Canada,1985.0,Estimates,population_1jul,25927.465,0.01001504652736851,UN DESA
03_CDA,Canada,1986.0,Estimates,population_1jul,26211.031,0.010936896453239697,UN DESA
03_CDA,Canada,1987.0,Estimates,population_1jul,26540.921,0.012585922316447506,UN DESA
03_CDA,Canada,1988.0,Estimates,population_1jul,26927.945,0.014582161636365276,UN DESA
03_CDA,Canada,1989.0,Estimates,population_1jul,27366.05,0.016269529665186022,UN DESA
03_CDA,Canada,1990.0,Estimates,population_1jul,27789.443,0.015471469210938338,UN DESA
03_CDA,Canada,1991.0,Estimates,population_1jul,28157.158,0.01323218317114172,UN DESA
03_CDA,Canada,1992.0,Estimates,population_1jul,28500.059,0.012178111157383098,UN DESA
03_CDA,Canada,1993.0,Estimates,population_1jul,28830.637,0.011599204057787915,UN DESA
03_CDA,Canada,1994.0,Estimates,population_1jul,29147.381,0.01098636842467271,UN DESA
03_CDA,Canada,1995.0,Estimates,population_1jul,29459.131,0.010695643632613105,UN DESA
03_CDA,Canada,1996.0,Estimates,population_1jul,29767.206,0.010457708341770067,UN DESA
03_CDA,Canada,1997.0,Estimates,population_1jul,30059.089,0.009805522224692664,UN DESA
03_CDA,Canada,1998.0,Estimates,population_1jul,30329.969,0.009011583817460478,UN DESA
03_CDA,Canada,1999.0,Estimates,population_1jul,30599.456,0.008885172286196452,UN DESA
03_CDA,Canada,2000.0,Estimates,population_1jul,30891.803,0.009553993378182968,UN DESA
03_CDA,Canada,2001.0,Estimates,population_1jul,31213.577,0.010416161206259211,UN DESA
03_CDA,Canada,2002.0,Estimates,population_1jul,31535.577,0.010316023696995691,UN DESA
03_CDA,Canada,2003.0,Estimates,population_1jul,31836.482,0.009541762942850252,UN DESA
03_CDA,Canada,2004.0,Estimates,population_1jul,32132.678,0.009303666152560508,UN DESA
03_CDA,Canada,2005.0,Estimates,population_1jul,32440.173,0.009569541636087697,UN DESA
03_CDA,Canada,2006.0,Estimates,population_1jul,32759.171,0.009833424747765607,UN DESA
03_CDA,Canada,2007.0,Estimates,population_1jul,33092.171,0.010165092395042707,UN DESA
03_CDA,Canada,2008.0,Estimates,population_1jul,33449.085,0.010785451338324092,UN DESA
03_CDA,Canada,2009.0,Estimates,population_1jul,33826.37,0.01127938178279031,UN DESA
03_CDA,Canada,2010.0,Estimates,population_1jul,34196.899,0.010953850501842055,UN DESA
03_CDA,Canada,2011.0,Estimates,population_1jul,34555.452,0.010484956545328883,UN DESA
03_CDA,Canada,2012.0,Estimates,population_1jul,34922.516,0.010622462701399549,UN DESA
03_CDA,Canada,2013.0,Estimates,population_1jul,35293.433,0.010621141958958358,UN DESA
03_CDA,Canada,2014.0,Estimates,population_1jul,35634.264,0.009657065664312237,UN DESA
03_CDA,Canada,2015.0,Estimates,population_1jul,35962.234,0.009203782067731092,UN DESA
03_CDA,Canada,2016.0,Estimates,population_1jul,36353.343,0.01087554794287815,UN DESA
03_CDA,Canada,2017.0,Estimates,population_1jul,36808.497,0.012520279084099695,UN DESA
03_CDA,Canada,2018.0,Estimates,population_1jul,37295.005,0.013217274261429157,UN DESA
03_CDA,Canada,2019.0,Estimates,population_1jul,37782.935,0.01308298524158924,UN DESA
03_CDA,Canada,2020.0,Estimates,population_1jul,38171.902,0.010294779905266838,UN DESA
03_CDA,Canada,2021.0,Estimates,population_1jul,38454.057,0.0073916935027236175,UN DESA
03_CDA,Canada,2022.0,Estimates,population_1jul,38821.259,0.009549109473676598,UN DESA
03_CDA,Canada,2023.0,Estimates,population_1jul,39299.105,0.012308874372157996,UN DESA
03_CDA,Canada,2024.0,High,population_1jul,39775.927,0.012133151632842454,UN DESA
03_CDA,Canada,2025.0,High,population_1jul,40227.487,0.011352595251896913,UN DESA
03_CDA,Canada,2026.0,High,population_1jul,40636.256,0.010161435140107145,UN DESA
03_CDA,Canada,2027.0,High,population_1jul,41018.923,0.009416886240700917,UN DESA
03_CDA,Canada,2028.0,High,population_1jul,41390.681,0.009063085347218669,UN DESA
03_CDA,Canada,2029.0,High,population_1jul,41770.851,0.009184917735468145,UN DESA
03_CDA,Canada,2030.0,High,population_1jul,42160.365,0.009325019497447906,UN DESA
03_CDA,Canada,2031.0,High,population_1jul,42543.857,0.009096031308078123,UN DESA
03_CDA,Canada,2032.0,High,population_1jul,42917.724,0.008787802196683625,UN DESA
03_CDA,Canada,2033.0,High,population_1jul,43274.913,0.008322645441309895,UN DESA
03_CDA,Canada,2034.0,High,population_1jul,43638.188,0.008394586489405498,UN DESA
03_CDA,Canada,2035.0,High,population_1jul,44005.732,0.008422531201341288,UN DESA
03_CDA,Canada,2036.0,High,population_1jul,44363.848,0.008137939848381404,UN DESA
03_CDA,Canada,2037.0,High,population_1jul,44721.564,0.008063232026221057,UN DESA
03_CDA,Canada,2038.0,High,population_1jul,45073.978,0.0078801805768689,UN DESA
03_CDA,Canada,2039.0,High,population_1jul,45417.194,0.007614504315549775,UN DESA
03_CDA,Canada,2040.0,High,population_1jul,45749.386,0.007314234340412895,UN DESA
03_CDA,Canada,2041.0,High,population_1jul,46076.318,0.007146150551616159,UN DESA
03_CDA,Canada,2042.0,High,population_1jul,46401.135,0.007049543325054808,UN DESA
03_CDA,Canada,2043.0,High,population_1jul,46721.469,0.0069035811300734995,UN DESA
03_CDA,Canada,2044.0,High,population_1jul,47037.719,0.006768836827454994,UN DESA
03_CDA,Canada,2045.0,High,population_1jul,47354.113,0.006726389092124085,UN DESA
03_CDA,Canada,2046.0,High,population_1jul,47663.495,0.006533371240635466,UN DESA
03_CDA,Canada,2047.0,High,population_1jul,47963.624,0.0062968315688978205,UN DESA
03_CDA,Canada,2048.0,High,population_1jul,48263.526,0.006252696835418403,UN DESA
03_CDA,Canada,2049.0,High,population_1jul,48556.469,0.0060696559965387475,UN DESA
03_CDA,Canada,2050.0,High,population_1jul,48848.065,0.006005296637199953,UN DESA
03_CDA,Canada,2051.0,High,population_1jul,49146.367,0.006106731146873434,UN DESA
03_CDA,Canada,2052.0,High,population_1jul,49449.474,0.006167434512504233,UN DESA
03_CDA,Canada,2053.0,High,population_1jul,49752.952,0.006137133025924557,UN DESA
03_CDA,Canada,2054.0,High,population_1jul,50055.287,0.006076724854436666,UN DESA
03_CDA,Canada,2055.0,High,population_1jul,50364.865,0.006184721306262908,UN DESA
03_CDA,Canada,2056.0,High,population_1jul,50684.008,0.006336619784446995,UN DESA
03_CDA,Canada,2057.0,High,population_1jul,51014.704,0.00652466158556364,UN DESA
03_CDA,Canada,2058.0,High,population_1jul,51361.687,0.006801627232807306,UN DESA
03_CDA,Canada,2059.0,High,population_1jul,51722.063,0.007016436200781406,UN DESA
03_CDA,Canada,2060.0,High,population_1jul,52087.645,0.007068202209954189,UN DESA
03_CDA,Canada,2061.0,High,population_1jul,52462.656,0.007199615187056363,UN DESA
03_CDA,Canada,2062.0,High,population_1jul,52852.868,0.00743790020848345,UN DESA
03_CDA,Canada,2063.0,High,population_1jul,53253.602,0.007582067258866676,UN DESA
03_CDA,Canada,2064.0,High,population_1jul,53659.772,0.007627089713105217,UN DESA
03_CDA,Canada,2065.0,High,population_1jul,54071.48,0.007672563349691464,UN DESA
03_CDA,Canada,2066.0,High,population_1jul,54489.319,0.007727530298782259,UN DESA
03_CDA,Canada,2067.0,High,population_1jul,54917.236,0.00785322716182213,UN DESA
03_CDA,Canada,2068.0,High,population_1jul,55347.517,0.007835081139189182,UN DESA
03_CDA,Canada,2069.0,High,population_1jul,55774.812,0.007720219860992028,UN DESA
03_CDA,Canada,2070.0,High,population_1jul,56204.287,0.007700160423669278,UN DESA
03_CDA,Canada,2071.0,High,population_1jul,56636.668,0.007693025266916065,UN DESA
03_CDA,Canada,2072.0,High,population_1jul,57071.049,0.007669607258675715,UN DESA
03_CDA,Canada,2073.0,High,population_1jul,57502.317,0.007556686052853312,UN DESA
03_CDA,Canada,2074.0,High,population_1jul,57932.378,0.007479020367127109,UN DESA
03_CDA,Canada,2075.0,High,population_1jul,58368.321,0.007525032029584766,UN DESA
03_CDA,Canada,2076.0,High,population_1jul,58810.658,0.007578374577538405,UN DESA
03_CDA,Canada,2077.0,High,population_1jul,59248.067,0.007437580446727932,UN DESA
03_CDA,Canada,2078.0,High,population_1jul,59684.898,0.00737291564296938,UN DESA
03_CDA,Canada,2079.0,High,population_1jul,60124.389,0.007363521003252771,UN DESA
03_CDA,Canada,2080.0,High,population_1jul,60560.906,0.007260231783810633,UN DESA
03_CDA,Canada,2081.0,High,population_1jul,61004.476,0.007324362023249709,UN DESA
03_CDA,Canada,2082.0,High,population_1jul,61446.714,0.007249271348548136,UN DESA
03_CDA,Canada,2083.0,High,population_1jul,61889.541,0.007206683175930317,UN DESA
03_CDA,Canada,2084.0,High,population_1jul,62338.257,0.007250271899738259,UN DESA
03_CDA,Canada,2085.0,High,population_1jul,62783.707,0.007145692251228741,UN DESA
03_CDA,Canada,2086.0,High,population_1jul,63232.118,0.007142155527707139,UN DESA
03_CDA,Canada,2087.0,High,population_1jul,63683.709,0.007141797780678472,UN DESA
03_CDA,Canada,2088.0,High,population_1jul,64151.944,0.007352508315745299,UN DESA
03_CDA,Canada,2089.0,High,population_1jul,64626.47,0.0073969075668229856,UN DESA
03_CDA,Canada,2090.0,High,population_1jul,65090.781,0.007184532901147289,UN DESA
03_CDA,Canada,2091.0,High,population_1jul,65568.636,0.00734136221226156,UN DESA
03_CDA,Canada,2092.0,High,population_1jul,66058.819,0.00747587611857603,UN DESA
03_CDA,Canada,2093.0,High,population_1jul,66556.363,0.007531833107703445,UN DESA
03_CDA,Canada,2094.0,High,population_1jul,67064.208,0.007630299750603919,UN DESA
03_CDA,Canada,2095.0,High,population_1jul,67579.994,0.007690928072989545,UN DESA
03_CDA,Canada,2096.0,High,population_1jul,68106,0.007783457335021282,UN DESA
03_CDA,Canada,2097.0,High,population_1jul,68650.296,0.007991894987225745,UN DESA
03_CDA,Canada,2098.0,High,population_1jul,69208.567,0.008132098949726219,UN DESA
03_CDA,Canada,2099.0,High,population_1jul,69767.082,0.008070026937561092,UN DESA
03_CDA,Canada,2100.0,High,population_1jul,70327.388,0.008031094091050184,UN DESA
04_CHL,Chile,1950.0,Estimates,population_1jul,6628.577,,UN DESA
04_CHL,Chile,1951.0,Estimates,population_1jul,6756.667,0.019323906171716754,UN DESA
04_CHL,Chile,1952.0,Estimates,population_1jul,6891.989,0.020027922050916303,UN DESA
04_CHL,Chile,1953.0,Estimates,population_1jul,7033.529,0.020536887101822332,UN DESA
04_CHL,Chile,1954.0,Estimates,population_1jul,7180.569,0.020905579546199426,UN DESA
04_CHL,Chile,1955.0,Estimates,population_1jul,7332.301,0.021130915948304407,UN DESA
04_CHL,Chile,1956.0,Estimates,population_1jul,7489.533,0.021443745967330008,UN DESA
04_CHL,Chile,1957.0,Estimates,population_1jul,7651.304,0.02159961108389541,UN DESA
04_CHL,Chile,1958.0,Estimates,population_1jul,7815.986,0.021523389999926756,UN DESA
04_CHL,Chile,1959.0,Estimates,population_1jul,7983.428,0.02142301687848458,UN DESA
04_CHL,Chile,1960.0,Estimates,population_1jul,8153.35,0.021284340511369404,UN DESA
04_CHL,Chile,1961.0,Estimates,population_1jul,8324.802,0.021028411634481436,UN DESA
04_CHL,Chile,1962.0,Estimates,population_1jul,8497.059,0.020692023666148307,UN DESA
04_CHL,Chile,1963.0,Estimates,population_1jul,8670.144,0.020369989192731364,UN DESA
04_CHL,Chile,1964.0,Estimates,population_1jul,8842.525,0.01988213805906791,UN DESA
04_CHL,Chile,1965.0,Estimates,population_1jul,9012.938,0.01927198396385643,UN DESA
04_CHL,Chile,1966.0,Estimates,population_1jul,9181.722,0.018726856880630915,UN DESA
04_CHL,Chile,1967.0,Estimates,population_1jul,9348.939,0.018211943249861084,UN DESA
04_CHL,Chile,1968.0,Estimates,population_1jul,9514.716,0.01773217260268778,UN DESA
04_CHL,Chile,1969.0,Estimates,population_1jul,9680.282,0.01740104486565852,UN DESA
04_CHL,Chile,1970.0,Estimates,population_1jul,9845.344,0.0170513627598865,UN DESA
04_CHL,Chile,1971.0,Estimates,population_1jul,10009.701,0.01669388088420276,UN DESA
04_CHL,Chile,1972.0,Estimates,population_1jul,10174.678,0.01648171109206964,UN DESA
04_CHL,Chile,1973.0,Estimates,population_1jul,10340.362,0.016283955128604477,UN DESA
04_CHL,Chile,1974.0,Estimates,population_1jul,10505.817,0.01600089049106801,UN DESA
04_CHL,Chile,1975.0,Estimates,population_1jul,10671.559,0.015776212359305264,UN DESA
04_CHL,Chile,1976.0,Estimates,population_1jul,10838.251,0.015620210692739445,UN DESA
04_CHL,Chile,1977.0,Estimates,population_1jul,11005.519,0.015433117391357776,UN DESA
04_CHL,Chile,1978.0,Estimates,population_1jul,11172.695,0.0151901968457826,UN DESA
04_CHL,Chile,1979.0,Estimates,population_1jul,11339.779,0.014954672977289807,UN DESA
04_CHL,Chile,1980.0,Estimates,population_1jul,11508.55,0.0148830942825251,UN DESA
04_CHL,Chile,1981.0,Estimates,population_1jul,11678.717,0.014786137263165244,UN DESA
04_CHL,Chile,1982.0,Estimates,population_1jul,11850.214,0.014684575369023678,UN DESA
04_CHL,Chile,1983.0,Estimates,population_1jul,12026.138,0.014845639074534844,UN DESA
04_CHL,Chile,1984.0,Estimates,population_1jul,12207.733,0.015100026292730107,UN DESA
04_CHL,Chile,1985.0,Estimates,population_1jul,12395.274,0.015362475571836232,UN DESA
04_CHL,Chile,1986.0,Estimates,population_1jul,12588.914,0.015622083061657355,UN DESA
04_CHL,Chile,1987.0,Estimates,population_1jul,12790.15,0.01598517552824652,UN DESA
04_CHL,Chile,1988.0,Estimates,population_1jul,12999.424,0.01636212241451429,UN DESA
04_CHL,Chile,1989.0,Estimates,population_1jul,13215.005,0.016583888639988942,UN DESA
04_CHL,Chile,1990.0,Estimates,population_1jul,13437.176,0.016812025421102827,UN DESA
04_CHL,Chile,1991.0,Estimates,population_1jul,13662.491,0.016768032211530226,UN DESA
04_CHL,Chile,1992.0,Estimates,population_1jul,13884.577,0.016255161668542017,UN DESA
04_CHL,Chile,1993.0,Estimates,population_1jul,14102.276,0.015679195700380344,UN DESA
04_CHL,Chile,1994.0,Estimates,population_1jul,14316.256,0.015173437252256283,UN DESA
04_CHL,Chile,1995.0,Estimates,population_1jul,14527.381,0.014747221619954232,UN DESA
04_CHL,Chile,1996.0,Estimates,population_1jul,14734.046,0.014225895225023821,UN DESA
04_CHL,Chile,1997.0,Estimates,population_1jul,14932.434,0.01346459757218077,UN DESA
04_CHL,Chile,1998.0,Estimates,population_1jul,15127.799,0.013083265594878934,UN DESA
04_CHL,Chile,1999.0,Estimates,population_1jul,15319.313,0.012659739860372277,UN DESA
04_CHL,Chile,2000.0,Estimates,population_1jul,15503.635,0.0120320016961597,UN DESA
04_CHL,Chile,2001.0,Estimates,population_1jul,15683.849,0.011623983665766113,UN DESA
04_CHL,Chile,2002.0,Estimates,population_1jul,15857.925,0.011099061206212735,UN DESA
04_CHL,Chile,2003.0,Estimates,population_1jul,16024.752,0.010520102724663083,UN DESA
04_CHL,Chile,2004.0,Estimates,population_1jul,16187.322,0.010144930792064688,UN DESA
04_CHL,Chile,2005.0,Estimates,population_1jul,16348.778,0.00997422550808591,UN DESA
04_CHL,Chile,2006.0,Estimates,population_1jul,16509.195,0.009812170671104514,UN DESA
04_CHL,Chile,2007.0,Estimates,population_1jul,16671.581,0.009836094370440085,UN DESA
04_CHL,Chile,2008.0,Estimates,population_1jul,16838.988,0.010041459175347711,UN DESA
04_CHL,Chile,2009.0,Estimates,population_1jul,17009.731,0.01013974236456483,UN DESA
04_CHL,Chile,2010.0,Estimates,population_1jul,17181.464,0.010096162014554988,UN DESA
04_CHL,Chile,2011.0,Estimates,population_1jul,17351.816,0.00991487104940525,UN DESA
04_CHL,Chile,2012.0,Estimates,population_1jul,17519.119,0.009641815012330746,UN DESA
04_CHL,Chile,2013.0,Estimates,population_1jul,17687.006,0.009583073212757087,UN DESA
04_CHL,Chile,2014.0,Estimates,population_1jul,17864.195,0.01001803244709687,UN DESA
04_CHL,Chile,2015.0,Estimates,population_1jul,18047.625,0.010268024951586074,UN DESA
04_CHL,Chile,2016.0,Estimates,population_1jul,18267.221,0.012167584377445806,UN DESA
04_CHL,Chile,2017.0,Estimates,population_1jul,18558.868,0.015965592139056017,UN DESA
04_CHL,Chile,2018.0,Estimates,population_1jul,18893.191,0.018014191382793365,UN DESA
04_CHL,Chile,2019.0,Estimates,population_1jul,19197.744,0.01611972270856743,UN DESA
04_CHL,Chile,2020.0,Estimates,population_1jul,19370.624,0.009005224780578525,UN DESA
04_CHL,Chile,2021.0,Estimates,population_1jul,19456.334,0.00442474129898951,UN DESA
04_CHL,Chile,2022.0,Estimates,population_1jul,19553.036,0.0049702066175467685,UN DESA
04_CHL,Chile,2023.0,Estimates,population_1jul,19658.835,0.005410873278195671,UN DESA
04_CHL,Chile,2024.0,High,population_1jul,19783.591,0.006346052550926906,UN DESA
04_CHL,Chile,2025.0,High,population_1jul,19916.359,0.006711016215408039,UN DESA
04_CHL,Chile,2026.0,High,population_1jul,20039.841,0.006200028830570803,UN DESA
04_CHL,Chile,2027.0,High,population_1jul,20157.583,0.005875395917562365,UN DESA
04_CHL,Chile,2028.0,High,population_1jul,20269.63,0.005558553324572779,UN DESA
04_CHL,Chile,2029.0,High,population_1jul,20386.468,0.005764190071550379,UN DESA
04_CHL,Chile,2030.0,High,population_1jul,20508.908,0.0060059447276497036,UN DESA
04_CHL,Chile,2031.0,High,population_1jul,20625.083,0.0056646116897105525,UN DESA
04_CHL,Chile,2032.0,High,population_1jul,20733.717,0.0052670818342890335,UN DESA
04_CHL,Chile,2033.0,High,population_1jul,20834.172,0.004845006807028263,UN DESA
04_CHL,Chile,2034.0,High,population_1jul,20935.192,0.0048487648081239065,UN DESA
04_CHL,Chile,2035.0,High,population_1jul,21038.362,0.004928065622708422,UN DESA
04_CHL,Chile,2036.0,High,population_1jul,21136.397,0.0046598209499388865,UN DESA
04_CHL,Chile,2037.0,High,population_1jul,21227.277,0.004299692137690103,UN DESA
04_CHL,Chile,2038.0,High,population_1jul,21310.968,0.003942615908766989,UN DESA
04_CHL,Chile,2039.0,High,population_1jul,21388.517,0.0036389243322967335,UN DESA
04_CHL,Chile,2040.0,High,population_1jul,21460.43,0.003362224692810667,UN DESA
04_CHL,Chile,2041.0,High,population_1jul,21526.355,0.0030719328550266045,UN DESA
04_CHL,Chile,2042.0,High,population_1jul,21586.998,0.00281715134773175,UN DESA
04_CHL,Chile,2043.0,High,population_1jul,21643.347,0.0026103212683858956,UN DESA
04_CHL,Chile,2044.0,High,population_1jul,21692.867,0.0022880010194354927,UN DESA
04_CHL,Chile,2045.0,High,population_1jul,21734.602,0.0019239042953611563,UN DESA
04_CHL,Chile,2046.0,High,population_1jul,21770.675,0.0016597037295644768,UN DESA
04_CHL,Chile,2047.0,High,population_1jul,21802.839,0.0014774002184130275,UN DESA
04_CHL,Chile,2048.0,High,population_1jul,21829.102,0.0012045679005381338,UN DESA
04_CHL,Chile,2049.0,High,population_1jul,21848.87,0.0009055800829553817,UN DESA
04_CHL,Chile,2050.0,High,population_1jul,21864.485,0.0007146822696093569,UN DESA
04_CHL,Chile,2051.0,High,population_1jul,21875.332,0.0004961013259630054,UN DESA
04_CHL,Chile,2052.0,High,population_1jul,21879.847,0.00020639686748546993,UN DESA
04_CHL,Chile,2053.0,High,population_1jul,21877.677,-9.917802441683499e-05,UN DESA
04_CHL,Chile,2054.0,High,population_1jul,21870.117,-0.00034555771163458093,UN DESA
04_CHL,Chile,2055.0,High,population_1jul,21857.791,-0.000563600094137473,UN DESA
04_CHL,Chile,2056.0,High,population_1jul,21841.001,-0.0007681471563160125,UN DESA
04_CHL,Chile,2057.0,High,population_1jul,21820.686,-0.0009301313616532081,UN DESA
04_CHL,Chile,2058.0,High,population_1jul,21798.217,-0.0010297109815887717,UN DESA
04_CHL,Chile,2059.0,High,population_1jul,21773.015,-0.001156149606181156,UN DESA
04_CHL,Chile,2060.0,High,population_1jul,21744.926,-0.0012900831602788987,UN DESA
04_CHL,Chile,2061.0,High,population_1jul,21714.886,-0.0013814717051693348,UN DESA
04_CHL,Chile,2062.0,High,population_1jul,21682.281,-0.0015015045439336072,UN DESA
04_CHL,Chile,2063.0,High,population_1jul,21646.469,-0.0016516712425227453,UN DESA
04_CHL,Chile,2064.0,High,population_1jul,21607.174,-0.0018153076143735403,UN DESA
04_CHL,Chile,2065.0,High,population_1jul,21566.912,-0.0018633626035500228,UN DESA
04_CHL,Chile,2066.0,High,population_1jul,21525.412,-0.0019242439529590927,UN DESA
04_CHL,Chile,2067.0,High,population_1jul,21482.638,-0.0019871396654336237,UN DESA
04_CHL,Chile,2068.0,High,population_1jul,21439.777,-0.0019951460337412907,UN DESA
04_CHL,Chile,2069.0,High,population_1jul,21396.639,-0.0020120545097087605,UN DESA
04_CHL,Chile,2070.0,High,population_1jul,21352.659,-0.0020554630098680304,UN DESA
04_CHL,Chile,2071.0,High,population_1jul,21306.446,-0.002164273779673098,UN DESA
04_CHL,Chile,2072.0,High,population_1jul,21258.98,-0.0022277765142061368,UN DESA
04_CHL,Chile,2073.0,High,population_1jul,21210.661,-0.002272874803965208,UN DESA
04_CHL,Chile,2074.0,High,population_1jul,21159.4,-0.00241675636605565,UN DESA
04_CHL,Chile,2075.0,High,population_1jul,21104.284,-0.0026047997580272986,UN DESA
04_CHL,Chile,2076.0,High,population_1jul,21046.23,-0.0027508159006958133,UN DESA
04_CHL,Chile,2077.0,High,population_1jul,20985.663,-0.0028778075693366434,UN DESA
04_CHL,Chile,2078.0,High,population_1jul,20922.248,-0.003021824947822771,UN DESA
04_CHL,Chile,2079.0,High,population_1jul,20856.416,-0.003146507010145294,UN DESA
04_CHL,Chile,2080.0,High,population_1jul,20788.201,-0.0032706961733022233,UN DESA
04_CHL,Chile,2081.0,High,population_1jul,20717.868,-0.0033833134478544746,UN DESA
04_CHL,Chile,2082.0,High,population_1jul,20647.257,-0.0034082174864709103,UN DESA
04_CHL,Chile,2083.0,High,population_1jul,20575.28,-0.00348603206711684,UN DESA
04_CHL,Chile,2084.0,High,population_1jul,20500.79,-0.0036203638541005834,UN DESA
04_CHL,Chile,2085.0,High,population_1jul,20424.126,-0.0037395632070764684,UN DESA
04_CHL,Chile,2086.0,High,population_1jul,20345.956,-0.0038273363570123786,UN DESA
04_CHL,Chile,2087.0,High,population_1jul,20267.209,-0.0038704005847648437,UN DESA
04_CHL,Chile,2088.0,High,population_1jul,20187.31,-0.0039422793735436334,UN DESA
04_CHL,Chile,2089.0,High,population_1jul,20107.418,-0.003957535699407155,UN DESA
04_CHL,Chile,2090.0,High,population_1jul,20029.182,-0.003890902352554737,UN DESA
04_CHL,Chile,2091.0,High,population_1jul,19953.079,-0.0037996059948928185,UN DESA
04_CHL,Chile,2092.0,High,population_1jul,19879.98,-0.0036635448594175557,UN DESA
04_CHL,Chile,2093.0,High,population_1jul,19809.37,-0.0035518144384451,UN DESA
04_CHL,Chile,2094.0,High,population_1jul,19740.969,-0.0034529619064108674,UN DESA
04_CHL,Chile,2095.0,High,population_1jul,19675.387,-0.0033221266899310375,UN DESA
04_CHL,Chile,2096.0,High,population_1jul,19612.868,-0.0031775232680302246,UN DESA
04_CHL,Chile,2097.0,High,population_1jul,19554.166,-0.002993034980911413,UN DESA
04_CHL,Chile,2098.0,High,population_1jul,19498.329,-0.0028555040393949405,UN DESA
04_CHL,Chile,2099.0,High,population_1jul,19444.93,-0.0027386449372149846,UN DESA
04_CHL,Chile,2100.0,High,population_1jul,19394.38,-0.0025996493687556743,UN DESA
05_PRC,China,1950.0,Estimates,population_1jul,544044.358,,UN DESA
05_PRC,China,1951.0,Estimates,population_1jul,553758.247,0.017854957701813,UN DESA
05_PRC,China,1952.0,Estimates,population_1jul,565131.438,0.020538188029911142,UN DESA
05_PRC,China,1953.0,Estimates,population_1jul,577557.138,0.021987274401110257,UN DESA
05_PRC,China,1954.0,Estimates,population_1jul,590113.858,0.02174108702644051,UN DESA
05_PRC,China,1955.0,Estimates,population_1jul,603547.007,0.022763656229879636,UN DESA
05_PRC,China,1956.0,Estimates,population_1jul,616558.583,0.021558513005764945,UN DESA
05_PRC,China,1957.0,Estimates,population_1jul,630356.208,0.022378449315983318,UN DESA
05_PRC,China,1958.0,Estimates,population_1jul,644219.479,0.02199275714914517,UN DESA
05_PRC,China,1959.0,Estimates,population_1jul,652708.217,0.013176779462143351,UN DESA
05_PRC,China,1960.0,Estimates,population_1jul,654802.069,0.0032079449062614174,UN DESA
05_PRC,China,1961.0,Estimates,population_1jul,655773.486,0.0014835276887312787,UN DESA
05_PRC,China,1962.0,Estimates,population_1jul,665073.691,0.01418203876574542,UN DESA
05_PRC,China,1963.0,Estimates,population_1jul,684552.645,0.029288414597653967,UN DESA
05_PRC,China,1964.0,Estimates,population_1jul,704798.265,0.029574964245445257,UN DESA
05_PRC,China,1965.0,Estimates,population_1jul,723415.733,0.026415314742580964,UN DESA
05_PRC,China,1966.0,Estimates,population_1jul,742402.213,0.02624560005249421,UN DESA
05_PRC,China,1967.0,Estimates,population_1jul,761026.026,0.025085880232956548,UN DESA
05_PRC,China,1968.0,Estimates,population_1jul,781011.025,0.026260598609278096,UN DESA
05_PRC,China,1969.0,Estimates,population_1jul,802140.332,0.027053788389222788,UN DESA
05_PRC,China,1970.0,Estimates,population_1jul,823308.967,0.026390189042382994,UN DESA
05_PRC,China,1971.0,Estimates,population_1jul,844069.867,0.025216414289339406,UN DESA
05_PRC,China,1972.0,Estimates,population_1jul,863677.814,0.02323024167382104,UN DESA
05_PRC,China,1973.0,Estimates,population_1jul,882576.946,0.021882155236188527,UN DESA
05_PRC,China,1974.0,Estimates,population_1jul,900307.582,0.020089620605159286,UN DESA
05_PRC,China,1975.0,Estimates,population_1jul,916116.793,0.017559788805599386,UN DESA
05_PRC,China,1976.0,Estimates,population_1jul,930372.292,0.015560787782655572,UN DESA
05_PRC,China,1977.0,Estimates,population_1jul,943546.375,0.014160012194344151,UN DESA
05_PRC,China,1978.0,Estimates,population_1jul,956161.485,0.013369888681942,UN DESA
05_PRC,China,1979.0,Estimates,population_1jul,969288.069,0.013728417433588769,UN DESA
05_PRC,China,1980.0,Estimates,population_1jul,983163.542,0.014315117913620057,UN DESA
05_PRC,China,1981.0,Estimates,population_1jul,997721.071,0.014806823461319896,UN DESA
05_PRC,China,1982.0,Estimates,population_1jul,1013588.179,0.015903350606895295,UN DESA
05_PRC,China,1983.0,Estimates,population_1jul,1029064.956,0.015269295085178713,UN DESA
05_PRC,China,1984.0,Estimates,population_1jul,1043849.638,0.014367102789573538,UN DESA
05_PRC,China,1985.0,Estimates,population_1jul,1059807.82,0.015287816768874585,UN DESA
05_PRC,China,1986.0,Estimates,population_1jul,1077233.607,0.01644240273675268,UN DESA
05_PRC,China,1987.0,Estimates,population_1jul,1096217.446,0.017622768985891657,UN DESA
05_PRC,China,1988.0,Estimates,population_1jul,1115244.165,0.017356701509747774,UN DESA
05_PRC,China,1989.0,Estimates,population_1jul,1133991.008,0.01680963109993039,UN DESA
05_PRC,China,1990.0,Estimates,population_1jul,1153582.724,0.01727678249808484,UN DESA
05_PRC,China,1991.0,Estimates,population_1jul,1170788.528,0.014915102005289782,UN DESA
05_PRC,China,1992.0,Estimates,population_1jul,1184574.237,0.011774721625902318,UN DESA
05_PRC,China,1993.0,Estimates,population_1jul,1197308.575,0.010750139250242707,UN DESA
05_PRC,China,1994.0,Estimates,population_1jul,1209003.096,0.009767340887874232,UN DESA
05_PRC,China,1995.0,Estimates,population_1jul,1220133.927,0.009206619103645286,UN DESA
05_PRC,China,1996.0,Estimates,population_1jul,1230944.812,0.00886040848530567,UN DESA
05_PRC,China,1997.0,Estimates,population_1jul,1241139.622,0.008282101602455905,UN DESA
05_PRC,China,1998.0,Estimates,population_1jul,1250847.127,0.007821444765704344,UN DESA
05_PRC,China,1999.0,Estimates,population_1jul,1260176.655,0.007458567716724707,UN DESA
05_PRC,China,2000.0,Estimates,population_1jul,1269581.175,0.007462858451381171,UN DESA
05_PRC,China,2001.0,Estimates,population_1jul,1278725.063,0.007202287006185415,UN DESA
05_PRC,China,2002.0,Estimates,population_1jul,1286866.839,0.0063671044195368065,UN DESA
05_PRC,China,2003.0,Estimates,population_1jul,1294517.326,0.005945049455112983,UN DESA
05_PRC,China,2004.0,Estimates,population_1jul,1302100.316,0.005857774050372466,UN DESA
05_PRC,China,2005.0,Estimates,population_1jul,1310027.136,0.0060877183597887186,UN DESA
05_PRC,China,2006.0,Estimates,population_1jul,1318054.036,0.006127277656636343,UN DESA
05_PRC,China,2007.0,Estimates,population_1jul,1325813.582,0.0058871228250614305,UN DESA
05_PRC,China,2008.0,Estimates,population_1jul,1333821.016,0.006039637931541497,UN DESA
05_PRC,China,2009.0,Estimates,population_1jul,1342522.716,0.006523888809381262,UN DESA
05_PRC,China,2010.0,Estimates,population_1jul,1351561.514,0.0067326965065668265,UN DESA
05_PRC,China,2011.0,Estimates,population_1jul,1360250.664,0.006428971164090136,UN DESA
05_PRC,China,2012.0,Estimates,population_1jul,1369520.864,0.006815067432306643,UN DESA
05_PRC,China,2013.0,Estimates,population_1jul,1379008.04,0.0069273687238984305,UN DESA
05_PRC,China,2014.0,Estimates,population_1jul,1387951.972,0.006485772193177475,UN DESA
05_PRC,China,2015.0,Estimates,population_1jul,1396134.174,0.005895162199459847,UN DESA
05_PRC,China,2016.0,Estimates,population_1jul,1404052.632,0.005671702725614791,UN DESA
05_PRC,China,2017.0,Estimates,population_1jul,1412354.727,0.005912951417051948,UN DESA
05_PRC,China,2018.0,Estimates,population_1jul,1419008.956,0.004711443147242811,UN DESA
05_PRC,China,2019.0,Estimates,population_1jul,1423520.357,0.003179261822784385,UN DESA
05_PRC,China,2020.0,Estimates,population_1jul,1426106.093,0.0018164376696723217,UN DESA
05_PRC,China,2021.0,Estimates,population_1jul,1426437.267,0.00023222255456700758,UN DESA
05_PRC,China,2022.0,Estimates,population_1jul,1425179.569,-0.0008817057918327764,UN DESA
05_PRC,China,2023.0,Estimates,population_1jul,1422584.933,-0.0018205677771682138,UN DESA
05_PRC,China,2024.0,High,population_1jul,1420403.763,-0.0015332441314419576,UN DESA
05_PRC,China,2025.0,High,population_1jul,1419320.302,-0.0007627838141682775,UN DESA
05_PRC,China,2026.0,High,population_1jul,1418236.575,-0.0007635535111227831,UN DESA
05_PRC,China,2027.0,High,population_1jul,1417061.735,-0.0008283808362506973,UN DESA
05_PRC,China,2028.0,High,population_1jul,1415545.214,-0.0010701869668368058,UN DESA
05_PRC,China,2029.0,High,population_1jul,1414284.894,-0.0008903424542960892,UN DESA
05_PRC,China,2030.0,High,population_1jul,1413315.731,-0.000685267165131842,UN DESA
05_PRC,China,2031.0,High,population_1jul,1412042.127,-0.0009011461289677447,UN DESA
05_PRC,China,2032.0,High,population_1jul,1410468.317,-0.001114563064307239,UN DESA
05_PRC,China,2033.0,High,population_1jul,1408614.004,-0.0013146789457448849,UN DESA
05_PRC,China,2034.0,High,population_1jul,1406891.501,-0.0012228353509965428,UN DESA
05_PRC,China,2035.0,High,population_1jul,1405333.312,-0.0011075402750621022,UN DESA
05_PRC,China,2036.0,High,population_1jul,1403551.739,-0.0012677227422044357,UN DESA
05_PRC,China,2037.0,High,population_1jul,1401550.099,-0.0014261248405607052,UN DESA
05_PRC,China,2038.0,High,population_1jul,1399351.901,-0.0015684048694144526,UN DESA
05_PRC,China,2039.0,High,population_1jul,1396918.225,-0.0017391450987137569,UN DESA
05_PRC,China,2040.0,High,population_1jul,1394205.096,-0.0019422246423910217,UN DESA
05_PRC,China,2041.0,High,population_1jul,1391201.295,-0.0021544900449854687,UN DESA
05_PRC,China,2042.0,High,population_1jul,1387891.327,-0.002379215726650008,UN DESA
05_PRC,China,2043.0,High,population_1jul,1384284.566,-0.0025987344468793028,UN DESA
05_PRC,China,2044.0,High,population_1jul,1380364.29,-0.0028319870756978727,UN DESA
05_PRC,China,2045.0,High,population_1jul,1376068.66,-0.0031119538741473107,UN DESA
05_PRC,China,2046.0,High,population_1jul,1371339.313,-0.0034368539430291722,UN DESA
05_PRC,China,2047.0,High,population_1jul,1366180.781,-0.003761674409169413,UN DESA
05_PRC,China,2048.0,High,population_1jul,1360576.676,-0.004102023010379319,UN DESA
05_PRC,China,2049.0,High,population_1jul,1354487.568,-0.004475387611304282,UN DESA
05_PRC,China,2050.0,High,population_1jul,1347929.527,-0.004841713689320404,UN DESA
05_PRC,China,2051.0,High,population_1jul,1340891.705,-0.005221209164891216,UN DESA
05_PRC,China,2052.0,High,population_1jul,1333350.758,-0.005623830001991181,UN DESA
05_PRC,China,2053.0,High,population_1jul,1325360.835,-0.005992363938791878,UN DESA
05_PRC,China,2054.0,High,population_1jul,1316967.594,-0.006332796909605309,UN DESA
05_PRC,China,2055.0,High,population_1jul,1308188.727,-0.006665970400483556,UN DESA
05_PRC,China,2056.0,High,population_1jul,1299069.809,-0.0069706440758834365,UN DESA
05_PRC,China,2057.0,High,population_1jul,1289683.336,-0.007225533943572726,UN DESA
05_PRC,China,2058.0,High,population_1jul,1280086.4,-0.007441311934575534,UN DESA
05_PRC,China,2059.0,High,population_1jul,1270341.403,-0.007612765044609504,UN DESA
05_PRC,China,2060.0,High,population_1jul,1260535.164,-0.00771937289994773,UN DESA
05_PRC,China,2061.0,High,population_1jul,1250756.227,-0.007757766129243948,UN DESA
05_PRC,China,2062.0,High,population_1jul,1241075.823,-0.007739640859689145,UN DESA
05_PRC,China,2063.0,High,population_1jul,1231550.262,-0.007675244995889341,UN DESA
05_PRC,China,2064.0,High,population_1jul,1222197.968,-0.007593919865529597,UN DESA
05_PRC,China,2065.0,High,population_1jul,1213036.536,-0.007495865841596672,UN DESA
05_PRC,China,2066.0,High,population_1jul,1204089.41,-0.007375809165240277,UN DESA
05_PRC,China,2067.0,High,population_1jul,1195340.974,-0.0072656033076480275,UN DESA
05_PRC,China,2068.0,High,population_1jul,1186804.758,-0.007141239349835904,UN DESA
05_PRC,China,2069.0,High,population_1jul,1178470.559,-0.007022384215955468,UN DESA
05_PRC,China,2070.0,High,population_1jul,1170317.822,-0.006918065909867099,UN DESA
05_PRC,China,2071.0,High,population_1jul,1162325.015,-0.006829603762113834,UN DESA
05_PRC,China,2072.0,High,population_1jul,1154443.873,-0.006780497621829085,UN DESA
05_PRC,China,2073.0,High,population_1jul,1146638.119,-0.0067614841938703485,UN DESA
05_PRC,China,2074.0,High,population_1jul,1138889.479,-0.006757703124990799,UN DESA
05_PRC,China,2075.0,High,population_1jul,1131166.376,-0.006781257657047957,UN DESA
05_PRC,China,2076.0,High,population_1jul,1123432.34,-0.006837222325639436,UN DESA
05_PRC,China,2077.0,High,population_1jul,1115672.208,-0.0069075205721779165,UN DESA
05_PRC,China,2078.0,High,population_1jul,1107868.502,-0.006994622563906372,UN DESA
05_PRC,China,2079.0,High,population_1jul,1099998.336,-0.0071038809983247075,UN DESA
05_PRC,China,2080.0,High,population_1jul,1092067.799,-0.007209589997052346,UN DESA
05_PRC,China,2081.0,High,population_1jul,1084106.282,-0.007290313849827368,UN DESA
05_PRC,China,2082.0,High,population_1jul,1076158.365,-0.007331307946428778,UN DESA
05_PRC,China,2083.0,High,population_1jul,1068247.137,-0.007351360410602692,UN DESA
05_PRC,China,2084.0,High,population_1jul,1060361.16,-0.007382165350001912,UN DESA
05_PRC,China,2085.0,High,population_1jul,1052546.778,-0.007369547560568845,UN DESA
05_PRC,China,2086.0,High,population_1jul,1044863.292,-0.007299899786496589,UN DESA
05_PRC,China,2087.0,High,population_1jul,1037320.132,-0.0072192793619551,UN DESA
05_PRC,China,2088.0,High,population_1jul,1029922.704,-0.007131287412437848,UN DESA
05_PRC,China,2089.0,High,population_1jul,1022690.23,-0.007022346407075664,UN DESA
05_PRC,China,2090.0,High,population_1jul,1015651.45,-0.006882611951812612,UN DESA
05_PRC,China,2091.0,High,population_1jul,1008811.056,-0.0067349817695824266,UN DESA
05_PRC,China,2092.0,High,population_1jul,1002144.71,-0.006608121471658457,UN DESA
05_PRC,China,2093.0,High,population_1jul,995640.379,-0.006490410950729886,UN DESA
05_PRC,China,2094.0,High,population_1jul,989297.147,-0.0063710071766786,UN DESA
05_PRC,China,2095.0,High,population_1jul,983105.431,-0.006258701967124969,UN DESA
05_PRC,China,2096.0,High,population_1jul,977053.376,-0.006156058962917044,UN DESA
05_PRC,China,2097.0,High,population_1jul,971136.61,-0.00605572443157909,UN DESA
05_PRC,China,2098.0,High,population_1jul,965351.305,-0.005957251472581082,UN DESA
05_PRC,China,2099.0,High,population_1jul,959693.598,-0.005860775212812364,UN DESA
05_PRC,China,2100.0,High,population_1jul,954158.191,-0.005767889888539157,UN DESA
06_HKC,"Hong Kong, China",1950.0,Estimates,population_1jul,1978.342,,UN DESA
06_HKC,"Hong Kong, China",1951.0,Estimates,population_1jul,2069.481,0.046068374426666336,UN DESA
06_HKC,"Hong Kong, China",1952.0,Estimates,population_1jul,2164.798,0.046058407881009567,UN DESA
06_HKC,"Hong Kong, China",1953.0,Estimates,population_1jul,2264.329,0.04597703804234876,UN DESA
06_HKC,"Hong Kong, China",1954.0,Estimates,population_1jul,2368.615,0.04605602807719178,UN DESA
06_HKC,"Hong Kong, China",1955.0,Estimates,population_1jul,2478.198,0.04626458922197152,UN DESA
06_HKC,"Hong Kong, China",1956.0,Estimates,population_1jul,2594.257,0.04683201261561831,UN DESA
06_HKC,"Hong Kong, China",1957.0,Estimates,population_1jul,2717.184,0.047384279969178156,UN DESA
06_HKC,"Hong Kong, China",1958.0,Estimates,population_1jul,2845.501,0.04722425864424351,UN DESA
06_HKC,"Hong Kong, China",1959.0,Estimates,population_1jul,2974.544,0.045349834703976466,UN DESA
06_HKC,"Hong Kong, China",1960.0,Estimates,population_1jul,3094.84,0.040441829066909074,UN DESA
06_HKC,"Hong Kong, China",1961.0,Estimates,population_1jul,3076.657,-0.005875263341562076,UN DESA
06_HKC,"Hong Kong, China",1962.0,Estimates,population_1jul,2889.084,-0.06096649707783486,UN DESA
06_HKC,"Hong Kong, China",1963.0,Estimates,population_1jul,2662.601,-0.07839266701833514,UN DESA
06_HKC,"Hong Kong, China",1964.0,Estimates,population_1jul,3136.028,0.17780621279718578,UN DESA
06_HKC,"Hong Kong, China",1965.0,Estimates,population_1jul,3855.421,0.2293962298806005,UN DESA
06_HKC,"Hong Kong, China",1966.0,Estimates,population_1jul,4015.302,0.04146914176169103,UN DESA
06_HKC,"Hong Kong, China",1967.0,Estimates,population_1jul,3474.128,-0.13477790711632653,UN DESA
06_HKC,"Hong Kong, China",1968.0,Estimates,population_1jul,3065.327,-0.11767010311652304,UN DESA
06_HKC,"Hong Kong, China",1969.0,Estimates,population_1jul,3395.521,0.10771901333854439,UN DESA
06_HKC,"Hong Kong, China",1970.0,Estimates,population_1jul,3739.916,0.10142626124238374,UN DESA
06_HKC,"Hong Kong, China",1971.0,Estimates,population_1jul,3989.236,0.06666459888403908,UN DESA
06_HKC,"Hong Kong, China",1972.0,Estimates,population_1jul,4117.123,0.03205801812677911,UN DESA
06_HKC,"Hong Kong, China",1973.0,Estimates,population_1jul,4223.247,0.02577625200898792,UN DESA
06_HKC,"Hong Kong, China",1974.0,Estimates,population_1jul,4330.722,0.02544842866164343,UN DESA
06_HKC,"Hong Kong, China",1975.0,Estimates,population_1jul,4438.378,0.024858672526197667,UN DESA
06_HKC,"Hong Kong, China",1976.0,Estimates,population_1jul,4545.132,0.02405248043316721,UN DESA
06_HKC,"Hong Kong, China",1977.0,Estimates,population_1jul,4650.49,0.023180404881530503,UN DESA
06_HKC,"Hong Kong, China",1978.0,Estimates,population_1jul,4754.069,0.02227270674703119,UN DESA
06_HKC,"Hong Kong, China",1979.0,Estimates,population_1jul,4857.671,0.02179227941369799,UN DESA
06_HKC,"Hong Kong, China",1980.0,Estimates,population_1jul,4962.484,0.02157680089903158,UN DESA
06_HKC,"Hong Kong, China",1981.0,Estimates,population_1jul,5060.956,0.01984328815971992,UN DESA
06_HKC,"Hong Kong, China",1982.0,Estimates,population_1jul,5150.094,0.017612877883151024,UN DESA
06_HKC,"Hong Kong, China",1983.0,Estimates,population_1jul,5235.106,0.016506883175336107,UN DESA
06_HKC,"Hong Kong, China",1984.0,Estimates,population_1jul,5315.979,0.015448206779385298,UN DESA
06_HKC,"Hong Kong, China",1985.0,Estimates,population_1jul,5393.122,0.014511532118542947,UN DESA
06_HKC,"Hong Kong, China",1986.0,Estimates,population_1jul,5451.433,0.010812104751199758,UN DESA
06_HKC,"Hong Kong, China",1987.0,Estimates,population_1jul,5486.372,0.006409140495719168,UN DESA
06_HKC,"Hong Kong, China",1988.0,Estimates,population_1jul,5514.899,0.005199610963310564,UN DESA
06_HKC,"Hong Kong, China",1989.0,Estimates,population_1jul,5540.574,0.00465557030146857,UN DESA
06_HKC,"Hong Kong, China",1990.0,Estimates,population_1jul,5560.597,0.003613885492730562,UN DESA
06_HKC,"Hong Kong, China",1991.0,Estimates,population_1jul,5628.094,0.012138444846839347,UN DESA
06_HKC,"Hong Kong, China",1992.0,Estimates,population_1jul,5759.556,0.02335817418827757,UN DESA
06_HKC,"Hong Kong, China",1993.0,Estimates,population_1jul,5902.513,0.0248208368839542,UN DESA
06_HKC,"Hong Kong, China",1994.0,Estimates,population_1jul,6042.261,0.02367601731669211,UN DESA
06_HKC,"Hong Kong, China",1995.0,Estimates,population_1jul,6177.104,0.02231664603697192,UN DESA
06_HKC,"Hong Kong, China",1996.0,Estimates,population_1jul,6302.464,0.0202942997236244,UN DESA
06_HKC,"Hong Kong, China",1997.0,Estimates,population_1jul,6416.673,0.01812132524676069,UN DESA
06_HKC,"Hong Kong, China",1998.0,Estimates,population_1jul,6521.334,0.01631078909584449,UN DESA
06_HKC,"Hong Kong, China",1999.0,Estimates,population_1jul,6616.525,0.01459686009028216,UN DESA
06_HKC,"Hong Kong, China",2000.0,Estimates,population_1jul,6704.664,0.013321040878709,UN DESA
06_HKC,"Hong Kong, China",2001.0,Estimates,population_1jul,6774.239,0.010377104654312186,UN DESA
06_HKC,"Hong Kong, China",2002.0,Estimates,population_1jul,6821.408,0.006962996138754507,UN DESA
06_HKC,"Hong Kong, China",2003.0,Estimates,population_1jul,6858.907,0.005497252180195034,UN DESA
06_HKC,"Hong Kong, China",2004.0,Estimates,population_1jul,6888.163,0.004265402636309146,UN DESA
06_HKC,"Hong Kong, China",2005.0,Estimates,population_1jul,6908.486,0.002950423792236201,UN DESA
06_HKC,"Hong Kong, China",2006.0,Estimates,population_1jul,6931.09,0.0032719180439824136,UN DESA
06_HKC,"Hong Kong, China",2007.0,Estimates,population_1jul,6971.345,0.005807888802482841,UN DESA
06_HKC,"Hong Kong, China",2008.0,Estimates,population_1jul,7020.689,0.007078117637270953,UN DESA
06_HKC,"Hong Kong, China",2009.0,Estimates,population_1jul,7064.467,0.006235570326502016,UN DESA
06_HKC,"Hong Kong, China",2010.0,Estimates,population_1jul,7101.617,0.005258712369949681,UN DESA
06_HKC,"Hong Kong, China",2011.0,Estimates,population_1jul,7142.97,0.005823040020322079,UN DESA
06_HKC,"Hong Kong, China",2012.0,Estimates,population_1jul,7201.061,0.008132611504738207,UN DESA
06_HKC,"Hong Kong, China",2013.0,Estimates,population_1jul,7264.335,0.008786760728731524,UN DESA
06_HKC,"Hong Kong, China",2014.0,Estimates,population_1jul,7319.501,0.007594088103040519,UN DESA
06_HKC,"Hong Kong, China",2015.0,Estimates,population_1jul,7366.409,0.006408633594011226,UN DESA
06_HKC,"Hong Kong, China",2016.0,Estimates,population_1jul,7408.01,0.005647392101090221,UN DESA
06_HKC,"Hong Kong, China",2017.0,Estimates,population_1jul,7444.891,0.0049785299965847685,UN DESA
06_HKC,"Hong Kong, China",2018.0,Estimates,population_1jul,7471.194,0.0035330268770894513,UN DESA
06_HKC,"Hong Kong, China",2019.0,Estimates,population_1jul,7485.813,0.0019567153523252223,UN DESA
06_HKC,"Hong Kong, China",2020.0,Estimates,population_1jul,7490.235,0.0005907174010357785,UN DESA
06_HKC,"Hong Kong, China",2021.0,Estimates,population_1jul,7484.601,-0.0007521793374973829,UN DESA
06_HKC,"Hong Kong, China",2022.0,Estimates,population_1jul,7465.915,-0.002496592670738207,UN DESA
06_HKC,"Hong Kong, China",2023.0,Estimates,population_1jul,7442.734,-0.003104910784545445,UN DESA
06_HKC,"Hong Kong, China",2024.0,High,population_1jul,7421.821,-0.002809854550760549,UN DESA
06_HKC,"Hong Kong, China",2025.0,High,population_1jul,7416.516,-0.000714784147987424,UN DESA
06_HKC,"Hong Kong, China",2026.0,High,population_1jul,7412.029,-0.0006050010544033091,UN DESA
06_HKC,"Hong Kong, China",2027.0,High,population_1jul,7400.905,-0.0015008036261057178,UN DESA
06_HKC,"Hong Kong, China",2028.0,High,population_1jul,7382.622,-0.002470373555666483,UN DESA
06_HKC,"Hong Kong, China",2029.0,High,population_1jul,7358.855,-0.0032193169310308356,UN DESA
06_HKC,"Hong Kong, China",2030.0,High,population_1jul,7341.859,-0.0023095984361696242,UN DESA
06_HKC,"Hong Kong, China",2031.0,High,population_1jul,7316.94,-0.003394099505316106,UN DESA
06_HKC,"Hong Kong, China",2032.0,High,population_1jul,7292.43,-0.0033497609656494287,UN DESA
06_HKC,"Hong Kong, China",2033.0,High,population_1jul,7269.47,-0.0031484704001272235,UN DESA
06_HKC,"Hong Kong, China",2034.0,High,population_1jul,7249.392,-0.002761962013736907,UN DESA
06_HKC,"Hong Kong, China",2035.0,High,population_1jul,7216.894,-0.0044828587004260845,UN DESA
06_HKC,"Hong Kong, China",2036.0,High,population_1jul,7173.364,-0.006031680664840167,UN DESA
06_HKC,"Hong Kong, China",2037.0,High,population_1jul,7147.774,-0.0035673639313437144,UN DESA
06_HKC,"Hong Kong, China",2038.0,High,population_1jul,7115.823,-0.004470062987442014,UN DESA
06_HKC,"Hong Kong, China",2039.0,High,population_1jul,7083.293,-0.00457150212983104,UN DESA
06_HKC,"Hong Kong, China",2040.0,High,population_1jul,7051.816,-0.004443837068436984,UN DESA
06_HKC,"Hong Kong, China",2041.0,High,population_1jul,7003.206,-0.006893259835480614,UN DESA
06_HKC,"Hong Kong, China",2042.0,High,population_1jul,6948.429,-0.007821703374140343,UN DESA
06_HKC,"Hong Kong, China",2043.0,High,population_1jul,6896.954,-0.00740814938168044,UN DESA
06_HKC,"Hong Kong, China",2044.0,High,population_1jul,6850.952,-0.006669900944677787,UN DESA
06_HKC,"Hong Kong, China",2045.0,High,population_1jul,6798.226,-0.007696156680122801,UN DESA
06_HKC,"Hong Kong, China",2046.0,High,population_1jul,6740.098,-0.008550465959795917,UN DESA
06_HKC,"Hong Kong, China",2047.0,High,population_1jul,6667.4,-0.01078589658488649,UN DESA
06_HKC,"Hong Kong, China",2048.0,High,population_1jul,6592.791,-0.011190119086900374,UN DESA
06_HKC,"Hong Kong, China",2049.0,High,population_1jul,6523.315,-0.010538177230250523,UN DESA
06_HKC,"Hong Kong, China",2050.0,High,population_1jul,6451.261,-0.011045611012192258,UN DESA
06_HKC,"Hong Kong, China",2051.0,High,population_1jul,6377.469,-0.011438383906650196,UN DESA
06_HKC,"Hong Kong, China",2052.0,High,population_1jul,6300.553,-0.012060583908757527,UN DESA
06_HKC,"Hong Kong, China",2053.0,High,population_1jul,6226.743,-0.011714844712837014,UN DESA
06_HKC,"Hong Kong, China",2054.0,High,population_1jul,6154.06,-0.011672715575381853,UN DESA
06_HKC,"Hong Kong, China",2055.0,High,population_1jul,6079.152,-0.012172127018586165,UN DESA
06_HKC,"Hong Kong, China",2056.0,High,population_1jul,6000.962,-0.0128619912777308,UN DESA
06_HKC,"Hong Kong, China",2057.0,High,population_1jul,5920.974,-0.013329196218872963,UN DESA
06_HKC,"Hong Kong, China",2058.0,High,population_1jul,5840,-0.013675790503386853,UN DESA
06_HKC,"Hong Kong, China",2059.0,High,population_1jul,5761.374,-0.013463356164383544,UN DESA
06_HKC,"Hong Kong, China",2060.0,High,population_1jul,5685.769,-0.01312273773582473,UN DESA
06_HKC,"Hong Kong, China",2061.0,High,population_1jul,5609.261,-0.01345605141538464,UN DESA
06_HKC,"Hong Kong, China",2062.0,High,population_1jul,5538.203,-0.012667978901320542,UN DESA
06_HKC,"Hong Kong, China",2063.0,High,population_1jul,5474.257,-0.011546344545333764,UN DESA
06_HKC,"Hong Kong, China",2064.0,High,population_1jul,5406.03,-0.012463243870355356,UN DESA
06_HKC,"Hong Kong, China",2065.0,High,population_1jul,5332.423,-0.01361572170335712,UN DESA
06_HKC,"Hong Kong, China",2066.0,High,population_1jul,5259.505,-0.013674459059230593,UN DESA
06_HKC,"Hong Kong, China",2067.0,High,population_1jul,5185.645,-0.014043146645929538,UN DESA
06_HKC,"Hong Kong, China",2068.0,High,population_1jul,5111.212,-0.014353662851969262,UN DESA
06_HKC,"Hong Kong, China",2069.0,High,population_1jul,5040.627,-0.013809836101496109,UN DESA
06_HKC,"Hong Kong, China",2070.0,High,population_1jul,4969.386,-0.014133360790234972,UN DESA
06_HKC,"Hong Kong, China",2071.0,High,population_1jul,4896.959,-0.014574637591042605,UN DESA
06_HKC,"Hong Kong, China",2072.0,High,population_1jul,4824.246,-0.014848602979930958,UN DESA
06_HKC,"Hong Kong, China",2073.0,High,population_1jul,4749.069,-0.015583160560220133,UN DESA
06_HKC,"Hong Kong, China",2074.0,High,population_1jul,4674.341,-0.01573529464406609,UN DESA
06_HKC,"Hong Kong, China",2075.0,High,population_1jul,4600.321,-0.015835387277051582,UN DESA
06_HKC,"Hong Kong, China",2076.0,High,population_1jul,4526.748,-0.015993014400516925,UN DESA
06_HKC,"Hong Kong, China",2077.0,High,population_1jul,4449.529,-0.017058382750707368,UN DESA
06_HKC,"Hong Kong, China",2078.0,High,population_1jul,4375.894,-0.016548942595946747,UN DESA
06_HKC,"Hong Kong, China",2079.0,High,population_1jul,4307.512,-0.015626978167204375,UN DESA
06_HKC,"Hong Kong, China",2080.0,High,population_1jul,4237.325,-0.01629409273845317,UN DESA
06_HKC,"Hong Kong, China",2081.0,High,population_1jul,4171.279,-0.015586720395532438,UN DESA
06_HKC,"Hong Kong, China",2082.0,High,population_1jul,4108.833,-0.01497046829042148,UN DESA
06_HKC,"Hong Kong, China",2083.0,High,population_1jul,4044.55,-0.015645074891094235,UN DESA
06_HKC,"Hong Kong, China",2084.0,High,population_1jul,3976.517,-0.016820907146654185,UN DESA
06_HKC,"Hong Kong, China",2085.0,High,population_1jul,3907.392,-0.01738330302624136,UN DESA
06_HKC,"Hong Kong, China",2086.0,High,population_1jul,3840.405,-0.017143660016706752,UN DESA
06_HKC,"Hong Kong, China",2087.0,High,population_1jul,3776.012,-0.016767241996612392,UN DESA
06_HKC,"Hong Kong, China",2088.0,High,population_1jul,3715.631,-0.01599068011436411,UN DESA
06_HKC,"Hong Kong, China",2089.0,High,population_1jul,3657.191,-0.01572814953906887,UN DESA
06_HKC,"Hong Kong, China",2090.0,High,population_1jul,3598.789,-0.015969086656945075,UN DESA
06_HKC,"Hong Kong, China",2091.0,High,population_1jul,3543.678,-0.015313762490660188,UN DESA
06_HKC,"Hong Kong, China",2092.0,High,population_1jul,3493.874,-0.014054324348882763,UN DESA
06_HKC,"Hong Kong, China",2093.0,High,population_1jul,3446.578,-0.0135368361881395,UN DESA
06_HKC,"Hong Kong, China",2094.0,High,population_1jul,3396.956,-0.014397469025798859,UN DESA
06_HKC,"Hong Kong, China",2095.0,High,population_1jul,3348.515,-0.014260119942678173,UN DESA
06_HKC,"Hong Kong, China",2096.0,High,population_1jul,3303.983,-0.013299029569824095,UN DESA
06_HKC,"Hong Kong, China",2097.0,High,population_1jul,3260.774,-0.01307785179282106,UN DESA
06_HKC,"Hong Kong, China",2098.0,High,population_1jul,3220.959,-0.012210291176266708,UN DESA
06_HKC,"Hong Kong, China",2099.0,High,population_1jul,3183.233,-0.011712660732409064,UN DESA
06_HKC,"Hong Kong, China",2100.0,High,population_1jul,3145.143,-0.011965822168845341,UN DESA
07_INA,Indonesia,1950.0,Estimates,population_1jul,68799.025,,UN DESA
07_INA,Indonesia,1951.0,Estimates,population_1jul,70286.303,0.021617719146455938,UN DESA
07_INA,Indonesia,1952.0,Estimates,population_1jul,71876.432,0.022623597089748815,UN DESA
07_INA,Indonesia,1953.0,Estimates,population_1jul,73569.144,0.023550306448155256,UN DESA
07_INA,Indonesia,1954.0,Estimates,population_1jul,75367.369,0.024442652207561366,UN DESA
07_INA,Indonesia,1955.0,Estimates,population_1jul,77273.507,0.02529129018687115,UN DESA
07_INA,Indonesia,1956.0,Estimates,population_1jul,79282.549,0.025999104712563392,UN DESA
07_INA,Indonesia,1957.0,Estimates,population_1jul,81390.834,0.026592043603441695,UN DESA
07_INA,Indonesia,1958.0,Estimates,population_1jul,83592.762,0.027053758903613057,UN DESA
07_INA,Indonesia,1959.0,Estimates,population_1jul,85892.869,0.027515623900547848,UN DESA
07_INA,Indonesia,1960.0,Estimates,population_1jul,88296.07,0.027979051439066538,UN DESA
07_INA,Indonesia,1961.0,Estimates,population_1jul,90791.249,0.02825923056371571,UN DESA
07_INA,Indonesia,1962.0,Estimates,population_1jul,93375.85,0.028467512325995425,UN DESA
07_INA,Indonesia,1963.0,Estimates,population_1jul,96051.424,0.02865381145124779,UN DESA
07_INA,Indonesia,1964.0,Estimates,population_1jul,98833.749,0.028967035408033137,UN DESA
07_INA,Indonesia,1965.0,Estimates,population_1jul,101365.13,0.025612516226618087,UN DESA
07_INA,Indonesia,1966.0,Estimates,population_1jul,103792.754,0.023949300908507665,UN DESA
07_INA,Indonesia,1967.0,Estimates,population_1jul,106526.393,0.026337474386699533,UN DESA
07_INA,Indonesia,1968.0,Estimates,population_1jul,109450.006,0.027444963803477274,UN DESA
07_INA,Indonesia,1969.0,Estimates,population_1jul,112517.639,0.028027709747224794,UN DESA
07_INA,Indonesia,1970.0,Estimates,population_1jul,115657.495,0.027905455783692634,UN DESA
07_INA,Indonesia,1971.0,Estimates,population_1jul,118833.702,0.027462180466557795,UN DESA
07_INA,Indonesia,1972.0,Estimates,population_1jul,122039.841,0.02698004813482968,UN DESA
07_INA,Indonesia,1973.0,Estimates,population_1jul,125288.515,0.02661978230535378,UN DESA
07_INA,Indonesia,1974.0,Estimates,population_1jul,128555.045,0.02607206255098471,UN DESA
07_INA,Indonesia,1975.0,Estimates,population_1jul,131843.848,0.025582838853193124,UN DESA
07_INA,Indonesia,1976.0,Estimates,population_1jul,135173.655,0.025255687318834985,UN DESA
07_INA,Indonesia,1977.0,Estimates,population_1jul,138533.541,0.024856071251458056,UN DESA
07_INA,Indonesia,1978.0,Estimates,population_1jul,141953.163,0.02468443364195827,UN DESA
07_INA,Indonesia,1979.0,Estimates,population_1jul,145434.834,0.02452689976341005,UN DESA
07_INA,Indonesia,1980.0,Estimates,population_1jul,148950.54,0.02417375468658367,UN DESA
07_INA,Indonesia,1981.0,Estimates,population_1jul,152485.035,0.023729319813140526,UN DESA
07_INA,Indonesia,1982.0,Estimates,population_1jul,156052.152,0.023393226751726726,UN DESA
07_INA,Indonesia,1983.0,Estimates,population_1jul,159651.381,0.02306427020628332,UN DESA
07_INA,Indonesia,1984.0,Estimates,population_1jul,163251.124,0.022547521840728724,UN DESA
07_INA,Indonesia,1985.0,Estimates,population_1jul,166776.185,0.021592874300822462,UN DESA
07_INA,Indonesia,1986.0,Estimates,population_1jul,170175.065,0.020379888171683458,UN DESA
07_INA,Indonesia,1987.0,Estimates,population_1jul,173511.154,0.019603864996320164,UN DESA
07_INA,Indonesia,1988.0,Estimates,population_1jul,176855.065,0.019272023284451212,UN DESA
07_INA,Indonesia,1989.0,Estimates,population_1jul,180201.63,0.01892264154266665,UN DESA
07_INA,Indonesia,1990.0,Estimates,population_1jul,183501.098,0.018309867674337843,UN DESA
07_INA,Indonesia,1991.0,Estimates,population_1jul,186778.238,0.0178589667076543,UN DESA
07_INA,Indonesia,1992.0,Estimates,population_1jul,190043.744,0.017483332292705267,UN DESA
07_INA,Indonesia,1993.0,Estimates,population_1jul,193305.168,0.0171614383686316,UN DESA
07_INA,Indonesia,1994.0,Estimates,population_1jul,196591.828,0.017002442479965074,UN DESA
07_INA,Indonesia,1995.0,Estimates,population_1jul,199888.057,0.016766866830293603,UN DESA
07_INA,Indonesia,1996.0,Estimates,population_1jul,203204.348,0.016590741086647265,UN DESA
07_INA,Indonesia,1997.0,Estimates,population_1jul,206536.095,0.016396041879970014,UN DESA
07_INA,Indonesia,1998.0,Estimates,population_1jul,209826.788,0.015932774365662317,UN DESA
07_INA,Indonesia,1999.0,Estimates,population_1jul,213004.668,0.015145253998741115,UN DESA
07_INA,Indonesia,2000.0,Estimates,population_1jul,216077.79,0.014427486631419795,UN DESA
07_INA,Indonesia,2001.0,Estimates,population_1jul,219097.902,0.013976966350868425,UN DESA
07_INA,Indonesia,2002.0,Estimates,population_1jul,222088.495,0.013649573878621535,UN DESA
07_INA,Indonesia,2003.0,Estimates,population_1jul,225048.008,0.013325827616599506,UN DESA
07_INA,Indonesia,2004.0,Estimates,population_1jul,227926.649,0.012791230749307436,UN DESA
07_INA,Indonesia,2005.0,Estimates,population_1jul,230871.65,0.012920827875638086,UN DESA
07_INA,Indonesia,2006.0,Estimates,population_1jul,233951.652,0.013340754484147288,UN DESA
07_INA,Indonesia,2007.0,Estimates,population_1jul,237062.337,0.01329627285555568,UN DESA
07_INA,Indonesia,2008.0,Estimates,population_1jul,240157.903,0.013058025324368616,UN DESA
07_INA,Indonesia,2009.0,Estimates,population_1jul,243220.028,0.012750465263681177,UN DESA
07_INA,Indonesia,2010.0,Estimates,population_1jul,246305.322,0.012685197125295922,UN DESA
07_INA,Indonesia,2011.0,Estimates,population_1jul,249470.032,0.01284872764543854,UN DESA
07_INA,Indonesia,2012.0,Estimates,population_1jul,252698.525,0.012941406124483912,UN DESA
07_INA,Indonesia,2013.0,Estimates,population_1jul,255852.467,0.012481046337726065,UN DESA
07_INA,Indonesia,2014.0,Estimates,population_1jul,258877.399,0.011822954202743707,UN DESA
07_INA,Indonesia,2015.0,Estimates,population_1jul,261799.249,0.011286616797320459,UN DESA
07_INA,Indonesia,2016.0,Estimates,population_1jul,264627.418,0.010802815557350964,UN DESA
07_INA,Indonesia,2017.0,Estimates,population_1jul,267346.658,0.010275730385579385,UN DESA
07_INA,Indonesia,2018.0,Estimates,population_1jul,269951.846,0.009744606569946468,UN DESA
07_INA,Indonesia,2019.0,Estimates,population_1jul,272489.381,0.009399954242209407,UN DESA
07_INA,Indonesia,2020.0,Estimates,population_1jul,274814.866,0.008534222476728415,UN DESA
07_INA,Indonesia,2021.0,Estimates,population_1jul,276758.053,0.00707089477466627,UN DESA
07_INA,Indonesia,2022.0,Estimates,population_1jul,278830.529,0.007488403598503224,UN DESA
07_INA,Indonesia,2023.0,Estimates,population_1jul,281190.067,0.008462265622284137,UN DESA
07_INA,Indonesia,2024.0,High,population_1jul,283748.173,0.009097426617135973,UN DESA
07_INA,Indonesia,2025.0,High,population_1jul,286502.171,0.009705782317054545,UN DESA
07_INA,Indonesia,2026.0,High,population_1jul,289189.294,0.009379066799462432,UN DESA
07_INA,Indonesia,2027.0,High,population_1jul,291812.107,0.009069536993302485,UN DESA
07_INA,Indonesia,2028.0,High,population_1jul,294367.232,0.008756062338427961,UN DESA
07_INA,Indonesia,2029.0,High,population_1jul,297014.307,0.008992424129598664,UN DESA
07_INA,Indonesia,2030.0,High,population_1jul,299760.556,0.009246184225058185,UN DESA
07_INA,Indonesia,2031.0,High,population_1jul,302455.404,0.008990002006801667,UN DESA
07_INA,Indonesia,2032.0,High,population_1jul,305102.108,0.008750724784537312,UN DESA
07_INA,Indonesia,2033.0,High,population_1jul,307702.366,0.008522582872485307,UN DESA
07_INA,Indonesia,2034.0,High,population_1jul,310362.732,0.008645906869627407,UN DESA
07_INA,Indonesia,2035.0,High,population_1jul,313076.425,0.008743617452110719,UN DESA
07_INA,Indonesia,2036.0,High,population_1jul,315734.479,0.008490112278495499,UN DESA
07_INA,Indonesia,2037.0,High,population_1jul,318338.645,0.008247962047882806,UN DESA
07_INA,Indonesia,2038.0,High,population_1jul,320883.856,0.007995293816746685,UN DESA
07_INA,Indonesia,2039.0,High,population_1jul,323365.1,0.007732529865883686,UN DESA
07_INA,Indonesia,2040.0,High,population_1jul,325778.791,0.007464290364050052,UN DESA
07_INA,Indonesia,2041.0,High,population_1jul,328121.266,0.00719038520834836,UN DESA
07_INA,Indonesia,2042.0,High,population_1jul,330390.422,0.00691560174584982,UN DESA
07_INA,Indonesia,2043.0,High,population_1jul,332585.502,0.006643897201111804,UN DESA
07_INA,Indonesia,2044.0,High,population_1jul,334706.008,0.006375822118668273,UN DESA
07_INA,Indonesia,2045.0,High,population_1jul,336750.658,0.006108793840354343,UN DESA
07_INA,Indonesia,2046.0,High,population_1jul,338722.01,0.0058540405287048625,UN DESA
07_INA,Indonesia,2047.0,High,population_1jul,340627.985,0.005626959405442777,UN DESA
07_INA,Indonesia,2048.0,High,population_1jul,342483.438,0.005447153732832666,UN DESA
07_INA,Indonesia,2049.0,High,population_1jul,344293.684,0.005285645374769832,UN DESA
07_INA,Indonesia,2050.0,High,population_1jul,346060.202,0.005130846373585962,UN DESA
07_INA,Indonesia,2051.0,High,population_1jul,347790.264,0.004999309339824176,UN DESA
07_INA,Indonesia,2052.0,High,population_1jul,349492.964,0.0048957667199101,UN DESA
07_INA,Indonesia,2053.0,High,population_1jul,351180.538,0.004828635119532798,UN DESA
07_INA,Indonesia,2054.0,High,population_1jul,352859.503,0.0047809169880592695,UN DESA
07_INA,Indonesia,2055.0,High,population_1jul,354534.095,0.004745775544551245,UN DESA
07_INA,Indonesia,2056.0,High,population_1jul,356211.255,0.004730602849353671,UN DESA
07_INA,Indonesia,2057.0,High,population_1jul,357891.583,0.004717223210704002,UN DESA
07_INA,Indonesia,2058.0,High,population_1jul,359578.663,0.00471394154022331,UN DESA
07_INA,Indonesia,2059.0,High,population_1jul,361276.298,0.00472117835312158,UN DESA
07_INA,Indonesia,2060.0,High,population_1jul,362985.779,0.004731782874945134,UN DESA
07_INA,Indonesia,2061.0,High,population_1jul,364708.102,0.004744877346834153,UN DESA
07_INA,Indonesia,2062.0,High,population_1jul,366442.176,0.0047546900946005,UN DESA
07_INA,Indonesia,2063.0,High,population_1jul,368189.73,0.00476897615628169,UN DESA
07_INA,Indonesia,2064.0,High,population_1jul,369946.457,0.0047712547549874085,UN DESA
07_INA,Indonesia,2065.0,High,population_1jul,371707.39,0.004759967197091042,UN DESA
07_INA,Indonesia,2066.0,High,population_1jul,373466.899,0.00473358627602205,UN DESA
07_INA,Indonesia,2067.0,High,population_1jul,375217.938,0.004688605615889019,UN DESA
07_INA,Indonesia,2068.0,High,population_1jul,376958.067,0.004637648746952827,UN DESA
07_INA,Indonesia,2069.0,High,population_1jul,378685.805,0.0045833692159718,UN DESA
07_INA,Indonesia,2070.0,High,population_1jul,380400.242,0.004527333682338597,UN DESA
07_INA,Indonesia,2071.0,High,population_1jul,382099.595,0.004467276337852377,UN DESA
07_INA,Indonesia,2072.0,High,population_1jul,383779.436,0.004396343314627238,UN DESA
07_INA,Indonesia,2073.0,High,population_1jul,385436.517,0.004317795182751771,UN DESA
07_INA,Indonesia,2074.0,High,population_1jul,387074.167,0.004248819008501048,UN DESA
07_INA,Indonesia,2075.0,High,population_1jul,388691.768,0.004179046647667217,UN DESA
07_INA,Indonesia,2076.0,High,population_1jul,390293.075,0.0041197347920165495,UN DESA
07_INA,Indonesia,2077.0,High,population_1jul,391878.877,0.00406310565464163,UN DESA
07_INA,Indonesia,2078.0,High,population_1jul,393447.797,0.004003583995163984,UN DESA
07_INA,Indonesia,2079.0,High,population_1jul,395007.504,0.003964203159587232,UN DESA
07_INA,Indonesia,2080.0,High,population_1jul,396565.079,0.003943152938178152,UN DESA
07_INA,Indonesia,2081.0,High,population_1jul,398125.465,0.003934753922193002,UN DESA
07_INA,Indonesia,2082.0,High,population_1jul,399687.518,0.003923519436266121,UN DESA
07_INA,Indonesia,2083.0,High,population_1jul,401252.845,0.003916376993289061,UN DESA
07_INA,Indonesia,2084.0,High,population_1jul,402826.602,0.003922108016455317,UN DESA
07_INA,Indonesia,2085.0,High,population_1jul,404412.926,0.003937982228889636,UN DESA
07_INA,Indonesia,2086.0,High,population_1jul,406011.68,0.003953271266111891,UN DESA
07_INA,Indonesia,2087.0,High,population_1jul,407623.053,0.003968784838899175,UN DESA
07_INA,Indonesia,2088.0,High,population_1jul,409251.624,0.003995286792574992,UN DESA
07_INA,Indonesia,2089.0,High,population_1jul,410898.824,0.004024907669028632,UN DESA
07_INA,Indonesia,2090.0,High,population_1jul,412559.643,0.004041917141140328,UN DESA
07_INA,Indonesia,2091.0,High,population_1jul,414232.531,0.004054899766335218,UN DESA
07_INA,Indonesia,2092.0,High,population_1jul,415916.593,0.004065499143523166,UN DESA
07_INA,Indonesia,2093.0,High,population_1jul,417610.093,0.004071729833582394,UN DESA
07_INA,Indonesia,2094.0,High,population_1jul,419314.4,0.004081096287105401,UN DESA
07_INA,Indonesia,2095.0,High,population_1jul,421029.481,0.004090202959879274,UN DESA
07_INA,Indonesia,2096.0,High,population_1jul,422747.955,0.004081600167091359,UN DESA
07_INA,Indonesia,2097.0,High,population_1jul,424463.99,0.004059239032865314,UN DESA
07_INA,Indonesia,2098.0,High,population_1jul,426179.544,0.004041695032834136,UN DESA
07_INA,Indonesia,2099.0,High,population_1jul,427892.639,0.004019655621950724,UN DESA
07_INA,Indonesia,2100.0,High,population_1jul,429600.117,0.0039904355540922865,UN DESA
08_JPN,Japan,1950.0,Estimates,population_1jul,86443.277,,UN DESA
08_JPN,Japan,1951.0,Estimates,population_1jul,87849.926,0.01627250896561927,UN DESA
08_JPN,Japan,1952.0,Estimates,population_1jul,89135.132,0.014629562693086351,UN DESA
08_JPN,Japan,1953.0,Estimates,population_1jul,90324.184,0.01333988039642997,UN DESA
08_JPN,Japan,1954.0,Estimates,population_1jul,91407.673,0.011995558133135242,UN DESA
08_JPN,Japan,1955.0,Estimates,population_1jul,92425.478,0.011134787338914265,UN DESA
08_JPN,Japan,1956.0,Estimates,population_1jul,93342.008,0.009916421530435482,UN DESA
08_JPN,Japan,1957.0,Estimates,population_1jul,94108.977,0.00821676131072735,UN DESA
08_JPN,Japan,1958.0,Estimates,population_1jul,94846.957,0.007841759878018717,UN DESA
08_JPN,Japan,1959.0,Estimates,population_1jul,95622.978,0.008181822849625098,UN DESA
08_JPN,Japan,1960.0,Estimates,population_1jul,96399.754,0.008123319480805025,UN DESA
08_JPN,Japan,1961.0,Estimates,population_1jul,97217.594,0.008483839077016775,UN DESA
08_JPN,Japan,1962.0,Estimates,population_1jul,98076.405,0.00883390510569515,UN DESA
08_JPN,Japan,1963.0,Estimates,population_1jul,98958.231,0.008991214553592197,UN DESA
08_JPN,Japan,1964.0,Estimates,population_1jul,99890.178,0.009417579422978939,UN DESA
08_JPN,Japan,1965.0,Estimates,population_1jul,100916.019,0.010269688377169572,UN DESA
08_JPN,Japan,1966.0,Estimates,population_1jul,101887.835,0.00962994784802218,UN DESA
08_JPN,Japan,1967.0,Estimates,population_1jul,102965.527,0.010577239176786879,UN DESA
08_JPN,Japan,1968.0,Estimates,population_1jul,104237.471,0.012353105326212699,UN DESA
08_JPN,Japan,1969.0,Estimates,population_1jul,105475.17,0.011873839494820349,UN DESA
08_JPN,Japan,1970.0,Estimates,population_1jul,106712.368,0.01172975592264991,UN DESA
08_JPN,Japan,1971.0,Estimates,population_1jul,107952.03,0.01161685400889989,UN DESA
08_JPN,Japan,1972.0,Estimates,population_1jul,109238.955,0.011921267251759904,UN DESA
08_JPN,Japan,1973.0,Estimates,population_1jul,110614.736,0.01259423435531759,UN DESA
08_JPN,Japan,1974.0,Estimates,population_1jul,112009.694,0.012610959899592489,UN DESA
08_JPN,Japan,1975.0,Estimates,population_1jul,113321.196,0.011708825845020199,UN DESA
08_JPN,Japan,1976.0,Estimates,population_1jul,114502.795,0.010426990198726838,UN DESA
08_JPN,Japan,1977.0,Estimates,population_1jul,115574.277,0.009357692971599496,UN DESA
08_JPN,Japan,1978.0,Estimates,population_1jul,116576.944,0.00867552041878672,UN DESA
08_JPN,Japan,1979.0,Estimates,population_1jul,117521.556,0.008102905837023666,UN DESA
08_JPN,Japan,1980.0,Estimates,population_1jul,118358.756,0.007123799484070714,UN DESA
08_JPN,Japan,1981.0,Estimates,population_1jul,118994.053,0.005367553880001985,UN DESA
08_JPN,Japan,1982.0,Estimates,population_1jul,119485.775,0.0041323241590904836,UN DESA
08_JPN,Japan,1983.0,Estimates,population_1jul,119948.947,0.0038763777529167154,UN DESA
08_JPN,Japan,1984.0,Estimates,population_1jul,120384.394,0.0036302694678929104,UN DESA
08_JPN,Japan,1985.0,Estimates,population_1jul,120832.163,0.0037194937410243156,UN DESA
08_JPN,Japan,1986.0,Estimates,population_1jul,121366.735,0.004424086987501852,UN DESA
08_JPN,Japan,1987.0,Estimates,population_1jul,121943.587,0.004752966288497307,UN DESA
08_JPN,Japan,1988.0,Estimates,population_1jul,122476.952,0.004373866745448485,UN DESA
08_JPN,Japan,1989.0,Estimates,population_1jul,122947.413,0.0038412206730944476,UN DESA
08_JPN,Japan,1990.0,Estimates,population_1jul,123399.765,0.0036792315426759092,UN DESA
08_JPN,Japan,1991.0,Estimates,population_1jul,123889.871,0.003971693138961729,UN DESA
08_JPN,Japan,1992.0,Estimates,population_1jul,124383.708,0.003986096651920734,UN DESA
08_JPN,Japan,1993.0,Estimates,population_1jul,124839.958,0.0036680848909891317,UN DESA
08_JPN,Japan,1994.0,Estimates,population_1jul,125286.86,0.0035797993459754096,UN DESA
08_JPN,Japan,1995.0,Estimates,population_1jul,125672.665,0.003079373208012326,UN DESA
08_JPN,Japan,1996.0,Estimates,population_1jul,125975.302,0.002408137043962588,UN DESA
08_JPN,Japan,1997.0,Estimates,population_1jul,126265.929,0.0023070157037607952,UN DESA
08_JPN,Japan,1998.0,Estimates,population_1jul,126549.181,0.002243297160550606,UN DESA
08_JPN,Japan,1999.0,Estimates,population_1jul,126801.564,0.001994347162151966,UN DESA
08_JPN,Japan,2000.0,Estimates,population_1jul,127027.789,0.001784086827194109,UN DESA
08_JPN,Japan,2001.0,Estimates,population_1jul,127260.148,0.0018291981764713139,UN DESA
08_JPN,Japan,2002.0,Estimates,population_1jul,127484.598,0.0017637100343463885,UN DESA
08_JPN,Japan,2003.0,Estimates,population_1jul,127671.251,0.0014641219639726089,UN DESA
08_JPN,Japan,2004.0,Estimates,population_1jul,127815.774,0.0011319932942459587,UN DESA
08_JPN,Japan,2005.0,Estimates,population_1jul,127913.33,0.0007632547763627429,UN DESA
08_JPN,Japan,2006.0,Estimates,population_1jul,127997.247,0.0006560457772462058,UN DESA
08_JPN,Japan,2007.0,Estimates,population_1jul,128087.682,0.0007065386336004842,UN DESA
08_JPN,Japan,2008.0,Estimates,population_1jul,128155.99,0.0005332909373751971,UN DESA
08_JPN,Japan,2009.0,Estimates,population_1jul,128192.47,0.0002846531012712372,UN DESA
08_JPN,Japan,2010.0,Estimates,population_1jul,128185.275,-5.6126541598033874e-05,UN DESA
08_JPN,Japan,2011.0,Estimates,population_1jul,128096.432,-0.0006930827273257112,UN DESA
08_JPN,Japan,2012.0,Estimates,population_1jul,127928.285,-0.0013126595126395912,UN DESA
08_JPN,Japan,2013.0,Estimates,population_1jul,127723.645,-0.0015996462392973143,UN DESA
08_JPN,Japan,2014.0,Estimates,population_1jul,127486.605,-0.0018558818925031861,UN DESA
08_JPN,Japan,2015.0,Estimates,population_1jul,127275.872,-0.001652981503429296,UN DESA
08_JPN,Japan,2016.0,Estimates,population_1jul,127159.951,-0.0009107853529378707,UN DESA
08_JPN,Japan,2017.0,Estimates,population_1jul,127064.69,-0.0007491431008808114,UN DESA
08_JPN,Japan,2018.0,Estimates,population_1jul,126913.432,-0.0011904015191002149,UN DESA
08_JPN,Japan,2019.0,Estimates,population_1jul,126699.424,-0.0016862517751470296,UN DESA
08_JPN,Japan,2020.0,Estimates,population_1jul,126304.543,-0.003116675573836769,UN DESA
08_JPN,Japan,2021.0,Estimates,population_1jul,125679.338,-0.004949980302767165,UN DESA
08_JPN,Japan,2022.0,Estimates,population_1jul,124997.578,-0.0054245989106022074,UN DESA
08_JPN,Japan,2023.0,Estimates,population_1jul,124370.947,-0.005013145134700081,UN DESA
08_JPN,Japan,2024.0,High,population_1jul,123830.038,-0.004349158811181142,UN DESA
08_JPN,Japan,2025.0,High,population_1jul,123333.678,-0.004008397380932727,UN DESA
08_JPN,Japan,2026.0,High,population_1jul,122809.705,-0.004248417857124154,UN DESA
08_JPN,Japan,2027.0,High,population_1jul,122264.949,-0.004435773215154315,UN DESA
08_JPN,Japan,2028.0,High,population_1jul,121706.736,-0.0045656012174020155,UN DESA
08_JPN,Japan,2029.0,High,population_1jul,121184.42,-0.004291594838267687,UN DESA
08_JPN,Japan,2030.0,High,population_1jul,120698.725,-0.004007899695356865,UN DESA
08_JPN,Japan,2031.0,High,population_1jul,120204.749,-0.004092636438371766,UN DESA
08_JPN,Japan,2032.0,High,population_1jul,119704.944,-0.0041579472038995036,UN DESA
08_JPN,Japan,2033.0,High,population_1jul,119201.709,-0.004203961701030545,UN DESA
08_JPN,Japan,2034.0,High,population_1jul,118724.778,-0.004001041629361213,UN DESA
08_JPN,Japan,2035.0,High,population_1jul,118273.436,-0.0038015821768898617,UN DESA
08_JPN,Japan,2036.0,High,population_1jul,117822.678,-0.0038111516435525017,UN DESA
08_JPN,Japan,2037.0,High,population_1jul,117374.81,-0.0038012037037555846,UN DESA
08_JPN,Japan,2038.0,High,population_1jul,116931.612,-0.0037759209152288253,UN DESA
08_JPN,Japan,2039.0,High,population_1jul,116493.16,-0.0037496447068564587,UN DESA
08_JPN,Japan,2040.0,High,population_1jul,116057.291,-0.0037415844844452817,UN DESA
08_JPN,Japan,2041.0,High,population_1jul,115621.126,-0.003758186980256095,UN DESA
08_JPN,Japan,2042.0,High,population_1jul,115189.614,-0.003732120719876053,UN DESA
08_JPN,Japan,2043.0,High,population_1jul,114766.629,-0.0036720758522552632,UN DESA
08_JPN,Japan,2044.0,High,population_1jul,114348.728,-0.003641311099239486,UN DESA
08_JPN,Japan,2045.0,High,population_1jul,113933.69,-0.0036295812577818998,UN DESA
08_JPN,Japan,2046.0,High,population_1jul,113522.005,-0.003613373708865164,UN DESA
08_JPN,Japan,2047.0,High,population_1jul,113116.247,-0.0035742673854289864,UN DESA
08_JPN,Japan,2048.0,High,population_1jul,112716.709,-0.0035321009191544572,UN DESA
08_JPN,Japan,2049.0,High,population_1jul,112320.97,-0.0035109169129485807,UN DESA
08_JPN,Japan,2050.0,High,population_1jul,111927.445,-0.0035035755122128087,UN DESA
08_JPN,Japan,2051.0,High,population_1jul,111536.432,-0.003493450600967507,UN DESA
08_JPN,Japan,2052.0,High,population_1jul,111142.851,-0.00352872144950811,UN DESA
08_JPN,Japan,2053.0,High,population_1jul,110749.145,-0.003542342098098561,UN DESA
08_JPN,Japan,2054.0,High,population_1jul,110352.186,-0.0035843075808846825,UN DESA
08_JPN,Japan,2055.0,High,population_1jul,109952.86,-0.0036186505630255716,UN DESA
08_JPN,Japan,2056.0,High,population_1jul,109553.917,-0.003628309440973143,UN DESA
08_JPN,Japan,2057.0,High,population_1jul,109153.975,-0.0036506408073021523,UN DESA
08_JPN,Japan,2058.0,High,population_1jul,108758.778,-0.003620546113872636,UN DESA
08_JPN,Japan,2059.0,High,population_1jul,108363.472,-0.00363470431784374,UN DESA
08_JPN,Japan,2060.0,High,population_1jul,107971.197,-0.0036199929068347902,UN DESA
08_JPN,Japan,2061.0,High,population_1jul,107589.708,-0.003533247853128807,UN DESA
08_JPN,Japan,2062.0,High,population_1jul,107219.317,-0.0034426248280179372,UN DESA
08_JPN,Japan,2063.0,High,population_1jul,106861.349,-0.003338652119934671,UN DESA
08_JPN,Japan,2064.0,High,population_1jul,106516.657,-0.003225600305682086,UN DESA
08_JPN,Japan,2065.0,High,population_1jul,106182.34,-0.0031386358661257274,UN DESA
08_JPN,Japan,2066.0,High,population_1jul,105862.307,-0.003013994605882586,UN DESA
08_JPN,Japan,2067.0,High,population_1jul,105563.635,-0.0028213252522449883,UN DESA
08_JPN,Japan,2068.0,High,population_1jul,105282.564,-0.002662574095710135,UN DESA
08_JPN,Japan,2069.0,High,population_1jul,105020.648,-0.0024877433646087743,UN DESA
08_JPN,Japan,2070.0,High,population_1jul,104780.433,-0.0022873121102813254,UN DESA
08_JPN,Japan,2071.0,High,population_1jul,104566.983,-0.002037116987291032,UN DESA
08_JPN,Japan,2072.0,High,population_1jul,104383.255,-0.001757036444285598,UN DESA
08_JPN,Japan,2073.0,High,population_1jul,104223.443,-0.0015310118466799194,UN DESA
08_JPN,Japan,2074.0,High,population_1jul,104092.08,-0.0012603978166408902,UN DESA
08_JPN,Japan,2075.0,High,population_1jul,103991.772,-0.000963646801946938,UN DESA
08_JPN,Japan,2076.0,High,population_1jul,103918.615,-0.0007034883490589783,UN DESA
08_JPN,Japan,2077.0,High,population_1jul,103868.958,-0.0004778450906028908,UN DESA
08_JPN,Japan,2078.0,High,population_1jul,103842.121,-0.0002583736326690067,UN DESA
08_JPN,Japan,2079.0,High,population_1jul,103838.137,-3.836593437833713e-05,UN DESA
08_JPN,Japan,2080.0,High,population_1jul,103852.267,0.00013607717172359202,UN DESA
08_JPN,Japan,2081.0,High,population_1jul,103883.612,0.0003018229732045796,UN DESA
08_JPN,Japan,2082.0,High,population_1jul,103930.414,0.00045052341845797095,UN DESA
08_JPN,Japan,2083.0,High,population_1jul,103990.14,0.0005746729730142786,UN DESA
08_JPN,Japan,2084.0,High,population_1jul,104060.52,0.0006767949345967139,UN DESA
08_JPN,Japan,2085.0,High,population_1jul,104138.974,0.0007539266572951231,UN DESA
08_JPN,Japan,2086.0,High,population_1jul,104227.321,0.0008483567352985943,UN DESA
08_JPN,Japan,2087.0,High,population_1jul,104326.876,0.0009551718210238924,UN DESA
08_JPN,Japan,2088.0,High,population_1jul,104437.058,0.0010561228728827032,UN DESA
08_JPN,Japan,2089.0,High,population_1jul,104555.045,0.0011297426628007479,UN DESA
08_JPN,Japan,2090.0,High,population_1jul,104680.58,0.0012006594229863055,UN DESA
08_JPN,Japan,2091.0,High,population_1jul,104815.001,0.0012841063738853187,UN DESA
08_JPN,Japan,2092.0,High,population_1jul,104955.769,0.001343013868787768,UN DESA
08_JPN,Japan,2093.0,High,population_1jul,105103.837,0.0014107657102679916,UN DESA
08_JPN,Japan,2094.0,High,population_1jul,105263.376,0.0015179179424249511,UN DESA
08_JPN,Japan,2095.0,High,population_1jul,105433.086,0.0016122416594352984,UN DESA
08_JPN,Japan,2096.0,High,population_1jul,105610.378,0.0016815594300256809,UN DESA
08_JPN,Japan,2097.0,High,population_1jul,105798.542,0.001781680963209853,UN DESA
08_JPN,Japan,2098.0,High,population_1jul,105997.907,0.0018843832460375687,UN DESA
08_JPN,Japan,2099.0,High,population_1jul,106202.876,0.0019337079929322432,UN DESA
08_JPN,Japan,2100.0,High,population_1jul,106414.196,0.0019897766233749614,UN DESA
09_ROK,Korea,1950.0,Estimates,population_1jul,19757.321,,UN DESA
09_ROK,Korea,1951.0,Estimates,population_1jul,19868.99,0.005652031467221708,UN DESA
09_ROK,Korea,1952.0,Estimates,population_1jul,20229.879,0.018163429545235976,UN DESA
09_ROK,Korea,1953.0,Estimates,population_1jul,20775.325,0.02696239557339908,UN DESA
09_ROK,Korea,1954.0,Estimates,population_1jul,21415.573,0.03081771283963075,UN DESA
09_ROK,Korea,1955.0,Estimates,population_1jul,22125.103,0.0331314973454131,UN DESA
09_ROK,Korea,1956.0,Estimates,population_1jul,22874.434,0.033867910129051326,UN DESA
09_ROK,Korea,1957.0,Estimates,population_1jul,23660.791,0.034377112893809736,UN DESA
09_ROK,Korea,1958.0,Estimates,population_1jul,24473.927,0.03436639121659124,UN DESA
09_ROK,Korea,1959.0,Estimates,population_1jul,25298.233,0.03368098630023697,UN DESA
09_ROK,Korea,1960.0,Estimates,population_1jul,26115.379,0.03230051679894008,UN DESA
09_ROK,Korea,1961.0,Estimates,population_1jul,26852.951,0.028242821978574417,UN DESA
09_ROK,Korea,1962.0,Estimates,population_1jul,27509.237,0.024439995440352247,UN DESA
09_ROK,Korea,1963.0,Estimates,population_1jul,28145.54,0.02313052157717066,UN DESA
09_ROK,Korea,1964.0,Estimates,population_1jul,28744.977,0.021297761563643824,UN DESA
09_ROK,Korea,1965.0,Estimates,population_1jul,29284.338,0.01876366086499215,UN DESA
09_ROK,Korea,1966.0,Estimates,population_1jul,29845.941,0.019177589058014588,UN DESA
09_ROK,Korea,1967.0,Estimates,population_1jul,30495.728,0.021771369178810618,UN DESA
09_ROK,Korea,1968.0,Estimates,population_1jul,31175.29,0.02228384251066262,UN DESA
09_ROK,Korea,1969.0,Estimates,population_1jul,31852.761,0.021731024795599296,UN DESA
09_ROK,Korea,1970.0,Estimates,population_1jul,32542.197,0.021644465922436185,UN DESA
09_ROK,Korea,1971.0,Estimates,population_1jul,33239.853,0.021438503368411244,UN DESA
09_ROK,Korea,1972.0,Estimates,population_1jul,33936.465,0.0209571323916502,UN DESA
09_ROK,Korea,1973.0,Estimates,population_1jul,34625.849,0.020313960219486837,UN DESA
09_ROK,Korea,1974.0,Estimates,population_1jul,35287.837,0.01911831822520793,UN DESA
09_ROK,Korea,1975.0,Estimates,population_1jul,35875.743,0.016660301395067245,UN DESA
09_ROK,Korea,1976.0,Estimates,population_1jul,36379.925,0.01405356259799273,UN DESA
09_ROK,Korea,1977.0,Estimates,population_1jul,36843.637,0.01274637042269866,UN DESA
09_ROK,Korea,1978.0,Estimates,population_1jul,37281.935,0.011896165408425752,UN DESA
09_ROK,Korea,1979.0,Estimates,population_1jul,37710.899,0.011505947853833298,UN DESA
09_ROK,Korea,1980.0,Estimates,population_1jul,38141.107,0.011408054737703344,UN DESA
09_ROK,Korea,1981.0,Estimates,population_1jul,38689.189,0.014369850355942626,UN DESA
09_ROK,Korea,1982.0,Estimates,population_1jul,39356.154,0.01723905352474575,UN DESA
09_ROK,Korea,1983.0,Estimates,population_1jul,40000.941,0.016383384413019453,UN DESA
09_ROK,Korea,1984.0,Estimates,population_1jul,40598.3,0.014933623686502973,UN DESA
09_ROK,Korea,1985.0,Estimates,population_1jul,41148.963,0.013563696016828386,UN DESA
09_ROK,Korea,1986.0,Estimates,population_1jul,41718.505,0.013840980634189926,UN DESA
09_ROK,Korea,1987.0,Estimates,population_1jul,42322.092,0.014468087962404175,UN DESA
09_ROK,Korea,1988.0,Estimates,population_1jul,42922.977,0.014197904016653995,UN DESA
09_ROK,Korea,1989.0,Estimates,population_1jul,43524.767,0.014020229771108506,UN DESA
09_ROK,Korea,1990.0,Estimates,population_1jul,44081.427,0.012789499826616035,UN DESA
09_ROK,Korea,1991.0,Estimates,population_1jul,44439.15,0.008115050358963982,UN DESA
09_ROK,Korea,1992.0,Estimates,population_1jul,44653.695,0.0048278376161559056,UN DESA
09_ROK,Korea,1993.0,Estimates,population_1jul,44887.724,0.005240977258432977,UN DESA
09_ROK,Korea,1994.0,Estimates,population_1jul,45130.84,0.00541609104529317,UN DESA
09_ROK,Korea,1995.0,Estimates,population_1jul,45368.425,0.005264360246784783,UN DESA
09_ROK,Korea,1996.0,Estimates,population_1jul,45638.7,0.00595733706867696,UN DESA
09_ROK,Korea,1997.0,Estimates,population_1jul,45941.537,0.00663553081047441,UN DESA
09_ROK,Korea,1998.0,Estimates,population_1jul,46230.878,0.006298026119587519,UN DESA
09_ROK,Korea,1999.0,Estimates,population_1jul,46500.383,0.005829545352783683,UN DESA
09_ROK,Korea,2000.0,Estimates,population_1jul,46766.661,0.005726361436635852,UN DESA
09_ROK,Korea,2001.0,Estimates,population_1jul,47043.468,0.005918895941705138,UN DESA
09_ROK,Korea,2002.0,Estimates,population_1jul,47299.12,0.005434378264799644,UN DESA
09_ROK,Korea,2003.0,Estimates,population_1jul,47514.16,0.004546384795319769,UN DESA
09_ROK,Korea,2004.0,Estimates,population_1jul,47697.075,0.003849694491073752,UN DESA
09_ROK,Korea,2005.0,Estimates,population_1jul,47851.644,0.0032406389699997096,UN DESA
09_ROK,Korea,2006.0,Estimates,population_1jul,48006.518,0.0032365450181814914,UN DESA
09_ROK,Korea,2007.0,Estimates,population_1jul,48178.118,0.003574514610703572,UN DESA
09_ROK,Korea,2008.0,Estimates,population_1jul,48356.493,0.003702406972393657,UN DESA
09_ROK,Korea,2009.0,Estimates,population_1jul,48546.687,0.003933163639472381,UN DESA
09_ROK,Korea,2010.0,Estimates,population_1jul,48769.332,0.004586203791826282,UN DESA
09_ROK,Korea,2011.0,Estimates,population_1jul,49127.643,0.007347055727562335,UN DESA
09_ROK,Korea,2012.0,Estimates,population_1jul,49599.579,0.009606322859820438,UN DESA
09_ROK,Korea,2013.0,Estimates,population_1jul,50071.164,0.009507842798423649,UN DESA
09_ROK,Korea,2014.0,Estimates,population_1jul,50539.056,0.009344540102962151,UN DESA
09_ROK,Korea,2015.0,Estimates,population_1jul,50983.912,0.008802222186342412,UN DESA
09_ROK,Korea,2016.0,Estimates,population_1jul,51297.839,0.006157373722126325,UN DESA
09_ROK,Korea,2017.0,Estimates,population_1jul,51486.27,0.0036732736441391634,UN DESA
09_ROK,Korea,2018.0,Estimates,population_1jul,51640.894,0.003003208428188797,UN DESA
09_ROK,Korea,2019.0,Estimates,population_1jul,51767.846,0.002458361778167495,UN DESA
09_ROK,Korea,2020.0,Estimates,population_1jul,51858.482,0.0017508165203552473,UN DESA
09_ROK,Korea,2021.0,Estimates,population_1jul,51848.397,-0.0001944715620485482,UN DESA
09_ROK,Korea,2022.0,Estimates,population_1jul,51782.512,-0.0012707239531435377,UN DESA
09_ROK,Korea,2023.0,Estimates,population_1jul,51748.739,-0.0006522086066431676,UN DESA
09_ROK,Korea,2024.0,High,population_1jul,51758.57,0.00018997564365763608,UN DESA
09_ROK,Korea,2025.0,High,population_1jul,51789.914,0.0006055808728873124,UN DESA
09_ROK,Korea,2026.0,High,population_1jul,51805.064,0.00029252800072243623,UN DESA
09_ROK,Korea,2027.0,High,population_1jul,51805.139,1.447734916393273e-06,UN DESA
09_ROK,Korea,2028.0,High,population_1jul,51790.981,-0.00027329335029879775,UN DESA
09_ROK,Korea,2029.0,High,population_1jul,51786.246,-9.142518462823546e-05,UN DESA
09_ROK,Korea,2030.0,High,population_1jul,51788.19,3.7538924910762717e-05,UN DESA
09_ROK,Korea,2031.0,High,population_1jul,51772.95,-0.00029427558676997645,UN DESA
09_ROK,Korea,2032.0,High,population_1jul,51738.538,-0.0006646714162510392,UN DESA
09_ROK,Korea,2033.0,High,population_1jul,51680.971,-0.001112652236133993,UN DESA
09_ROK,Korea,2034.0,High,population_1jul,51613.997,-0.0012959121840028232,UN DESA
09_ROK,Korea,2035.0,High,population_1jul,51539.181,-0.0014495292817567895,UN DESA
09_ROK,Korea,2036.0,High,population_1jul,51442.495,-0.0018759708269324715,UN DESA
09_ROK,Korea,2037.0,High,population_1jul,51323.523,-0.002312718308083661,UN DESA
09_ROK,Korea,2038.0,High,population_1jul,51182.522,-0.0027472977644189545,UN DESA
09_ROK,Korea,2039.0,High,population_1jul,51022.139,-0.0031335501599548676,UN DESA
09_ROK,Korea,2040.0,High,population_1jul,50845.921,-0.0034537556334124364,UN DESA
09_ROK,Korea,2041.0,High,population_1jul,50653.179,-0.0037907072231025962,UN DESA
09_ROK,Korea,2042.0,High,population_1jul,50446.836,-0.004073643630540857,UN DESA
09_ROK,Korea,2043.0,High,population_1jul,50229.492,-0.0043083772389611585,UN DESA
09_ROK,Korea,2044.0,High,population_1jul,49996.26,-0.004643327868018132,UN DESA
09_ROK,Korea,2045.0,High,population_1jul,49747.247,-0.0049806325513148675,UN DESA
09_ROK,Korea,2046.0,High,population_1jul,49485.118,-0.0052692162040645085,UN DESA
09_ROK,Korea,2047.0,High,population_1jul,49204.02,-0.005680455283546215,UN DESA
09_ROK,Korea,2048.0,High,population_1jul,48900.482,-0.0061689674949322315,UN DESA
09_ROK,Korea,2049.0,High,population_1jul,48575.101,-0.006653942593040307,UN DESA
09_ROK,Korea,2050.0,High,population_1jul,48228.304,-0.007139398433777977,UN DESA
09_ROK,Korea,2051.0,High,population_1jul,47860.257,-0.007631348595629639,UN DESA
09_ROK,Korea,2052.0,High,population_1jul,47469.255,-0.008169659431624066,UN DESA
09_ROK,Korea,2053.0,High,population_1jul,47062.366,-0.00857163231232505,UN DESA
09_ROK,Korea,2054.0,High,population_1jul,46647.891,-0.008806930786267708,UN DESA
09_ROK,Korea,2055.0,High,population_1jul,46225.234,-0.009060581109658461,UN DESA
09_ROK,Korea,2056.0,High,population_1jul,45793.442,-0.009341045196223252,UN DESA
09_ROK,Korea,2057.0,High,population_1jul,45354.206,-0.009591679088023275,UN DESA
09_ROK,Korea,2058.0,High,population_1jul,44910.508,-0.009782951552497643,UN DESA
09_ROK,Korea,2059.0,High,population_1jul,44470.622,-0.009794723319540233,UN DESA
09_ROK,Korea,2060.0,High,population_1jul,44037.602,-0.009737214829151797,UN DESA
09_ROK,Korea,2061.0,High,population_1jul,43615.077,-0.009594641415761052,UN DESA
09_ROK,Korea,2062.0,High,population_1jul,43202.341,-0.009463149635159374,UN DESA
09_ROK,Korea,2063.0,High,population_1jul,42797.704,-0.009366089675557188,UN DESA
09_ROK,Korea,2064.0,High,population_1jul,42404.23,-0.009193810957709214,UN DESA
09_ROK,Korea,2065.0,High,population_1jul,42021.094,-0.009035325013565965,UN DESA
09_ROK,Korea,2066.0,High,population_1jul,41648.812,-0.008859407610853687,UN DESA
09_ROK,Korea,2067.0,High,population_1jul,41285.423,-0.00872507479925222,UN DESA
09_ROK,Korea,2068.0,High,population_1jul,40930.726,-0.008591337431615997,UN DESA
09_ROK,Korea,2069.0,High,population_1jul,40580.726,-0.008551033275099984,UN DESA
09_ROK,Korea,2070.0,High,population_1jul,40233.959,-0.008545115728092245,UN DESA
09_ROK,Korea,2071.0,High,population_1jul,39894.554,-0.00843578430847447,UN DESA
09_ROK,Korea,2072.0,High,population_1jul,39562.393,-0.008325973515081797,UN DESA
09_ROK,Korea,2073.0,High,population_1jul,39237.898,-0.008202107491323773,UN DESA
09_ROK,Korea,2074.0,High,population_1jul,38920.005,-0.008101682715011993,UN DESA
09_ROK,Korea,2075.0,High,population_1jul,38607.969,-0.008017367931992814,UN DESA
09_ROK,Korea,2076.0,High,population_1jul,38301.646,-0.007934190995646406,UN DESA
09_ROK,Korea,2077.0,High,population_1jul,37999.897,-0.007878225390104743,UN DESA
09_ROK,Korea,2078.0,High,population_1jul,37703.188,-0.00780815274315072,UN DESA
09_ROK,Korea,2079.0,High,population_1jul,37411.548,-0.007735154915812448,UN DESA
09_ROK,Korea,2080.0,High,population_1jul,37123.229,-0.00770668457771384,UN DESA
09_ROK,Korea,2081.0,High,population_1jul,36835.997,-0.007737257984751222,UN DESA
09_ROK,Korea,2082.0,High,population_1jul,36551.699,-0.007717939601309065,UN DESA
09_ROK,Korea,2083.0,High,population_1jul,36271.05,-0.0076781382993987846,UN DESA
09_ROK,Korea,2084.0,High,population_1jul,35993.586,-0.0076497371870954955,UN DESA
09_ROK,Korea,2085.0,High,population_1jul,35718.56,-0.007640972477707675,UN DESA
09_ROK,Korea,2086.0,High,population_1jul,35445.363,-0.00764860061547834,UN DESA
09_ROK,Korea,2087.0,High,population_1jul,35174.863,-0.007631463669874106,UN DESA
09_ROK,Korea,2088.0,High,population_1jul,34908.202,-0.007581010336841998,UN DESA
09_ROK,Korea,2089.0,High,population_1jul,34646.836,-0.007487237526584534,UN DESA
09_ROK,Korea,2090.0,High,population_1jul,34391.442,-0.0073713513118485174,UN DESA
09_ROK,Korea,2091.0,High,population_1jul,34143.851,-0.007199203801922627,UN DESA
09_ROK,Korea,2092.0,High,population_1jul,33905.317,-0.006986148106140733,UN DESA
09_ROK,Korea,2093.0,High,population_1jul,33677.554,-0.006717618950443871,UN DESA
09_ROK,Korea,2094.0,High,population_1jul,33462.192,-0.006394823091961932,UN DESA
09_ROK,Korea,2095.0,High,population_1jul,33259.308,-0.006063081581744734,UN DESA
09_ROK,Korea,2096.0,High,population_1jul,33070.395,-0.005680003925517596,UN DESA
09_ROK,Korea,2097.0,High,population_1jul,32895.923,-0.005275776113348285,UN DESA
09_ROK,Korea,2098.0,High,population_1jul,32733.331,-0.004942618573128499,UN DESA
09_ROK,Korea,2099.0,High,population_1jul,32582.586,-0.004605244727461377,UN DESA
09_ROK,Korea,2100.0,High,population_1jul,32442.656,-0.004294625356010773,UN DESA
10_MAS,Malaysia,1950.0,Estimates,population_1jul,6098.283,,UN DESA
10_MAS,Malaysia,1951.0,Estimates,population_1jul,6257.417,0.02609488605235266,UN DESA
10_MAS,Malaysia,1952.0,Estimates,population_1jul,6422.846,0.026437266367256518,UN DESA
10_MAS,Malaysia,1953.0,Estimates,population_1jul,6593.943,0.026638814008618672,UN DESA
10_MAS,Malaysia,1954.0,Estimates,population_1jul,6772.378,0.02706044016455711,UN DESA
10_MAS,Malaysia,1955.0,Estimates,population_1jul,6959.963,0.027698542520810276,UN DESA
10_MAS,Malaysia,1956.0,Estimates,population_1jul,7156.626,0.02825632837415948,UN DESA
10_MAS,Malaysia,1957.0,Estimates,population_1jul,7362.822,0.02881190102710418,UN DESA
10_MAS,Malaysia,1958.0,Estimates,population_1jul,7562.878,0.0271711036882325,UN DESA
10_MAS,Malaysia,1959.0,Estimates,population_1jul,7755.786,0.025507220928329133,UN DESA
10_MAS,Malaysia,1960.0,Estimates,population_1jul,7956.197,0.025840192083690816,UN DESA
10_MAS,Malaysia,1961.0,Estimates,population_1jul,8164.443,0.026174062809153575,UN DESA
10_MAS,Malaysia,1962.0,Estimates,population_1jul,8380.172,0.026422990521214995,UN DESA
10_MAS,Malaysia,1963.0,Estimates,population_1jul,8602.16,0.026489671095056178,UN DESA
10_MAS,Malaysia,1964.0,Estimates,population_1jul,8828.406,0.026301068568824748,UN DESA
10_MAS,Malaysia,1965.0,Estimates,population_1jul,9056.408,0.025825953178863603,UN DESA
10_MAS,Malaysia,1966.0,Estimates,population_1jul,9284.688,0.025206461546343872,UN DESA
10_MAS,Malaysia,1967.0,Estimates,population_1jul,9507.099,0.023954601382405016,UN DESA
10_MAS,Malaysia,1968.0,Estimates,population_1jul,9725.281,0.022949377091792122,UN DESA
10_MAS,Malaysia,1969.0,Estimates,population_1jul,9947.597,0.02285959655047498,UN DESA
10_MAS,Malaysia,1970.0,Estimates,population_1jul,10178.802,0.02324229660690924,UN DESA
10_MAS,Malaysia,1971.0,Estimates,population_1jul,10423.453,0.02403534325552248,UN DESA
10_MAS,Malaysia,1972.0,Estimates,population_1jul,10676.835,0.02430883508564774,UN DESA
10_MAS,Malaysia,1973.0,Estimates,population_1jul,10935.621,0.024238081791092547,UN DESA
10_MAS,Malaysia,1974.0,Estimates,population_1jul,11200.906,0.024258796093975965,UN DESA
10_MAS,Malaysia,1975.0,Estimates,population_1jul,11471.914,0.024195185639447336,UN DESA
10_MAS,Malaysia,1976.0,Estimates,population_1jul,11750.097,0.02424904858945065,UN DESA
10_MAS,Malaysia,1977.0,Estimates,population_1jul,12035.713,0.02430754401431745,UN DESA
10_MAS,Malaysia,1978.0,Estimates,population_1jul,12328.157,0.024298020399788456,UN DESA
10_MAS,Malaysia,1979.0,Estimates,population_1jul,12627.862,0.024310608633553166,UN DESA
10_MAS,Malaysia,1980.0,Estimates,population_1jul,12983.363,0.028152113160565095,UN DESA
10_MAS,Malaysia,1981.0,Estimates,population_1jul,13399.203,0.032028681628943234,UN DESA
10_MAS,Malaysia,1982.0,Estimates,population_1jul,13832.798,0.03235976050217326,UN DESA
10_MAS,Malaysia,1983.0,Estimates,population_1jul,14285.907,0.03275613509284225,UN DESA
10_MAS,Malaysia,1984.0,Estimates,population_1jul,14759.009,0.033116693255808016,UN DESA
10_MAS,Malaysia,1985.0,Estimates,population_1jul,15252.258,0.033420197792412676,UN DESA
10_MAS,Malaysia,1986.0,Estimates,population_1jul,15760.419,0.03331709967140606,UN DESA
10_MAS,Malaysia,1987.0,Estimates,population_1jul,16276.737,0.0327604234379808,UN DESA
10_MAS,Malaysia,1988.0,Estimates,population_1jul,16796.605,0.03193932543113531,UN DESA
10_MAS,Malaysia,1989.0,Estimates,population_1jul,17314.997,0.030862903545091358,UN DESA
10_MAS,Malaysia,1990.0,Estimates,population_1jul,17833.171,0.029926311855555054,UN DESA
10_MAS,Malaysia,1991.0,Estimates,population_1jul,18342.464,0.028558745945967745,UN DESA
10_MAS,Malaysia,1992.0,Estimates,population_1jul,18834.572,0.026828892781253444,UN DESA
10_MAS,Malaysia,1993.0,Estimates,population_1jul,19322.664,0.025914684973993518,UN DESA
10_MAS,Malaysia,1994.0,Estimates,population_1jul,19820.446,0.025761561656301613,UN DESA
10_MAS,Malaysia,1995.0,Estimates,population_1jul,20330.599,0.025738724547368808,UN DESA
10_MAS,Malaysia,1996.0,Estimates,population_1jul,20850.087,0.025552026283141016,UN DESA
10_MAS,Malaysia,1997.0,Estimates,population_1jul,21375.218,0.02518603399592534,UN DESA
10_MAS,Malaysia,1998.0,Estimates,population_1jul,21906.713,0.024865009563878937,UN DESA
10_MAS,Malaysia,1999.0,Estimates,population_1jul,22435.531,0.02413954115343553,UN DESA
10_MAS,Malaysia,2000.0,Estimates,population_1jul,22967.816,0.02372509034887571,UN DESA
10_MAS,Malaysia,2001.0,Estimates,population_1jul,23526.538,0.024326300767996578,UN DESA
10_MAS,Malaysia,2002.0,Estimates,population_1jul,24102.477,0.024480397413338073,UN DESA
10_MAS,Malaysia,2003.0,Estimates,population_1jul,24679.602,0.02394463440417338,UN DESA
10_MAS,Malaysia,2004.0,Estimates,population_1jul,25256.772,0.023386519766404712,UN DESA
10_MAS,Malaysia,2005.0,Estimates,population_1jul,25836.071,0.02293638316092017,UN DESA
10_MAS,Malaysia,2006.0,Estimates,population_1jul,26417.909,0.02252037471177415,UN DESA
10_MAS,Malaysia,2007.0,Estimates,population_1jul,26998.389,0.021972972955581094,UN DESA
10_MAS,Malaysia,2008.0,Estimates,population_1jul,27570.059,0.021174226358469106,UN DESA
10_MAS,Malaysia,2009.0,Estimates,population_1jul,28124.778,0.02012034141820296,UN DESA
10_MAS,Malaysia,2010.0,Estimates,population_1jul,28655.776,0.018880077915637283,UN DESA
10_MAS,Malaysia,2011.0,Estimates,population_1jul,29162.039,0.01766704904449279,UN DESA
10_MAS,Malaysia,2012.0,Estimates,population_1jul,29662.831,0.01717273610394665,UN DESA
10_MAS,Malaysia,2013.0,Estimates,population_1jul,30174.265,0.017241577514971462,UN DESA
10_MAS,Malaysia,2014.0,Estimates,population_1jul,30696.137,0.017295268004042574,UN DESA
10_MAS,Malaysia,2015.0,Estimates,population_1jul,31232.798,0.017483014230748273,UN DESA
10_MAS,Malaysia,2016.0,Estimates,population_1jul,31789.685,0.017830198882597736,UN DESA
10_MAS,Malaysia,2017.0,Estimates,population_1jul,32355.644,0.017803227682186895,UN DESA
10_MAS,Malaysia,2018.0,Estimates,population_1jul,32910.967,0.017163095254725702,UN DESA
10_MAS,Malaysia,2019.0,Estimates,population_1jul,33440.596,0.01609278147311799,UN DESA
10_MAS,Malaysia,2020.0,Estimates,population_1jul,33889.558,0.013425657844136518,UN DESA
10_MAS,Malaysia,2021.0,Estimates,population_1jul,34282.399,0.011591800636644445,UN DESA
10_MAS,Malaysia,2022.0,Estimates,population_1jul,34695.493,0.012049740159666422,UN DESA
10_MAS,Malaysia,2023.0,Estimates,population_1jul,35126.298,0.012416742428188021,UN DESA
10_MAS,Malaysia,2024.0,High,population_1jul,35593.128,0.013290042691091353,UN DESA
10_MAS,Malaysia,2025.0,High,population_1jul,36084.489,0.013804940099673368,UN DESA
10_MAS,Malaysia,2026.0,High,population_1jul,36563.547,0.01327600897992487,UN DESA
10_MAS,Malaysia,2027.0,High,population_1jul,37035.876,0.012918030080615539,UN DESA
10_MAS,Malaysia,2028.0,High,population_1jul,37506.465,0.012706301317133795,UN DESA
10_MAS,Malaysia,2029.0,High,population_1jul,37993.571,0.012987254330686815,UN DESA
10_MAS,Malaysia,2030.0,High,population_1jul,38499.329,0.013311673177548666,UN DESA
10_MAS,Malaysia,2031.0,High,population_1jul,39004.368,0.013118124734070147,UN DESA
10_MAS,Malaysia,2032.0,High,population_1jul,39504.545,0.012823615037167002,UN DESA
10_MAS,Malaysia,2033.0,High,population_1jul,39994.151,0.01239366255199248,UN DESA
10_MAS,Malaysia,2034.0,High,population_1jul,40489.829,0.012393762277889131,UN DESA
10_MAS,Malaysia,2035.0,High,population_1jul,40998.083,0.01255263389726835,UN DESA
10_MAS,Malaysia,2036.0,High,population_1jul,41501.894,0.012288647739944425,UN DESA
10_MAS,Malaysia,2037.0,High,population_1jul,41999.49,0.01198971786685199,UN DESA
10_MAS,Malaysia,2038.0,High,population_1jul,42493.211,0.01175540464896141,UN DESA
10_MAS,Malaysia,2039.0,High,population_1jul,42978.969,0.011431426069449024,UN DESA
10_MAS,Malaysia,2040.0,High,population_1jul,43456.351,0.011107339499000224,UN DESA
10_MAS,Malaysia,2041.0,High,population_1jul,43929.245,0.010882045756672065,UN DESA
10_MAS,Malaysia,2042.0,High,population_1jul,44399.164,0.010697179066018414,UN DESA
10_MAS,Malaysia,2043.0,High,population_1jul,44864.504,0.010480827972346507,UN DESA
10_MAS,Malaysia,2044.0,High,population_1jul,45316.069,0.010065083969277966,UN DESA
10_MAS,Malaysia,2045.0,High,population_1jul,45752.87,0.009638987000395005,UN DESA
10_MAS,Malaysia,2046.0,High,population_1jul,46180.625,0.009349249566201978,UN DESA
10_MAS,Malaysia,2047.0,High,population_1jul,46599.526,0.009070925306879252,UN DESA
10_MAS,Malaysia,2048.0,High,population_1jul,47003.543,0.008669980892080265,UN DESA
10_MAS,Malaysia,2049.0,High,population_1jul,47391.923,0.00826278138224601,UN DESA
10_MAS,Malaysia,2050.0,High,population_1jul,47772.923,0.00803934459464739,UN DESA
10_MAS,Malaysia,2051.0,High,population_1jul,48145.778,0.00780473491228495,UN DESA
10_MAS,Malaysia,2052.0,High,population_1jul,48508.871,0.00754153354838305,UN DESA
10_MAS,Malaysia,2053.0,High,population_1jul,48866.296,0.0073682399246108865,UN DESA
10_MAS,Malaysia,2054.0,High,population_1jul,49214.759,0.007130947678129607,UN DESA
10_MAS,Malaysia,2055.0,High,population_1jul,49551.136,0.006834880569058566,UN DESA
10_MAS,Malaysia,2056.0,High,population_1jul,49881.544,0.0066680206887690385,UN DESA
10_MAS,Malaysia,2057.0,High,population_1jul,50210.395,0.006592638752320745,UN DESA
10_MAS,Malaysia,2058.0,High,population_1jul,50536.998,0.006504688919495738,UN DESA
10_MAS,Malaysia,2059.0,High,population_1jul,50864.965,0.006489641509770605,UN DESA
10_MAS,Malaysia,2060.0,High,population_1jul,51191.516,0.006419959199814862,UN DESA
10_MAS,Malaysia,2061.0,High,population_1jul,51514.645,0.0063121592257591175,UN DESA
10_MAS,Malaysia,2062.0,High,population_1jul,51833.952,0.006198373297535031,UN DESA
10_MAS,Malaysia,2063.0,High,population_1jul,52147.261,0.0060444744788126226,UN DESA
10_MAS,Malaysia,2064.0,High,population_1jul,52460.625,0.006009213024630311,UN DESA
10_MAS,Malaysia,2065.0,High,population_1jul,52771.277,0.005921622169007712,UN DESA
10_MAS,Malaysia,2066.0,High,population_1jul,53074.747,0.005750666219428435,UN DESA
10_MAS,Malaysia,2067.0,High,population_1jul,53374.276,0.005643531376607225,UN DESA
10_MAS,Malaysia,2068.0,High,population_1jul,53670.149,0.0055433632486181494,UN DESA
10_MAS,Malaysia,2069.0,High,population_1jul,53965.234,0.00549812149766904,UN DESA
10_MAS,Malaysia,2070.0,High,population_1jul,54258.962,0.005442911634553571,UN DESA
10_MAS,Malaysia,2071.0,High,population_1jul,54548.84,0.005342490702273217,UN DESA
10_MAS,Malaysia,2072.0,High,population_1jul,54833.287,0.005214538017673798,UN DESA
10_MAS,Malaysia,2073.0,High,population_1jul,55107.791,0.0050061562058099085,UN DESA
10_MAS,Malaysia,2074.0,High,population_1jul,55375.543,0.004858695932849155,UN DESA
10_MAS,Malaysia,2075.0,High,population_1jul,55638.484,0.004748323641720287,UN DESA
10_MAS,Malaysia,2076.0,High,population_1jul,55897.376,0.004653110246497727,UN DESA
10_MAS,Malaysia,2077.0,High,population_1jul,56146.56,0.004457883675970775,UN DESA
10_MAS,Malaysia,2078.0,High,population_1jul,56382.613,0.004204229074764365,UN DESA
10_MAS,Malaysia,2079.0,High,population_1jul,56611.957,0.004067636950419562,UN DESA
10_MAS,Malaysia,2080.0,High,population_1jul,56831.418,0.003876583881387452,UN DESA
10_MAS,Malaysia,2081.0,High,population_1jul,57045.559,0.0037680038178882214,UN DESA
10_MAS,Malaysia,2082.0,High,population_1jul,57258.243,0.0037283182727685382,UN DESA
10_MAS,Malaysia,2083.0,High,population_1jul,57465.349,0.003617051260200288,UN DESA
10_MAS,Malaysia,2084.0,High,population_1jul,57671.306,0.003584020693931489,UN DESA
10_MAS,Malaysia,2085.0,High,population_1jul,57879.065,0.003602467403807541,UN DESA
10_MAS,Malaysia,2086.0,High,population_1jul,58084.284,0.003545651609955902,UN DESA
10_MAS,Malaysia,2087.0,High,population_1jul,58288.171,0.0035101921889921783,UN DESA
10_MAS,Malaysia,2088.0,High,population_1jul,58494.636,0.0035421423671022634,UN DESA
10_MAS,Malaysia,2089.0,High,population_1jul,58704.499,0.003587730676706924,UN DESA
10_MAS,Malaysia,2090.0,High,population_1jul,58917.694,0.0036316637333027035,UN DESA
10_MAS,Malaysia,2091.0,High,population_1jul,59134.726,0.0036836472248897856,UN DESA
10_MAS,Malaysia,2092.0,High,population_1jul,59356.073,0.003743096738116236,UN DESA
10_MAS,Malaysia,2093.0,High,population_1jul,59579.673,0.0037670955758815072,UN DESA
10_MAS,Malaysia,2094.0,High,population_1jul,59807.766,0.0038283694507688093,UN DESA
10_MAS,Malaysia,2095.0,High,population_1jul,60040.973,0.0038992762244287604,UN DESA
10_MAS,Malaysia,2096.0,High,population_1jul,60276.923,0.00392981639388168,UN DESA
10_MAS,Malaysia,2097.0,High,population_1jul,60517.749,0.003995326702393331,UN DESA
10_MAS,Malaysia,2098.0,High,population_1jul,60765.52,0.004094187310238473,UN DESA
10_MAS,Malaysia,2099.0,High,population_1jul,61017.76,0.004151038286186015,UN DESA
10_MAS,Malaysia,2100.0,High,population_1jul,61267.611,0.004094725863420745,UN DESA
11_MEX,Mexico,1950.0,Estimates,population_1jul,27587.939,,UN DESA
11_MEX,Mexico,1951.0,Estimates,population_1jul,28320.482,0.02655301651928399,UN DESA
11_MEX,Mexico,1952.0,Estimates,population_1jul,29090.173,0.027177891958194644,UN DESA
11_MEX,Mexico,1953.0,Estimates,population_1jul,29899.233,0.027812141234086152,UN DESA
11_MEX,Mexico,1954.0,Estimates,population_1jul,30753.005,0.028554979988951512,UN DESA
11_MEX,Mexico,1955.0,Estimates,population_1jul,31650.6,0.0291872290203834,UN DESA
11_MEX,Mexico,1956.0,Estimates,population_1jul,32587.934,0.029615046792162092,UN DESA
11_MEX,Mexico,1957.0,Estimates,population_1jul,33562.724,0.02991260507646798,UN DESA
11_MEX,Mexico,1958.0,Estimates,population_1jul,34575.068,0.03016274841100497,UN DESA
11_MEX,Mexico,1959.0,Estimates,population_1jul,35627.266,0.030432275650188245,UN DESA
11_MEX,Mexico,1960.0,Estimates,population_1jul,36724.615,0.030800819799083,UN DESA
11_MEX,Mexico,1961.0,Estimates,population_1jul,37890.118,0.03173628913468529,UN DESA
11_MEX,Mexico,1962.0,Estimates,population_1jul,39129.2,0.03270198313977257,UN DESA
11_MEX,Mexico,1963.0,Estimates,population_1jul,40424.065,0.03309203868210964,UN DESA
11_MEX,Mexico,1964.0,Estimates,population_1jul,41772.049,0.03334607739226603,UN DESA
11_MEX,Mexico,1965.0,Estimates,population_1jul,43174.477,0.03357335906601078,UN DESA
11_MEX,Mexico,1966.0,Estimates,population_1jul,44629.106,0.033691873094374714,UN DESA
11_MEX,Mexico,1967.0,Estimates,population_1jul,46129.608,0.03362160111385615,UN DESA
11_MEX,Mexico,1968.0,Estimates,population_1jul,47668.303,0.03335590885576134,UN DESA
11_MEX,Mexico,1969.0,Estimates,population_1jul,49233.194,0.03282875415136988,UN DESA
11_MEX,Mexico,1970.0,Estimates,population_1jul,50814.953,0.0321278972881589,UN DESA
11_MEX,Mexico,1971.0,Estimates,population_1jul,52412.558,0.03143966304563928,UN DESA
11_MEX,Mexico,1972.0,Estimates,population_1jul,54030.168,0.030863023323532524,UN DESA
11_MEX,Mexico,1973.0,Estimates,population_1jul,55667.284,0.0303000353432179,UN DESA
11_MEX,Mexico,1974.0,Estimates,population_1jul,57320.149,0.02969185635138949,UN DESA
11_MEX,Mexico,1975.0,Estimates,population_1jul,58982.4,0.028999418686088907,UN DESA
11_MEX,Mexico,1976.0,Estimates,population_1jul,60645.512,0.028196750217013955,UN DESA
11_MEX,Mexico,1977.0,Estimates,population_1jul,62308.493,0.02742133663575963,UN DESA
11_MEX,Mexico,1978.0,Estimates,population_1jul,63979.046,0.026810999906545563,UN DESA
11_MEX,Mexico,1979.0,Estimates,population_1jul,65648.865,0.02609946700361876,UN DESA
11_MEX,Mexico,1980.0,Estimates,population_1jul,67300.334,0.025156093711597327,UN DESA
11_MEX,Mexico,1981.0,Estimates,population_1jul,68892.108,0.02365179941008888,UN DESA
11_MEX,Mexico,1982.0,Estimates,population_1jul,70433.26,0.022370515937761626,UN DESA
11_MEX,Mexico,1983.0,Estimates,population_1jul,71971.24,0.021835990553326745,UN DESA
11_MEX,Mexico,1984.0,Estimates,population_1jul,73506.846,0.021336383811088933,UN DESA
11_MEX,Mexico,1985.0,Estimates,population_1jul,75043.414,0.020903740040757457,UN DESA
11_MEX,Mexico,1986.0,Estimates,population_1jul,76585.637,0.02055107727374983,UN DESA
11_MEX,Mexico,1987.0,Estimates,population_1jul,78136.651,0.02025202192938602,UN DESA
11_MEX,Mexico,1988.0,Estimates,population_1jul,79695.531,0.019950688697932595,UN DESA
11_MEX,Mexico,1989.0,Estimates,population_1jul,81247.182,0.01946973664056517,UN DESA
11_MEX,Mexico,1990.0,Estimates,population_1jul,82820.17,0.019360523790228124,UN DESA
11_MEX,Mexico,1991.0,Estimates,population_1jul,84430.572,0.019444562840187363,UN DESA
11_MEX,Mexico,1992.0,Estimates,population_1jul,86044.809,0.019119105340184017,UN DESA
11_MEX,Mexico,1993.0,Estimates,population_1jul,87653.807,0.018699535959223468,UN DESA
11_MEX,Mexico,1994.0,Estimates,population_1jul,89259.205,0.01831521134044989,UN DESA
11_MEX,Mexico,1995.0,Estimates,population_1jul,90862.455,0.017961732910348083,UN DESA
11_MEX,Mexico,1996.0,Estimates,population_1jul,92452.702,0.01750169528217138,UN DESA
11_MEX,Mexico,1997.0,Estimates,population_1jul,94021.207,0.016965485768063227,UN DESA
11_MEX,Mexico,1998.0,Estimates,population_1jul,95575.245,0.016528590193486847,UN DESA
11_MEX,Mexico,1999.0,Estimates,population_1jul,97115.707,0.016117792844789536,UN DESA
11_MEX,Mexico,2000.0,Estimates,population_1jul,98625.552,0.015546867202439252,UN DESA
11_MEX,Mexico,2001.0,Estimates,population_1jul,100099.099,0.014940823854653784,UN DESA
11_MEX,Mexico,2002.0,Estimates,population_1jul,101548.624,0.014480899573331873,UN DESA
11_MEX,Mexico,2003.0,Estimates,population_1jul,102978.515,0.01408085056868913,UN DESA
11_MEX,Mexico,2004.0,Estimates,population_1jul,104394.131,0.01374671211757117,UN DESA
11_MEX,Mexico,2005.0,Estimates,population_1jul,105811.504,0.013577132990359564,UN DESA
11_MEX,Mexico,2006.0,Estimates,population_1jul,107253.666,0.01362953880704687,UN DESA
11_MEX,Mexico,2007.0,Estimates,population_1jul,108774.36,0.014178480388726378,UN DESA
11_MEX,Mexico,2008.0,Estimates,population_1jul,110374.288,0.014708686863337928,UN DESA
11_MEX,Mexico,2009.0,Estimates,population_1jul,111999.721,0.014726554793268454,UN DESA
11_MEX,Mexico,2010.0,Estimates,population_1jul,113623.895,0.01450158969592441,UN DESA
11_MEX,Mexico,2011.0,Estimates,population_1jul,115243.504,0.014254123219415993,UN DESA
11_MEX,Mexico,2012.0,Estimates,population_1jul,116818.208,0.013664145442852993,UN DESA
11_MEX,Mexico,2013.0,Estimates,population_1jul,118343.573,0.013057596295262597,UN DESA
11_MEX,Mexico,2014.0,Estimates,population_1jul,119784.261,0.012173774743136967,UN DESA
11_MEX,Mexico,2015.0,Estimates,population_1jul,121072.306,0.010753040418223225,UN DESA
11_MEX,Mexico,2016.0,Estimates,population_1jul,122251.351,0.009738354202983412,UN DESA
11_MEX,Mexico,2017.0,Estimates,population_1jul,123400.057,0.00939626425887119,UN DESA
11_MEX,Mexico,2018.0,Estimates,population_1jul,124573.711,0.009510968054090796,UN DESA
11_MEX,Mexico,2019.0,Estimates,population_1jul,125762.982,0.009546725311891935,UN DESA
11_MEX,Mexico,2020.0,Estimates,population_1jul,126799.054,0.008238290660124381,UN DESA
11_MEX,Mexico,2021.0,Estimates,population_1jul,127648.148,0.0066963748798944955,UN DESA
11_MEX,Mexico,2022.0,Estimates,population_1jul,128613.117,0.00755960047301274,UN DESA
11_MEX,Mexico,2023.0,Estimates,population_1jul,129739.759,0.008759930761961243,UN DESA
11_MEX,Mexico,2024.0,High,population_1jul,130993.527,0.009663714574959181,UN DESA
11_MEX,Mexico,2025.0,High,population_1jul,132344.565,0.010313776802116426,UN DESA
11_MEX,Mexico,2026.0,High,population_1jul,133660.773,0.009945312072316526,UN DESA
11_MEX,Mexico,2027.0,High,population_1jul,134946.674,0.009620631178004713,UN DESA
11_MEX,Mexico,2028.0,High,population_1jul,136203.904,0.00931649489931119,UN DESA
11_MEX,Mexico,2029.0,High,population_1jul,137512.685,0.009608983014172567,UN DESA
11_MEX,Mexico,2030.0,High,population_1jul,138873.385,0.009895087133234393,UN DESA
11_MEX,Mexico,2031.0,High,population_1jul,140206.728,0.009601141356207155,UN DESA
11_MEX,Mexico,2032.0,High,population_1jul,141512.779,0.009315180652386346,UN DESA
11_MEX,Mexico,2033.0,High,population_1jul,142791.095,0.009033219537014414,UN DESA
11_MEX,Mexico,2034.0,High,population_1jul,144090.068,0.009097016869294317,UN DESA
11_MEX,Mexico,2035.0,High,population_1jul,145409.911,0.009159847158931145,UN DESA
11_MEX,Mexico,2036.0,High,population_1jul,146697.239,0.008853096677846173,UN DESA
11_MEX,Mexico,2037.0,High,population_1jul,147952.221,0.008554912202539677,UN DESA
11_MEX,Mexico,2038.0,High,population_1jul,149174.911,0.00826408682300217,UN DESA
11_MEX,Mexico,2039.0,High,population_1jul,150358.844,0.007936542358654597,UN DESA
11_MEX,Mexico,2040.0,High,population_1jul,151506.127,0.007630299418902142,UN DESA
11_MEX,Mexico,2041.0,High,population_1jul,152622.611,0.0073692333248014386,UN DESA
11_MEX,Mexico,2042.0,High,population_1jul,153709.897,0.0071240165063091165,UN DESA
11_MEX,Mexico,2043.0,High,population_1jul,154767.314,0.006879303289104577,UN DESA
11_MEX,Mexico,2044.0,High,population_1jul,155799.472,0.006669095517157997,UN DESA
11_MEX,Mexico,2045.0,High,population_1jul,156807.971,0.006473057880452826,UN DESA
11_MEX,Mexico,2046.0,High,population_1jul,157791.758,0.006273832852540462,UN DESA
11_MEX,Mexico,2047.0,High,population_1jul,158752.891,0.00609114830953339,UN DESA
11_MEX,Mexico,2048.0,High,population_1jul,159697.391,0.005949497952764782,UN DESA
11_MEX,Mexico,2049.0,High,population_1jul,160624.394,0.0058047473048572495,UN DESA
11_MEX,Mexico,2050.0,High,population_1jul,161534.472,0.0056658766289261475,UN DESA
11_MEX,Mexico,2051.0,High,population_1jul,162433.429,0.005565109347062336,UN DESA
11_MEX,Mexico,2052.0,High,population_1jul,163321.521,0.005467421364354852,UN DESA
11_MEX,Mexico,2053.0,High,population_1jul,164200.334,0.005380876902315812,UN DESA
11_MEX,Mexico,2054.0,High,population_1jul,165070.524,0.005299562910755062,UN DESA
11_MEX,Mexico,2055.0,High,population_1jul,165933.707,0.005229177075853908,UN DESA
11_MEX,Mexico,2056.0,High,population_1jul,166789.378,0.005156703935988105,UN DESA
11_MEX,Mexico,2057.0,High,population_1jul,167638.383,0.005090282188114026,UN DESA
11_MEX,Mexico,2058.0,High,population_1jul,168482.326,0.005034306492923024,UN DESA
11_MEX,Mexico,2059.0,High,population_1jul,169318.487,0.004962900381610291,UN DESA
11_MEX,Mexico,2060.0,High,population_1jul,170142.293,0.0048654226398798794,UN DESA
11_MEX,Mexico,2061.0,High,population_1jul,170954.776,0.004775314741996661,UN DESA
11_MEX,Mexico,2062.0,High,population_1jul,171757.755,0.004697025837991253,UN DESA
11_MEX,Mexico,2063.0,High,population_1jul,172548.737,0.004605218553304757,UN DESA
11_MEX,Mexico,2064.0,High,population_1jul,173325.926,0.004504170899842785,UN DESA
11_MEX,Mexico,2065.0,High,population_1jul,174087.6,0.00439446087251838,UN DESA
11_MEX,Mexico,2066.0,High,population_1jul,174833.741,0.004286008882884218,UN DESA
11_MEX,Mexico,2067.0,High,population_1jul,175566.279,0.004189912060510004,UN DESA
11_MEX,Mexico,2068.0,High,population_1jul,176284.087,0.004088530007519298,UN DESA
11_MEX,Mexico,2069.0,High,population_1jul,176985.402,0.00397832278531185,UN DESA
11_MEX,Mexico,2070.0,High,population_1jul,177669.729,0.0038665731312688134,UN DESA
11_MEX,Mexico,2071.0,High,population_1jul,178340.788,0.003777002440297661,UN DESA
11_MEX,Mexico,2072.0,High,population_1jul,178998.843,0.003689873793761622,UN DESA
11_MEX,Mexico,2073.0,High,population_1jul,179640.951,0.003587218717385765,UN DESA
11_MEX,Mexico,2074.0,High,population_1jul,180269.316,0.0034978939740748505,UN DESA
11_MEX,Mexico,2075.0,High,population_1jul,180886.635,0.0034244263732603475,UN DESA
11_MEX,Mexico,2076.0,High,population_1jul,181494.832,0.0033623103221527284,UN DESA
11_MEX,Mexico,2077.0,High,population_1jul,182094.085,0.003301763435335614,UN DESA
11_MEX,Mexico,2078.0,High,population_1jul,182684.364,0.0032416154539012254,UN DESA
11_MEX,Mexico,2079.0,High,population_1jul,183266.781,0.003188105359690052,UN DESA
11_MEX,Mexico,2080.0,High,population_1jul,183842.389,0.0031408201576914596,UN DESA
11_MEX,Mexico,2081.0,High,population_1jul,184412.31,0.003100052186549851,UN DESA
11_MEX,Mexico,2082.0,High,population_1jul,184981.867,0.0030884977255585255,UN DESA
11_MEX,Mexico,2083.0,High,population_1jul,185549.291,0.0030674574173261693,UN DESA
11_MEX,Mexico,2084.0,High,population_1jul,186111.567,0.0030303322474027894,UN DESA
11_MEX,Mexico,2085.0,High,population_1jul,186669.674,0.0029987765349370754,UN DESA
11_MEX,Mexico,2086.0,High,population_1jul,187225.581,0.002978025236171966,UN DESA
11_MEX,Mexico,2087.0,High,population_1jul,187783.316,0.0029789465575218443,UN DESA
11_MEX,Mexico,2088.0,High,population_1jul,188343.407,0.002982645167475928,UN DESA
11_MEX,Mexico,2089.0,High,population_1jul,188903.191,0.00297214544919,UN DESA
11_MEX,Mexico,2090.0,High,population_1jul,189461.585,0.00295597971132211,UN DESA
11_MEX,Mexico,2091.0,High,population_1jul,190019.307,0.0029437207547904354,UN DESA
11_MEX,Mexico,2092.0,High,population_1jul,190578.041,0.0029404064714328992,UN DESA
11_MEX,Mexico,2093.0,High,population_1jul,191135.602,0.0029256308705576384,UN DESA
11_MEX,Mexico,2094.0,High,population_1jul,191688.804,0.0028942907245506078,UN DESA
11_MEX,Mexico,2095.0,High,population_1jul,192241.091,0.002881164619296106,UN DESA
11_MEX,Mexico,2096.0,High,population_1jul,192795.135,0.0028820269231619733,UN DESA
11_MEX,Mexico,2097.0,High,population_1jul,193351.755,0.0028871060465296416,UN DESA
11_MEX,Mexico,2098.0,High,population_1jul,193911.732,0.002896156799818028,UN DESA
11_MEX,Mexico,2099.0,High,population_1jul,194475.688,0.0029083129431282106,UN DESA
11_MEX,Mexico,2100.0,High,population_1jul,195043.492,0.00291966572191793,UN DESA
12_NZ,New Zealand,1950.0,Estimates,population_1jul,1911.263,,UN DESA
12_NZ,New Zealand,1951.0,Estimates,population_1jul,1951.206,0.02089874601245345,UN DESA
12_NZ,New Zealand,1952.0,Estimates,population_1jul,1997.747,0.02385242767806184,UN DESA
12_NZ,New Zealand,1953.0,Estimates,population_1jul,2047.751,0.025030196516375725,UN DESA
12_NZ,New Zealand,1954.0,Estimates,population_1jul,2095.141,0.023142462145055775,UN DESA
12_NZ,New Zealand,1955.0,Estimates,population_1jul,2139.672,0.021254416767176876,UN DESA
12_NZ,New Zealand,1956.0,Estimates,population_1jul,2184.843,0.021111179657442802,UN DESA
12_NZ,New Zealand,1957.0,Estimates,population_1jul,2233.688,0.022356297454782847,UN DESA
12_NZ,New Zealand,1958.0,Estimates,population_1jul,2284.994,0.022969188176683586,UN DESA
12_NZ,New Zealand,1959.0,Estimates,population_1jul,2333.483,0.021220624649342712,UN DESA
12_NZ,New Zealand,1960.0,Estimates,population_1jul,2379.481,0.019712164176897806,UN DESA
12_NZ,New Zealand,1961.0,Estimates,population_1jul,2429.747,0.021124774688261683,UN DESA
12_NZ,New Zealand,1962.0,Estimates,population_1jul,2484.405,0.02249534622328997,UN DESA
12_NZ,New Zealand,1963.0,Estimates,population_1jul,2538.115,0.021618858438941846,UN DESA
12_NZ,New Zealand,1964.0,Estimates,population_1jul,2588.769,0.019957330538608486,UN DESA
12_NZ,New Zealand,1965.0,Estimates,population_1jul,2636.494,0.0184354030815419,UN DESA
12_NZ,New Zealand,1966.0,Estimates,population_1jul,2682.582,0.017480790777449018,UN DESA
12_NZ,New Zealand,1967.0,Estimates,population_1jul,2723.419,0.015223020209633953,UN DESA
12_NZ,New Zealand,1968.0,Estimates,population_1jul,2754.526,0.011422039722863042,UN DESA
12_NZ,New Zealand,1969.0,Estimates,population_1jul,2784.399,0.010845060093823689,UN DESA
12_NZ,New Zealand,1970.0,Estimates,population_1jul,2822.177,0.01356773939367173,UN DESA
12_NZ,New Zealand,1971.0,Estimates,population_1jul,2867.165,0.015940885351981793,UN DESA
12_NZ,New Zealand,1972.0,Estimates,population_1jul,2919.258,0.018168818327511715,UN DESA
12_NZ,New Zealand,1973.0,Estimates,population_1jul,2978.988,0.020460678706712532,UN DESA
12_NZ,New Zealand,1974.0,Estimates,population_1jul,3041.231,0.020894008300805567,UN DESA
12_NZ,New Zealand,1975.0,Estimates,population_1jul,3094.032,0.01736171964576183,UN DESA
12_NZ,New Zealand,1976.0,Estimates,population_1jul,3126.633,0.010536736530197377,UN DESA
12_NZ,New Zealand,1977.0,Estimates,population_1jul,3140.133,0.004317743719841838,UN DESA
12_NZ,New Zealand,1978.0,Estimates,population_1jul,3142.244,0.0006722645187322573,UN DESA
12_NZ,New Zealand,1979.0,Estimates,population_1jul,3141.601,-0.00020463083070565435,UN DESA
12_NZ,New Zealand,1980.0,Estimates,population_1jul,3146.327,0.0015043285254874306,UN DESA
12_NZ,New Zealand,1981.0,Estimates,population_1jul,3159.84,0.004294849200353168,UN DESA
12_NZ,New Zealand,1982.0,Estimates,population_1jul,3185.123,0.008001354498961888,UN DESA
12_NZ,New Zealand,1983.0,Estimates,population_1jul,3219.278,0.010723290748897218,UN DESA
12_NZ,New Zealand,1984.0,Estimates,population_1jul,3249.828,0.009489705455695496,UN DESA
12_NZ,New Zealand,1985.0,Estimates,population_1jul,3268.028,0.005600296384916215,UN DESA
12_NZ,New Zealand,1986.0,Estimates,population_1jul,3281.508,0.004124811660120464,UN DESA
12_NZ,New Zealand,1987.0,Estimates,population_1jul,3299.443,0.005465475019411858,UN DESA
12_NZ,New Zealand,1988.0,Estimates,population_1jul,3316.026,0.005025999843003781,UN DESA
12_NZ,New Zealand,1989.0,Estimates,population_1jul,3333.826,0.005367871060118379,UN DESA
12_NZ,New Zealand,1990.0,Estimates,population_1jul,3396.979,0.018943100209788843,UN DESA
12_NZ,New Zealand,1991.0,Estimates,population_1jul,3480.925,0.02471195730088427,UN DESA
12_NZ,New Zealand,1992.0,Estimates,population_1jul,3532.244,0.014742920344448684,UN DESA
12_NZ,New Zealand,1993.0,Estimates,population_1jul,3573.61,0.011710969004406158,UN DESA
12_NZ,New Zealand,1994.0,Estimates,population_1jul,3621.03,0.013269494992458553,UN DESA
12_NZ,New Zealand,1995.0,Estimates,population_1jul,3674.428,0.014746632864129694,UN DESA
12_NZ,New Zealand,1996.0,Estimates,population_1jul,3729.378,0.014954708596821131,UN DESA
12_NZ,New Zealand,1997.0,Estimates,population_1jul,3776.95,0.012756014541835059,UN DESA
12_NZ,New Zealand,1998.0,Estimates,population_1jul,3811.371,0.009113438091581827,UN DESA
12_NZ,New Zealand,1999.0,Estimates,population_1jul,3835.555,0.006345223280546541,UN DESA
12_NZ,New Zealand,2000.0,Estimates,population_1jul,3857.574,0.005740759811813545,UN DESA
12_NZ,New Zealand,2001.0,Estimates,population_1jul,3891.762,0.00886256491774362,UN DESA
12_NZ,New Zealand,2002.0,Estimates,population_1jul,3951.119,0.01525196042306809,UN DESA
12_NZ,New Zealand,2003.0,Estimates,population_1jul,4022.586,0.018087787282539347,UN DESA
12_NZ,New Zealand,2004.0,Estimates,population_1jul,4083.91,0.015244919561694825,UN DESA
12_NZ,New Zealand,2005.0,Estimates,population_1jul,4135.007,0.012511784050089236,UN DESA
12_NZ,New Zealand,2006.0,Estimates,population_1jul,4181.94,0.011350162164175392,UN DESA
12_NZ,New Zealand,2007.0,Estimates,population_1jul,4223.266,0.009882016480389444,UN DESA
12_NZ,New Zealand,2008.0,Estimates,population_1jul,4261.824,0.00912990088713328,UN DESA
12_NZ,New Zealand,2009.0,Estimates,population_1jul,4304.304,0.009967563184214212,UN DESA
12_NZ,New Zealand,2010.0,Estimates,population_1jul,4347.77,0.010098264434854176,UN DESA
12_NZ,New Zealand,2011.0,Estimates,population_1jul,4382.7,0.008034003638646814,UN DESA
12_NZ,New Zealand,2012.0,Estimates,population_1jul,4411.676,0.0066114495630549275,UN DESA
12_NZ,New Zealand,2013.0,Estimates,population_1jul,4453.851,0.009559858883562367,UN DESA
12_NZ,New Zealand,2014.0,Estimates,population_1jul,4522.983,0.015521848395916304,UN DESA
12_NZ,New Zealand,2015.0,Estimates,population_1jul,4614.029,0.020129635685121938,UN DESA
12_NZ,New Zealand,2016.0,Estimates,population_1jul,4714.77,0.021833629567564516,UN DESA
12_NZ,New Zealand,2017.0,Estimates,population_1jul,4812.752,0.020781925735507745,UN DESA
12_NZ,New Zealand,2018.0,Estimates,population_1jul,4900.847,0.018304496055479236,UN DESA
12_NZ,New Zealand,2019.0,Estimates,population_1jul,4989.403,0.018069529613962798,UN DESA
12_NZ,New Zealand,2020.0,Estimates,population_1jul,5069.895,0.01613259141424339,UN DESA
12_NZ,New Zealand,2021.0,Estimates,population_1jul,5107.697,0.007456170196818546,UN DESA
12_NZ,New Zealand,2022.0,Estimates,population_1jul,5131.734,0.0047060348333114455,UN DESA
12_NZ,New Zealand,2023.0,Estimates,population_1jul,5172.836,0.008009378506368403,UN DESA
12_NZ,New Zealand,2024.0,High,population_1jul,5218.383,0.008805034607708428,UN DESA
12_NZ,New Zealand,2025.0,High,population_1jul,5265.202,0.008971936325869567,UN DESA
12_NZ,New Zealand,2026.0,High,population_1jul,5309.611,0.00843443423443202,UN DESA
12_NZ,New Zealand,2027.0,High,population_1jul,5351.789,0.007943708117223558,UN DESA
12_NZ,New Zealand,2028.0,High,population_1jul,5391.49,0.007418267050513405,UN DESA
12_NZ,New Zealand,2029.0,High,population_1jul,5431.563,0.00743263921476256,UN DESA
12_NZ,New Zealand,2030.0,High,population_1jul,5472.173,0.007476669238670297,UN DESA
12_NZ,New Zealand,2031.0,High,population_1jul,5511.109,0.007115272123158434,UN DESA
12_NZ,New Zealand,2032.0,High,population_1jul,5548.503,0.006785204212074181,UN DESA
12_NZ,New Zealand,2033.0,High,population_1jul,5584.754,0.006533473983883598,UN DESA
12_NZ,New Zealand,2034.0,High,population_1jul,5621.659,0.006608169312381396,UN DESA
12_NZ,New Zealand,2035.0,High,population_1jul,5659.411,0.0067154553486792334,UN DESA
12_NZ,New Zealand,2036.0,High,population_1jul,5696.867,0.006618356574562334,UN DESA
12_NZ,New Zealand,2037.0,High,population_1jul,5733.774,0.006478473167795595,UN DESA
12_NZ,New Zealand,2038.0,High,population_1jul,5770.73,0.0064453185633055465,UN DESA
12_NZ,New Zealand,2039.0,High,population_1jul,5807.356,0.006346857330008504,UN DESA
12_NZ,New Zealand,2040.0,High,population_1jul,5843.239,0.006178887603928596,UN DESA
12_NZ,New Zealand,2041.0,High,population_1jul,5879.4,0.006188519757620803,UN DESA
12_NZ,New Zealand,2042.0,High,population_1jul,5915.475,0.006135830186753788,UN DESA
12_NZ,New Zealand,2043.0,High,population_1jul,5950.167,0.00586461780330394,UN DESA
12_NZ,New Zealand,2044.0,High,population_1jul,5983.383,0.005582364326917055,UN DESA
12_NZ,New Zealand,2045.0,High,population_1jul,6015.588,0.005382406575009435,UN DESA
12_NZ,New Zealand,2046.0,High,population_1jul,6046.56,0.005148623875172342,UN DESA
12_NZ,New Zealand,2047.0,High,population_1jul,6076.222,0.004905599216744605,UN DESA
12_NZ,New Zealand,2048.0,High,population_1jul,6105.463,0.00481236531515794,UN DESA
12_NZ,New Zealand,2049.0,High,population_1jul,6133.721,0.004628314019755608,UN DESA
12_NZ,New Zealand,2050.0,High,population_1jul,6162.389,0.004673835017928063,UN DESA
12_NZ,New Zealand,2051.0,High,population_1jul,6193.025,0.004971448572947956,UN DESA
12_NZ,New Zealand,2052.0,High,population_1jul,6222.89,0.004822360639590517,UN DESA
12_NZ,New Zealand,2053.0,High,population_1jul,6252.327,0.004730438751126886,UN DESA
12_NZ,New Zealand,2054.0,High,population_1jul,6282.866,0.004884421432212349,UN DESA
12_NZ,New Zealand,2055.0,High,population_1jul,6313.718,0.004910497852413265,UN DESA
12_NZ,New Zealand,2056.0,High,population_1jul,6343.952,0.0047886205877425425,UN DESA
12_NZ,New Zealand,2057.0,High,population_1jul,6373.642,0.004680048020539784,UN DESA
12_NZ,New Zealand,2058.0,High,population_1jul,6403.812,0.004733557360140361,UN DESA
12_NZ,New Zealand,2059.0,High,population_1jul,6434.268,0.004755917256783926,UN DESA
12_NZ,New Zealand,2060.0,High,population_1jul,6464.631,0.004718951712922248,UN DESA
12_NZ,New Zealand,2061.0,High,population_1jul,6494.231,0.004578760953254601,UN DESA
12_NZ,New Zealand,2062.0,High,population_1jul,6524.995,0.004737127459740753,UN DESA
12_NZ,New Zealand,2063.0,High,population_1jul,6556.975,0.004901153180960405,UN DESA
12_NZ,New Zealand,2064.0,High,population_1jul,6589.489,0.004958689029620933,UN DESA
12_NZ,New Zealand,2065.0,High,population_1jul,6623.816,0.005209356901574758,UN DESA
12_NZ,New Zealand,2066.0,High,population_1jul,6658.983,0.005309175254868181,UN DESA
12_NZ,New Zealand,2067.0,High,population_1jul,6693.903,0.005244044022938654,UN DESA
12_NZ,New Zealand,2068.0,High,population_1jul,6728.246,0.005130489641095748,UN DESA
12_NZ,New Zealand,2069.0,High,population_1jul,6762.454,0.005084237407490644,UN DESA
12_NZ,New Zealand,2070.0,High,population_1jul,6796.573,0.005045357794670524,UN DESA
12_NZ,New Zealand,2071.0,High,population_1jul,6830.416,0.004979421246560589,UN DESA
12_NZ,New Zealand,2072.0,High,population_1jul,6866.148,0.005231306555852466,UN DESA
12_NZ,New Zealand,2073.0,High,population_1jul,6902.775,0.005334432057100935,UN DESA
12_NZ,New Zealand,2074.0,High,population_1jul,6938.272,0.005142424604597462,UN DESA
12_NZ,New Zealand,2075.0,High,population_1jul,6973.529,0.005081524621692646,UN DESA
12_NZ,New Zealand,2076.0,High,population_1jul,7008.64,0.005034896965367075,UN DESA
12_NZ,New Zealand,2077.0,High,population_1jul,7044.321,0.005091001963291042,UN DESA
12_NZ,New Zealand,2078.0,High,population_1jul,7079.73,0.005026602280049364,UN DESA
12_NZ,New Zealand,2079.0,High,population_1jul,7114.225,0.00487236095161836,UN DESA
12_NZ,New Zealand,2080.0,High,population_1jul,7148.039,0.004753012450407379,UN DESA
12_NZ,New Zealand,2081.0,High,population_1jul,7182.028,0.004755010430133488,UN DESA
12_NZ,New Zealand,2082.0,High,population_1jul,7216.005,0.004730836471258604,UN DESA
12_NZ,New Zealand,2083.0,High,population_1jul,7248.958,0.004566654263681746,UN DESA
12_NZ,New Zealand,2084.0,High,population_1jul,7282.127,0.0045756921201640655,UN DESA
12_NZ,New Zealand,2085.0,High,population_1jul,7316.275,0.004689289269467434,UN DESA
12_NZ,New Zealand,2086.0,High,population_1jul,7351.32,0.004790005843137379,UN DESA
12_NZ,New Zealand,2087.0,High,population_1jul,7387.256,0.004888373788652922,UN DESA
12_NZ,New Zealand,2088.0,High,population_1jul,7425.023,0.005112453121971061,UN DESA
12_NZ,New Zealand,2089.0,High,population_1jul,7463.394,0.005167795439825484,UN DESA
12_NZ,New Zealand,2090.0,High,population_1jul,7502.307,0.005213847748088751,UN DESA
12_NZ,New Zealand,2091.0,High,population_1jul,7542.705,0.005384743652852464,UN DESA
12_NZ,New Zealand,2092.0,High,population_1jul,7584.23,0.005505319378127593,UN DESA
12_NZ,New Zealand,2093.0,High,population_1jul,7625.972,0.005503788782776908,UN DESA
12_NZ,New Zealand,2094.0,High,population_1jul,7667.923,0.005501069240747336,UN DESA
12_NZ,New Zealand,2095.0,High,population_1jul,7710.91,0.005606081333889179,UN DESA
12_NZ,New Zealand,2096.0,High,population_1jul,7753.935,0.005579756474916708,UN DESA
12_NZ,New Zealand,2097.0,High,population_1jul,7797.032,0.005558081154923178,UN DESA
12_NZ,New Zealand,2098.0,High,population_1jul,7839.984,0.005508762821545554,UN DESA
12_NZ,New Zealand,2099.0,High,population_1jul,7882.86,0.005468888712017783,UN DESA
12_NZ,New Zealand,2100.0,High,population_1jul,7926,0.005472633029129037,UN DESA
13_PNG,Papua New Guinea,1950.0,Estimates,population_1jul,1543.429,,UN DESA
13_PNG,Papua New Guinea,1951.0,Estimates,population_1jul,1574.922,0.020404566714762984,UN DESA
13_PNG,Papua New Guinea,1952.0,Estimates,population_1jul,1609.537,0.021978866254963814,UN DESA
13_PNG,Papua New Guinea,1953.0,Estimates,population_1jul,1650.228,0.02528118334651519,UN DESA
13_PNG,Papua New Guinea,1954.0,Estimates,population_1jul,1693.505,0.0262248610495035,UN DESA
13_PNG,Papua New Guinea,1955.0,Estimates,population_1jul,1739.219,0.026993720124829812,UN DESA
13_PNG,Papua New Guinea,1956.0,Estimates,population_1jul,1787.439,0.027725088099888495,UN DESA
13_PNG,Papua New Guinea,1957.0,Estimates,population_1jul,1837.503,0.02800878799220552,UN DESA
13_PNG,Papua New Guinea,1958.0,Estimates,population_1jul,1888.964,0.02800594067057305,UN DESA
13_PNG,Papua New Guinea,1959.0,Estimates,population_1jul,1941.504,0.027814188094638093,UN DESA
13_PNG,Papua New Guinea,1960.0,Estimates,population_1jul,1995.11,0.027610553467827037,UN DESA
13_PNG,Papua New Guinea,1961.0,Estimates,population_1jul,2046.127,0.025571021146703732,UN DESA
13_PNG,Papua New Guinea,1962.0,Estimates,population_1jul,2093.919,0.023357298935989812,UN DESA
13_PNG,Papua New Guinea,1963.0,Estimates,population_1jul,2141.376,0.02266420047766915,UN DESA
13_PNG,Papua New Guinea,1964.0,Estimates,population_1jul,2188.325,0.0219246876774557,UN DESA
13_PNG,Papua New Guinea,1965.0,Estimates,population_1jul,2235.82,0.021703814561365498,UN DESA
13_PNG,Papua New Guinea,1966.0,Estimates,population_1jul,2285.774,0.022342585717991525,UN DESA
13_PNG,Papua New Guinea,1967.0,Estimates,population_1jul,2337.532,0.0226435334376891,UN DESA
13_PNG,Papua New Guinea,1968.0,Estimates,population_1jul,2390.803,0.022789420636808222,UN DESA
13_PNG,Papua New Guinea,1969.0,Estimates,population_1jul,2446.927,0.02347495799528443,UN DESA
13_PNG,Papua New Guinea,1970.0,Estimates,population_1jul,2505.628,0.023989681751846348,UN DESA
13_PNG,Papua New Guinea,1971.0,Estimates,population_1jul,2566.421,0.024262580079724483,UN DESA
13_PNG,Papua New Guinea,1972.0,Estimates,population_1jul,2628.432,0.024162442561060704,UN DESA
13_PNG,Papua New Guinea,1973.0,Estimates,population_1jul,2690.629,0.023663157350085617,UN DESA
13_PNG,Papua New Guinea,1974.0,Estimates,population_1jul,2752.671,0.023058548763132958,UN DESA
13_PNG,Papua New Guinea,1975.0,Estimates,population_1jul,2814.82,0.022577707252337875,UN DESA
13_PNG,Papua New Guinea,1976.0,Estimates,population_1jul,2877.327,0.022206393304012417,UN DESA
13_PNG,Papua New Guinea,1977.0,Estimates,population_1jul,2940.327,0.021895321595355677,UN DESA
13_PNG,Papua New Guinea,1978.0,Estimates,population_1jul,3003.714,0.021557806325622764,UN DESA
13_PNG,Papua New Guinea,1979.0,Estimates,population_1jul,3067.341,0.021182775723654013,UN DESA
13_PNG,Papua New Guinea,1980.0,Estimates,population_1jul,3131.512,0.020920725801272244,UN DESA
13_PNG,Papua New Guinea,1981.0,Estimates,population_1jul,3197.019,0.02091864888271222,UN DESA
13_PNG,Papua New Guinea,1982.0,Estimates,population_1jul,3264.291,0.02104210203317547,UN DESA
13_PNG,Papua New Guinea,1983.0,Estimates,population_1jul,3333.633,0.021242591423374924,UN DESA
13_PNG,Papua New Guinea,1984.0,Estimates,population_1jul,3405.198,0.02146757006545119,UN DESA
13_PNG,Papua New Guinea,1985.0,Estimates,population_1jul,3478.936,0.021654541086891355,UN DESA
13_PNG,Papua New Guinea,1986.0,Estimates,population_1jul,3554.793,0.021804655216422386,UN DESA
13_PNG,Papua New Guinea,1987.0,Estimates,population_1jul,3632.543,0.021871878334406514,UN DESA
13_PNG,Papua New Guinea,1988.0,Estimates,population_1jul,3711.88,0.02184062239593576,UN DESA
13_PNG,Papua New Guinea,1989.0,Estimates,population_1jul,3796.078,0.022683384161125808,UN DESA
13_PNG,Papua New Guinea,1990.0,Estimates,population_1jul,3896.481,0.026449140402278415,UN DESA
13_PNG,Papua New Guinea,1991.0,Estimates,population_1jul,4021.837,0.032171592778201585,UN DESA
13_PNG,Papua New Guinea,1992.0,Estimates,population_1jul,4166.699,0.03601886401661725,UN DESA
13_PNG,Papua New Guinea,1993.0,Estimates,population_1jul,4320.872,0.037001232870433,UN DESA
13_PNG,Papua New Guinea,1994.0,Estimates,population_1jul,4480.208,0.036875889866675005,UN DESA
13_PNG,Papua New Guinea,1995.0,Estimates,population_1jul,4644.278,0.036621067593290535,UN DESA
13_PNG,Papua New Guinea,1996.0,Estimates,population_1jul,4813.361,0.0364067353418549,UN DESA
13_PNG,Papua New Guinea,1997.0,Estimates,population_1jul,4987.883,0.03625782483383233,UN DESA
13_PNG,Papua New Guinea,1998.0,Estimates,population_1jul,5166.39,0.03578812895170169,UN DESA
13_PNG,Papua New Guinea,1999.0,Estimates,population_1jul,5349.333,0.035410218740745236,UN DESA
13_PNG,Papua New Guinea,2000.0,Estimates,population_1jul,5537.064,0.03509428184784924,UN DESA
13_PNG,Papua New Guinea,2001.0,Estimates,population_1jul,5728.435,0.03456181832104521,UN DESA
13_PNG,Papua New Guinea,2002.0,Estimates,population_1jul,5924.003,0.03413986542572256,UN DESA
13_PNG,Papua New Guinea,2003.0,Estimates,population_1jul,6123.997,0.03375994239030611,UN DESA
13_PNG,Papua New Guinea,2004.0,Estimates,population_1jul,6328.041,0.03331876223975949,UN DESA
13_PNG,Papua New Guinea,2005.0,Estimates,population_1jul,6535.905,0.0328480804722977,UN DESA
13_PNG,Papua New Guinea,2006.0,Estimates,population_1jul,6747.72,0.03240790678567085,UN DESA
13_PNG,Papua New Guinea,2007.0,Estimates,population_1jul,6963.345,0.031955238213796644,UN DESA
13_PNG,Papua New Guinea,2008.0,Estimates,population_1jul,7183.002,0.031544753275904114,UN DESA
13_PNG,Papua New Guinea,2009.0,Estimates,population_1jul,7406.438,0.03110621436552563,UN DESA
13_PNG,Papua New Guinea,2010.0,Estimates,population_1jul,7633.523,0.0306604875380041,UN DESA
13_PNG,Papua New Guinea,2011.0,Estimates,population_1jul,7859.346,0.029583064071464715,UN DESA
13_PNG,Papua New Guinea,2012.0,Estimates,population_1jul,8081.39,0.028252223531067377,UN DESA
13_PNG,Papua New Guinea,2013.0,Estimates,population_1jul,8302.698,0.02738489294539681,UN DESA
13_PNG,Papua New Guinea,2014.0,Estimates,population_1jul,8523.441,0.026586899824611265,UN DESA
13_PNG,Papua New Guinea,2015.0,Estimates,population_1jul,8743.246,0.025788293718463917,UN DESA
13_PNG,Papua New Guinea,2016.0,Estimates,population_1jul,8961.718,0.024987516078124994,UN DESA
13_PNG,Papua New Guinea,2017.0,Estimates,population_1jul,9178.714,0.02421366081816001,UN DESA
13_PNG,Papua New Guinea,2018.0,Estimates,population_1jul,9394.513,0.02351080990212795,UN DESA
13_PNG,Papua New Guinea,2019.0,Estimates,population_1jul,9609.01,0.022832157451908364,UN DESA
13_PNG,Papua New Guinea,2020.0,Estimates,population_1jul,9815.746,0.021514807456751495,UN DESA
13_PNG,Papua New Guinea,2021.0,Estimates,population_1jul,10012.896,0.02008507555105865,UN DESA
13_PNG,Papua New Guinea,2022.0,Estimates,population_1jul,10203.169,0.019002793996861556,UN DESA
13_PNG,Papua New Guinea,2023.0,Estimates,population_1jul,10389.635,0.018275302506505664,UN DESA
13_PNG,Papua New Guinea,2024.0,High,population_1jul,10586.675,0.018965055076525683,UN DESA
13_PNG,Papua New Guinea,2025.0,High,population_1jul,10793.434,0.019530116868610836,UN DESA
13_PNG,Papua New Guinea,2026.0,High,population_1jul,10999.139,0.01905834602777956,UN DESA
13_PNG,Papua New Guinea,2027.0,High,population_1jul,11203.513,0.01858090892387132,UN DESA
13_PNG,Papua New Guinea,2028.0,High,population_1jul,11406.37,0.01810655282856377,UN DESA
13_PNG,Papua New Guinea,2029.0,High,population_1jul,11614.304,0.01822963835120195,UN DESA
13_PNG,Papua New Guinea,2030.0,High,population_1jul,11827.831,0.0183848296032203,UN DESA
13_PNG,Papua New Guinea,2031.0,High,population_1jul,12040.031,0.017940736556009362,UN DESA
13_PNG,Papua New Guinea,2032.0,High,population_1jul,12250.856,0.017510336975046004,UN DESA
13_PNG,Papua New Guinea,2033.0,High,population_1jul,12460.814,0.01713823099381795,UN DESA
13_PNG,Papua New Guinea,2034.0,High,population_1jul,12675.03,0.017191172262100984,UN DESA
13_PNG,Papua New Guinea,2035.0,High,population_1jul,12893.209,0.01721329259181248,UN DESA
13_PNG,Papua New Guinea,2036.0,High,population_1jul,13110.78,0.016874852490175174,UN DESA
13_PNG,Papua New Guinea,2037.0,High,population_1jul,13327.988,0.01656713025464529,UN DESA
13_PNG,Papua New Guinea,2038.0,High,population_1jul,13544.183,0.016221128050235345,UN DESA
13_PNG,Papua New Guinea,2039.0,High,population_1jul,13759.223,0.01587692664814111,UN DESA
13_PNG,Papua New Guinea,2040.0,High,population_1jul,13972.942,0.015532781175215948,UN DESA
13_PNG,Papua New Guinea,2041.0,High,population_1jul,14185.228,0.015192648763588945,UN DESA
13_PNG,Papua New Guinea,2042.0,High,population_1jul,14396.092,0.014865041295071268,UN DESA
13_PNG,Papua New Guinea,2043.0,High,population_1jul,14606.681,0.014628206043695746,UN DESA
13_PNG,Papua New Guinea,2044.0,High,population_1jul,14817.984,0.014466188451709217,UN DESA
13_PNG,Papua New Guinea,2045.0,High,population_1jul,15030.124,0.014316387438399136,UN DESA
13_PNG,Papua New Guinea,2046.0,High,population_1jul,15241.82,0.014084780671137498,UN DESA
13_PNG,Papua New Guinea,2047.0,High,population_1jul,15452.651,0.013832403216938571,UN DESA
13_PNG,Papua New Guinea,2048.0,High,population_1jul,15663.613,0.013652155866330062,UN DESA
13_PNG,Papua New Guinea,2049.0,High,population_1jul,15875.145,0.013504674815446593,UN DESA
13_PNG,Papua New Guinea,2050.0,High,population_1jul,16086.048,0.013285107002172225,UN DESA
13_PNG,Papua New Guinea,2051.0,High,population_1jul,16296.537,0.013085190346317388,UN DESA
13_PNG,Papua New Guinea,2052.0,High,population_1jul,16508.221,0.012989508139060524,UN DESA
13_PNG,Papua New Guinea,2053.0,High,population_1jul,16719.662,0.012808224459800899,UN DESA
13_PNG,Papua New Guinea,2054.0,High,population_1jul,16931.582,0.012674897375317684,UN DESA
13_PNG,Papua New Guinea,2055.0,High,population_1jul,17143.623,0.012523401534481504,UN DESA
13_PNG,Papua New Guinea,2056.0,High,population_1jul,17354.617,0.012307433498741638,UN DESA
13_PNG,Papua New Guinea,2057.0,High,population_1jul,17566.204,0.012191971738702234,UN DESA
13_PNG,Papua New Guinea,2058.0,High,population_1jul,17778.243,0.012070849228438707,UN DESA
13_PNG,Papua New Guinea,2059.0,High,population_1jul,17990.746,0.011952980955429737,UN DESA
13_PNG,Papua New Guinea,2060.0,High,population_1jul,18204.42,0.011876883815712835,UN DESA
13_PNG,Papua New Guinea,2061.0,High,population_1jul,18417.202,0.011688480050449535,UN DESA
13_PNG,Papua New Guinea,2062.0,High,population_1jul,18628.089,0.01145054498506326,UN DESA
13_PNG,Papua New Guinea,2063.0,High,population_1jul,18838.644,0.01130309179862743,UN DESA
13_PNG,Papua New Guinea,2064.0,High,population_1jul,19050.421,0.011241626520464898,UN DESA
13_PNG,Papua New Guinea,2065.0,High,population_1jul,19263.722,0.01119665544399262,UN DESA
13_PNG,Papua New Guinea,2066.0,High,population_1jul,19477.081,0.011075689319021365,UN DESA
13_PNG,Papua New Guinea,2067.0,High,population_1jul,19690.005,0.010932028264399651,UN DESA
13_PNG,Papua New Guinea,2068.0,High,population_1jul,19901.994,0.010766325351364792,UN DESA
13_PNG,Papua New Guinea,2069.0,High,population_1jul,20112.472,0.010575724221402183,UN DESA
13_PNG,Papua New Guinea,2070.0,High,population_1jul,20321.7,0.010402898261337556,UN DESA
13_PNG,Papua New Guinea,2071.0,High,population_1jul,20530.766,0.010287820408725556,UN DESA
13_PNG,Papua New Guinea,2072.0,High,population_1jul,20739.444,0.01016416046045232,UN DESA
13_PNG,Papua New Guinea,2073.0,High,population_1jul,20946.15,0.009966805281761637,UN DESA
13_PNG,Papua New Guinea,2074.0,High,population_1jul,21151.411,0.009799461953628574,UN DESA
13_PNG,Papua New Guinea,2075.0,High,population_1jul,21356.526,0.00969746179108344,UN DESA
13_PNG,Papua New Guinea,2076.0,High,population_1jul,21561.138,0.009580771704161828,UN DESA
13_PNG,Papua New Guinea,2077.0,High,population_1jul,21765.805,0.009492402488217477,UN DESA
13_PNG,Papua New Guinea,2078.0,High,population_1jul,21971.849,0.009466408432860618,UN DESA
13_PNG,Papua New Guinea,2079.0,High,population_1jul,22177.919,0.009378819233647695,UN DESA
13_PNG,Papua New Guinea,2080.0,High,population_1jul,22385.41,0.009355747038304107,UN DESA
13_PNG,Papua New Guinea,2081.0,High,population_1jul,22593.133,0.009279392247003804,UN DESA
13_PNG,Papua New Guinea,2082.0,High,population_1jul,22798.514,0.009090416986435645,UN DESA
13_PNG,Papua New Guinea,2083.0,High,population_1jul,23004.784,0.009047519500613,UN DESA
13_PNG,Papua New Guinea,2084.0,High,population_1jul,23211.404,0.008981610085971647,UN DESA
13_PNG,Papua New Guinea,2085.0,High,population_1jul,23417.874,0.008895196516333082,UN DESA
13_PNG,Papua New Guinea,2086.0,High,population_1jul,23625.337,0.008859173125621789,UN DESA
13_PNG,Papua New Guinea,2087.0,High,population_1jul,23832.252,0.008758181946780352,UN DESA
13_PNG,Papua New Guinea,2088.0,High,population_1jul,24038.141,0.008639091261706922,UN DESA
13_PNG,Papua New Guinea,2089.0,High,population_1jul,24243.484,0.008542382707547924,UN DESA
13_PNG,Papua New Guinea,2090.0,High,population_1jul,24450.287,0.008530250850084187,UN DESA
13_PNG,Papua New Guinea,2091.0,High,population_1jul,24657.418,0.008471516101222099,UN DESA
13_PNG,Papua New Guinea,2092.0,High,population_1jul,24862.48,0.0083164425407396,UN DESA
13_PNG,Papua New Guinea,2093.0,High,population_1jul,25066.047,0.008187719004701055,UN DESA
13_PNG,Papua New Guinea,2094.0,High,population_1jul,25268.594,0.00808053220358218,UN DESA
13_PNG,Papua New Guinea,2095.0,High,population_1jul,25470.008,0.007970922323576879,UN DESA
13_PNG,Papua New Guinea,2096.0,High,population_1jul,25670.121,0.007856809467825743,UN DESA
13_PNG,Papua New Guinea,2097.0,High,population_1jul,25868.553,0.007730076535283903,UN DESA
13_PNG,Papua New Guinea,2098.0,High,population_1jul,26064.51,0.00757510480002499,UN DESA
13_PNG,Papua New Guinea,2099.0,High,population_1jul,26259.018,0.007462561160750836,UN DESA
13_PNG,Papua New Guinea,2100.0,High,population_1jul,26452.281,0.00735987156869311,UN DESA
14_PE,Peru,1950.0,Estimates,population_1jul,7677.414,,UN DESA
14_PE,Peru,1951.0,Estimates,population_1jul,7893.62,0.028161305356204647,UN DESA
14_PE,Peru,1952.0,Estimates,population_1jul,8116.663,0.028256110631117215,UN DESA
14_PE,Peru,1953.0,Estimates,population_1jul,8344.899,0.028119437754160703,UN DESA
14_PE,Peru,1954.0,Estimates,population_1jul,8579.31,0.028090333987265792,UN DESA
14_PE,Peru,1955.0,Estimates,population_1jul,8822.013,0.02828933795375166,UN DESA
14_PE,Peru,1956.0,Estimates,population_1jul,9073.474,0.028503811998463302,UN DESA
14_PE,Peru,1957.0,Estimates,population_1jul,9333.871,0.028698710108167935,UN DESA
14_PE,Peru,1958.0,Estimates,population_1jul,9603.646,0.028902799278027524,UN DESA
14_PE,Peru,1959.0,Estimates,population_1jul,9883.654,0.029156426632135357,UN DESA
14_PE,Peru,1960.0,Estimates,population_1jul,10174.127,0.02938923195814014,UN DESA
14_PE,Peru,1961.0,Estimates,population_1jul,10475.123,0.02958445476452165,UN DESA
14_PE,Peru,1962.0,Estimates,population_1jul,10784.612,0.029545142333889496,UN DESA
14_PE,Peru,1963.0,Estimates,population_1jul,11102.099,0.029438889410208002,UN DESA
14_PE,Peru,1964.0,Estimates,population_1jul,11427.978,0.029352917858145533,UN DESA
14_PE,Peru,1965.0,Estimates,population_1jul,11761.085,0.029148376029425327,UN DESA
14_PE,Peru,1966.0,Estimates,population_1jul,12101.297,0.02892692298372146,UN DESA
14_PE,Peru,1967.0,Estimates,population_1jul,12448.814,0.028717335009627476,UN DESA
14_PE,Peru,1968.0,Estimates,population_1jul,12803.993,0.02853115164223685,UN DESA
14_PE,Peru,1969.0,Estimates,population_1jul,13166.767,0.02833288021947533,UN DESA
14_PE,Peru,1970.0,Estimates,population_1jul,13501.237,0.025402591235950345,UN DESA
14_PE,Peru,1971.0,Estimates,population_1jul,13838.067,0.024948084386638092,UN DESA
14_PE,Peru,1972.0,Estimates,population_1jul,14210.147,0.026888148467556938,UN DESA
14_PE,Peru,1973.0,Estimates,population_1jul,14582.867,0.02622914456831449,UN DESA
14_PE,Peru,1974.0,Estimates,population_1jul,14956.552,0.02562493369787977,UN DESA
14_PE,Peru,1975.0,Estimates,population_1jul,15333.957,0.025233422783540016,UN DESA
14_PE,Peru,1976.0,Estimates,population_1jul,15716.809,0.024967593165938773,UN DESA
14_PE,Peru,1977.0,Estimates,population_1jul,16109.806,0.025004884897436908,UN DESA
14_PE,Peru,1978.0,Estimates,population_1jul,16516.059,0.02521774625963835,UN DESA
14_PE,Peru,1979.0,Estimates,population_1jul,16933.139,0.025252997703628877,UN DESA
14_PE,Peru,1980.0,Estimates,population_1jul,17360.949,0.02526466002552752,UN DESA
14_PE,Peru,1981.0,Estimates,population_1jul,17798.805,0.02522074110119199,UN DESA
14_PE,Peru,1982.0,Estimates,population_1jul,18246.503,0.025153261693692475,UN DESA
14_PE,Peru,1983.0,Estimates,population_1jul,18705.957,0.025180386619836126,UN DESA
14_PE,Peru,1984.0,Estimates,population_1jul,19174.716,0.025059343395261724,UN DESA
14_PE,Peru,1985.0,Estimates,population_1jul,19648.204,0.024693351390445706,UN DESA
14_PE,Peru,1986.0,Estimates,population_1jul,20117.122,0.02386569276255468,UN DESA
14_PE,Peru,1987.0,Estimates,population_1jul,20582.32,0.023124480728406338,UN DESA
14_PE,Peru,1988.0,Estimates,population_1jul,21054.702,0.022950862682146633,UN DESA
14_PE,Peru,1989.0,Estimates,population_1jul,21532.589,0.022697400324165118,UN DESA
14_PE,Peru,1990.0,Estimates,population_1jul,22014.771,0.022393126994622037,UN DESA
14_PE,Peru,1991.0,Estimates,population_1jul,22483.775,0.02130405989687567,UN DESA
14_PE,Peru,1992.0,Estimates,population_1jul,22946.34,0.020573280065291577,UN DESA
14_PE,Peru,1993.0,Estimates,population_1jul,23413.783,0.020371135440335975,UN DESA
14_PE,Peru,1994.0,Estimates,population_1jul,23881.493,0.01997584072595182,UN DESA
14_PE,Peru,1995.0,Estimates,population_1jul,24348.919,0.019572729393426247,UN DESA
14_PE,Peru,1996.0,Estimates,population_1jul,24811.171,0.01898449783335332,UN DESA
14_PE,Peru,1997.0,Estimates,population_1jul,25274.147,0.018659981828346606,UN DESA
14_PE,Peru,1998.0,Estimates,population_1jul,25738.095,0.018356623469824696,UN DESA
14_PE,Peru,1999.0,Estimates,population_1jul,26186.504,0.017421996460887934,UN DESA
14_PE,Peru,2000.0,Estimates,population_1jul,26598.331,0.01572668883177375,UN DESA
14_PE,Peru,2001.0,Estimates,population_1jul,26964.601,0.013770412887936567,UN DESA
14_PE,Peru,2002.0,Estimates,population_1jul,27288.217,0.012001512649862711,UN DESA
14_PE,Peru,2003.0,Estimates,population_1jul,27580.49,0.010710593513676647,UN DESA
14_PE,Peru,2004.0,Estimates,population_1jul,27852.19,0.009851166531123834,UN DESA
14_PE,Peru,2005.0,Estimates,population_1jul,28101.18,0.008939691995494936,UN DESA
14_PE,Peru,2006.0,Estimates,population_1jul,28324.491,0.007946676972283795,UN DESA
14_PE,Peru,2007.0,Estimates,population_1jul,28530.699,0.0072802014341581955,UN DESA
14_PE,Peru,2008.0,Estimates,population_1jul,28719.041,0.006601380498949538,UN DESA
14_PE,Peru,2009.0,Estimates,population_1jul,28896.811,0.006189969922742122,UN DESA
14_PE,Peru,2010.0,Estimates,population_1jul,29086.019,0.006547712133356143,UN DESA
14_PE,Peru,2011.0,Estimates,population_1jul,29304.086,0.007497313399953409,UN DESA
14_PE,Peru,2012.0,Estimates,population_1jul,29550.366,0.008404288739802368,UN DESA
14_PE,Peru,2013.0,Estimates,population_1jul,29817.919,0.009054134896332666,UN DESA
14_PE,Peru,2014.0,Estimates,population_1jul,30115.826,0.009990871596371242,UN DESA
14_PE,Peru,2015.0,Estimates,population_1jul,30457.6,0.011348651038161739,UN DESA
14_PE,Peru,2016.0,Estimates,population_1jul,30866.494,0.013425023639419997,UN DESA
14_PE,Peru,2017.0,Estimates,population_1jul,31324.637,0.014842728817856754,UN DESA
14_PE,Peru,2018.0,Estimates,population_1jul,31897.584,0.018290618978282103,UN DESA
14_PE,Peru,2019.0,Estimates,population_1jul,32449.303,0.01729657644290561,UN DESA
14_PE,Peru,2020.0,Estimates,population_1jul,32838.579,0.011996436410359745,UN DESA
14_PE,Peru,2021.0,Estimates,population_1jul,33155.882,0.009662507016518607,UN DESA
14_PE,Peru,2022.0,Estimates,population_1jul,33475.438,0.00963798821578643,UN DESA
14_PE,Peru,2023.0,Estimates,population_1jul,33845.617,0.011058227229170159,UN DESA
14_PE,Peru,2024.0,High,population_1jul,34251.833,0.012002026732146787,UN DESA
14_PE,Peru,2025.0,High,population_1jul,34678.746,0.012463946090126132,UN DESA
14_PE,Peru,2026.0,High,population_1jul,35092.569,0.011933043945706823,UN DESA
14_PE,Peru,2027.0,High,population_1jul,35494.654,0.011457838837618306,UN DESA
14_PE,Peru,2028.0,High,population_1jul,35885.952,0.011024139015413326,UN DESA
14_PE,Peru,2029.0,High,population_1jul,36287.889,0.011200399532385497,UN DESA
14_PE,Peru,2030.0,High,population_1jul,36701.323,0.011393167566181583,UN DESA
14_PE,Peru,2031.0,High,population_1jul,37106.084,0.011028512514385636,UN DESA
14_PE,Peru,2032.0,High,population_1jul,37502.656,0.01068751959921177,UN DESA
14_PE,Peru,2033.0,High,population_1jul,37891.973,0.010381051411398667,UN DESA
14_PE,Peru,2034.0,High,population_1jul,38287.874,0.010448149532884088,UN DESA
14_PE,Peru,2035.0,High,population_1jul,38689.452,0.010488385957392099,UN DESA
14_PE,Peru,2036.0,High,population_1jul,39082.742,0.010165302935797538,UN DESA
14_PE,Peru,2037.0,High,population_1jul,39467.67,0.009849053067975566,UN DESA
14_PE,Peru,2038.0,High,population_1jul,39843.991,0.009534918073451193,UN DESA
14_PE,Peru,2039.0,High,population_1jul,40212.277,0.009243200561911635,UN DESA
14_PE,Peru,2040.0,High,population_1jul,40572.874,0.00896733602029065,UN DESA
14_PE,Peru,2041.0,High,population_1jul,40926.098,0.008705915188556679,UN DESA
14_PE,Peru,2042.0,High,population_1jul,41272.169,0.00845599793070928,UN DESA
14_PE,Peru,2043.0,High,population_1jul,41610.971,0.008208970068910082,UN DESA
14_PE,Peru,2044.0,High,population_1jul,41943.325,0.007987172421427102,UN DESA
14_PE,Peru,2045.0,High,population_1jul,42269.279,0.007771296147837781,UN DESA
14_PE,Peru,2046.0,High,population_1jul,42588.645,0.007555510942119259,UN DESA
14_PE,Peru,2047.0,High,population_1jul,42901.876,0.007354800792558569,UN DESA
14_PE,Peru,2048.0,High,population_1jul,43209.056,0.007160059853792866,UN DESA
14_PE,Peru,2049.0,High,population_1jul,43511.242,0.0069935802346619,UN DESA
14_PE,Peru,2050.0,High,population_1jul,43809.554,0.006855975290247951,UN DESA
14_PE,Peru,2051.0,High,population_1jul,44104.119,0.006723761670799133,UN DESA
14_PE,Peru,2052.0,High,population_1jul,44395.165,0.006599066177923163,UN DESA
14_PE,Peru,2053.0,High,population_1jul,44683.677,0.006498725705828656,UN DESA
14_PE,Peru,2054.0,High,population_1jul,44969.605,0.006398936237946629,UN DESA
14_PE,Peru,2055.0,High,population_1jul,45252.698,0.006295207618568055,UN DESA
14_PE,Peru,2056.0,High,population_1jul,45532.978,0.006193663856241427,UN DESA
14_PE,Peru,2057.0,High,population_1jul,45810.632,0.006097866034591393,UN DESA
14_PE,Peru,2058.0,High,population_1jul,46085.657,0.006003519008425773,UN DESA
14_PE,Peru,2059.0,High,population_1jul,46358.036,0.005910277030443556,UN DESA
14_PE,Peru,2060.0,High,population_1jul,46628.427,0.005832667285559756,UN DESA
14_PE,Peru,2061.0,High,population_1jul,46896.655,0.005752456543301365,UN DESA
14_PE,Peru,2062.0,High,population_1jul,47162.109,0.005660403711096107,UN DESA
14_PE,Peru,2063.0,High,population_1jul,47424.64,0.005566566160135178,UN DESA
14_PE,Peru,2064.0,High,population_1jul,47683.747,0.005463552279996398,UN DESA
14_PE,Peru,2065.0,High,population_1jul,47939.054,0.00535417235562452,UN DESA
14_PE,Peru,2066.0,High,population_1jul,48190.548,0.005246119374821223,UN DESA
14_PE,Peru,2067.0,High,population_1jul,48437.67,0.005128018050344574,UN DESA
14_PE,Peru,2068.0,High,population_1jul,48679.846,0.004999745033152925,UN DESA
14_PE,Peru,2069.0,High,population_1jul,48916.535,0.004862155890961617,UN DESA
14_PE,Peru,2070.0,High,population_1jul,49147.54,0.004722431791213344,UN DESA
14_PE,Peru,2071.0,High,population_1jul,49373.235,0.0045921932206576255,UN DESA
14_PE,Peru,2072.0,High,population_1jul,49593.707,0.0044654153206691305,UN DESA
14_PE,Peru,2073.0,High,population_1jul,49808.798,0.0043370623615612836,UN DESA
14_PE,Peru,2074.0,High,population_1jul,50018.274,0.004205602391770036,UN DESA
14_PE,Peru,2075.0,High,population_1jul,50222.322,0.004079469035656924,UN DESA
14_PE,Peru,2076.0,High,population_1jul,50421.484,0.003965607165674179,UN DESA
14_PE,Peru,2077.0,High,population_1jul,50616.204,0.003861845875063885,UN DESA
14_PE,Peru,2078.0,High,population_1jul,50806.903,0.0037675484317236663,UN DESA
14_PE,Peru,2079.0,High,population_1jul,50993.982,0.003682157127349539,UN DESA
14_PE,Peru,2080.0,High,population_1jul,51177.467,0.003598169682061503,UN DESA
14_PE,Peru,2081.0,High,population_1jul,51357.847,0.0035245980423377343,UN DESA
14_PE,Peru,2082.0,High,population_1jul,51535.906,0.0034670261781029055,UN DESA
14_PE,Peru,2083.0,High,population_1jul,51712.359,0.003423884698951385,UN DESA
14_PE,Peru,2084.0,High,population_1jul,51887.517,0.0033871593442489356,UN DESA
14_PE,Peru,2085.0,High,population_1jul,52061.421,0.003351557562486507,UN DESA
14_PE,Peru,2086.0,High,population_1jul,52234.893,0.0033320642554108826,UN DESA
14_PE,Peru,2087.0,High,population_1jul,52408.062,0.003315197754879984,UN DESA
14_PE,Peru,2088.0,High,population_1jul,52581.289,0.0033053502340918417,UN DESA
14_PE,Peru,2089.0,High,population_1jul,52755.775,0.003318404765619176,UN DESA
14_PE,Peru,2090.0,High,population_1jul,52931.512,0.003331142419953137,UN DESA
14_PE,Peru,2091.0,High,population_1jul,53108.092,0.003336008992148143,UN DESA
14_PE,Peru,2092.0,High,population_1jul,53285.876,0.003347587783797623,UN DESA
14_PE,Peru,2093.0,High,population_1jul,53464.272,0.003347904048720096,UN DESA
14_PE,Peru,2094.0,High,population_1jul,53644.082,0.003363180555418399,UN DESA
14_PE,Peru,2095.0,High,population_1jul,53825.454,0.0033810253291313153,UN DESA
14_PE,Peru,2096.0,High,population_1jul,54007.465,0.003381504222890408,UN DESA
14_PE,Peru,2097.0,High,population_1jul,54190.414,0.0033874761572312284,UN DESA
14_PE,Peru,2098.0,High,population_1jul,54374.276,0.003392887900801167,UN DESA
14_PE,Peru,2099.0,High,population_1jul,54558.675,0.0033912911318580985,UN DESA
14_PE,Peru,2100.0,High,population_1jul,54743.741,0.003392054517453058,UN DESA
15_PHL,Philippines,1950.0,Estimates,population_1jul,18849.528,,UN DESA
15_PHL,Philippines,1951.0,Estimates,population_1jul,19568.081,0.03812047707507582,UN DESA
15_PHL,Philippines,1952.0,Estimates,population_1jul,20328.752,0.038873050453951175,UN DESA
15_PHL,Philippines,1953.0,Estimates,population_1jul,21132.5,0.0395374984160366,UN DESA
15_PHL,Philippines,1954.0,Estimates,population_1jul,21982.503,0.04022254820773696,UN DESA
15_PHL,Philippines,1955.0,Estimates,population_1jul,22880.573,0.04085385545040077,UN DESA
15_PHL,Philippines,1956.0,Estimates,population_1jul,23825.81,0.04131177134418795,UN DESA
15_PHL,Philippines,1957.0,Estimates,population_1jul,24815.855,0.0415534665977777,UN DESA
15_PHL,Philippines,1958.0,Estimates,population_1jul,25842.524,0.04137149415162211,UN DESA
15_PHL,Philippines,1959.0,Estimates,population_1jul,26907.607,0.04121435661624995,UN DESA
15_PHL,Philippines,1960.0,Estimates,population_1jul,27891.897,0.0365803618285343,UN DESA
15_PHL,Philippines,1961.0,Estimates,population_1jul,28792.621,0.0322933933106091,UN DESA
15_PHL,Philippines,1962.0,Estimates,population_1jul,29723.536,0.03233172138097462,UN DESA
15_PHL,Philippines,1963.0,Estimates,population_1jul,30674.731,0.03200140790786121,UN DESA
15_PHL,Philippines,1964.0,Estimates,population_1jul,31643.032,0.03156673158763801,UN DESA
15_PHL,Philippines,1965.0,Estimates,population_1jul,32625.316,0.0310426636739487,UN DESA
15_PHL,Philippines,1966.0,Estimates,population_1jul,33617.17,0.03040136071019206,UN DESA
15_PHL,Philippines,1967.0,Estimates,population_1jul,34621.32,0.029870152663058924,UN DESA
15_PHL,Philippines,1968.0,Estimates,population_1jul,35638.342,0.029375598619578946,UN DESA
15_PHL,Philippines,1969.0,Estimates,population_1jul,36660.799,0.028689802684984667,UN DESA
15_PHL,Philippines,1970.0,Estimates,population_1jul,37622.204,0.02622433297212101,UN DESA
15_PHL,Philippines,1971.0,Estimates,population_1jul,38518.659,0.023827817211346858,UN DESA
15_PHL,Philippines,1972.0,Estimates,population_1jul,39408.56,0.023103114778736167,UN DESA
15_PHL,Philippines,1973.0,Estimates,population_1jul,40294.13,0.022471513803092424,UN DESA
15_PHL,Philippines,1974.0,Estimates,population_1jul,41174.341,0.021844645857845846,UN DESA
15_PHL,Philippines,1975.0,Estimates,population_1jul,42120.826,0.02298725315360839,UN DESA
15_PHL,Philippines,1976.0,Estimates,population_1jul,43201.488,0.025656239504894707,UN DESA
15_PHL,Philippines,1977.0,Estimates,population_1jul,44367.962,0.027000782935995282,UN DESA
15_PHL,Philippines,1978.0,Estimates,population_1jul,45575.281,0.02721150455366872,UN DESA
15_PHL,Philippines,1979.0,Estimates,population_1jul,46807.103,0.02702829193746492,UN DESA
15_PHL,Philippines,1980.0,Estimates,population_1jul,48043.74,0.02641985768698385,UN DESA
15_PHL,Philippines,1981.0,Estimates,population_1jul,49311.727,0.02639234580821559,UN DESA
15_PHL,Philippines,1982.0,Estimates,population_1jul,50695.707,0.028065940582450155,UN DESA
15_PHL,Philippines,1983.0,Estimates,population_1jul,52194.62,0.029566862535322702,UN DESA
15_PHL,Philippines,1984.0,Estimates,population_1jul,53726.181,0.029343273310544093,UN DESA
15_PHL,Philippines,1985.0,Estimates,population_1jul,55213.006,0.027674124092311736,UN DESA
15_PHL,Philippines,1986.0,Estimates,population_1jul,56645.077,0.025937203998637415,UN DESA
15_PHL,Philippines,1987.0,Estimates,population_1jul,58157.496,0.026699919571121722,UN DESA
15_PHL,Philippines,1988.0,Estimates,population_1jul,59739.052,0.027194362013110096,UN DESA
15_PHL,Philippines,1989.0,Estimates,population_1jul,61265.26,0.025547911272512325,UN DESA
15_PHL,Philippines,1990.0,Estimates,population_1jul,62854.666,0.025943022195612953,UN DESA
15_PHL,Philippines,1991.0,Estimates,population_1jul,64382.249,0.024303414483182628,UN DESA
15_PHL,Philippines,1992.0,Estimates,population_1jul,65926.125,0.023979839536204972,UN DESA
15_PHL,Philippines,1993.0,Estimates,population_1jul,67530.621,0.024337787182243664,UN DESA
15_PHL,Philippines,1994.0,Estimates,population_1jul,69019.291,0.02204437006435933,UN DESA
15_PHL,Philippines,1995.0,Estimates,population_1jul,70546.246,0.02212359729977531,UN DESA
15_PHL,Philippines,1996.0,Estimates,population_1jul,72190.242,0.02330380556323286,UN DESA
15_PHL,Philippines,1997.0,Estimates,population_1jul,73908.81,0.023806098336669912,UN DESA
15_PHL,Philippines,1998.0,Estimates,population_1jul,75791.024,0.025466706878381817,UN DESA
15_PHL,Philippines,1999.0,Estimates,population_1jul,77753.257,0.025890044710307647,UN DESA
15_PHL,Philippines,2000.0,Estimates,population_1jul,79625.397,0.024077962418989074,UN DESA
15_PHL,Philippines,2001.0,Estimates,population_1jul,81401.488,0.02230558423463802,UN DESA
15_PHL,Philippines,2002.0,Estimates,population_1jul,83068.889,0.020483667325589927,UN DESA
15_PHL,Philippines,2003.0,Estimates,population_1jul,84731.835,0.0200188785479003,UN DESA
15_PHL,Philippines,2004.0,Estimates,population_1jul,86394.504,0.01962271913502156,UN DESA
15_PHL,Philippines,2005.0,Estimates,population_1jul,88015.962,0.018768068857713427,UN DESA
15_PHL,Philippines,2006.0,Estimates,population_1jul,89508.986,0.0169631049422605,UN DESA
15_PHL,Philippines,2007.0,Estimates,population_1jul,91075.184,0.017497662190028462,UN DESA
15_PHL,Philippines,2008.0,Estimates,population_1jul,92699.095,0.017830444350241503,UN DESA
15_PHL,Philippines,2009.0,Estimates,population_1jul,94384.25,0.01817876431263965,UN DESA
15_PHL,Philippines,2010.0,Estimates,population_1jul,96337.125,0.0206906872703867,UN DESA
15_PHL,Philippines,2011.0,Estimates,population_1jul,98248.614,0.019841665401578057,UN DESA
15_PHL,Philippines,2012.0,Estimates,population_1jul,100175.512,0.01961247005479394,UN DESA
15_PHL,Philippines,2013.0,Estimates,population_1jul,102076.336,0.018974936709083012,UN DESA
15_PHL,Philippines,2014.0,Estimates,population_1jul,103767.13,0.016564015385505337,UN DESA
15_PHL,Philippines,2015.0,Estimates,population_1jul,105312.992,0.014897415009936132,UN DESA
15_PHL,Philippines,2016.0,Estimates,population_1jul,106735.719,0.013509510773371591,UN DESA
15_PHL,Philippines,2017.0,Estimates,population_1jul,108119.693,0.01296636227278336,UN DESA
15_PHL,Philippines,2018.0,Estimates,population_1jul,109465.287,0.012445410846662286,UN DESA
15_PHL,Philippines,2019.0,Estimates,population_1jul,110804.683,0.012235805858710425,UN DESA
15_PHL,Philippines,2020.0,Estimates,population_1jul,112081.264,0.011521002230564514,UN DESA
15_PHL,Philippines,2021.0,Estimates,population_1jul,113100.95,0.009097738226792274,UN DESA
15_PHL,Philippines,2022.0,Estimates,population_1jul,113964.338,0.007633782032776981,UN DESA
15_PHL,Philippines,2023.0,Estimates,population_1jul,114891.199,0.008132903821193471,UN DESA
15_PHL,Philippines,2024.0,High,population_1jul,115963.068,0.009329426529877338,UN DESA
15_PHL,Philippines,2025.0,High,population_1jul,117146.196,0.01020262761588886,UN DESA
15_PHL,Philippines,2026.0,High,population_1jul,118325.74,0.010068991057976984,UN DESA
15_PHL,Philippines,2027.0,High,population_1jul,119502.086,0.009941590054708183,UN DESA
15_PHL,Philippines,2028.0,High,population_1jul,120676.48,0.009827393305920973,UN DESA
15_PHL,Philippines,2029.0,High,population_1jul,121918.864,0.01029516273593667,UN DESA
15_PHL,Philippines,2030.0,High,population_1jul,123227.744,0.010735664334930117,UN DESA
15_PHL,Philippines,2031.0,High,population_1jul,124525.88,0.010534445879330612,UN DESA
15_PHL,Philippines,2032.0,High,population_1jul,125813.16,0.01033744953257898,UN DESA
15_PHL,Philippines,2033.0,High,population_1jul,127093.194,0.01017408671716069,UN DESA
15_PHL,Philippines,2034.0,High,population_1jul,128414.193,0.010393939741572655,UN DESA
15_PHL,Philippines,2035.0,High,population_1jul,129771.306,0.010568247701404854,UN DESA
15_PHL,Philippines,2036.0,High,population_1jul,131110.683,0.010321056644062798,UN DESA
15_PHL,Philippines,2037.0,High,population_1jul,132428.278,0.010049486203957958,UN DESA
15_PHL,Philippines,2038.0,High,population_1jul,133717.406,0.009734537211153693,UN DESA
15_PHL,Philippines,2039.0,High,population_1jul,134971.006,0.009374994905300582,UN DESA
15_PHL,Philippines,2040.0,High,population_1jul,136188.307,0.009018981454431918,UN DESA
15_PHL,Philippines,2041.0,High,population_1jul,137371.25,0.008686083453552262,UN DESA
15_PHL,Philippines,2042.0,High,population_1jul,138518.253,0.008349658316423536,UN DESA
15_PHL,Philippines,2043.0,High,population_1jul,139629.293,0.008020892380154354,UN DESA
15_PHL,Philippines,2044.0,High,population_1jul,140703.598,0.00769398008768829,UN DESA
15_PHL,Philippines,2045.0,High,population_1jul,141739.982,0.007365724933345197,UN DESA
15_PHL,Philippines,2046.0,High,population_1jul,142736.871,0.007033223695485091,UN DESA
15_PHL,Philippines,2047.0,High,population_1jul,143691.226,0.006686114059484938,UN DESA
15_PHL,Philippines,2048.0,High,population_1jul,144602.036,0.0063386612067739545,UN DESA
15_PHL,Philippines,2049.0,High,population_1jul,145475.502,0.006040482030280847,UN DESA
15_PHL,Philippines,2050.0,High,population_1jul,146313.018,0.005757093039624017,UN DESA
15_PHL,Philippines,2051.0,High,population_1jul,147116.8,0.0054935781585749854,UN DESA
15_PHL,Philippines,2052.0,High,population_1jul,147887.886,0.0052413184626094456,UN DESA
15_PHL,Philippines,2053.0,High,population_1jul,148630.718,0.005022940148052379,UN DESA
15_PHL,Philippines,2054.0,High,population_1jul,149355.779,0.004878271529308087,UN DESA
15_PHL,Philippines,2055.0,High,population_1jul,150063.19,0.004736415321431764,UN DESA
15_PHL,Philippines,2056.0,High,population_1jul,150752.389,0.00459272523794807,UN DESA
15_PHL,Philippines,2057.0,High,population_1jul,151433.141,0.004515696265350755,UN DESA
15_PHL,Philippines,2058.0,High,population_1jul,152112.642,0.004487135349058091,UN DESA
15_PHL,Philippines,2059.0,High,population_1jul,152785.106,0.004420829137922633,UN DESA
15_PHL,Philippines,2060.0,High,population_1jul,153451.877,0.004364109941449534,UN DESA
15_PHL,Philippines,2061.0,High,population_1jul,154118.432,0.004343739633761556,UN DESA
15_PHL,Philippines,2062.0,High,population_1jul,154783.698,0.004316589465431342,UN DESA
15_PHL,Philippines,2063.0,High,population_1jul,155449.346,0.004300504566055796,UN DESA
15_PHL,Philippines,2064.0,High,population_1jul,156115.704,0.004286656825175816,UN DESA
15_PHL,Philippines,2065.0,High,population_1jul,156776.451,0.0042324185400335335,UN DESA
15_PHL,Philippines,2066.0,High,population_1jul,157434.161,0.004195209138903033,UN DESA
15_PHL,Philippines,2067.0,High,population_1jul,158085.348,0.004136249692339611,UN DESA
15_PHL,Philippines,2068.0,High,population_1jul,158724.563,0.004043480361000995,UN DESA
15_PHL,Philippines,2069.0,High,population_1jul,159352.172,0.0039540760934400065,UN DESA
15_PHL,Philippines,2070.0,High,population_1jul,159961.9,0.0038262923708376473,UN DESA
15_PHL,Philippines,2071.0,High,population_1jul,160553.35,0.0036974429536034137,UN DESA
15_PHL,Philippines,2072.0,High,population_1jul,161123.29,0.0035498480723075154,UN DESA
15_PHL,Philippines,2073.0,High,population_1jul,161668.793,0.003385624759772554,UN DESA
15_PHL,Philippines,2074.0,High,population_1jul,162188.546,0.003214924725763124,UN DESA
15_PHL,Philippines,2075.0,High,population_1jul,162683.924,0.003054334058830488,UN DESA
15_PHL,Philippines,2076.0,High,population_1jul,163155.282,0.002897385238875838,UN DESA
15_PHL,Philippines,2077.0,High,population_1jul,163594.522,0.0026921592400543926,UN DESA
15_PHL,Philippines,2078.0,High,population_1jul,164006.997,0.0025213252556219867,UN DESA
15_PHL,Philippines,2079.0,High,population_1jul,164402.169,0.0024094825661613584,UN DESA
15_PHL,Philippines,2080.0,High,population_1jul,164775.435,0.0022704444976027194,UN DESA
15_PHL,Philippines,2081.0,High,population_1jul,165128.526,0.002142861889577352,UN DESA
15_PHL,Philippines,2082.0,High,population_1jul,165465.527,0.0020408405995218093,UN DESA
15_PHL,Philippines,2083.0,High,population_1jul,165788.291,0.0019506419606061254,UN DESA
15_PHL,Philippines,2084.0,High,population_1jul,166098.356,0.0018702466750200042,UN DESA
15_PHL,Philippines,2085.0,High,population_1jul,166393.976,0.0017797888378858762,UN DESA
15_PHL,Philippines,2086.0,High,population_1jul,166681.318,0.0017268774201297798,UN DESA
15_PHL,Philippines,2087.0,High,population_1jul,166967.018,0.001714049321352329,UN DESA
15_PHL,Philippines,2088.0,High,population_1jul,167254.195,0.0017199624419237391,UN DESA
15_PHL,Philippines,2089.0,High,population_1jul,167544.734,0.0017371103905643448,UN DESA
15_PHL,Philippines,2090.0,High,population_1jul,167839.794,0.0017610819090261298,UN DESA
15_PHL,Philippines,2091.0,High,population_1jul,168138.101,0.0017773317810434452,UN DESA
15_PHL,Philippines,2092.0,High,population_1jul,168442.244,0.001808888040194967,UN DESA
15_PHL,Philippines,2093.0,High,population_1jul,168756.085,0.0018631965031288278,UN DESA
15_PHL,Philippines,2094.0,High,population_1jul,169079.929,0.0019190063576077776,UN DESA
15_PHL,Philippines,2095.0,High,population_1jul,169410.754,0.0019566189905366738,UN DESA
15_PHL,Philippines,2096.0,High,population_1jul,169746.848,0.0019839000303369936,UN DESA
15_PHL,Philippines,2097.0,High,population_1jul,170092.879,0.0020385120788810607,UN DESA
15_PHL,Philippines,2098.0,High,population_1jul,170448.932,0.002093285751251228,UN DESA
15_PHL,Philippines,2099.0,High,population_1jul,170811.375,0.0021264022939140315,UN DESA
15_PHL,Philippines,2100.0,High,population_1jul,171179.835,0.0021571162927527254,UN DESA
16_RUS,Russia,1950.0,Estimates,population_1jul,103392.36,,UN DESA
16_RUS,Russia,1951.0,Estimates,population_1jul,104844.658,0.014046473066288367,UN DESA
16_RUS,Russia,1952.0,Estimates,population_1jul,106326.382,0.014132565533286456,UN DESA
16_RUS,Russia,1953.0,Estimates,population_1jul,107851.679,0.014345423697385007,UN DESA
16_RUS,Russia,1954.0,Estimates,population_1jul,109463.239,0.01494237284891975,UN DESA
16_RUS,Russia,1955.0,Estimates,population_1jul,111160.992,0.01550980050937456,UN DESA
16_RUS,Russia,1956.0,Estimates,population_1jul,112909.103,0.0157259391855733,UN DESA
16_RUS,Russia,1957.0,Estimates,population_1jul,114730.335,0.016130072346779656,UN DESA
16_RUS,Russia,1958.0,Estimates,population_1jul,116588.766,0.016198253060099477,UN DESA
16_RUS,Russia,1959.0,Estimates,population_1jul,118293.89,0.01462511405258371,UN DESA
16_RUS,Russia,1960.0,Estimates,population_1jul,119934.141,0.013865897892105794,UN DESA
16_RUS,Russia,1961.0,Estimates,population_1jul,121604.304,0.013925667754605353,UN DESA
16_RUS,Russia,1962.0,Estimates,population_1jul,123111.713,0.012396016838351454,UN DESA
16_RUS,Russia,1963.0,Estimates,population_1jul,124449.753,0.010868502820686077,UN DESA
16_RUS,Russia,1964.0,Estimates,population_1jul,125630.154,0.009484960568784784,UN DESA
16_RUS,Russia,1965.0,Estimates,population_1jul,126634.214,0.0079921895184496,UN DESA
16_RUS,Russia,1966.0,Estimates,population_1jul,127533.631,0.007102480219129292,UN DESA
16_RUS,Russia,1967.0,Estimates,population_1jul,128342.644,0.00634352675177885,UN DESA
16_RUS,Russia,1968.0,Estimates,population_1jul,129065.041,0.005628659169589767,UN DESA
16_RUS,Russia,1969.0,Estimates,population_1jul,129762.187,0.005401509150723571,UN DESA
16_RUS,Russia,1970.0,Estimates,population_1jul,130367.189,0.004662390593031418,UN DESA
16_RUS,Russia,1971.0,Estimates,population_1jul,130987.113,0.004755214903038318,UN DESA
16_RUS,Russia,1972.0,Estimates,population_1jul,131726.419,0.005644112486088648,UN DESA
16_RUS,Russia,1973.0,Estimates,population_1jul,132475.149,0.005683977486703018,UN DESA
16_RUS,Russia,1974.0,Estimates,population_1jul,133259.158,0.005918159035246617,UN DESA
16_RUS,Russia,1975.0,Estimates,population_1jul,134136.098,0.006580710948211221,UN DESA
16_RUS,Russia,1976.0,Estimates,population_1jul,135080.69,0.007042041732867599,UN DESA
16_RUS,Russia,1977.0,Estimates,population_1jul,136040.976,0.00710898056561593,UN DESA
16_RUS,Russia,1978.0,Estimates,population_1jul,136979.087,0.006895797336825993,UN DESA
16_RUS,Russia,1979.0,Estimates,population_1jul,137816.541,0.006113736179304441,UN DESA
16_RUS,Russia,1980.0,Estimates,population_1jul,138572.623,0.005486148429744597,UN DESA
16_RUS,Russia,1981.0,Estimates,population_1jul,139351.498,0.0056206989745730684,UN DESA
16_RUS,Russia,1982.0,Estimates,population_1jul,140247.748,0.0064315777933008356,UN DESA
16_RUS,Russia,1983.0,Estimates,population_1jul,141331.278,0.007725828153761105,UN DESA
16_RUS,Russia,1984.0,Estimates,population_1jul,142464.239,0.008016350067958866,UN DESA
16_RUS,Russia,1985.0,Estimates,population_1jul,143569.389,0.007757385346367496,UN DESA
16_RUS,Russia,1986.0,Estimates,population_1jul,144807.813,0.008625961346119482,UN DESA
16_RUS,Russia,1987.0,Estimates,population_1jul,146147.383,0.009250674892797406,UN DESA
16_RUS,Russia,1988.0,Estimates,population_1jul,147364.489,0.008327935642884476,UN DESA
16_RUS,Russia,1989.0,Estimates,population_1jul,148281.866,0.00622522431438699,UN DESA
16_RUS,Russia,1990.0,Estimates,population_1jul,148979.541,0.004705059484481966,UN DESA
16_RUS,Russia,1991.0,Estimates,population_1jul,149448.433,0.0031473583342560563,UN DESA
16_RUS,Russia,1992.0,Estimates,population_1jul,148915.991,-0.0035627138358820254,UN DESA
16_RUS,Russia,1993.0,Estimates,population_1jul,148135.424,-0.005241660044420726,UN DESA
16_RUS,Russia,1994.0,Estimates,population_1jul,148200.736,0.0004408938674924645,UN DESA
16_RUS,Russia,1995.0,Estimates,population_1jul,148291.403,0.0006117850858715634,UN DESA
16_RUS,Russia,1996.0,Estimates,population_1jul,148084.582,-0.001394693123241919,UN DESA
16_RUS,Russia,1997.0,Estimates,population_1jul,147853.771,-0.0015586430192982004,UN DESA
16_RUS,Russia,1998.0,Estimates,population_1jul,147635.531,-0.0014760529848103499,UN DESA
16_RUS,Russia,1999.0,Estimates,population_1jul,147241.975,-0.00266572685676858,UN DESA
16_RUS,Russia,2000.0,Estimates,population_1jul,146717.783,-0.003560071779803331,UN DESA
16_RUS,Russia,2001.0,Estimates,population_1jul,146117.284,-0.004092884909527195,UN DESA
16_RUS,Russia,2002.0,Estimates,population_1jul,145939.5,-0.001216721219647221,UN DESA
16_RUS,Russia,2003.0,Estimates,population_1jul,145794.229,-0.0009954193347243567,UN DESA
16_RUS,Russia,2004.0,Estimates,population_1jul,145180.097,-0.00421232036557484,UN DESA
16_RUS,Russia,2005.0,Estimates,population_1jul,144597.884,-0.004010281106231917,UN DESA
16_RUS,Russia,2006.0,Estimates,population_1jul,144102.948,-0.0034228440023367224,UN DESA
16_RUS,Russia,2007.0,Estimates,population_1jul,143859.764,-0.0016875713049258056,UN DESA
16_RUS,Russia,2008.0,Estimates,population_1jul,143811.84,-0.00033312997788592646,UN DESA
16_RUS,Russia,2009.0,Estimates,population_1jul,143869.132,0.0003983816631509818,UN DESA
16_RUS,Russia,2010.0,Estimates,population_1jul,143934.465,0.00045411409029694205,UN DESA
16_RUS,Russia,2011.0,Estimates,population_1jul,144043.748,0.0007592552624557936,UN DESA
16_RUS,Russia,2012.0,Estimates,population_1jul,144291.029,0.0017167076213542298,UN DESA
16_RUS,Russia,2013.0,Estimates,population_1jul,144604.098,0.002169705228174612,UN DESA
16_RUS,Russia,2014.0,Estimates,population_1jul,144925.638,0.0022235884352324042,UN DESA
16_RUS,Russia,2015.0,Estimates,population_1jul,145307.616,0.0026356827216451606,UN DESA
16_RUS,Russia,2016.0,Estimates,population_1jul,145778.677,0.0032418190661114288,UN DESA
16_RUS,Russia,2017.0,Estimates,population_1jul,146186.799,0.00279960010886926,UN DESA
16_RUS,Russia,2018.0,Estimates,population_1jul,146430.146,0.0016646304704983628,UN DESA
16_RUS,Russia,2019.0,Estimates,population_1jul,146533.067,0.0007028675638962589,UN DESA
16_RUS,Russia,2020.0,Estimates,population_1jul,146371.299,-0.0011039692494800857,UN DESA
16_RUS,Russia,2021.0,Estimates,population_1jul,145836.175,-0.0036559353073720713,UN DESA
16_RUS,Russia,2022.0,Estimates,population_1jul,145579.899,-0.001757286900866517,UN DESA
16_RUS,Russia,2023.0,Estimates,population_1jul,145440.5,-0.0009575429091347454,UN DESA
16_RUS,Russia,2024.0,High,population_1jul,144928.965,-0.0035171427490967577,UN DESA
16_RUS,Russia,2025.0,High,population_1jul,144319.911,-0.004202431170332366,UN DESA
16_RUS,Russia,2026.0,High,population_1jul,143925.136,-0.0027354160438748387,UN DESA
16_RUS,Russia,2027.0,High,population_1jul,143779.145,-0.0010143537401278158,UN DESA
16_RUS,Russia,2028.0,High,population_1jul,143607.552,-0.001193448465700575,UN DESA
16_RUS,Russia,2029.0,High,population_1jul,143485.128,-0.0008524899860419266,UN DESA
16_RUS,Russia,2030.0,High,population_1jul,143412.583,-0.0005055924680917867,UN DESA
16_RUS,Russia,2031.0,High,population_1jul,143323.869,-0.000618592860851086,UN DESA
16_RUS,Russia,2032.0,High,population_1jul,143237.541,-0.000602328143960551,UN DESA
16_RUS,Russia,2033.0,High,population_1jul,143175.246,-0.0004349069354658841,UN DESA
16_RUS,Russia,2034.0,High,population_1jul,143171.797,-2.408935969300252e-05,UN DESA
16_RUS,Russia,2035.0,High,population_1jul,143228.917,0.0003989612563148892,UN DESA
16_RUS,Russia,2036.0,High,population_1jul,143306.323,0.0005404355602298683,UN DESA
16_RUS,Russia,2037.0,High,population_1jul,143401.69,0.0006654765679807717,UN DESA
16_RUS,Russia,2038.0,High,population_1jul,143520.334,0.0008273542661876299,UN DESA
16_RUS,Russia,2039.0,High,population_1jul,143659.994,0.0009731025291510598,UN DESA
16_RUS,Russia,2040.0,High,population_1jul,143823.614,0.0011389392094780515,UN DESA
16_RUS,Russia,2041.0,High,population_1jul,144010.068,0.0012964074174912632,UN DESA
16_RUS,Russia,2042.0,High,population_1jul,144212.457,0.00140538090711817,UN DESA
16_RUS,Russia,2043.0,High,population_1jul,144421.901,0.0014523294613864035,UN DESA
16_RUS,Russia,2044.0,High,population_1jul,144636.967,0.001489150873315248,UN DESA
16_RUS,Russia,2045.0,High,population_1jul,144869.01,0.0016043132320384679,UN DESA
16_RUS,Russia,2046.0,High,population_1jul,145115.729,0.0017030488439175873,UN DESA
16_RUS,Russia,2047.0,High,population_1jul,145361.043,0.0016904714719105929,UN DESA
16_RUS,Russia,2048.0,High,population_1jul,145595.61,0.0016136854494086528,UN DESA
16_RUS,Russia,2049.0,High,population_1jul,145827.889,0.001595370904383886,UN DESA
16_RUS,Russia,2050.0,High,population_1jul,146056.794,0.001569692886385976,UN DESA
16_RUS,Russia,2051.0,High,population_1jul,146280.99,0.0015349919292353409,UN DESA
16_RUS,Russia,2052.0,High,population_1jul,146510.94,0.0015719745949218655,UN DESA
16_RUS,Russia,2053.0,High,population_1jul,146729.872,0.001494304793894674,UN DESA
16_RUS,Russia,2054.0,High,population_1jul,146936.391,0.001407477544858704,UN DESA
16_RUS,Russia,2055.0,High,population_1jul,147144.663,0.0014174296685971477,UN DESA
16_RUS,Russia,2056.0,High,population_1jul,147358.527,0.001453426822555004,UN DESA
16_RUS,Russia,2057.0,High,population_1jul,147590.815,0.0015763458330442237,UN DESA
16_RUS,Russia,2058.0,High,population_1jul,147827.261,0.0016020373625553752,UN DESA
16_RUS,Russia,2059.0,High,population_1jul,148070.024,0.0016422072516111275,UN DESA
16_RUS,Russia,2060.0,High,population_1jul,148347.989,0.0018772536972102571,UN DESA
16_RUS,Russia,2061.0,High,population_1jul,148647.929,0.002021867650662923,UN DESA
16_RUS,Russia,2062.0,High,population_1jul,148964.315,0.0021284252133777493,UN DESA
16_RUS,Russia,2063.0,High,population_1jul,149300.91,0.0022595680045922606,UN DESA
16_RUS,Russia,2064.0,High,population_1jul,149652.835,0.0023571524111942743,UN DESA
16_RUS,Russia,2065.0,High,population_1jul,150029.304,0.0025156155578343053,UN DESA
16_RUS,Russia,2066.0,High,population_1jul,150434.451,0.002700452439611478,UN DESA
16_RUS,Russia,2067.0,High,population_1jul,150877.087,0.0029423845206839605,UN DESA
16_RUS,Russia,2068.0,High,population_1jul,151348.065,0.0031216005648360134,UN DESA
16_RUS,Russia,2069.0,High,population_1jul,151828.522,0.0031745169652481753,UN DESA
16_RUS,Russia,2070.0,High,population_1jul,152322.326,0.0032523796813355155,UN DESA
16_RUS,Russia,2071.0,High,population_1jul,152830.459,0.0033359062544777718,UN DESA
16_RUS,Russia,2072.0,High,population_1jul,153370.767,0.0035353423887838353,UN DESA
16_RUS,Russia,2073.0,High,population_1jul,153951.095,0.003783824071245556,UN DESA
16_RUS,Russia,2074.0,High,population_1jul,154553.459,0.003912697080848959,UN DESA
16_RUS,Russia,2075.0,High,population_1jul,155178.394,0.004043487632327869,UN DESA
16_RUS,Russia,2076.0,High,population_1jul,155831.84,0.00421093415878504,UN DESA
16_RUS,Russia,2077.0,High,population_1jul,156504.805,0.004318533362629884,UN DESA
16_RUS,Russia,2078.0,High,population_1jul,157190.095,0.004378715401102351,UN DESA
16_RUS,Russia,2079.0,High,population_1jul,157900.003,0.004516238761736124,UN DESA
16_RUS,Russia,2080.0,High,population_1jul,158638.856,0.004679246269551962,UN DESA
16_RUS,Russia,2081.0,High,population_1jul,159403.956,0.004822904169203168,UN DESA
16_RUS,Russia,2082.0,High,population_1jul,160183.85,0.004892563645032766,UN DESA
16_RUS,Russia,2083.0,High,population_1jul,160976.701,0.004949631314267844,UN DESA
16_RUS,Russia,2084.0,High,population_1jul,161782.911,0.00500824029186675,UN DESA
16_RUS,Russia,2085.0,High,population_1jul,162597.791,0.005036873146633036,UN DESA
16_RUS,Russia,2086.0,High,population_1jul,163425.981,0.0050934886317122174,UN DESA
16_RUS,Russia,2087.0,High,population_1jul,164278.856,0.005218723453769503,UN DESA
16_RUS,Russia,2088.0,High,population_1jul,165151.707,0.00531322789343025,UN DESA
16_RUS,Russia,2089.0,High,population_1jul,166033.541,0.005339539118417891,UN DESA
16_RUS,Russia,2090.0,High,population_1jul,166924.154,0.005364054724340317,UN DESA
16_RUS,Russia,2091.0,High,population_1jul,167828.055,0.005415040174473473,UN DESA
16_RUS,Russia,2092.0,High,population_1jul,168733.437,0.005394699950494131,UN DESA
16_RUS,Russia,2093.0,High,population_1jul,169646.285,0.005410000627202205,UN DESA
16_RUS,Russia,2094.0,High,population_1jul,170581.293,0.005511514737855938,UN DESA
16_RUS,Russia,2095.0,High,population_1jul,171521.258,0.005510363906082061,UN DESA
16_RUS,Russia,2096.0,High,population_1jul,172453.547,0.005435413725801697,UN DESA
16_RUS,Russia,2097.0,High,population_1jul,173391.623,0.005439586580379352,UN DESA
16_RUS,Russia,2098.0,High,population_1jul,174335.079,0.005441185587149233,UN DESA
16_RUS,Russia,2099.0,High,population_1jul,175275.951,0.005396917277904922,UN DESA
16_RUS,Russia,2100.0,High,population_1jul,176224.38,0.005411061783370474,UN DESA
17_SGP,Singapore,1950.0,Estimates,population_1jul,1013.313,,UN DESA
17_SGP,Singapore,1951.0,Estimates,population_1jul,1068.035,0.05400305729818933,UN DESA
17_SGP,Singapore,1952.0,Estimates,population_1jul,1126.09,0.054356832875327,UN DESA
17_SGP,Singapore,1953.0,Estimates,population_1jul,1187.52,0.054551590015007756,UN DESA
17_SGP,Singapore,1954.0,Estimates,population_1jul,1252.281,0.05453466046887634,UN DESA
17_SGP,Singapore,1955.0,Estimates,population_1jul,1320.23,0.05426018601256444,UN DESA
17_SGP,Singapore,1956.0,Estimates,population_1jul,1390.956,0.05357096869484845,UN DESA
17_SGP,Singapore,1957.0,Estimates,population_1jul,1458.271,0.04839477309131279,UN DESA
17_SGP,Singapore,1958.0,Estimates,population_1jul,1515.727,0.03940008407216511,UN DESA
17_SGP,Singapore,1959.0,Estimates,population_1jul,1567.754,0.034324782761011585,UN DESA
17_SGP,Singapore,1960.0,Estimates,population_1jul,1619.322,0.03289291559772778,UN DESA
17_SGP,Singapore,1961.0,Estimates,population_1jul,1670.461,0.03158050097509957,UN DESA
17_SGP,Singapore,1962.0,Estimates,population_1jul,1721.176,0.030359882691065376,UN DESA
17_SGP,Singapore,1963.0,Estimates,population_1jul,1771.513,0.02924570177599506,UN DESA
17_SGP,Singapore,1964.0,Estimates,population_1jul,1821.466,0.028197930243808456,UN DESA
17_SGP,Singapore,1965.0,Estimates,population_1jul,1870.822,0.027096854950902083,UN DESA
17_SGP,Singapore,1966.0,Estimates,population_1jul,1919.09,0.025800423557131635,UN DESA
17_SGP,Singapore,1967.0,Estimates,population_1jul,1965.679,0.02427661026840866,UN DESA
17_SGP,Singapore,1968.0,Estimates,population_1jul,2010.092,0.022594228253951965,UN DESA
17_SGP,Singapore,1969.0,Estimates,population_1jul,2052.157,0.020926902848227957,UN DESA
17_SGP,Singapore,1970.0,Estimates,population_1jul,2091.558,0.019199798066132256,UN DESA
17_SGP,Singapore,1971.0,Estimates,population_1jul,2128.433,0.01763039800952204,UN DESA
17_SGP,Singapore,1972.0,Estimates,population_1jul,2164.334,0.016867338553762323,UN DESA
17_SGP,Singapore,1973.0,Estimates,population_1jul,2200.137,0.016542271202134362,UN DESA
17_SGP,Singapore,1974.0,Estimates,population_1jul,2235.075,0.015879920204968867,UN DESA
17_SGP,Singapore,1975.0,Estimates,population_1jul,2268.523,0.014965045915685371,UN DESA
17_SGP,Singapore,1976.0,Estimates,population_1jul,2300.743,0.01420307398249876,UN DESA
17_SGP,Singapore,1977.0,Estimates,population_1jul,2331.545,0.013387849055718215,UN DESA
17_SGP,Singapore,1978.0,Estimates,population_1jul,2360.602,0.012462551655661791,UN DESA
17_SGP,Singapore,1979.0,Estimates,population_1jul,2388.157,0.011672869886580006,UN DESA
17_SGP,Singapore,1980.0,Estimates,population_1jul,2437.493,0.02065860829082844,UN DESA
17_SGP,Singapore,1981.0,Estimates,population_1jul,2531.802,0.03869098290743822,UN DESA
17_SGP,Singapore,1982.0,Estimates,population_1jul,2627.417,0.0377655914641033,UN DESA
17_SGP,Singapore,1983.0,Estimates,population_1jul,2685.981,0.022289571849462897,UN DESA
17_SGP,Singapore,1984.0,Estimates,population_1jul,2720.923,0.01300902724181574,UN DESA
17_SGP,Singapore,1985.0,Estimates,population_1jul,2735.03,0.005184637713011586,UN DESA
17_SGP,Singapore,1986.0,Estimates,population_1jul,2744.653,0.0035184257576696965,UN DESA
17_SGP,Singapore,1987.0,Estimates,population_1jul,2781.615,0.013466911846415464,UN DESA
17_SGP,Singapore,1988.0,Estimates,population_1jul,2849.045,0.024241313050152646,UN DESA
17_SGP,Singapore,1989.0,Estimates,population_1jul,2938.655,0.03145264465812225,UN DESA
17_SGP,Singapore,1990.0,Estimates,population_1jul,3039.591,0.03434768627144047,UN DESA
17_SGP,Singapore,1991.0,Estimates,population_1jul,3136.291,0.031813490696610325,UN DESA
17_SGP,Singapore,1992.0,Estimates,population_1jul,3226.465,0.02875179630971747,UN DESA
17_SGP,Singapore,1993.0,Estimates,population_1jul,3317.892,0.028336585086154553,UN DESA
17_SGP,Singapore,1994.0,Estimates,population_1jul,3417.817,0.030117014055912605,UN DESA
17_SGP,Singapore,1995.0,Estimates,population_1jul,3533.624,0.03388332377069925,UN DESA
17_SGP,Singapore,1996.0,Estimates,population_1jul,3664.56,0.0370543102491947,UN DESA
17_SGP,Singapore,1997.0,Estimates,population_1jul,3796.622,0.03603761433841979,UN DESA
17_SGP,Singapore,1998.0,Estimates,population_1jul,3901.418,0.027602431845993758,UN DESA
17_SGP,Singapore,1999.0,Estimates,population_1jul,3966.557,0.016696237111737178,UN DESA
17_SGP,Singapore,2000.0,Estimates,population_1jul,4035.245,0.017316781279079096,UN DESA
17_SGP,Singapore,2001.0,Estimates,population_1jul,4116.166,0.02005355312998347,UN DESA
17_SGP,Singapore,2002.0,Estimates,population_1jul,4146.892,0.007464713522243649,UN DESA
17_SGP,Singapore,2003.0,Estimates,population_1jul,4138.245,-0.0020851760788561657,UN DESA
17_SGP,Singapore,2004.0,Estimates,population_1jul,4172.767,0.008342183703478057,UN DESA
17_SGP,Singapore,2005.0,Estimates,population_1jul,4268.364,0.022909738310334493,UN DESA
17_SGP,Singapore,2006.0,Estimates,population_1jul,4407.058,0.032493479937512504,UN DESA
17_SGP,Singapore,2007.0,Estimates,population_1jul,4596.515,0.042989450104809146,UN DESA
17_SGP,Singapore,2008.0,Estimates,population_1jul,4806.741,0.04573595430451105,UN DESA
17_SGP,Singapore,2009.0,Estimates,population_1jul,4968.568,0.03366667769284848,UN DESA
17_SGP,Singapore,2010.0,Estimates,population_1jul,5077.014,0.021826409540938174,UN DESA
17_SGP,Singapore,2011.0,Estimates,population_1jul,5182.239,0.02072576518402336,UN DESA
17_SGP,Singapore,2012.0,Estimates,population_1jul,5293.34,0.021438802803189994,UN DESA
17_SGP,Singapore,2013.0,Estimates,population_1jul,5385.588,0.017427182081634518,UN DESA
17_SGP,Singapore,2014.0,Estimates,population_1jul,5457.9,0.01342694613847173,UN DESA
17_SGP,Singapore,2015.0,Estimates,population_1jul,5525.34,0.012356400813499757,UN DESA
17_SGP,Singapore,2016.0,Estimates,population_1jul,5577.93,0.009517966315195192,UN DESA
17_SGP,Singapore,2017.0,Estimates,population_1jul,5604.078,0.004687760513308659,UN DESA
17_SGP,Singapore,2018.0,Estimates,population_1jul,5634.369,0.005405171020103516,UN DESA
17_SGP,Singapore,2019.0,Estimates,population_1jul,5669.563,0.006246307261736028,UN DESA
17_SGP,Singapore,2020.0,Estimates,population_1jul,5620.15,-0.008715486537498651,UN DESA
17_SGP,Singapore,2021.0,Estimates,population_1jul,5546.29,-0.01314199798937743,UN DESA
17_SGP,Singapore,2022.0,Estimates,population_1jul,5649.885,0.018678251587998407,UN DESA
17_SGP,Singapore,2023.0,Estimates,population_1jul,5789.09,0.024638554590049155,UN DESA
17_SGP,Singapore,2024.0,High,population_1jul,5838.785,0.008584250719888553,UN DESA
17_SGP,Singapore,2025.0,High,population_1jul,5890.006,0.008772544287895645,UN DESA
17_SGP,Singapore,2026.0,High,population_1jul,5937.952,0.00814022939874759,UN DESA
17_SGP,Singapore,2027.0,High,population_1jul,5984.735,0.007878642333248864,UN DESA
17_SGP,Singapore,2028.0,High,population_1jul,6031.508,0.007815383638540396,UN DESA
17_SGP,Singapore,2029.0,High,population_1jul,6079.022,0.00787763192886426,UN DESA
17_SGP,Singapore,2030.0,High,population_1jul,6126.78,0.007856197921310315,UN DESA
17_SGP,Singapore,2031.0,High,population_1jul,6173.986,0.007704862913308519,UN DESA
17_SGP,Singapore,2032.0,High,population_1jul,6220.618,0.007552981169701489,UN DESA
17_SGP,Singapore,2033.0,High,population_1jul,6265.917,0.0072820739032681825,UN DESA
17_SGP,Singapore,2034.0,High,population_1jul,6310.72,0.007150270263714065,UN DESA
17_SGP,Singapore,2035.0,High,population_1jul,6351.986,0.006539031996348976,UN DESA
17_SGP,Singapore,2036.0,High,population_1jul,6387.556,0.005599823425303407,UN DESA
17_SGP,Singapore,2037.0,High,population_1jul,6419.935,0.005069074932572137,UN DESA
17_SGP,Singapore,2038.0,High,population_1jul,6449.821,0.0046551873188747095,UN DESA
17_SGP,Singapore,2039.0,High,population_1jul,6474.77,0.003868169364700247,UN DESA
17_SGP,Singapore,2040.0,High,population_1jul,6493.779,0.0029358571810271794,UN DESA
17_SGP,Singapore,2041.0,High,population_1jul,6507.595,0.002127574714199554,UN DESA
17_SGP,Singapore,2042.0,High,population_1jul,6518.128,0.0016185703013169572,UN DESA
17_SGP,Singapore,2043.0,High,population_1jul,6526.842,0.0013368869098613345,UN DESA
17_SGP,Singapore,2044.0,High,population_1jul,6532.029,0.000794718180706866,UN DESA
17_SGP,Singapore,2045.0,High,population_1jul,6534.95,0.00044718111324981713,UN DESA
17_SGP,Singapore,2046.0,High,population_1jul,6537.023,0.0003172174232397573,UN DESA
17_SGP,Singapore,2047.0,High,population_1jul,6536.091,-0.00014257254410754427,UN DESA
17_SGP,Singapore,2048.0,High,population_1jul,6535.625,-7.129643696823784e-05,UN DESA
17_SGP,Singapore,2049.0,High,population_1jul,6535.742,1.790188390549119e-05,UN DESA
17_SGP,Singapore,2050.0,High,population_1jul,6533.615,-0.0003254412429377629,UN DESA
17_SGP,Singapore,2051.0,High,population_1jul,6531.77,-0.00028238578489847566,UN DESA
17_SGP,Singapore,2052.0,High,population_1jul,6533.455,0.00025796989177506724,UN DESA
17_SGP,Singapore,2053.0,High,population_1jul,6536.456,0.0004593281808782379,UN DESA
17_SGP,Singapore,2054.0,High,population_1jul,6536.172,-4.344862108773828e-05,UN DESA
17_SGP,Singapore,2055.0,High,population_1jul,6535.809,-5.5537094188928826e-05,UN DESA
17_SGP,Singapore,2056.0,High,population_1jul,6538.176,0.0003621586860937942,UN DESA
17_SGP,Singapore,2057.0,High,population_1jul,6542.362,0.0006402397243512326,UN DESA
17_SGP,Singapore,2058.0,High,population_1jul,6545.872,0.0005365034829929449,UN DESA
17_SGP,Singapore,2059.0,High,population_1jul,6549.175,0.0005045928181912629,UN DESA
17_SGP,Singapore,2060.0,High,population_1jul,6552.291,0.00047578511797286005,UN DESA
17_SGP,Singapore,2061.0,High,population_1jul,6555.51,0.0004912785466946179,UN DESA
17_SGP,Singapore,2062.0,High,population_1jul,6560.172,0.0007111574843146062,UN DESA
17_SGP,Singapore,2063.0,High,population_1jul,6566.007,0.0008894583861520644,UN DESA
17_SGP,Singapore,2064.0,High,population_1jul,6571.566,0.0008466332734644588,UN DESA
17_SGP,Singapore,2065.0,High,population_1jul,6573.287,0.00026188582751829337,UN DESA
17_SGP,Singapore,2066.0,High,population_1jul,6572.231,-0.00016065021959343895,UN DESA
17_SGP,Singapore,2067.0,High,population_1jul,6572.693,7.029576410211291e-05,UN DESA
17_SGP,Singapore,2068.0,High,population_1jul,6573.95,0.00019124581050711242,UN DESA
17_SGP,Singapore,2069.0,High,population_1jul,6572.875,-0.00016352421299214992,UN DESA
17_SGP,Singapore,2070.0,High,population_1jul,6571.414,-0.00022227716182043888,UN DESA
17_SGP,Singapore,2071.0,High,population_1jul,6568.962,-0.00037313126216054204,UN DESA
17_SGP,Singapore,2072.0,High,population_1jul,6563.627,-0.0008121526658245726,UN DESA
17_SGP,Singapore,2073.0,High,population_1jul,6555.244,-0.001277190187681354,UN DESA
17_SGP,Singapore,2074.0,High,population_1jul,6541.516,-0.0020942012227157525,UN DESA
17_SGP,Singapore,2075.0,High,population_1jul,6523.103,-0.0028147909444843355,UN DESA
17_SGP,Singapore,2076.0,High,population_1jul,6505.208,-0.0027433262973158845,UN DESA
17_SGP,Singapore,2077.0,High,population_1jul,6486.631,-0.002855711915744963,UN DESA
17_SGP,Singapore,2078.0,High,population_1jul,6464.436,-0.00342165293509078,UN DESA
17_SGP,Singapore,2079.0,High,population_1jul,6439.11,-0.0039177431720262,UN DESA
17_SGP,Singapore,2080.0,High,population_1jul,6411.595,-0.004273106065900367,UN DESA
17_SGP,Singapore,2081.0,High,population_1jul,6382.815,-0.004488742660757716,UN DESA
17_SGP,Singapore,2082.0,High,population_1jul,6352.622,-0.004730358000349266,UN DESA
17_SGP,Singapore,2083.0,High,population_1jul,6322.274,-0.004777240012076911,UN DESA
17_SGP,Singapore,2084.0,High,population_1jul,6292.717,-0.004675058372984209,UN DESA
17_SGP,Singapore,2085.0,High,population_1jul,6263.017,-0.004719741885738649,UN DESA
17_SGP,Singapore,2086.0,High,population_1jul,6232.416,-0.0048859838636873265,UN DESA
17_SGP,Singapore,2087.0,High,population_1jul,6202.419,-0.004813061259068774,UN DESA
17_SGP,Singapore,2088.0,High,population_1jul,6174.316,-0.004530974124772991,UN DESA
17_SGP,Singapore,2089.0,High,population_1jul,6146.426,-0.004517099545925274,UN DESA
17_SGP,Singapore,2090.0,High,population_1jul,6119.574,-0.004368717690573454,UN DESA
17_SGP,Singapore,2091.0,High,population_1jul,6095.285,-0.003969067127875148,UN DESA
17_SGP,Singapore,2092.0,High,population_1jul,6074.174,-0.0034634967848098386,UN DESA
17_SGP,Singapore,2093.0,High,population_1jul,6055.557,-0.0030649434803811104,UN DESA
17_SGP,Singapore,2094.0,High,population_1jul,6036.828,-0.0030928616475741633,UN DESA
17_SGP,Singapore,2095.0,High,population_1jul,6019.625,-0.0028496753593112434,UN DESA
17_SGP,Singapore,2096.0,High,population_1jul,6004.725,-0.0024752372448448856,UN DESA
17_SGP,Singapore,2097.0,High,population_1jul,5991.573,-0.0021902751583128266,UN DESA
17_SGP,Singapore,2098.0,High,population_1jul,5980.043,-0.0019243694435502334,UN DESA
17_SGP,Singapore,2099.0,High,population_1jul,5970.955,-0.001519721513708161,UN DESA
17_SGP,Singapore,2100.0,High,population_1jul,5964.974,-0.0010016823104511685,UN DESA
18_CT,Chinese Taipei,1950.0,Estimates,population_1jul,7596.53,,UN DESA
18_CT,Chinese Taipei,1951.0,Estimates,population_1jul,7862.796,0.035051003550305326,UN DESA
18_CT,Chinese Taipei,1952.0,Estimates,population_1jul,8148.99,0.036398502517424935,UN DESA
18_CT,Chinese Taipei,1953.0,Estimates,population_1jul,8451.371,0.037106561672059835,UN DESA
18_CT,Chinese Taipei,1954.0,Estimates,population_1jul,8767.773,0.037437949416727845,UN DESA
18_CT,Chinese Taipei,1955.0,Estimates,population_1jul,9104.134,0.03836333353977128,UN DESA
18_CT,Chinese Taipei,1956.0,Estimates,population_1jul,9465.71,0.03971558415111187,UN DESA
18_CT,Chinese Taipei,1957.0,Estimates,population_1jul,9850.525,0.040653580132921974,UN DESA
18_CT,Chinese Taipei,1958.0,Estimates,population_1jul,10246.156,0.04016344306521735,UN DESA
18_CT,Chinese Taipei,1959.0,Estimates,population_1jul,10644.175,0.03884569003243743,UN DESA
18_CT,Chinese Taipei,1960.0,Estimates,population_1jul,11046.258,0.037774933238132746,UN DESA
18_CT,Chinese Taipei,1961.0,Estimates,population_1jul,11453.5,0.03686696436023862,UN DESA
18_CT,Chinese Taipei,1962.0,Estimates,population_1jul,11866.672,0.03607386388440226,UN DESA
18_CT,Chinese Taipei,1963.0,Estimates,population_1jul,12285.722,0.03531318637609604,UN DESA
18_CT,Chinese Taipei,1964.0,Estimates,population_1jul,12706.674,0.034263513369422016,UN DESA
18_CT,Chinese Taipei,1965.0,Estimates,population_1jul,13124.802,0.032906171984895316,UN DESA
18_CT,Chinese Taipei,1966.0,Estimates,population_1jul,13537.707,0.03145990316653924,UN DESA
18_CT,Chinese Taipei,1967.0,Estimates,population_1jul,13901.47,0.026870355518848088,UN DESA
18_CT,Chinese Taipei,1968.0,Estimates,population_1jul,14215.585,0.02259581180983017,UN DESA
18_CT,Chinese Taipei,1969.0,Estimates,population_1jul,14523.594,0.021666994358656266,UN DESA
18_CT,Chinese Taipei,1970.0,Estimates,population_1jul,14815.745,0.02011561325660871,UN DESA
18_CT,Chinese Taipei,1971.0,Estimates,population_1jul,15121.137,0.020612665782247186,UN DESA
18_CT,Chinese Taipei,1972.0,Estimates,population_1jul,15450.612,0.021789036102245474,UN DESA
18_CT,Chinese Taipei,1973.0,Estimates,population_1jul,15772.697,0.02084609981792318,UN DESA
18_CT,Chinese Taipei,1974.0,Estimates,population_1jul,16082.325,0.01963063133717724,UN DESA
18_CT,Chinese Taipei,1975.0,Estimates,population_1jul,16365.267,0.01759335170754217,UN DESA
18_CT,Chinese Taipei,1976.0,Estimates,population_1jul,16671.499,0.01871231309577781,UN DESA
18_CT,Chinese Taipei,1977.0,Estimates,population_1jul,17020.097,0.020909817407541054,UN DESA
18_CT,Chinese Taipei,1978.0,Estimates,population_1jul,17373.728,0.020777261140168424,UN DESA
18_CT,Chinese Taipei,1979.0,Estimates,population_1jul,17735.781,0.020839108336449197,UN DESA
18_CT,Chinese Taipei,1980.0,Estimates,population_1jul,18086.52,0.019775785458785444,UN DESA
18_CT,Chinese Taipei,1981.0,Estimates,population_1jul,18412.827,0.018041447442625813,UN DESA
18_CT,Chinese Taipei,1982.0,Estimates,population_1jul,18723.985,0.01689898025979386,UN DESA
18_CT,Chinese Taipei,1983.0,Estimates,population_1jul,19022.625,0.01594959619974068,UN DESA
18_CT,Chinese Taipei,1984.0,Estimates,population_1jul,19306.763,0.014936844941221272,UN DESA
18_CT,Chinese Taipei,1985.0,Estimates,population_1jul,19571.687,0.0137218237982204,UN DESA
18_CT,Chinese Taipei,1986.0,Estimates,population_1jul,19805.98,0.011971017112627935,UN DESA
18_CT,Chinese Taipei,1987.0,Estimates,population_1jul,20015.819,0.010594729470594144,UN DESA
18_CT,Chinese Taipei,1988.0,Estimates,population_1jul,20223.647,0.010383187417911888,UN DESA
18_CT,Chinese Taipei,1989.0,Estimates,population_1jul,20418.906,0.00965498458314662,UN DESA
18_CT,Chinese Taipei,1990.0,Estimates,population_1jul,20594.906,0.008619462766516373,UN DESA
18_CT,Chinese Taipei,1991.0,Estimates,population_1jul,20781.75,0.009072340509832966,UN DESA
18_CT,Chinese Taipei,1992.0,Estimates,population_1jul,20982.088,0.009640092869946049,UN DESA
18_CT,Chinese Taipei,1993.0,Estimates,population_1jul,21174.682,0.009178972083236037,UN DESA
18_CT,Chinese Taipei,1994.0,Estimates,population_1jul,21357.14,0.008616800006725045,UN DESA
18_CT,Chinese Taipei,1995.0,Estimates,population_1jul,21534.495,0.00830424860257506,UN DESA
18_CT,Chinese Taipei,1996.0,Estimates,population_1jul,21709.276,0.008116326851407507,UN DESA
18_CT,Chinese Taipei,1997.0,Estimates,population_1jul,21885.328,0.008109528848405656,UN DESA
18_CT,Chinese Taipei,1998.0,Estimates,population_1jul,22049.226,0.0074889441912864285,UN DESA
18_CT,Chinese Taipei,1999.0,Estimates,population_1jul,22203.781,0.007009543101422322,UN DESA
18_CT,Chinese Taipei,2000.0,Estimates,population_1jul,22332.87,0.005813829635592294,UN DESA
18_CT,Chinese Taipei,2001.0,Estimates,population_1jul,22446.257,0.005077135182356862,UN DESA
18_CT,Chinese Taipei,2002.0,Estimates,population_1jul,22566.901,0.00537479366827176,UN DESA
18_CT,Chinese Taipei,2003.0,Estimates,population_1jul,22664.125,0.0043082565922543115,UN DESA
18_CT,Chinese Taipei,2004.0,Estimates,population_1jul,22745.431,0.00358743167891995,UN DESA
18_CT,Chinese Taipei,2005.0,Estimates,population_1jul,22824.931,0.0034952074550709256,UN DESA
18_CT,Chinese Taipei,2006.0,Estimates,population_1jul,22914.634,0.003930044739236971,UN DESA
18_CT,Chinese Taipei,2007.0,Estimates,population_1jul,23006.924,0.004027557237004098,UN DESA
18_CT,Chinese Taipei,2008.0,Estimates,population_1jul,23086.239,0.0034474404314110974,UN DESA
18_CT,Chinese Taipei,2009.0,Estimates,population_1jul,23164.361,0.0033839206117549647,UN DESA
18_CT,Chinese Taipei,2010.0,Estimates,population_1jul,23224.049,0.0025767168798656037,UN DESA
18_CT,Chinese Taipei,2011.0,Estimates,population_1jul,23273.076,0.002111044460851863,UN DESA
18_CT,Chinese Taipei,2012.0,Estimates,population_1jul,23345.961,0.0031317304167268745,UN DESA
18_CT,Chinese Taipei,2013.0,Estimates,population_1jul,23416.875,0.0030375275620482256,UN DESA
18_CT,Chinese Taipei,2014.0,Estimates,population_1jul,23472.816,0.0023889182480583138,UN DESA
18_CT,Chinese Taipei,2015.0,Estimates,population_1jul,23529.254,0.002404398347433112,UN DESA
18_CT,Chinese Taipei,2016.0,Estimates,population_1jul,23586.143,0.002417798711340291,UN DESA
18_CT,Chinese Taipei,2017.0,Estimates,population_1jul,23632.948,0.0019844278905627455,UN DESA
18_CT,Chinese Taipei,2018.0,Estimates,population_1jul,23659.305,0.0011152650105268336,UN DESA
18_CT,Chinese Taipei,2019.0,Estimates,population_1jul,23674.138,0.0006269414929982453,UN DESA
18_CT,Chinese Taipei,2020.0,Estimates,population_1jul,23663.459,-0.0004510829496727764,UN DESA
18_CT,Chinese Taipei,2021.0,Estimates,population_1jul,23558.333,-0.0044425457833531246,UN DESA
18_CT,Chinese Taipei,2022.0,Estimates,population_1jul,23420.111,-0.005867223287827628,UN DESA
18_CT,Chinese Taipei,2023.0,Estimates,population_1jul,23317.145,-0.004396477881765781,UN DESA
18_CT,Chinese Taipei,2024.0,High,population_1jul,23232.547,-0.00362814572710346,UN DESA
18_CT,Chinese Taipei,2025.0,High,population_1jul,23168.111,-0.0027735228513686705,UN DESA
18_CT,Chinese Taipei,2026.0,High,population_1jul,23102.493,-0.0028322550768167254,UN DESA
18_CT,Chinese Taipei,2027.0,High,population_1jul,23034.614,-0.002938167755315302,UN DESA
18_CT,Chinese Taipei,2028.0,High,population_1jul,22964.361,-0.003049888311564497,UN DESA
18_CT,Chinese Taipei,2029.0,High,population_1jul,22902.429,-0.002696874517867043,UN DESA
18_CT,Chinese Taipei,2030.0,High,population_1jul,22846.602,-0.0024376017059152266,UN DESA
18_CT,Chinese Taipei,2031.0,High,population_1jul,22785.228,-0.0026863513445019027,UN DESA
18_CT,Chinese Taipei,2032.0,High,population_1jul,22718.834,-0.0029139054478629633,UN DESA
18_CT,Chinese Taipei,2033.0,High,population_1jul,22648.042,-0.003116004985114884,UN DESA
18_CT,Chinese Taipei,2034.0,High,population_1jul,22576.812,-0.0031450842417194425,UN DESA
18_CT,Chinese Taipei,2035.0,High,population_1jul,22505.021,-0.0031798555083862867,UN DESA
18_CT,Chinese Taipei,2036.0,High,population_1jul,22427.81,-0.0034308343902456073,UN DESA
18_CT,Chinese Taipei,2037.0,High,population_1jul,22343.595,-0.003754936393700503,UN DESA
18_CT,Chinese Taipei,2038.0,High,population_1jul,22253.013,-0.004054047703603736,UN DESA
18_CT,Chinese Taipei,2039.0,High,population_1jul,22156.728,-0.004326829809518373,UN DESA
18_CT,Chinese Taipei,2040.0,High,population_1jul,22054.109,-0.00463150515725963,UN DESA
18_CT,Chinese Taipei,2041.0,High,population_1jul,21945.295,-0.004933955844691029,UN DESA
18_CT,Chinese Taipei,2042.0,High,population_1jul,21830.15,-0.0052469105564539875,UN DESA
18_CT,Chinese Taipei,2043.0,High,population_1jul,21709.523,-0.005525706419790999,UN DESA
18_CT,Chinese Taipei,2044.0,High,population_1jul,21584.794,-0.005745358845516746,UN DESA
18_CT,Chinese Taipei,2045.0,High,population_1jul,21454.619,-0.00603086598834357,UN DESA
18_CT,Chinese Taipei,2046.0,High,population_1jul,21320.404,-0.006255762453763469,UN DESA
18_CT,Chinese Taipei,2047.0,High,population_1jul,21182.47,-0.006469577218142675,UN DESA
18_CT,Chinese Taipei,2048.0,High,population_1jul,21040.291,-0.0067121067561998204,UN DESA
18_CT,Chinese Taipei,2049.0,High,population_1jul,20894.273,-0.006939923026729966,UN DESA
18_CT,Chinese Taipei,2050.0,High,population_1jul,20744.358,-0.007174932576022197,UN DESA
18_CT,Chinese Taipei,2051.0,High,population_1jul,20592.877,-0.0073022746715034614,UN DESA
18_CT,Chinese Taipei,2052.0,High,population_1jul,20439.431,-0.007451411475919545,UN DESA
18_CT,Chinese Taipei,2053.0,High,population_1jul,20283.025,-0.007652169965005284,UN DESA
18_CT,Chinese Taipei,2054.0,High,population_1jul,20123.131,-0.007883143663235614,UN DESA
18_CT,Chinese Taipei,2055.0,High,population_1jul,19960.497,-0.008081943113126933,UN DESA
18_CT,Chinese Taipei,2056.0,High,population_1jul,19797.541,-0.008163924976417047,UN DESA
18_CT,Chinese Taipei,2057.0,High,population_1jul,19633.238,-0.008299162001987992,UN DESA
18_CT,Chinese Taipei,2058.0,High,population_1jul,19466.772,-0.008478784803607087,UN DESA
18_CT,Chinese Taipei,2059.0,High,population_1jul,19298.892,-0.00862392593903094,UN DESA
18_CT,Chinese Taipei,2060.0,High,population_1jul,19129.279,-0.008788742897778867,UN DESA
18_CT,Chinese Taipei,2061.0,High,population_1jul,18958.894,-0.008907026762482673,UN DESA
18_CT,Chinese Taipei,2062.0,High,population_1jul,18789.042,-0.00895896142464847,UN DESA
18_CT,Chinese Taipei,2063.0,High,population_1jul,18621.819,-0.008900028005685567,UN DESA
18_CT,Chinese Taipei,2064.0,High,population_1jul,18457.041,-0.008848652218131803,UN DESA
18_CT,Chinese Taipei,2065.0,High,population_1jul,18294.342,-0.008815009946610664,UN DESA
18_CT,Chinese Taipei,2066.0,High,population_1jul,18134.915,-0.008714552291631983,UN DESA
18_CT,Chinese Taipei,2067.0,High,population_1jul,17978.035,-0.00865071603588996,UN DESA
18_CT,Chinese Taipei,2068.0,High,population_1jul,17823.128,-0.008616458917784953,UN DESA
18_CT,Chinese Taipei,2069.0,High,population_1jul,17671.841,-0.00848824067245657,UN DESA
18_CT,Chinese Taipei,2070.0,High,population_1jul,17523.878,-0.008372811864932439,UN DESA
18_CT,Chinese Taipei,2071.0,High,population_1jul,17377.34,-0.008362190149920012,UN DESA
18_CT,Chinese Taipei,2072.0,High,population_1jul,17232.143,-0.008355536578095402,UN DESA
18_CT,Chinese Taipei,2073.0,High,population_1jul,17090,-0.008248712884984744,UN DESA
18_CT,Chinese Taipei,2074.0,High,population_1jul,16951.175,-0.008123171445289734,UN DESA
18_CT,Chinese Taipei,2075.0,High,population_1jul,16815.005,-0.008033071453748653,UN DESA
18_CT,Chinese Taipei,2076.0,High,population_1jul,16682.755,-0.007864999148082363,UN DESA
18_CT,Chinese Taipei,2077.0,High,population_1jul,16554.263,-0.00770208517717863,UN DESA
18_CT,Chinese Taipei,2078.0,High,population_1jul,16428.565,-0.007593089465837255,UN DESA
18_CT,Chinese Taipei,2079.0,High,population_1jul,16306.657,-0.007420489860191615,UN DESA
18_CT,Chinese Taipei,2080.0,High,population_1jul,16189.737,-0.007170077839988909,UN DESA
18_CT,Chinese Taipei,2081.0,High,population_1jul,16077.156,-0.006953849837091131,UN DESA
18_CT,Chinese Taipei,2082.0,High,population_1jul,15969.027,-0.006725629831544899,UN DESA
18_CT,Chinese Taipei,2083.0,High,population_1jul,15865.48,-0.006484239772404421,UN DESA
18_CT,Chinese Taipei,2084.0,High,population_1jul,15765.285,-0.006315283243872871,UN DESA
18_CT,Chinese Taipei,2085.0,High,population_1jul,15669.253,-0.006091358323049634,UN DESA
18_CT,Chinese Taipei,2086.0,High,population_1jul,15578.337,-0.005802191080838459,UN DESA
18_CT,Chinese Taipei,2087.0,High,population_1jul,15491.382,-0.005581789635183743,UN DESA
18_CT,Chinese Taipei,2088.0,High,population_1jul,15407.112,-0.00543979872163769,UN DESA
18_CT,Chinese Taipei,2089.0,High,population_1jul,15326.048,-0.005261466263112635,UN DESA
18_CT,Chinese Taipei,2090.0,High,population_1jul,15248.086,-0.005086895199597485,UN DESA
18_CT,Chinese Taipei,2091.0,High,population_1jul,15173.594,-0.00488533446099404,UN DESA
18_CT,Chinese Taipei,2092.0,High,population_1jul,15103.214,-0.004638321020056235,UN DESA
18_CT,Chinese Taipei,2093.0,High,population_1jul,15036.03,-0.004448324707575391,UN DESA
18_CT,Chinese Taipei,2094.0,High,population_1jul,14971.642,-0.004282247375138271,UN DESA
18_CT,Chinese Taipei,2095.0,High,population_1jul,14910.115,-0.004109569277705116,UN DESA
18_CT,Chinese Taipei,2096.0,High,population_1jul,14851.746,-0.003914725003797748,UN DESA
18_CT,Chinese Taipei,2097.0,High,population_1jul,14796.052,-0.0037499968017228325,UN DESA
18_CT,Chinese Taipei,2098.0,High,population_1jul,14742.85,-0.003595688904040051,UN DESA
18_CT,Chinese Taipei,2099.0,High,population_1jul,14692.529,-0.003413247777736328,UN DESA
18_CT,Chinese Taipei,2100.0,High,population_1jul,14645.167,-0.0032235430673643872,UN DESA
19_THA,Thailand,1950.0,Estimates,population_1jul,20428.402,,UN DESA
19_THA,Thailand,1951.0,Estimates,population_1jul,20965.182,0.026276161982714097,UN DESA
19_THA,Thailand,1952.0,Estimates,population_1jul,21527.582,0.026825428942138352,UN DESA
19_THA,Thailand,1953.0,Estimates,population_1jul,22109.323,0.027023053494814375,UN DESA
19_THA,Thailand,1954.0,Estimates,population_1jul,22713.338,0.02731947061427431,UN DESA
19_THA,Thailand,1955.0,Estimates,population_1jul,23343.181,0.027730094097133673,UN DESA
19_THA,Thailand,1956.0,Estimates,population_1jul,23997.265,0.02802034564183864,UN DESA
19_THA,Thailand,1957.0,Estimates,population_1jul,24674.83,0.02823509262409707,UN DESA
19_THA,Thailand,1958.0,Estimates,population_1jul,25367.005,0.028051864997651332,UN DESA
19_THA,Thailand,1959.0,Estimates,population_1jul,26088.013,0.028423063739688503,UN DESA
19_THA,Thailand,1960.0,Estimates,population_1jul,26851.747,0.029275284399773893,UN DESA
19_THA,Thailand,1961.0,Estimates,population_1jul,27650.334,0.029740597511215938,UN DESA
19_THA,Thailand,1962.0,Estimates,population_1jul,28481.04,0.030043253727061847,UN DESA
19_THA,Thailand,1963.0,Estimates,population_1jul,29342.322,0.03024053896908252,UN DESA
19_THA,Thailand,1964.0,Estimates,population_1jul,30232.141,0.03032544595482256,UN DESA
19_THA,Thailand,1965.0,Estimates,population_1jul,31149.337,0.030338440138923728,UN DESA
19_THA,Thailand,1966.0,Estimates,population_1jul,32086.071,0.0300723575593278,UN DESA
19_THA,Thailand,1967.0,Estimates,population_1jul,33037.801,0.029661780652420866,UN DESA
19_THA,Thailand,1968.0,Estimates,population_1jul,34002.56,0.029201671140279606,UN DESA
19_THA,Thailand,1969.0,Estimates,population_1jul,34973.782,0.02856320230006215,UN DESA
19_THA,Thailand,1970.0,Estimates,population_1jul,35954.408,0.028038889245664222,UN DESA
19_THA,Thailand,1971.0,Estimates,population_1jul,36937.387,0.02733959630207239,UN DESA
19_THA,Thailand,1972.0,Estimates,population_1jul,37933.929,0.026979222975355377,UN DESA
19_THA,Thailand,1973.0,Estimates,population_1jul,38947.787,0.026726944103259154,UN DESA
19_THA,Thailand,1974.0,Estimates,population_1jul,39952.891,0.02580644697476675,UN DESA
19_THA,Thailand,1975.0,Estimates,population_1jul,40940.005,0.024706947990321693,UN DESA
19_THA,Thailand,1976.0,Estimates,population_1jul,41896.504,0.02336343144071429,UN DESA
19_THA,Thailand,1977.0,Estimates,population_1jul,42843.974,0.02261453604816288,UN DESA
19_THA,Thailand,1978.0,Estimates,population_1jul,43788.976,0.022056824140542997,UN DESA
19_THA,Thailand,1979.0,Estimates,population_1jul,44718.434,0.021225844605272215,UN DESA
19_THA,Thailand,1980.0,Estimates,population_1jul,45650.022,0.02083230374301559,UN DESA
19_THA,Thailand,1981.0,Estimates,population_1jul,46575.855,0.020281107422029487,UN DESA
19_THA,Thailand,1982.0,Estimates,population_1jul,47494.577,0.019725284699550816,UN DESA
19_THA,Thailand,1983.0,Estimates,population_1jul,48423.309,0.01955448513627145,UN DESA
19_THA,Thailand,1984.0,Estimates,population_1jul,49351.708,0.01917256418804425,UN DESA
19_THA,Thailand,1985.0,Estimates,population_1jul,50270.753,0.01862235446846139,UN DESA
19_THA,Thailand,1986.0,Estimates,population_1jul,51177.834,0.018043911138550195,UN DESA
19_THA,Thailand,1987.0,Estimates,population_1jul,52074.105,0.017512874812169565,UN DESA
19_THA,Thailand,1988.0,Estimates,population_1jul,52969.595,0.017196454936671435,UN DESA
19_THA,Thailand,1989.0,Estimates,population_1jul,53848.956,0.016601240768406855,UN DESA
19_THA,Thailand,1990.0,Estimates,population_1jul,54738.329,0.016516067646696886,UN DESA
19_THA,Thailand,1991.0,Estimates,population_1jul,55637.434,0.01642551054125163,UN DESA
19_THA,Thailand,1992.0,Estimates,population_1jul,56528.834,0.016021587192536657,UN DESA
19_THA,Thailand,1993.0,Estimates,population_1jul,57408.198,0.015556025797383244,UN DESA
19_THA,Thailand,1994.0,Estimates,population_1jul,58260.854,0.014852512876296853,UN DESA
19_THA,Thailand,1995.0,Estimates,population_1jul,59098.232,0.014372909810075996,UN DESA
19_THA,Thailand,1996.0,Estimates,population_1jul,59920.064,0.01390620281161703,UN DESA
19_THA,Thailand,1997.0,Estimates,population_1jul,60724.584,0.01342655441756535,UN DESA
19_THA,Thailand,1998.0,Estimates,population_1jul,61522.63,0.013142057918420491,UN DESA
19_THA,Thailand,1999.0,Estimates,population_1jul,62299.043,0.012619957891917277,UN DESA
19_THA,Thailand,2000.0,Estimates,population_1jul,63007.815,0.011376932387227923,UN DESA
19_THA,Thailand,2001.0,Estimates,population_1jul,63651.141,0.010210257251421995,UN DESA
19_THA,Thailand,2002.0,Estimates,population_1jul,64266.437,0.009666692384980191,UN DESA
19_THA,Thailand,2003.0,Estimates,population_1jul,64868.166,0.00936303657226234,UN DESA
19_THA,Thailand,2004.0,Estimates,population_1jul,65452.047,0.009001040664537996,UN DESA
19_THA,Thailand,2005.0,Estimates,population_1jul,66017.42,0.008637972774174552,UN DESA
19_THA,Thailand,2006.0,Estimates,population_1jul,66567.687,0.008335178805836563,UN DESA
19_THA,Thailand,2007.0,Estimates,population_1jul,67102.394,0.008032530858402831,UN DESA
19_THA,Thailand,2008.0,Estimates,population_1jul,67619.83,0.007711140678527739,UN DESA
19_THA,Thailand,2009.0,Estimates,population_1jul,68121.08,0.0074127663438372515,UN DESA
19_THA,Thailand,2010.0,Estimates,population_1jul,68579.447,0.0067287101144022365,UN DESA
19_THA,Thailand,2011.0,Estimates,population_1jul,69007.208,0.006237451870966471,UN DESA
19_THA,Thailand,2012.0,Estimates,population_1jul,69436.098,0.006215147843686042,UN DESA
19_THA,Thailand,2013.0,Estimates,population_1jul,69845.114,0.0058905383767389186,UN DESA
19_THA,Thailand,2014.0,Estimates,population_1jul,70216.367,0.005315375389035815,UN DESA
19_THA,Thailand,2015.0,Estimates,population_1jul,70540.795,0.004620404242788645,UN DESA
19_THA,Thailand,2016.0,Estimates,population_1jul,70859.841,0.004522858014287978,UN DESA
19_THA,Thailand,2017.0,Estimates,population_1jul,71160.187,0.004238592632461735,UN DESA
19_THA,Thailand,2018.0,Estimates,population_1jul,71376.079,0.003033887474185315,UN DESA
19_THA,Thailand,2019.0,Estimates,population_1jul,71522.271,0.0020481932048970197,UN DESA
19_THA,Thailand,2020.0,Estimates,population_1jul,71641.484,0.0016667955076539176,UN DESA
19_THA,Thailand,2021.0,Estimates,population_1jul,71727.332,0.0011983001357145362,UN DESA
19_THA,Thailand,2022.0,Estimates,population_1jul,71735.329,0.00011149166959123491,UN DESA
19_THA,Thailand,2023.0,Estimates,population_1jul,71702.435,-0.00045854672249434625,UN DESA
19_THA,Thailand,2024.0,High,population_1jul,71728.008,0.0003566545543398636,UN DESA
19_THA,Thailand,2025.0,High,population_1jul,71799.266,0.000993447357411581,UN DESA
19_THA,Thailand,2026.0,High,population_1jul,71857.321,0.0008085737255307812,UN DESA
19_THA,Thailand,2027.0,High,population_1jul,71903.159,0.000637902991123207,UN DESA
19_THA,Thailand,2028.0,High,population_1jul,71938.334,0.0004891996469862381,UN DESA
19_THA,Thailand,2029.0,High,population_1jul,71997.844,0.0008272362826751145,UN DESA
19_THA,Thailand,2030.0,High,population_1jul,72080.515,0.0011482427168236775,UN DESA
19_THA,Thailand,2031.0,High,population_1jul,72151.583,0.0009859529999196592,UN DESA
19_THA,Thailand,2032.0,High,population_1jul,72210.239,0.0008129551364106646,UN DESA
19_THA,Thailand,2033.0,High,population_1jul,72254.644,0.0006149404934112646,UN DESA
19_THA,Thailand,2034.0,High,population_1jul,72307.663,0.00073377982458811,UN DESA
19_THA,Thailand,2035.0,High,population_1jul,72366.326,0.0008112971373448463,UN DESA
19_THA,Thailand,2036.0,High,population_1jul,72408.863,0.0005878010167326142,UN DESA
19_THA,Thailand,2037.0,High,population_1jul,72436.907,0.0003873006540651147,UN DESA
19_THA,Thailand,2038.0,High,population_1jul,72448.003,0.00015318158186938824,UN DESA
19_THA,Thailand,2039.0,High,population_1jul,72442.663,-7.370803581707719e-05,UN DESA
19_THA,Thailand,2040.0,High,population_1jul,72421.33,-0.0002944811678168291,UN DESA
19_THA,Thailand,2041.0,High,population_1jul,72380.466,-0.0005642536528948083,UN DESA
19_THA,Thailand,2042.0,High,population_1jul,72321.384,-0.0008162699588034616,UN DESA
19_THA,Thailand,2043.0,High,population_1jul,72246.926,-0.0010295433505531637,UN DESA
19_THA,Thailand,2044.0,High,population_1jul,72157.418,-0.0012389177637813775,UN DESA
19_THA,Thailand,2045.0,High,population_1jul,72052.864,-0.0014489709152287755,UN DESA
19_THA,Thailand,2046.0,High,population_1jul,71932.243,-0.0016740625327537062,UN DESA
19_THA,Thailand,2047.0,High,population_1jul,71797.577,-0.0018721229087768076,UN DESA
19_THA,Thailand,2048.0,High,population_1jul,71649.959,-0.0020560303866522522,UN DESA
19_THA,Thailand,2049.0,High,population_1jul,71487.783,-0.002263448608533114,UN DESA
19_THA,Thailand,2050.0,High,population_1jul,71313.163,-0.002442655131716598,UN DESA
19_THA,Thailand,2051.0,High,population_1jul,71128.776,-0.002585595593340928,UN DESA
19_THA,Thailand,2052.0,High,population_1jul,70933.351,-0.0027474815537386066,UN DESA
19_THA,Thailand,2053.0,High,population_1jul,70731.606,-0.0028441487277260924,UN DESA
19_THA,Thailand,2054.0,High,population_1jul,70525.252,-0.002917422799646463,UN DESA
19_THA,Thailand,2055.0,High,population_1jul,70314.569,-0.0029873413284647876,UN DESA
19_THA,Thailand,2056.0,High,population_1jul,70101.962,-0.0030236550265991813,UN DESA
19_THA,Thailand,2057.0,High,population_1jul,69888.837,-0.003040214480730219,UN DESA
19_THA,Thailand,2058.0,High,population_1jul,69678.98,-0.003002725599797862,UN DESA
19_THA,Thailand,2059.0,High,population_1jul,69474.531,-0.0029341560395974575,UN DESA
19_THA,Thailand,2060.0,High,population_1jul,69275.477,-0.0028651362900169453,UN DESA
19_THA,Thailand,2061.0,High,population_1jul,69084.757,-0.0027530665721724468,UN DESA
19_THA,Thailand,2062.0,High,population_1jul,68903.09,-0.002629624940274522,UN DESA
19_THA,Thailand,2063.0,High,population_1jul,68730.201,-0.0025091617806980437,UN DESA
19_THA,Thailand,2064.0,High,population_1jul,68567.29,-0.002370297156558676,UN DESA
19_THA,Thailand,2065.0,High,population_1jul,68410.854,-0.002281496031124819,UN DESA
19_THA,Thailand,2066.0,High,population_1jul,68263.284,-0.002157113840444147,UN DESA
19_THA,Thailand,2067.0,High,population_1jul,68124.246,-0.002036790377679454,UN DESA
19_THA,Thailand,2068.0,High,population_1jul,67988.98,-0.0019855779394608586,UN DESA
19_THA,Thailand,2069.0,High,population_1jul,67859.183,-0.00190908879644891,UN DESA
19_THA,Thailand,2070.0,High,population_1jul,67734.493,-0.0018374815977375558,UN DESA
19_THA,Thailand,2071.0,High,population_1jul,67615.202,-0.0017611558707614217,UN DESA
19_THA,Thailand,2072.0,High,population_1jul,67501.46,-0.001682195669547748,UN DESA
19_THA,Thailand,2073.0,High,population_1jul,67390.652,-0.001641564493568004,UN DESA
19_THA,Thailand,2074.0,High,population_1jul,67282.438,-0.001605771672902212,UN DESA
19_THA,Thailand,2075.0,High,population_1jul,67178.779,-0.0015406546356123707,UN DESA
19_THA,Thailand,2076.0,High,population_1jul,67079.624,-0.0014759869333141884,UN DESA
19_THA,Thailand,2077.0,High,population_1jul,66982.886,-0.001442136884965195,UN DESA
19_THA,Thailand,2078.0,High,population_1jul,66888.668,-0.0014065980973109182,UN DESA
19_THA,Thailand,2079.0,High,population_1jul,66796.065,-0.0013844348044126376,UN DESA
19_THA,Thailand,2080.0,High,population_1jul,66706.973,-0.0013337911447328654,UN DESA
19_THA,Thailand,2081.0,High,population_1jul,66623.909,-0.0012452071539806875,UN DESA
19_THA,Thailand,2082.0,High,population_1jul,66544.031,-0.0011989389574844633,UN DESA
19_THA,Thailand,2083.0,High,population_1jul,66466.73,-0.00116165189932671,UN DESA
19_THA,Thailand,2084.0,High,population_1jul,66393.336,-0.0011042216158370088,UN DESA
19_THA,Thailand,2085.0,High,population_1jul,66325.984,-0.001014439159978342,UN DESA
19_THA,Thailand,2086.0,High,population_1jul,66266.395,-0.0008984261733681054,UN DESA
19_THA,Thailand,2087.0,High,population_1jul,66213.556,-0.0007973724841982,UN DESA
19_THA,Thailand,2088.0,High,population_1jul,66168.166,-0.0006855091727742124,UN DESA
19_THA,Thailand,2089.0,High,population_1jul,66127.252,-0.0006183335956447822,UN DESA
19_THA,Thailand,2090.0,High,population_1jul,66091.262,-0.000544253676230011,UN DESA
19_THA,Thailand,2091.0,High,population_1jul,66064.012,-0.0004123086649487906,UN DESA
19_THA,Thailand,2092.0,High,population_1jul,66043.307,-0.0003134081532922828,UN DESA
19_THA,Thailand,2093.0,High,population_1jul,66029.666,-0.00020654628939165143,UN DESA
19_THA,Thailand,2094.0,High,population_1jul,66024.524,-7.787408768644699e-05,UN DESA
19_THA,Thailand,2095.0,High,population_1jul,66027.239,4.1121084038309164e-05,UN DESA
19_THA,Thailand,2096.0,High,population_1jul,66037.87,0.0001610093070829599,UN DESA
19_THA,Thailand,2097.0,High,population_1jul,66056.793,0.0002865477036131381,UN DESA
19_THA,Thailand,2098.0,High,population_1jul,66083.674,0.00040693770888933223,UN DESA
19_THA,Thailand,2099.0,High,population_1jul,66117.727,0.0005153012527723266,UN DESA
19_THA,Thailand,2100.0,High,population_1jul,66157.915,0.0006078248878700343,UN DESA
20_USA,United States of America,1950.0,Estimates,population_1jul,154202.68,,UN DESA
20_USA,United States of America,1951.0,Estimates,population_1jul,156481.323,0.014776935134979574,UN DESA
20_USA,United States of America,1952.0,Estimates,population_1jul,158794.222,0.01478067130094507,UN DESA
20_USA,United States of America,1953.0,Estimates,population_1jul,161168.315,0.014950751797505601,UN DESA
20_USA,United States of America,1954.0,Estimates,population_1jul,163636.309,0.01531314638364245,UN DESA
20_USA,United States of America,1955.0,Estimates,population_1jul,166200.024,0.015667152453310296,UN DESA
20_USA,United States of America,1956.0,Estimates,population_1jul,168824.96,0.015793836467797195,UN DESA
20_USA,United States of America,1957.0,Estimates,population_1jul,171499.226,0.01584046576999043,UN DESA
20_USA,United States of America,1958.0,Estimates,population_1jul,174215.31,0.015837295965405618,UN DESA
20_USA,United States of America,1959.0,Estimates,population_1jul,177145.764,0.016820875272098634,UN DESA
20_USA,United States of America,1960.0,Estimates,population_1jul,180274.555,0.017662240007048746,UN DESA
20_USA,United States of America,1961.0,Estimates,population_1jul,183489.485,0.017833520654093382,UN DESA
20_USA,United States of America,1962.0,Estimates,population_1jul,186724.272,0.017629277230790663,UN DESA
20_USA,United States of America,1963.0,Estimates,population_1jul,189825.226,0.016607128611539013,UN DESA
20_USA,United States of America,1964.0,Estimates,population_1jul,192819.452,0.015773593758292126,UN DESA
20_USA,United States of America,1965.0,Estimates,population_1jul,195653.774,0.014699357199708274,UN DESA
20_USA,United States of America,1966.0,Estimates,population_1jul,198265.406,0.013348232168524321,UN DESA
20_USA,United States of America,1967.0,Estimates,population_1jul,200699.911,0.012279020577094624,UN DESA
20_USA,United States of America,1968.0,Estimates,population_1jul,203011.019,0.011515241778059515,UN DESA
20_USA,United States of America,1969.0,Estimates,population_1jul,205300.033,0.011275319001280426,UN DESA
20_USA,United States of America,1970.0,Estimates,population_1jul,207796.339,0.012159306374782686,UN DESA
20_USA,United States of America,1971.0,Estimates,population_1jul,210426.432,0.012657070921735514,UN DESA
20_USA,United States of America,1972.0,Estimates,population_1jul,212842.573,0.011482117417644488,UN DESA
20_USA,United States of America,1973.0,Estimates,population_1jul,215006.551,0.01016703552066156,UN DESA
20_USA,United States of America,1974.0,Estimates,population_1jul,217076.476,0.009627264799015212,UN DESA
20_USA,United States of America,1975.0,Estimates,population_1jul,219129.301,0.009456690277209079,UN DESA
20_USA,United States of America,1976.0,Estimates,population_1jul,221168.758,0.009307093988311532,UN DESA
20_USA,United States of America,1977.0,Estimates,population_1jul,223259.419,0.009452786274632752,UN DESA
20_USA,United States of America,1978.0,Estimates,population_1jul,225396.096,0.009570377857159862,UN DESA
20_USA,United States of America,1979.0,Estimates,population_1jul,227575.084,0.009667372410922415,UN DESA
20_USA,United States of America,1980.0,Estimates,population_1jul,229858.655,0.01003436298852467,UN DESA
20_USA,United States of America,1981.0,Estimates,population_1jul,232201.617,0.010193055380055105,UN DESA
20_USA,United States of America,1982.0,Estimates,population_1jul,234583.152,0.010256323925599498,UN DESA
20_USA,United States of America,1983.0,Estimates,population_1jul,236986.365,0.010244610405780508,UN DESA
20_USA,United States of America,1984.0,Estimates,population_1jul,239353.967,0.009990456623949706,UN DESA
20_USA,United States of America,1985.0,Estimates,population_1jul,241690.443,0.00976159296327861,UN DESA
20_USA,United States of America,1986.0,Estimates,population_1jul,243953.807,0.009364722791293856,UN DESA
20_USA,United States of America,1987.0,Estimates,population_1jul,246161.291,0.009048778648492295,UN DESA
20_USA,United States of America,1988.0,Estimates,population_1jul,248393.235,0.009066998271470617,UN DESA
20_USA,United States of America,1989.0,Estimates,population_1jul,250675.053,0.009186312984731826,UN DESA
20_USA,United States of America,1990.0,Estimates,population_1jul,253373.387,0.010764270188465819,UN DESA
20_USA,United States of America,1991.0,Estimates,population_1jul,256471.422,0.01222715233309013,UN DESA
20_USA,United States of America,1992.0,Estimates,population_1jul,259606.019,0.012222012790181314,UN DESA
20_USA,United States of America,1993.0,Estimates,population_1jul,262633.231,0.011660792810817,UN DESA
20_USA,United States of America,1994.0,Estimates,population_1jul,265474.81,0.010819571419733887,UN DESA
20_USA,United States of America,1995.0,Estimates,population_1jul,268205.795,0.010287171878943902,UN DESA
20_USA,United States of America,1996.0,Estimates,population_1jul,270860.696,0.009898745849246104,UN DESA
20_USA,United States of America,1997.0,Estimates,population_1jul,273468.013,0.009626044082822416,UN DESA
20_USA,United States of America,1998.0,Estimates,population_1jul,276119.333,0.00969517411164289,UN DESA
20_USA,United States of America,1999.0,Estimates,population_1jul,278785.484,0.009655792555460119,UN DESA
20_USA,United States of America,2000.0,Estimates,population_1jul,281484.131,0.009680012607830024,UN DESA
20_USA,United States of America,2001.0,Estimates,population_1jul,284279.639,0.009931316518869915,UN DESA
20_USA,United States of America,2002.0,Estimates,population_1jul,287084.338,0.009865986216480271,UN DESA
20_USA,United States of America,2003.0,Estimates,population_1jul,289908.1,0.009836001572471664,UN DESA
20_USA,United States of America,2004.0,Estimates,population_1jul,292786.253,0.009927811606505799,UN DESA
20_USA,United States of America,2005.0,Estimates,population_1jul,295716.664,0.010008704199646834,UN DESA
20_USA,United States of America,2006.0,Estimates,population_1jul,298730.209,0.010190649925632789,UN DESA
20_USA,United States of America,2007.0,Estimates,population_1jul,301844.226,0.010424178426494679,UN DESA
20_USA,United States of America,2008.0,Estimates,population_1jul,304970.333,0.010356689744994263,UN DESA
20_USA,United States of America,2009.0,Estimates,population_1jul,308023.454,0.01001120656545984,UN DESA
20_USA,United States of America,2010.0,Estimates,population_1jul,311062.79,0.009867222643376916,UN DESA
20_USA,United States of America,2011.0,Estimates,population_1jul,314105.078,0.009780301912678091,UN DESA
20_USA,United States of America,2012.0,Estimates,population_1jul,317115.355,0.009583662318251251,UN DESA
20_USA,United States of America,2013.0,Estimates,population_1jul,320110.759,0.009445786691723024,UN DESA
20_USA,United States of America,2014.0,Estimates,population_1jul,323115.377,0.00938618248691836,UN DESA
20_USA,United States of America,2015.0,Estimates,population_1jul,326126.497,0.009319024145359789,UN DESA
20_USA,United States of America,2016.0,Estimates,population_1jul,329179.427,0.009361183553264096,UN DESA
20_USA,United States of America,2017.0,Estimates,population_1jul,332204.66,0.00919022500151545,UN DESA
20_USA,United States of America,2018.0,Estimates,population_1jul,335056.497,0.008584578554677647,UN DESA
20_USA,United States of America,2019.0,Estimates,population_1jul,337790.067,0.00815853452917814,UN DESA
20_USA,United States of America,2020.0,Estimates,population_1jul,339436.159,0.004873121387551027,UN DESA
20_USA,United States of America,2021.0,Estimates,population_1jul,340161.441,0.0021367258047484405,UN DESA
20_USA,United States of America,2022.0,Estimates,population_1jul,341534.046,0.004035157529803657,UN DESA
20_USA,United States of America,2023.0,Estimates,population_1jul,343477.335,0.0056898836961045696,UN DESA
20_USA,United States of America,2024.0,High,population_1jul,345706.987,0.006491409396780057,UN DESA
20_USA,United States of America,2025.0,High,population_1jul,348117.36,0.006972300504878071,UN DESA
20_USA,United States of America,2026.0,High,population_1jul,350439.021,0.006669190528159952,UN DESA
20_USA,United States of America,2027.0,High,population_1jul,352695.061,0.00643775340303776,UN DESA
20_USA,United States of America,2028.0,High,population_1jul,354935.459,0.0063522239116355905,UN DESA
20_USA,United States of America,2029.0,High,population_1jul,357318.394,0.006713713548693434,UN DESA
20_USA,United States of America,2030.0,High,population_1jul,359827.307,0.0070215053076725376,UN DESA
20_USA,United States of America,2031.0,High,population_1jul,362312.192,0.006905771050889076,UN DESA
20_USA,United States of America,2032.0,High,population_1jul,364774.448,0.006795951266249434,UN DESA
20_USA,United States of America,2033.0,High,population_1jul,367216.483,0.006694643809042278,UN DESA
20_USA,United States of America,2034.0,High,population_1jul,369761.484,0.006930519510476296,UN DESA
20_USA,United States of America,2035.0,High,population_1jul,372401.569,0.007139967558113858,UN DESA
20_USA,United States of America,2036.0,High,population_1jul,375010.357,0.007005308831016244,UN DESA
20_USA,United States of America,2037.0,High,population_1jul,377597.525,0.006898924127580752,UN DESA
20_USA,United States of America,2038.0,High,population_1jul,380167.34,0.006805698739683175,UN DESA
20_USA,United States of America,2039.0,High,population_1jul,382697.215,0.0066546352982346235,UN DESA
20_USA,United States of America,2040.0,High,population_1jul,385177.426,0.006480870261885707,UN DESA
20_USA,United States of America,2041.0,High,population_1jul,387618.099,0.0063364902386569,UN DESA
20_USA,United States of America,2042.0,High,population_1jul,390036.966,0.006240335542226694,UN DESA
20_USA,United States of America,2043.0,High,population_1jul,392420.363,0.006110695159083912,UN DESA
20_USA,United States of America,2044.0,High,population_1jul,394742.153,0.005916588992095573,UN DESA
20_USA,United States of America,2045.0,High,population_1jul,397020.243,0.005771083687634571,UN DESA
20_USA,United States of America,2046.0,High,population_1jul,399255.328,0.005629649972280992,UN DESA
20_USA,United States of America,2047.0,High,population_1jul,401461.7,0.005526218049618725,UN DESA
20_USA,United States of America,2048.0,High,population_1jul,403640.823,0.005427972332105346,UN DESA
20_USA,United States of America,2049.0,High,population_1jul,405793.319,0.00533270144481901,UN DESA
20_USA,United States of America,2050.0,High,population_1jul,407943.187,0.00529793838227266,UN DESA
20_USA,United States of America,2051.0,High,population_1jul,410100.314,0.005287812295293959,UN DESA
20_USA,United States of America,2052.0,High,population_1jul,412263.198,0.0052740364397769746,UN DESA
20_USA,United States of America,2053.0,High,population_1jul,414444.343,0.005290661428382082,UN DESA
20_USA,United States of America,2054.0,High,population_1jul,416640.447,0.005298911752789959,UN DESA
20_USA,United States of America,2055.0,High,population_1jul,418847.953,0.005298347810192228,UN DESA
20_USA,United States of America,2056.0,High,population_1jul,421109.53,0.005399517853200697,UN DESA
20_USA,United States of America,2057.0,High,population_1jul,423464.974,0.005593423639688178,UN DESA
20_USA,United States of America,2058.0,High,population_1jul,425929.274,0.005819371497771231,UN DESA
20_USA,United States of America,2059.0,High,population_1jul,428471.148,0.0059678311756519165,UN DESA
20_USA,United States of America,2060.0,High,population_1jul,431067.813,0.006060303038187387,UN DESA
20_USA,United States of America,2061.0,High,population_1jul,433754.453,0.006232522862939849,UN DESA
20_USA,United States of America,2062.0,High,population_1jul,436542.893,0.006428614117305775,UN DESA
20_USA,United States of America,2063.0,High,population_1jul,439411.166,0.006570426517057193,UN DESA
20_USA,United States of America,2064.0,High,population_1jul,442340.324,0.00666609823929698,UN DESA
20_USA,United States of America,2065.0,High,population_1jul,445334.845,0.0067697219482978355,UN DESA
20_USA,United States of America,2066.0,High,population_1jul,448413.142,0.006912320099272673,UN DESA
20_USA,United States of America,2067.0,High,population_1jul,451568.212,0.0070360783493719214,UN DESA
20_USA,United States of America,2068.0,High,population_1jul,454772.396,0.007095681039656521,UN DESA
20_USA,United States of America,2069.0,High,population_1jul,458020.753,0.007142819196088723,UN DESA
20_USA,United States of America,2070.0,High,population_1jul,461292.747,0.007143768003018636,UN DESA
20_USA,United States of America,2071.0,High,population_1jul,464586.182,0.007139576811945769,UN DESA
20_USA,United States of America,2072.0,High,population_1jul,467887.095,0.007105060649436279,UN DESA
20_USA,United States of America,2073.0,High,population_1jul,471178.354,0.007034301726146275,UN DESA
20_USA,United States of America,2074.0,High,population_1jul,474472.004,0.0069902404727191225,UN DESA
20_USA,United States of America,2075.0,High,population_1jul,477787.179,0.006987082424361413,UN DESA
20_USA,United States of America,2076.0,High,population_1jul,481112.871,0.006960613733839827,UN DESA
20_USA,United States of America,2077.0,High,population_1jul,484407.019,0.006846933845592318,UN DESA
20_USA,United States of America,2078.0,High,population_1jul,487691.3,0.006780002913211236,UN DESA
20_USA,United States of America,2079.0,High,population_1jul,490959.601,0.006701577411776682,UN DESA
20_USA,United States of America,2080.0,High,population_1jul,494205.839,0.006612026719485575,UN DESA
20_USA,United States of America,2081.0,High,population_1jul,497500.27,0.006666111041233602,UN DESA
20_USA,United States of America,2082.0,High,population_1jul,500822.659,0.006678165219890175,UN DESA
20_USA,United States of America,2083.0,High,population_1jul,504129.633,0.006603083827323442,UN DESA
20_USA,United States of America,2084.0,High,population_1jul,507455.528,0.006597301135043532,UN DESA
20_USA,United States of America,2085.0,High,population_1jul,510779.329,0.00654993554430261,UN DESA
20_USA,United States of America,2086.0,High,population_1jul,514137.226,0.006574065960292641,UN DESA
20_USA,United States of America,2087.0,High,population_1jul,517564.069,0.006665230266753808,UN DESA
20_USA,United States of America,2088.0,High,population_1jul,521061.719,0.006757907299781873,UN DESA
20_USA,United States of America,2089.0,High,population_1jul,524618.618,0.0068262527648861315,UN DESA
20_USA,United States of America,2090.0,High,population_1jul,528202.596,0.0068315875133504456,UN DESA
20_USA,United States of America,2091.0,High,population_1jul,531840.748,0.006887796515108402,UN DESA
20_USA,United States of America,2092.0,High,population_1jul,535546.394,0.006967585717971181,UN DESA
20_USA,United States of America,2093.0,High,population_1jul,539297.248,0.0070037891058978285,UN DESA
20_USA,United States of America,2094.0,High,population_1jul,543098.156,0.007047890591127093,UN DESA
20_USA,United States of America,2095.0,High,population_1jul,546947.132,0.007087072488605628,UN DESA
20_USA,United States of America,2096.0,High,population_1jul,550808.743,0.007060300299737365,UN DESA
20_USA,United States of America,2097.0,High,population_1jul,554696.883,0.007058965656251415,UN DESA
20_USA,United States of America,2098.0,High,population_1jul,558605.782,0.007046909978760452,UN DESA
20_USA,United States of America,2099.0,High,population_1jul,562530.328,0.007025609341078987,UN DESA
20_USA,United States of America,2100.0,High,population_1jul,566463.904,0.0069926469813375025,UN DESA
21_VN,Viet Nam,1950.0,Estimates,population_1jul,25100.738,,UN DESA
21_VN,Viet Nam,1951.0,Estimates,population_1jul,25600.268,0.01990100848827625,UN DESA
21_VN,Viet Nam,1952.0,Estimates,population_1jul,26143.917,0.021236066747426285,UN DESA
21_VN,Viet Nam,1953.0,Estimates,population_1jul,26757.964,0.023487184418463425,UN DESA
21_VN,Viet Nam,1954.0,Estimates,population_1jul,27427.909,0.02503721882576726,UN DESA
21_VN,Viet Nam,1955.0,Estimates,population_1jul,28166.446,0.02692647842750251,UN DESA
21_VN,Viet Nam,1956.0,Estimates,population_1jul,28922.309,0.02683558301959721,UN DESA
21_VN,Viet Nam,1957.0,Estimates,population_1jul,29754.428,0.028770835689501784,UN DESA
21_VN,Viet Nam,1958.0,Estimates,population_1jul,30658.446,0.03038263750188719,UN DESA
21_VN,Viet Nam,1959.0,Estimates,population_1jul,31585.547,0.030239660549004954,UN DESA
21_VN,Viet Nam,1960.0,Estimates,population_1jul,32531.933,0.029962628160278504,UN DESA
21_VN,Viet Nam,1961.0,Estimates,population_1jul,33409.059,0.02696200069021404,UN DESA
21_VN,Viet Nam,1962.0,Estimates,population_1jul,34288.56,0.026325225143276176,UN DESA
21_VN,Viet Nam,1963.0,Estimates,population_1jul,35249.101,0.02801345404998057,UN DESA
21_VN,Viet Nam,1964.0,Estimates,population_1jul,36201.563,0.02702088771001554,UN DESA
21_VN,Viet Nam,1965.0,Estimates,population_1jul,37129.656,0.02563682126100475,UN DESA
21_VN,Viet Nam,1966.0,Estimates,population_1jul,38024.836,0.02410956891170768,UN DESA
21_VN,Viet Nam,1967.0,Estimates,population_1jul,38895.08,0.022886199956260178,UN DESA
21_VN,Viet Nam,1968.0,Estimates,population_1jul,39734.609,0.021584452326617987,UN DESA
21_VN,Viet Nam,1969.0,Estimates,population_1jul,40582.096,0.021328686032873856,UN DESA
21_VN,Viet Nam,1970.0,Estimates,population_1jul,41475.23,0.02200807962210738,UN DESA
21_VN,Viet Nam,1971.0,Estimates,population_1jul,42449.276,0.023485005387552826,UN DESA
21_VN,Viet Nam,1972.0,Estimates,population_1jul,43429.168,0.02308383304346573,UN DESA
21_VN,Viet Nam,1973.0,Estimates,population_1jul,44409.861,0.022581436512898456,UN DESA
21_VN,Viet Nam,1974.0,Estimates,population_1jul,45413.537,0.02260029591175705,UN DESA
21_VN,Viet Nam,1975.0,Estimates,population_1jul,46482.903,0.023547296040825838,UN DESA
21_VN,Viet Nam,1976.0,Estimates,population_1jul,47684.931,0.02585957249701032,UN DESA
21_VN,Viet Nam,1977.0,Estimates,population_1jul,48954.872,0.026631914388216327,UN DESA
21_VN,Viet Nam,1978.0,Estimates,population_1jul,50249.552,0.02644639740861754,UN DESA
21_VN,Viet Nam,1979.0,Estimates,population_1jul,51378.211,0.022461075871880398,UN DESA
21_VN,Viet Nam,1980.0,Estimates,population_1jul,52490.101,0.021641275131202953,UN DESA
21_VN,Viet Nam,1981.0,Estimates,population_1jul,53738.141,0.023776673624613442,UN DESA
21_VN,Viet Nam,1982.0,Estimates,population_1jul,55011.289,0.02369170157933076,UN DESA
21_VN,Viet Nam,1983.0,Estimates,population_1jul,56337.921,0.02411563197510258,UN DESA
21_VN,Viet Nam,1984.0,Estimates,population_1jul,57706.067,0.02428463769545197,UN DESA
21_VN,Viet Nam,1985.0,Estimates,population_1jul,59060.622,0.023473355063341916,UN DESA
21_VN,Viet Nam,1986.0,Estimates,population_1jul,60347.048,0.021781450252928325,UN DESA
21_VN,Viet Nam,1987.0,Estimates,population_1jul,61584.651,0.020508095110136848,UN DESA
21_VN,Viet Nam,1988.0,Estimates,population_1jul,62843.228,0.020436537019589585,UN DESA
21_VN,Viet Nam,1989.0,Estimates,population_1jul,64147.348,0.020751957553803546,UN DESA
21_VN,Viet Nam,1990.0,Estimates,population_1jul,65504.552,0.021157601090539213,UN DESA
21_VN,Viet Nam,1991.0,Estimates,population_1jul,66891.775,0.021177505343445313,UN DESA
21_VN,Viet Nam,1992.0,Estimates,population_1jul,68260.337,0.020459346459262173,UN DESA
21_VN,Viet Nam,1993.0,Estimates,population_1jul,69586.384,0.0194263178044376,UN DESA
21_VN,Viet Nam,1994.0,Estimates,population_1jul,70854.391,0.01822205619995998,UN DESA
21_VN,Viet Nam,1995.0,Estimates,population_1jul,72049.94,0.016873322642770194,UN DESA
21_VN,Viet Nam,1996.0,Estimates,population_1jul,73156.447,0.015357500644691768,UN DESA
21_VN,Viet Nam,1997.0,Estimates,population_1jul,74226.889,0.01463223056745755,UN DESA
21_VN,Viet Nam,1998.0,Estimates,population_1jul,75299.66,0.01445259277941724,UN DESA
21_VN,Viet Nam,1999.0,Estimates,population_1jul,76287.452,0.013118146881407,UN DESA
21_VN,Viet Nam,2000.0,Estimates,population_1jul,77154.011,0.01135912889055457,UN DESA
21_VN,Viet Nam,2001.0,Estimates,population_1jul,77969.361,0.010567823881509009,UN DESA
21_VN,Viet Nam,2002.0,Estimates,population_1jul,78772.224,0.010297160188346366,UN DESA
21_VN,Viet Nam,2003.0,Estimates,population_1jul,79563.777,0.0100486308473402,UN DESA
21_VN,Viet Nam,2004.0,Estimates,population_1jul,80338.971,0.009743051791017976,UN DESA
21_VN,Viet Nam,2005.0,Estimates,population_1jul,81088.313,0.009327254141703989,UN DESA
21_VN,Viet Nam,2006.0,Estimates,population_1jul,82167.897,0.013313681837233471,UN DESA
21_VN,Viet Nam,2007.0,Estimates,population_1jul,83633.375,0.01783516499150517,UN DESA
21_VN,Viet Nam,2008.0,Estimates,population_1jul,85175.788,0.01844255358581437,UN DESA
21_VN,Viet Nam,2009.0,Estimates,population_1jul,86460.018,0.015077406739107513,UN DESA
21_VN,Viet Nam,2010.0,Estimates,population_1jul,87455.152,0.011509759343330206,UN DESA
21_VN,Viet Nam,2011.0,Estimates,population_1jul,88468.314,0.011584932126125658,UN DESA
21_VN,Viet Nam,2012.0,Estimates,population_1jul,89510.356,0.011778703050676409,UN DESA
21_VN,Viet Nam,2013.0,Estimates,population_1jul,90573.104,0.011872905521680632,UN DESA
21_VN,Viet Nam,2014.0,Estimates,population_1jul,91679.578,0.012216363921898843,UN DESA
21_VN,Viet Nam,2015.0,Estimates,population_1jul,92823.254,0.012474708380529442,UN DESA
21_VN,Viet Nam,2016.0,Estimates,population_1jul,94000.117,0.01267853635038474,UN DESA
21_VN,Viet Nam,2017.0,Estimates,population_1jul,95176.977,0.01251977165092244,UN DESA
21_VN,Viet Nam,2018.0,Estimates,population_1jul,96237.319,0.011140740475503952,UN DESA
21_VN,Viet Nam,2019.0,Estimates,population_1jul,97173.776,0.009730705403378836,UN DESA
21_VN,Viet Nam,2020.0,Estimates,population_1jul,98079.191,0.009317482939018573,UN DESA
21_VN,Viet Nam,2021.0,Estimates,population_1jul,98935.098,0.008726693106593686,UN DESA
21_VN,Viet Nam,2022.0,Estimates,population_1jul,99680.655,0.007535819088186457,UN DESA
21_VN,Viet Nam,2023.0,Estimates,population_1jul,100352.192,0.006736883901896418,UN DESA
21_VN,Viet Nam,2024.0,High,population_1jul,101075.909,0.0072117707204641945,UN DESA
21_VN,Viet Nam,2025.0,High,population_1jul,101862.034,0.00777757041987126,UN DESA
21_VN,Viet Nam,2026.0,High,population_1jul,102614.249,0.007384645392020994,UN DESA
21_VN,Viet Nam,2027.0,High,population_1jul,103336.189,0.00703547516095937,UN DESA
21_VN,Viet Nam,2028.0,High,population_1jul,104035.799,0.006770232256194442,UN DESA
21_VN,Viet Nam,2029.0,High,population_1jul,104763.357,0.006993342743491615,UN DESA
21_VN,Viet Nam,2030.0,High,population_1jul,105530.689,0.007324431194009939,UN DESA
21_VN,Viet Nam,2031.0,High,population_1jul,106288.564,0.007181560237894402,UN DESA
21_VN,Viet Nam,2032.0,High,population_1jul,107032.333,0.006997638993410327,UN DESA
21_VN,Viet Nam,2033.0,High,population_1jul,107764.685,0.006842343612186719,UN DESA
21_VN,Viet Nam,2034.0,High,population_1jul,108525.17,0.007056903660044078,UN DESA
21_VN,Viet Nam,2035.0,High,population_1jul,109316.659,0.007293137619595491,UN DESA
21_VN,Viet Nam,2036.0,High,population_1jul,110093.651,0.007107718138367192,UN DESA
21_VN,Viet Nam,2037.0,High,population_1jul,110858.385,0.006946213456032968,UN DESA
21_VN,Viet Nam,2038.0,High,population_1jul,111610.675,0.006786045097084914,UN DESA
21_VN,Viet Nam,2039.0,High,population_1jul,112343.543,0.006566289470070874,UN DESA
21_VN,Viet Nam,2040.0,High,population_1jul,113051.106,0.006298207988686855,UN DESA
21_VN,Viet Nam,2041.0,High,population_1jul,113733.443,0.006035650814420146,UN DESA
21_VN,Viet Nam,2042.0,High,population_1jul,114389.807,0.005771072981585634,UN DESA
21_VN,Viet Nam,2043.0,High,population_1jul,115011.47,0.005434601353947466,UN DESA
21_VN,Viet Nam,2044.0,High,population_1jul,115596.681,0.005088283803345917,UN DESA
21_VN,Viet Nam,2045.0,High,population_1jul,116150.538,0.004791288082051537,UN DESA
21_VN,Viet Nam,2046.0,High,population_1jul,116672.038,0.004489862974203396,UN DESA
21_VN,Viet Nam,2047.0,High,population_1jul,117159.88,0.004181310349614442,UN DESA
21_VN,Viet Nam,2048.0,High,population_1jul,117616.557,0.0038978957643178713,UN DESA
21_VN,Viet Nam,2049.0,High,population_1jul,118042.607,0.0036223641540535922,UN DESA
21_VN,Viet Nam,2050.0,High,population_1jul,118446.122,0.003418384346594472,UN DESA
21_VN,Viet Nam,2051.0,High,population_1jul,118824.855,0.0031975128742500747,UN DESA
21_VN,Viet Nam,2052.0,High,population_1jul,119180.177,0.00299030030375369,UN DESA
21_VN,Viet Nam,2053.0,High,population_1jul,119523.416,0.0028800007571729846,UN DESA
21_VN,Viet Nam,2054.0,High,population_1jul,119855.63,0.0027794888325480827,UN DESA
21_VN,Viet Nam,2055.0,High,population_1jul,120178.813,0.0026964357035208497,UN DESA
21_VN,Viet Nam,2056.0,High,population_1jul,120500.829,0.002679473960189638,UN DESA
21_VN,Viet Nam,2057.0,High,population_1jul,120821.079,0.0026576580647423853,UN DESA
21_VN,Viet Nam,2058.0,High,population_1jul,121134.878,0.0025972206389581753,UN DESA
21_VN,Viet Nam,2059.0,High,population_1jul,121448.217,0.0025866951382904624,UN DESA
21_VN,Viet Nam,2060.0,High,population_1jul,121769.295,0.0026437440411331004,UN DESA
21_VN,Viet Nam,2061.0,High,population_1jul,122094.946,0.0026743277112675212,UN DESA
21_VN,Viet Nam,2062.0,High,population_1jul,122418.705,0.0026516986214975002,UN DESA
21_VN,Viet Nam,2063.0,High,population_1jul,122742.447,0.002644546844373208,UN DESA
21_VN,Viet Nam,2064.0,High,population_1jul,123069.29,0.00266283594623129,UN DESA
21_VN,Viet Nam,2065.0,High,population_1jul,123395.515,0.0026507425207378255,UN DESA
21_VN,Viet Nam,2066.0,High,population_1jul,123715.094,0.0025898753289372856,UN DESA
21_VN,Viet Nam,2067.0,High,population_1jul,124029.902,0.0025446207881474336,UN DESA
21_VN,Viet Nam,2068.0,High,population_1jul,124345.367,0.0025434592377571175,UN DESA
21_VN,Viet Nam,2069.0,High,population_1jul,124660.45,0.002533934376501623,UN DESA
21_VN,Viet Nam,2070.0,High,population_1jul,124966.8,0.002457475486411287,UN DESA
21_VN,Viet Nam,2071.0,High,population_1jul,125265.042,0.0023865698729581553,UN DESA
21_VN,Viet Nam,2072.0,High,population_1jul,125554.744,0.002312712272910078,UN DESA
21_VN,Viet Nam,2073.0,High,population_1jul,125833.83,0.002222823217257197,UN DESA
21_VN,Viet Nam,2074.0,High,population_1jul,126109.471,0.002190515857301678,UN DESA
21_VN,Viet Nam,2075.0,High,population_1jul,126382.068,0.0021615902266372,UN DESA
21_VN,Viet Nam,2076.0,High,population_1jul,126651.807,0.002134313864843529,UN DESA
21_VN,Viet Nam,2077.0,High,population_1jul,126915.438,0.002081541560634781,UN DESA
21_VN,Viet Nam,2078.0,High,population_1jul,127176.001,0.0020530441694572854,UN DESA
21_VN,Viet Nam,2079.0,High,population_1jul,127436.898,0.002051464096594735,UN DESA
21_VN,Viet Nam,2080.0,High,population_1jul,127698.546,0.002053157320260679,UN DESA
21_VN,Viet Nam,2081.0,High,population_1jul,127965.101,0.002087376938497032,UN DESA
21_VN,Viet Nam,2082.0,High,population_1jul,128236.958,0.002124462043756825,UN DESA
21_VN,Viet Nam,2083.0,High,population_1jul,128520.262,0.002209222710975345,UN DESA
21_VN,Viet Nam,2084.0,High,population_1jul,128820.037,0.002332511584826946,UN DESA
21_VN,Viet Nam,2085.0,High,population_1jul,129134.363,0.002440039665568383,UN DESA
21_VN,Viet Nam,2086.0,High,population_1jul,129458.469,0.002509835433965879,UN DESA
21_VN,Viet Nam,2087.0,High,population_1jul,129791.402,0.0025717359595840428,UN DESA
21_VN,Viet Nam,2088.0,High,population_1jul,130138.334,0.002672996782945525,UN DESA
21_VN,Viet Nam,2089.0,High,population_1jul,130498.451,0.002767186185125059,UN DESA
21_VN,Viet Nam,2090.0,High,population_1jul,130866.65,0.0028214817660938696,UN DESA
21_VN,Viet Nam,2091.0,High,population_1jul,131245.826,0.002897422681791051,UN DESA
21_VN,Viet Nam,2092.0,High,population_1jul,131637.894,0.0029872797630912107,UN DESA
21_VN,Viet Nam,2093.0,High,population_1jul,132038.605,0.0030440398871771635,UN DESA
21_VN,Viet Nam,2094.0,High,population_1jul,132446.822,0.0030916488401249165,UN DESA
21_VN,Viet Nam,2095.0,High,population_1jul,132861.098,0.003127866669386803,UN DESA
21_VN,Viet Nam,2096.0,High,population_1jul,133273.491,0.0031039409293456277,UN DESA
21_VN,Viet Nam,2097.0,High,population_1jul,133684.798,0.003086187635018778,UN DESA
21_VN,Viet Nam,2098.0,High,population_1jul,134092.486,0.0030496212441446513,UN DESA
21_VN,Viet Nam,2099.0,High,population_1jul,134493.723,0.002992240743452168,UN DESA
21_VN,Viet Nam,2100.0,High,population_1jul,134893.459,0.0029721535777547103,UN DESA
01_AUS,Australia,1950.0,Estimates,net_migration,144.875,,UN DESA
01_AUS,Australia,1951.0,Estimates,net_migration,117.38,-0.1897842968075928,UN DESA
01_AUS,Australia,1952.0,Estimates,net_migration,76.498,-0.3482876128812403,UN DESA
01_AUS,Australia,1953.0,Estimates,net_migration,52.743,-0.31053099427436015,UN DESA
01_AUS,Australia,1954.0,Estimates,net_migration,72.256,0.36996378666363294,UN DESA
01_AUS,Australia,1955.0,Estimates,net_migration,94.986,0.31457595217006196,UN DESA
01_AUS,Australia,1956.0,Estimates,net_migration,94.085,-0.00948560840544932,UN DESA
01_AUS,Australia,1957.0,Estimates,net_migration,75.373,-0.19888398788329686,UN DESA
01_AUS,Australia,1958.0,Estimates,net_migration,71.921,-0.0457988935029785,UN DESA
01_AUS,Australia,1959.0,Estimates,net_migration,80.537,0.11979811181713274,UN DESA
01_AUS,Australia,1960.0,Estimates,net_migration,85.707,0.06419409712306123,UN DESA
01_AUS,Australia,1961.0,Estimates,net_migration,64.495,-0.24749437035481336,UN DESA
01_AUS,Australia,1962.0,Estimates,net_migration,58.315,-0.09582138150244213,UN DESA
01_AUS,Australia,1963.0,Estimates,net_migration,73.237,0.2558861356426305,UN DESA
01_AUS,Australia,1964.0,Estimates,net_migration,91.588,0.250570067042615,UN DESA
01_AUS,Australia,1965.0,Estimates,net_migration,118.891,0.29810673887408856,UN DESA
01_AUS,Australia,1966.0,Estimates,net_migration,110.864,-0.06751562355434815,UN DESA
01_AUS,Australia,1967.0,Estimates,net_migration,80.904,-0.2702410160196277,UN DESA
01_AUS,Australia,1968.0,Estimates,net_migration,100.963,0.2479358251755166,UN DESA
01_AUS,Australia,1969.0,Estimates,net_migration,108.77,0.0773253568138823,UN DESA
01_AUS,Australia,1970.0,Estimates,net_migration,256.295,1.356302289234164,UN DESA
01_AUS,Australia,1971.0,Estimates,net_migration,223.991,-0.12604225599406937,UN DESA
01_AUS,Australia,1972.0,Estimates,net_migration,54.895,-0.7549231888781246,UN DESA
01_AUS,Australia,1973.0,Estimates,net_migration,62.928,0.146333910192185,UN DESA
01_AUS,Australia,1974.0,Estimates,net_migration,56.167,-0.10744024917365869,UN DESA
01_AUS,Australia,1975.0,Estimates,net_migration,25.336,-0.5489166236402159,UN DESA
01_AUS,Australia,1976.0,Estimates,net_migration,32.792,0.29428481212503965,UN DESA
01_AUS,Australia,1977.0,Estimates,net_migration,44.946,0.370639180287875,UN DESA
01_AUS,Australia,1978.0,Estimates,net_migration,45.832,0.01971254394161881,UN DESA
01_AUS,Australia,1979.0,Estimates,net_migration,52.137,0.13756763833129693,UN DESA
01_AUS,Australia,1980.0,Estimates,net_migration,89.189,0.7106661296200394,UN DESA
01_AUS,Australia,1981.0,Estimates,net_migration,121.921,0.36699592999136676,UN DESA
01_AUS,Australia,1982.0,Estimates,net_migration,111.722,-0.08365252909671028,UN DESA
01_AUS,Australia,1983.0,Estimates,net_migration,73.251,-0.34434578686382267,UN DESA
01_AUS,Australia,1984.0,Estimates,net_migration,79.617,0.08690666339026087,UN DESA
01_AUS,Australia,1985.0,Estimates,net_migration,98.327,0.2350000628006581,UN DESA
01_AUS,Australia,1986.0,Estimates,net_migration,113.061,0.1498469392943953,UN DESA
01_AUS,Australia,1987.0,Estimates,net_migration,136.421,0.20661412865621198,UN DESA
01_AUS,Australia,1988.0,Estimates,net_migration,153.33,0.12394719288086153,UN DESA
01_AUS,Australia,1989.0,Estimates,net_migration,144.042,-0.06057522989630215,UN DESA
01_AUS,Australia,1990.0,Estimates,net_migration,100.093,-0.3051123977728718,UN DESA
01_AUS,Australia,1991.0,Estimates,net_migration,68.847,-0.3121696821955582,UN DESA
01_AUS,Australia,1992.0,Estimates,net_migration,40.767,-0.4078609089720684,UN DESA
01_AUS,Australia,1993.0,Estimates,net_migration,23.833,-0.41538499276375507,UN DESA
01_AUS,Australia,1994.0,Estimates,net_migration,51.941,1.1793731380858476,UN DESA
01_AUS,Australia,1995.0,Estimates,net_migration,80.456,0.5489882751583528,UN DESA
01_AUS,Australia,1996.0,Estimates,net_migration,82.965,0.031184746942428232,UN DESA
01_AUS,Australia,1997.0,Estimates,net_migration,67.661,-0.18446332790935938,UN DESA
01_AUS,Australia,1998.0,Estimates,net_migration,81.31,0.20172625293743818,UN DESA
01_AUS,Australia,1999.0,Estimates,net_migration,92.9,0.14254089287910476,UN DESA
01_AUS,Australia,2000.0,Estimates,net_migration,111.186,0.19683530678148542,UN DESA
01_AUS,Australia,2001.0,Estimates,net_migration,117.552,0.05725540985375854,UN DESA
01_AUS,Australia,2002.0,Estimates,net_migration,108.852,-0.07400979991833401,UN DESA
01_AUS,Australia,2003.0,Estimates,net_migration,104.437,-0.040559658986513814,UN DESA
01_AUS,Australia,2004.0,Estimates,net_migration,110.072,0.05395597345768266,UN DESA
01_AUS,Australia,2005.0,Estimates,net_migration,131.371,0.19350061777745475,UN DESA
01_AUS,Australia,2006.0,Estimates,net_migration,191.985,0.46139558958978766,UN DESA
01_AUS,Australia,2007.0,Estimates,net_migration,249.873,0.30152355652785356,UN DESA
01_AUS,Australia,2008.0,Estimates,net_migration,275.773,0.10365265554901915,UN DESA
01_AUS,Australia,2009.0,Estimates,net_migration,235.628,-0.1455726267618659,UN DESA
01_AUS,Australia,2010.0,Estimates,net_migration,166.752,-0.29230821464342094,UN DESA
01_AUS,Australia,2011.0,Estimates,net_migration,197.657,0.18533510842448675,UN DESA
01_AUS,Australia,2012.0,Estimates,net_migration,235.776,0.1928542879837294,UN DESA
01_AUS,Australia,2013.0,Estimates,net_migration,215.823,-0.08462693403908794,UN DESA
01_AUS,Australia,2014.0,Estimates,net_migration,200.177,-0.07249459047460194,UN DESA
01_AUS,Australia,2015.0,Estimates,net_migration,212.35,0.06081118210383818,UN DESA
01_AUS,Australia,2016.0,Estimates,net_migration,254.648,0.19919001648222268,UN DESA
01_AUS,Australia,2017.0,Estimates,net_migration,255.023,0.0014726210298137143,UN DESA
01_AUS,Australia,2018.0,Estimates,net_migration,226.412,-0.11218988091270199,UN DESA
01_AUS,Australia,2019.0,Estimates,net_migration,207.142,-0.0851103298411745,UN DESA
01_AUS,Australia,2020.0,Estimates,net_migration,44.447,-0.7854273879753985,UN DESA
01_AUS,Australia,2021.0,Estimates,net_migration,116.768,1.627128940085945,UN DESA
01_AUS,Australia,2022.0,Estimates,net_migration,140.972,0.2072828172101946,UN DESA
01_AUS,Australia,2023.0,Estimates,net_migration,140.232,-0.005249269358454267,UN DESA
01_AUS,Australia,2024.0,High,net_migration,138.51,-0.012279650864282066,UN DESA
01_AUS,Australia,2025.0,High,net_migration,137.109,-0.010114793155728719,UN DESA
01_AUS,Australia,2026.0,High,net_migration,131.706,-0.0394066035052405,UN DESA
01_AUS,Australia,2027.0,High,net_migration,134.684,0.02261096685040931,UN DESA
01_AUS,Australia,2028.0,High,net_migration,135.952,0.009414629800124752,UN DESA
01_AUS,Australia,2029.0,High,net_migration,131.355,-0.03381340473108163,UN DESA
01_AUS,Australia,2030.0,High,net_migration,135.595,0.03227893875375898,UN DESA
01_AUS,Australia,2031.0,High,net_migration,137.26,0.01227921383531827,UN DESA
01_AUS,Australia,2032.0,High,net_migration,136.076,-0.00862596532128801,UN DESA
01_AUS,Australia,2033.0,High,net_migration,138.145,0.015204738528469486,UN DESA
01_AUS,Australia,2034.0,High,net_migration,140.339,0.01588186325961849,UN DESA
01_AUS,Australia,2035.0,High,net_migration,144.963,0.032948788291209175,UN DESA
01_AUS,Australia,2036.0,High,net_migration,147.505,0.01753550906093282,UN DESA
01_AUS,Australia,2037.0,High,net_migration,142.265,-0.03552421951798246,UN DESA
01_AUS,Australia,2038.0,High,net_migration,149.174,0.04856429901943571,UN DESA
01_AUS,Australia,2039.0,High,net_migration,144.926,-0.02847681231313781,UN DESA
01_AUS,Australia,2040.0,High,net_migration,151.056,0.04229744835295279,UN DESA
01_AUS,Australia,2041.0,High,net_migration,156.374,0.03520548670691648,UN DESA
01_AUS,Australia,2042.0,High,net_migration,161.101,0.030228810416053742,UN DESA
01_AUS,Australia,2043.0,High,net_migration,159.902,-0.0074425360488141745,UN DESA
01_AUS,Australia,2044.0,High,net_migration,160.574,0.0042025740766220565,UN DESA
01_AUS,Australia,2045.0,High,net_migration,165.998,0.03377881848867181,UN DESA
01_AUS,Australia,2046.0,High,net_migration,173.885,0.04751262063398354,UN DESA
01_AUS,Australia,2047.0,High,net_migration,163.146,-0.06175920867239848,UN DESA
01_AUS,Australia,2048.0,High,net_migration,177.117,0.08563495274171595,UN DESA
01_AUS,Australia,2049.0,High,net_migration,166.927,-0.05753259145084888,UN DESA
01_AUS,Australia,2050.0,High,net_migration,169.597,0.015995015785343458,UN DESA
01_AUS,Australia,2051.0,High,net_migration,169.735,0.0008136936384488536,UN DESA
01_AUS,Australia,2052.0,High,net_migration,167.134,-0.015323887235985656,UN DESA
01_AUS,Australia,2053.0,High,net_migration,170.113,0.017824021443871407,UN DESA
01_AUS,Australia,2054.0,High,net_migration,175.588,0.03218448913369354,UN DESA
01_AUS,Australia,2055.0,High,net_migration,177.814,0.012677403922819241,UN DESA
01_AUS,Australia,2056.0,High,net_migration,173.739,-0.022917205619354952,UN DESA
01_AUS,Australia,2057.0,High,net_migration,175.232,0.008593349794807192,UN DESA
01_AUS,Australia,2058.0,High,net_migration,183.73,0.048495708546384186,UN DESA
01_AUS,Australia,2059.0,High,net_migration,173.432,-0.05604963805584284,UN DESA
01_AUS,Australia,2060.0,High,net_migration,174.385,0.005494949029014373,UN DESA
01_AUS,Australia,2061.0,High,net_migration,179.159,0.027376207816039333,UN DESA
01_AUS,Australia,2062.0,High,net_migration,181.021,0.010393002863378298,UN DESA
01_AUS,Australia,2063.0,High,net_migration,184.761,0.02066058634081136,UN DESA
01_AUS,Australia,2064.0,High,net_migration,174.118,-0.05760414806154979,UN DESA
01_AUS,Australia,2065.0,High,net_migration,181.701,0.043550925234610904,UN DESA
01_AUS,Australia,2066.0,High,net_migration,190.218,0.04687371010616337,UN DESA
01_AUS,Australia,2067.0,High,net_migration,192.294,0.01091379364728895,UN DESA
01_AUS,Australia,2068.0,High,net_migration,194.155,0.00967788906570144,UN DESA
01_AUS,Australia,2069.0,High,net_migration,192.102,-0.010574025907136075,UN DESA
01_AUS,Australia,2070.0,High,net_migration,188.251,-0.02004664188816363,UN DESA
01_AUS,Australia,2071.0,High,net_migration,181.486,-0.035936064084653,UN DESA
01_AUS,Australia,2072.0,High,net_migration,182.995,0.008314690940348202,UN DESA
01_AUS,Australia,2073.0,High,net_migration,186.568,0.01952512363725778,UN DESA
01_AUS,Australia,2074.0,High,net_migration,190.973,0.0236106942240899,UN DESA
01_AUS,Australia,2075.0,High,net_migration,189.762,-0.006341210537615383,UN DESA
01_AUS,Australia,2076.0,High,net_migration,189.901,0.0007324964956103575,UN DESA
01_AUS,Australia,2077.0,High,net_migration,196.619,0.03537632766546772,UN DESA
01_AUS,Australia,2078.0,High,net_migration,195.844,-0.003941633311124626,UN DESA
01_AUS,Australia,2079.0,High,net_migration,194.577,-0.006469434856314238,UN DESA
01_AUS,Australia,2080.0,High,net_migration,194.755,0.0009148049358351784,UN DESA
01_AUS,Australia,2081.0,High,net_migration,205.189,0.05357500449282426,UN DESA
01_AUS,Australia,2082.0,High,net_migration,198.282,-0.033661648528917176,UN DESA
01_AUS,Australia,2083.0,High,net_migration,204.897,0.03336157593730138,UN DESA
01_AUS,Australia,2084.0,High,net_migration,192.109,-0.06241184595186844,UN DESA
01_AUS,Australia,2085.0,High,net_migration,193.611,0.007818478051522693,UN DESA
01_AUS,Australia,2086.0,High,net_migration,199.881,0.03238452360661337,UN DESA
01_AUS,Australia,2087.0,High,net_migration,205.32,0.027211190658441797,UN DESA
01_AUS,Australia,2088.0,High,net_migration,215.908,0.05156828365478283,UN DESA
01_AUS,Australia,2089.0,High,net_migration,205.839,-0.04663560405357836,UN DESA
01_AUS,Australia,2090.0,High,net_migration,210.305,0.021696568677461503,UN DESA
01_AUS,Australia,2091.0,High,net_migration,210.268,-0.00017593495161793982,UN DESA
01_AUS,Australia,2092.0,High,net_migration,203.391,-0.032705880114901054,UN DESA
01_AUS,Australia,2093.0,High,net_migration,199.36,-0.01981896937425931,UN DESA
01_AUS,Australia,2094.0,High,net_migration,184.438,-0.07484951845906918,UN DESA
01_AUS,Australia,2095.0,High,net_migration,191.096,0.03609885164662385,UN DESA
01_AUS,Australia,2096.0,High,net_migration,199.206,0.042439402185288966,UN DESA
01_AUS,Australia,2097.0,High,net_migration,204.143,0.024783390058532362,UN DESA
01_AUS,Australia,2098.0,High,net_migration,191.119,-0.06379841581636403,UN DESA
01_AUS,Australia,2099.0,High,net_migration,187.605,-0.018386450326759785,UN DESA
01_AUS,Australia,2100.0,High,net_migration,189.462,0.009898456864156024,UN DESA
02_BD,Brunei Darussalam,1950.0,Estimates,net_migration,1.375,,UN DESA
02_BD,Brunei Darussalam,1951.0,Estimates,net_migration,1.239,-0.09890909090909084,UN DESA
02_BD,Brunei Darussalam,1952.0,Estimates,net_migration,1.369,0.1049233252623083,UN DESA
02_BD,Brunei Darussalam,1953.0,Estimates,net_migration,1.51,0.10299488677867052,UN DESA
02_BD,Brunei Darussalam,1954.0,Estimates,net_migration,1.693,0.12119205298013247,UN DESA
02_BD,Brunei Darussalam,1955.0,Estimates,net_migration,1.84,0.08682811577082106,UN DESA
02_BD,Brunei Darussalam,1956.0,Estimates,net_migration,1.972,0.07173913043478253,UN DESA
02_BD,Brunei Darussalam,1957.0,Estimates,net_migration,2.029,0.028904665314401612,UN DESA
02_BD,Brunei Darussalam,1958.0,Estimates,net_migration,1.976,-0.02612124199112864,UN DESA
02_BD,Brunei Darussalam,1959.0,Estimates,net_migration,1.809,-0.08451417004048589,UN DESA
02_BD,Brunei Darussalam,1960.0,Estimates,net_migration,0.982,-0.45715865118850196,UN DESA
02_BD,Brunei Darussalam,1961.0,Estimates,net_migration,1.014,0.03258655804480659,UN DESA
02_BD,Brunei Darussalam,1962.0,Estimates,net_migration,1.088,0.07297830374753467,UN DESA
02_BD,Brunei Darussalam,1963.0,Estimates,net_migration,1.469,0.3501838235294117,UN DESA
02_BD,Brunei Darussalam,1964.0,Estimates,net_migration,1.595,0.08577263444520078,UN DESA
02_BD,Brunei Darussalam,1965.0,Estimates,net_migration,1.655,0.037617554858934144,UN DESA
02_BD,Brunei Darussalam,1966.0,Estimates,net_migration,1.697,0.025377643504531644,UN DESA
02_BD,Brunei Darussalam,1967.0,Estimates,net_migration,1.703,0.003535651149086716,UN DESA
02_BD,Brunei Darussalam,1968.0,Estimates,net_migration,1.677,-0.01526717557251911,UN DESA
02_BD,Brunei Darussalam,1969.0,Estimates,net_migration,1.608,-0.041144901610017826,UN DESA
02_BD,Brunei Darussalam,1970.0,Estimates,net_migration,-1.538,-1.9564676616915424,UN DESA
02_BD,Brunei Darussalam,1971.0,Estimates,net_migration,-0.476,-0.6905071521456437,UN DESA
02_BD,Brunei Darussalam,1972.0,Estimates,net_migration,1.053,-3.21218487394958,UN DESA
02_BD,Brunei Darussalam,1973.0,Estimates,net_migration,1.007,-0.04368471035137711,UN DESA
02_BD,Brunei Darussalam,1974.0,Estimates,net_migration,1.011,0.003972194637537285,UN DESA
02_BD,Brunei Darussalam,1975.0,Estimates,net_migration,1.047,0.035608308605341366,UN DESA
02_BD,Brunei Darussalam,1976.0,Estimates,net_migration,1.08,0.03151862464183397,UN DESA
02_BD,Brunei Darussalam,1977.0,Estimates,net_migration,1.157,0.07129629629629619,UN DESA
02_BD,Brunei Darussalam,1978.0,Estimates,net_migration,0.791,-0.3163353500432152,UN DESA
02_BD,Brunei Darussalam,1979.0,Estimates,net_migration,0.899,0.1365360303413401,UN DESA
02_BD,Brunei Darussalam,1980.0,Estimates,net_migration,0.995,0.10678531701890992,UN DESA
02_BD,Brunei Darussalam,1981.0,Estimates,net_migration,1.124,0.12964824120603025,UN DESA
02_BD,Brunei Darussalam,1982.0,Estimates,net_migration,1.475,0.31227758007117434,UN DESA
02_BD,Brunei Darussalam,1983.0,Estimates,net_migration,1.602,0.08610169491525421,UN DESA
02_BD,Brunei Darussalam,1984.0,Estimates,net_migration,1.722,0.07490636704119846,UN DESA
02_BD,Brunei Darussalam,1985.0,Estimates,net_migration,1.808,0.04994192799070851,UN DESA
02_BD,Brunei Darussalam,1986.0,Estimates,net_migration,1.897,0.04922566371681425,UN DESA
02_BD,Brunei Darussalam,1987.0,Estimates,net_migration,0.994,-0.47601476014760147,UN DESA
02_BD,Brunei Darussalam,1988.0,Estimates,net_migration,0.962,-0.03219315895372232,UN DESA
02_BD,Brunei Darussalam,1989.0,Estimates,net_migration,1.002,0.04158004158004158,UN DESA
02_BD,Brunei Darussalam,1990.0,Estimates,net_migration,0.992,-0.009980039920159722,UN DESA
02_BD,Brunei Darussalam,1991.0,Estimates,net_migration,1.087,0.09576612903225801,UN DESA
02_BD,Brunei Darussalam,1992.0,Estimates,net_migration,0.969,-0.10855565777368903,UN DESA
02_BD,Brunei Darussalam,1993.0,Estimates,net_migration,1.082,0.11661506707946345,UN DESA
02_BD,Brunei Darussalam,1994.0,Estimates,net_migration,1.206,0.11460258780036958,UN DESA
02_BD,Brunei Darussalam,1995.0,Estimates,net_migration,1.348,0.11774461028192373,UN DESA
02_BD,Brunei Darussalam,1996.0,Estimates,net_migration,1.464,0.08605341246290799,UN DESA
02_BD,Brunei Darussalam,1997.0,Estimates,net_migration,1.533,0.047131147540983465,UN DESA
02_BD,Brunei Darussalam,1998.0,Estimates,net_migration,1.566,0.021526418786692814,UN DESA
02_BD,Brunei Darussalam,1999.0,Estimates,net_migration,1.639,0.04661558109833974,UN DESA
02_BD,Brunei Darussalam,2000.0,Estimates,net_migration,1.66,0.01281269066503965,UN DESA
02_BD,Brunei Darussalam,2001.0,Estimates,net_migration,1.569,-0.054819277108433706,UN DESA
02_BD,Brunei Darussalam,2002.0,Estimates,net_migration,1.499,-0.04461440407903117,UN DESA
02_BD,Brunei Darussalam,2003.0,Estimates,net_migration,1.383,-0.07738492328218816,UN DESA
02_BD,Brunei Darussalam,2004.0,Estimates,net_migration,1.261,-0.08821402747650042,UN DESA
02_BD,Brunei Darussalam,2005.0,Estimates,net_migration,1.163,-0.07771609833465498,UN DESA
02_BD,Brunei Darussalam,2006.0,Estimates,net_migration,1.03,-0.11435941530524507,UN DESA
02_BD,Brunei Darussalam,2007.0,Estimates,net_migration,2.291,1.2242718446601941,UN DESA
02_BD,Brunei Darussalam,2008.0,Estimates,net_migration,2.409,0.051505892623308513,UN DESA
02_BD,Brunei Darussalam,2009.0,Estimates,net_migration,2.489,0.03320880033208806,UN DESA
02_BD,Brunei Darussalam,2010.0,Estimates,net_migration,2.479,-0.004017677782241824,UN DESA
02_BD,Brunei Darussalam,2011.0,Estimates,net_migration,1.399,-0.43565954013715213,UN DESA
02_BD,Brunei Darussalam,2012.0,Estimates,net_migration,0.346,-0.7526804860614725,UN DESA
02_BD,Brunei Darussalam,2013.0,Estimates,net_migration,0.285,-0.17630057803468213,UN DESA
02_BD,Brunei Darussalam,2014.0,Estimates,net_migration,0.303,0.06315789473684208,UN DESA
02_BD,Brunei Darussalam,2015.0,Estimates,net_migration,0.356,0.17491749174917492,UN DESA
02_BD,Brunei Darussalam,2016.0,Estimates,net_migration,0.415,0.1657303370786516,UN DESA
02_BD,Brunei Darussalam,2017.0,Estimates,net_migration,0.44,0.06024096385542177,UN DESA
02_BD,Brunei Darussalam,2018.0,Estimates,net_migration,0.45,0.022727272727272707,UN DESA
02_BD,Brunei Darussalam,2019.0,Estimates,net_migration,0.456,0.01333333333333342,UN DESA
02_BD,Brunei Darussalam,2020.0,Estimates,net_migration,0.462,0.013157894736842035,UN DESA
02_BD,Brunei Darussalam,2021.0,Estimates,net_migration,0,-1.0,UN DESA
02_BD,Brunei Darussalam,2022.0,Estimates,net_migration,0,,UN DESA
02_BD,Brunei Darussalam,2023.0,Estimates,net_migration,0,,UN DESA
02_BD,Brunei Darussalam,2024.0,High,net_migration,0,,UN DESA
02_BD,Brunei Darussalam,2025.0,High,net_migration,0,,UN DESA
02_BD,Brunei Darussalam,2026.0,High,net_migration,0.008,,UN DESA
02_BD,Brunei Darussalam,2027.0,High,net_migration,0.195,23.375,UN DESA
02_BD,Brunei Darussalam,2028.0,High,net_migration,0.112,-0.4256410256410257,UN DESA
02_BD,Brunei Darussalam,2029.0,High,net_migration,0.057,-0.4910714285714286,UN DESA
02_BD,Brunei Darussalam,2030.0,High,net_migration,0.214,2.7543859649122804,UN DESA
02_BD,Brunei Darussalam,2031.0,High,net_migration,0.195,-0.08878504672897192,UN DESA
02_BD,Brunei Darussalam,2032.0,High,net_migration,0.042,-0.7846153846153846,UN DESA
02_BD,Brunei Darussalam,2033.0,High,net_migration,0.176,3.19047619047619,UN DESA
02_BD,Brunei Darussalam,2034.0,High,net_migration,0.263,0.4943181818181819,UN DESA
02_BD,Brunei Darussalam,2035.0,High,net_migration,0.342,0.30038022813688214,UN DESA
02_BD,Brunei Darussalam,2036.0,High,net_migration,0.267,-0.2192982456140351,UN DESA
02_BD,Brunei Darussalam,2037.0,High,net_migration,0.374,0.40074906367041185,UN DESA
02_BD,Brunei Darussalam,2038.0,High,net_migration,0.653,0.7459893048128343,UN DESA
02_BD,Brunei Darussalam,2039.0,High,net_migration,0.472,-0.27718223583460955,UN DESA
02_BD,Brunei Darussalam,2040.0,High,net_migration,0.439,-0.06991525423728806,UN DESA
02_BD,Brunei Darussalam,2041.0,High,net_migration,0.525,0.19589977220956722,UN DESA
02_BD,Brunei Darussalam,2042.0,High,net_migration,0.476,-0.09333333333333338,UN DESA
02_BD,Brunei Darussalam,2043.0,High,net_migration,0.428,-0.10084033613445376,UN DESA
02_BD,Brunei Darussalam,2044.0,High,net_migration,0.441,0.030373831775700966,UN DESA
02_BD,Brunei Darussalam,2045.0,High,net_migration,0.64,0.4512471655328798,UN DESA
02_BD,Brunei Darussalam,2046.0,High,net_migration,0.471,-0.2640625000000001,UN DESA
02_BD,Brunei Darussalam,2047.0,High,net_migration,0.505,0.0721868365180467,UN DESA
02_BD,Brunei Darussalam,2048.0,High,net_migration,0.534,0.05742574257425748,UN DESA
02_BD,Brunei Darussalam,2049.0,High,net_migration,0.518,-0.029962546816479474,UN DESA
02_BD,Brunei Darussalam,2050.0,High,net_migration,0.513,-0.009652509652509633,UN DESA
02_BD,Brunei Darussalam,2051.0,High,net_migration,0.477,-0.07017543859649134,UN DESA
02_BD,Brunei Darussalam,2052.0,High,net_migration,0.326,-0.3165618448637316,UN DESA
02_BD,Brunei Darussalam,2053.0,High,net_migration,0.305,-0.0644171779141105,UN DESA
02_BD,Brunei Darussalam,2054.0,High,net_migration,0.389,0.2754098360655739,UN DESA
02_BD,Brunei Darussalam,2055.0,High,net_migration,0.326,-0.16195372750642678,UN DESA
02_BD,Brunei Darussalam,2056.0,High,net_migration,0.435,0.33435582822085874,UN DESA
02_BD,Brunei Darussalam,2057.0,High,net_migration,0.358,-0.17701149425287355,UN DESA
02_BD,Brunei Darussalam,2058.0,High,net_migration,0.389,0.08659217877094982,UN DESA
02_BD,Brunei Darussalam,2059.0,High,net_migration,0.498,0.2802056555269923,UN DESA
02_BD,Brunei Darussalam,2060.0,High,net_migration,0.56,0.1244979919678717,UN DESA
02_BD,Brunei Darussalam,2061.0,High,net_migration,0.577,0.03035714285714275,UN DESA
02_BD,Brunei Darussalam,2062.0,High,net_migration,0.695,0.20450606585788567,UN DESA
02_BD,Brunei Darussalam,2063.0,High,net_migration,0.574,-0.17410071942446048,UN DESA
02_BD,Brunei Darussalam,2064.0,High,net_migration,0.547,-0.04703832752613224,UN DESA
02_BD,Brunei Darussalam,2065.0,High,net_migration,0.501,-0.08409506398537481,UN DESA
02_BD,Brunei Darussalam,2066.0,High,net_migration,0.453,-0.09580838323353291,UN DESA
02_BD,Brunei Darussalam,2067.0,High,net_migration,0.303,-0.33112582781456956,UN DESA
02_BD,Brunei Darussalam,2068.0,High,net_migration,0.375,0.2376237623762376,UN DESA
02_BD,Brunei Darussalam,2069.0,High,net_migration,0.483,0.28800000000000003,UN DESA
02_BD,Brunei Darussalam,2070.0,High,net_migration,0.608,0.2587991718426501,UN DESA
02_BD,Brunei Darussalam,2071.0,High,net_migration,0.63,0.03618421052631593,UN DESA
02_BD,Brunei Darussalam,2072.0,High,net_migration,0.41,-0.3492063492063493,UN DESA
02_BD,Brunei Darussalam,2073.0,High,net_migration,0.344,-0.1609756097560976,UN DESA
02_BD,Brunei Darussalam,2074.0,High,net_migration,0.217,-0.3691860465116279,UN DESA
02_BD,Brunei Darussalam,2075.0,High,net_migration,0.124,-0.4285714285714286,UN DESA
02_BD,Brunei Darussalam,2076.0,High,net_migration,0.413,2.3306451612903225,UN DESA
02_BD,Brunei Darussalam,2077.0,High,net_migration,0.347,-0.15980629539951574,UN DESA
02_BD,Brunei Darussalam,2078.0,High,net_migration,0.434,0.25072046109510104,UN DESA
02_BD,Brunei Darussalam,2079.0,High,net_migration,0.355,-0.1820276497695853,UN DESA
02_BD,Brunei Darussalam,2080.0,High,net_migration,0.32,-0.09859154929577463,UN DESA
02_BD,Brunei Darussalam,2081.0,High,net_migration,0.269,-0.15937499999999993,UN DESA
02_BD,Brunei Darussalam,2082.0,High,net_migration,0.229,-0.14869888475836435,UN DESA
02_BD,Brunei Darussalam,2083.0,High,net_migration,0.213,-0.06986899563318782,UN DESA
02_BD,Brunei Darussalam,2084.0,High,net_migration,0.287,0.34741784037558676,UN DESA
02_BD,Brunei Darussalam,2085.0,High,net_migration,0.225,-0.21602787456445982,UN DESA
02_BD,Brunei Darussalam,2086.0,High,net_migration,0.34,0.5111111111111111,UN DESA
02_BD,Brunei Darussalam,2087.0,High,net_migration,0.267,-0.2147058823529412,UN DESA
02_BD,Brunei Darussalam,2088.0,High,net_migration,0.162,-0.3932584269662921,UN DESA
02_BD,Brunei Darussalam,2089.0,High,net_migration,0.151,-0.06790123456790131,UN DESA
02_BD,Brunei Darussalam,2090.0,High,net_migration,0.234,0.5496688741721856,UN DESA
02_BD,Brunei Darussalam,2091.0,High,net_migration,0.283,0.20940170940170932,UN DESA
02_BD,Brunei Darussalam,2092.0,High,net_migration,0.228,-0.19434628975265011,UN DESA
02_BD,Brunei Darussalam,2093.0,High,net_migration,0.249,0.09210526315789469,UN DESA
02_BD,Brunei Darussalam,2094.0,High,net_migration,0.214,-0.1405622489959839,UN DESA
02_BD,Brunei Darussalam,2095.0,High,net_migration,0.265,0.238317757009346,UN DESA
02_BD,Brunei Darussalam,2096.0,High,net_migration,0.205,-0.2264150943396227,UN DESA
02_BD,Brunei Darussalam,2097.0,High,net_migration,0.29,0.41463414634146334,UN DESA
02_BD,Brunei Darussalam,2098.0,High,net_migration,0.172,-0.40689655172413797,UN DESA
02_BD,Brunei Darussalam,2099.0,High,net_migration,0.16,-0.06976744186046502,UN DESA
02_BD,Brunei Darussalam,2100.0,High,net_migration,0.214,0.3374999999999999,UN DESA
03_CDA,Canada,1950.0,Estimates,net_migration,60.283,,UN DESA
03_CDA,Canada,1951.0,Estimates,net_migration,142.648,1.3663055919579317,UN DESA
03_CDA,Canada,1952.0,Estimates,net_migration,148.372,0.04012674555549345,UN DESA
03_CDA,Canada,1953.0,Estimates,net_migration,141.474,-0.046491251718653315,UN DESA
03_CDA,Canada,1954.0,Estimates,net_migration,127.887,-0.09603884812757102,UN DESA
03_CDA,Canada,1955.0,Estimates,net_migration,95.995,-0.24937640260542504,UN DESA
03_CDA,Canada,1956.0,Estimates,net_migration,165.849,0.7276837335277877,UN DESA
03_CDA,Canada,1957.0,Estimates,net_migration,180.051,0.08563211113723934,UN DESA
03_CDA,Canada,1958.0,Estimates,net_migration,109.763,-0.3903782817090713,UN DESA
03_CDA,Canada,1959.0,Estimates,net_migration,67.053,-0.3891110847917787,UN DESA
03_CDA,Canada,1960.0,Estimates,net_migration,49.694,-0.2588847627995764,UN DESA
03_CDA,Canada,1961.0,Estimates,net_migration,34.721,-0.3013039803598021,UN DESA
03_CDA,Canada,1962.0,Estimates,net_migration,35.373,0.018778260994787077,UN DESA
03_CDA,Canada,1963.0,Estimates,net_migration,51.831,0.46527012127894185,UN DESA
03_CDA,Canada,1964.0,Estimates,net_migration,68.003,0.3120140456483571,UN DESA
03_CDA,Canada,1965.0,Estimates,net_migration,112.401,0.6528829610458362,UN DESA
03_CDA,Canada,1966.0,Estimates,net_migration,144.641,0.28683018834352003,UN DESA
03_CDA,Canada,1967.0,Estimates,net_migration,132.856,-0.08147758934188787,UN DESA
03_CDA,Canada,1968.0,Estimates,net_migration,108.864,-0.18058649966881424,UN DESA
03_CDA,Canada,1969.0,Estimates,net_migration,93.6,-0.14021164021164034,UN DESA
03_CDA,Canada,1970.0,Estimates,net_migration,304.627,2.254561965811966,UN DESA
03_CDA,Canada,1971.0,Estimates,net_migration,210.244,-0.30983136754128826,UN DESA
03_CDA,Canada,1972.0,Estimates,net_migration,89.88,-0.5724967180989707,UN DESA
03_CDA,Canada,1973.0,Estimates,net_migration,125.401,0.3952047174009792,UN DESA
03_CDA,Canada,1974.0,Estimates,net_migration,155.596,0.2407875535282813,UN DESA
03_CDA,Canada,1975.0,Estimates,net_migration,139.797,-0.10153859996400938,UN DESA
03_CDA,Canada,1976.0,Estimates,net_migration,106.894,-0.23536270449294328,UN DESA
03_CDA,Canada,1977.0,Estimates,net_migration,70.339,-0.3419742922895579,UN DESA
03_CDA,Canada,1978.0,Estimates,net_migration,52.781,-0.24961969888681956,UN DESA
03_CDA,Canada,1979.0,Estimates,net_migration,86.719,0.6429965328432579,UN DESA
03_CDA,Canada,1980.0,Estimates,net_migration,122.743,0.4154106943115119,UN DESA
03_CDA,Canada,1981.0,Estimates,net_migration,113.461,-0.07562142036613084,UN DESA
03_CDA,Canada,1982.0,Estimates,net_migration,89.544,-0.21079489868765477,UN DESA
03_CDA,Canada,1983.0,Estimates,net_migration,66.172,-0.2610113463772,UN DESA
03_CDA,Canada,1984.0,Estimates,net_migration,55.982,-0.15399262527957447,UN DESA
03_CDA,Canada,1985.0,Estimates,net_migration,69.776,0.2464006287735343,UN DESA
03_CDA,Canada,1986.0,Estimates,net_migration,121.928,0.7474203164411832,UN DESA
03_CDA,Canada,1987.0,Estimates,net_migration,171.308,0.4049931106882749,UN DESA
03_CDA,Canada,1988.0,Estimates,net_migration,238.003,0.38932799402246254,UN DESA
03_CDA,Canada,1989.0,Estimates,net_migration,258.094,0.08441490233316395,UN DESA
03_CDA,Canada,1990.0,Estimates,net_migration,181.461,-0.29691895200973284,UN DESA
03_CDA,Canada,1991.0,Estimates,net_migration,134.463,-0.25899780118041904,UN DESA
03_CDA,Canada,1992.0,Estimates,net_migration,138.121,0.027204509790797582,UN DESA
03_CDA,Canada,1993.0,Estimates,net_migration,133.426,-0.03399193460806116,UN DESA
03_CDA,Canada,1994.0,Estimates,net_migration,134.863,0.010770014839686537,UN DESA
03_CDA,Canada,1995.0,Estimates,net_migration,141.818,0.05157085338454581,UN DESA
03_CDA,Canada,1996.0,Estimates,net_migration,154.553,0.08979819204896411,UN DESA
03_CDA,Canada,1997.0,Estimates,net_migration,144.678,-0.06389393929590492,UN DESA
03_CDA,Canada,1998.0,Estimates,net_migration,142.346,-0.01611855292442521,UN DESA
03_CDA,Canada,1999.0,Estimates,net_migration,158.342,0.11237407443834035,UN DESA
03_CDA,Canada,2000.0,Estimates,net_migration,201.727,0.27399552866579935,UN DESA
03_CDA,Canada,2001.0,Estimates,net_migration,222.1,0.10099292608327093,UN DESA
03_CDA,Canada,2002.0,Estimates,net_migration,208.06,-0.06321476812246729,UN DESA
03_CDA,Canada,2003.0,Estimates,net_migration,185.643,-0.10774295876189566,UN DESA
03_CDA,Canada,2004.0,Estimates,net_migration,194.611,0.04830777352229809,UN DESA
03_CDA,Canada,2005.0,Estimates,net_migration,204.526,0.05094778815174905,UN DESA
03_CDA,Canada,2006.0,Estimates,net_migration,202.175,-0.011494871067737056,UN DESA
03_CDA,Canada,2007.0,Estimates,net_migration,213.801,0.0575046370718435,UN DESA
03_CDA,Canada,2008.0,Estimates,net_migration,238.083,0.11357290190410718,UN DESA
03_CDA,Canada,2009.0,Estimates,net_migration,244.463,0.026797377385197496,UN DESA
03_CDA,Canada,2010.0,Estimates,net_migration,225.369,-0.07810588923477169,UN DESA
03_CDA,Canada,2011.0,Estimates,net_migration,227.075,0.0075698077375325745,UN DESA
03_CDA,Canada,2012.0,Estimates,net_migration,243.748,0.0734250798194429,UN DESA
03_CDA,Canada,2013.0,Estimates,net_migration,239.813,-0.016143722204900124,UN DESA
03_CDA,Canada,2014.0,Estimates,net_migration,192.884,-0.19568997510560315,UN DESA
03_CDA,Canada,2015.0,Estimates,net_migration,224.332,0.163040998734991,UN DESA
03_CDA,Canada,2016.0,Estimates,net_migration,329.455,0.4686045682292317,UN DESA
03_CDA,Canada,2017.0,Estimates,net_migration,372.685,0.1312167063787164,UN DESA
03_CDA,Canada,2018.0,Estimates,net_migration,420.224,0.12755812549472068,UN DESA
03_CDA,Canada,2019.0,Estimates,net_migration,387.685,-0.07743251218397806,UN DESA
03_CDA,Canada,2020.0,Estimates,net_migration,256.592,-0.3381430800778983,UN DESA
03_CDA,Canada,2021.0,Estimates,net_migration,198.867,-0.22496804265136872,UN DESA
03_CDA,Canada,2022.0,Estimates,net_migration,459.988,1.3130433908089327,UN DESA
03_CDA,Canada,2023.0,Estimates,net_migration,433.842,-0.05684061323338874,UN DESA
03_CDA,Canada,2024.0,High,net_migration,368.599,-0.15038424126755823,UN DESA
03_CDA,Canada,2025.0,High,net_migration,326.204,-0.11501658984424801,UN DESA
03_CDA,Canada,2026.0,High,net_migration,291.403,-0.10668477394513853,UN DESA
03_CDA,Canada,2027.0,High,net_migration,283.12,-0.02842455293871382,UN DESA
03_CDA,Canada,2028.0,High,net_migration,278.599,-0.015968493924837568,UN DESA
03_CDA,Canada,2029.0,High,net_migration,267.895,-0.038420812709306196,UN DESA
03_CDA,Canada,2030.0,High,net_migration,266.663,-0.0045988167005728275,UN DESA
03_CDA,Canada,2031.0,High,net_migration,267.035,0.0013950191815137458,UN DESA
03_CDA,Canada,2032.0,High,net_migration,259.022,-0.030007302413541437,UN DESA
03_CDA,Canada,2033.0,High,net_migration,246.465,-0.048478507617113586,UN DESA
03_CDA,Canada,2034.0,High,net_migration,257.281,0.043884527214817615,UN DESA
03_CDA,Canada,2035.0,High,net_migration,240.507,-0.06519719683925362,UN DESA
03_CDA,Canada,2036.0,High,net_migration,251.42,0.04537497869084883,UN DESA
03_CDA,Canada,2037.0,High,net_migration,253.379,0.007791742900326248,UN DESA
03_CDA,Canada,2038.0,High,net_migration,254.487,0.004372895938495214,UN DESA
03_CDA,Canada,2039.0,High,net_migration,247.843,-0.02610742395485821,UN DESA
03_CDA,Canada,2040.0,High,net_migration,244.845,-0.012096367458431345,UN DESA
03_CDA,Canada,2041.0,High,net_migration,250.108,0.02149523167718348,UN DESA
03_CDA,Canada,2042.0,High,net_migration,253.183,0.012294688694483913,UN DESA
03_CDA,Canada,2043.0,High,net_migration,253.22,0.00014613935374807596,UN DESA
03_CDA,Canada,2044.0,High,net_migration,256.561,0.013194060500750338,UN DESA
03_CDA,Canada,2045.0,High,net_migration,263.72,0.02790369541746429,UN DESA
03_CDA,Canada,2046.0,High,net_migration,251.87,-0.04493402093129084,UN DESA
03_CDA,Canada,2047.0,High,net_migration,253.332,0.0058045817286696,UN DESA
03_CDA,Canada,2048.0,High,net_migration,259.156,0.022989594682077286,UN DESA
03_CDA,Canada,2049.0,High,net_migration,246.688,-0.048110018676009836,UN DESA
03_CDA,Canada,2050.0,High,net_migration,261.957,0.06189599818394087,UN DESA
03_CDA,Canada,2051.0,High,net_migration,262.802,0.003225720251797126,UN DESA
03_CDA,Canada,2052.0,High,net_migration,269.71,0.026285949117586416,UN DESA
03_CDA,Canada,2053.0,High,net_migration,258.578,-0.04127396092098923,UN DESA
03_CDA,Canada,2054.0,High,net_migration,259.443,0.0033452188507916425,UN DESA
03_CDA,Canada,2055.0,High,net_migration,261.317,0.007223166552961624,UN DESA
03_CDA,Canada,2056.0,High,net_migration,264.377,0.011709915543190785,UN DESA
03_CDA,Canada,2057.0,High,net_migration,268.439,0.015364422775052233,UN DESA
03_CDA,Canada,2058.0,High,net_migration,279.309,0.04049337093343364,UN DESA
03_CDA,Canada,2059.0,High,net_migration,276.051,-0.011664500606854866,UN DESA
03_CDA,Canada,2060.0,High,net_migration,269.56,-0.023513771006082207,UN DESA
03_CDA,Canada,2061.0,High,net_migration,274.751,0.019257308205965273,UN DESA
03_CDA,Canada,2062.0,High,net_migration,279.51,0.01732113804863311,UN DESA
03_CDA,Canada,2063.0,High,net_migration,275.757,-0.0134270687989696,UN DESA
03_CDA,Canada,2064.0,High,net_migration,272.865,-0.010487494424438859,UN DESA
03_CDA,Canada,2065.0,High,net_migration,271.543,-0.004844886665567261,UN DESA
03_CDA,Canada,2066.0,High,net_migration,271.868,0.0011968638484511906,UN DESA
03_CDA,Canada,2067.0,High,net_migration,280.584,0.03205967601924464,UN DESA
03_CDA,Canada,2068.0,High,net_migration,267.679,-0.04599335671314131,UN DESA
03_CDA,Canada,2069.0,High,net_migration,268.051,0.0013897242592808556,UN DESA
03_CDA,Canada,2070.0,High,net_migration,267.097,-0.0035590242155411067,UN DESA
03_CDA,Canada,2071.0,High,net_migration,269.947,0.01067028083430377,UN DESA
03_CDA,Canada,2072.0,High,net_migration,268.652,-0.004797237976343571,UN DESA
03_CDA,Canada,2073.0,High,net_migration,262.946,-0.021239372868990247,UN DESA
03_CDA,Canada,2074.0,High,net_migration,266.272,0.012648984962691845,UN DESA
03_CDA,Canada,2075.0,High,net_migration,276.563,0.038648449705564136,UN DESA
03_CDA,Canada,2076.0,High,net_migration,282.032,0.019774879503042575,UN DESA
03_CDA,Canada,2077.0,High,net_migration,269.22,-0.04542746922335039,UN DESA
03_CDA,Canada,2078.0,High,net_migration,282.428,0.049060248124210615,UN DESA
03_CDA,Canada,2079.0,High,net_migration,275.664,-0.02394946676675125,UN DESA
03_CDA,Canada,2080.0,High,net_migration,277.316,0.005992802832433641,UN DESA
03_CDA,Canada,2081.0,High,net_migration,289.239,0.04299427368056663,UN DESA
03_CDA,Canada,2082.0,High,net_migration,272.65,-0.057353952959317334,UN DESA
03_CDA,Canada,2083.0,High,net_migration,287.258,0.05357784705666613,UN DESA
03_CDA,Canada,2084.0,High,net_migration,279.889,-0.025652897395372687,UN DESA
03_CDA,Canada,2085.0,High,net_migration,274.676,-0.018625240720428482,UN DESA
03_CDA,Canada,2086.0,High,net_migration,278.631,0.014398782565640866,UN DESA
03_CDA,Canada,2087.0,High,net_migration,273.085,-0.01990446145619118,UN DESA
03_CDA,Canada,2088.0,High,net_migration,302.24,0.10676163099401292,UN DESA
03_CDA,Canada,2089.0,High,net_migration,273.086,-0.09645976707252513,UN DESA
03_CDA,Canada,2090.0,High,net_migration,266.524,-0.024029060442497974,UN DESA
03_CDA,Canada,2091.0,High,net_migration,284.939,0.06909321486995545,UN DESA
03_CDA,Canada,2092.0,High,net_migration,274.747,-0.035769059342525944,UN DESA
03_CDA,Canada,2093.0,High,net_migration,280.59,0.02126683821843356,UN DESA
03_CDA,Canada,2094.0,High,net_migration,278.402,-0.007797854520831038,UN DESA
03_CDA,Canada,2095.0,High,net_migration,279.626,0.004396520139941407,UN DESA
03_CDA,Canada,2096.0,High,net_migration,280.635,0.0036083912082567338,UN DESA
03_CDA,Canada,2097.0,High,net_migration,298.059,0.06208776524667292,UN DESA
03_CDA,Canada,2098.0,High,net_migration,291.222,-0.02293841152255105,UN DESA
03_CDA,Canada,2099.0,High,net_migration,282.458,-0.030093880270034346,UN DESA
03_CDA,Canada,2100.0,High,net_migration,281.666,-0.002803956694446663,UN DESA
04_CHL,Chile,1950.0,Estimates,net_migration,-25.357,,UN DESA
04_CHL,Chile,1951.0,Estimates,net_migration,-25.007,-0.013802894664195153,UN DESA
04_CHL,Chile,1952.0,Estimates,net_migration,-24.807,-0.007997760627024508,UN DESA
04_CHL,Chile,1953.0,Estimates,net_migration,-24.792,-0.0006046680372474578,UN DESA
04_CHL,Chile,1954.0,Estimates,net_migration,-24.866,0.002984833817360366,UN DESA
04_CHL,Chile,1955.0,Estimates,net_migration,-25.012,0.005871471085015623,UN DESA
04_CHL,Chile,1956.0,Estimates,net_migration,-25.22,0.008316008316008316,UN DESA
04_CHL,Chile,1957.0,Estimates,net_migration,-25.537,0.01256938937351304,UN DESA
04_CHL,Chile,1958.0,Estimates,net_migration,-25.986,0.017582331518972483,UN DESA
04_CHL,Chile,1959.0,Estimates,net_migration,-26.531,0.020972831524667113,UN DESA
04_CHL,Chile,1960.0,Estimates,net_migration,-27.184,0.02461271719874869,UN DESA
04_CHL,Chile,1961.0,Estimates,net_migration,-27.159,-0.0009196586227193659,UN DESA
04_CHL,Chile,1962.0,Estimates,net_migration,-28.023,0.031812658787142345,UN DESA
04_CHL,Chile,1963.0,Estimates,net_migration,-29.082,0.037790386468258275,UN DESA
04_CHL,Chile,1964.0,Estimates,net_migration,-31.261,0.07492607110927718,UN DESA
04_CHL,Chile,1965.0,Estimates,net_migration,-33.988,0.08723329388055401,UN DESA
04_CHL,Chile,1966.0,Estimates,net_migration,-36.446,0.07231964222666809,UN DESA
04_CHL,Chile,1967.0,Estimates,net_migration,-38.159,0.04700104263842397,UN DESA
04_CHL,Chile,1968.0,Estimates,net_migration,-38.224,0.0017033989360306645,UN DESA
04_CHL,Chile,1969.0,Estimates,net_migration,-36.976,-0.032649644202595196,UN DESA
04_CHL,Chile,1970.0,Estimates,net_migration,-36.079,-0.024258978797057518,UN DESA
04_CHL,Chile,1971.0,Estimates,net_migration,-34.147,-0.053549156018736666,UN DESA
04_CHL,Chile,1972.0,Estimates,net_migration,-32.584,-0.04577268866957551,UN DESA
04_CHL,Chile,1973.0,Estimates,net_migration,-31.878,-0.021667075865455576,UN DESA
04_CHL,Chile,1974.0,Estimates,net_migration,-31.211,-0.02092352092352101,UN DESA
04_CHL,Chile,1975.0,Estimates,net_migration,-30.524,-0.022011470314952986,UN DESA
04_CHL,Chile,1976.0,Estimates,net_migration,-29.967,-0.018247936050321156,UN DESA
04_CHL,Chile,1977.0,Estimates,net_migration,-29.651,-0.01054493275936863,UN DESA
04_CHL,Chile,1978.0,Estimates,net_migration,-29.644,-0.00023607972749661865,UN DESA
04_CHL,Chile,1979.0,Estimates,net_migration,-29.873,0.0077250033733640144,UN DESA
04_CHL,Chile,1980.0,Estimates,net_migration,-28.06,-0.0606902554145885,UN DESA
04_CHL,Chile,1981.0,Estimates,net_migration,-28.096,0.0012829650748396038,UN DESA
04_CHL,Chile,1982.0,Estimates,net_migration,-26.646,-0.05160876993166286,UN DESA
04_CHL,Chile,1983.0,Estimates,net_migration,-23.386,-0.12234481723335588,UN DESA
04_CHL,Chile,1984.0,Estimates,net_migration,-21.188,-0.0939878559822116,UN DESA
04_CHL,Chile,1985.0,Estimates,net_migration,-18.047,-0.1482442892203133,UN DESA
04_CHL,Chile,1986.0,Estimates,net_migration,-17.148,-0.04981437358009644,UN DESA
04_CHL,Chile,1987.0,Estimates,net_migration,-11.958,-0.3026592022393282,UN DESA
04_CHL,Chile,1988.0,Estimates,net_migration,-9.131,-0.2364107710319452,UN DESA
04_CHL,Chile,1989.0,Estimates,net_migration,-6.186,-0.32252765305004927,UN DESA
04_CHL,Chile,1990.0,Estimates,net_migration,-1.274,-0.7940510830908503,UN DESA
04_CHL,Chile,1991.0,Estimates,net_migration,-2.207,0.7323390894819464,UN DESA
04_CHL,Chile,1992.0,Estimates,net_migration,0,-1.0,UN DESA
04_CHL,Chile,1993.0,Estimates,net_migration,1.164,,UN DESA
04_CHL,Chile,1994.0,Estimates,net_migration,1.93,0.6580756013745706,UN DESA
04_CHL,Chile,1995.0,Estimates,net_migration,2.454,0.2715025906735753,UN DESA
04_CHL,Chile,1996.0,Estimates,net_migration,2.942,0.1988590057049715,UN DESA
04_CHL,Chile,1997.0,Estimates,net_migration,3.504,0.1910265125764785,UN DESA
04_CHL,Chile,1998.0,Estimates,net_migration,10.984,2.134703196347032,UN DESA
04_CHL,Chile,1999.0,Estimates,net_migration,8.226,-0.2510924981791697,UN DESA
04_CHL,Chile,2000.0,Estimates,net_migration,7.067,-0.1408947240457088,UN DESA
04_CHL,Chile,2001.0,Estimates,net_migration,6.346,-0.1020234894580444,UN DESA
04_CHL,Chile,2002.0,Estimates,net_migration,7.824,0.23290261582098948,UN DESA
04_CHL,Chile,2003.0,Estimates,net_migration,9.225,0.1790644171779141,UN DESA
04_CHL,Chile,2004.0,Estimates,net_migration,11.495,0.24607046070460692,UN DESA
04_CHL,Chile,2005.0,Estimates,net_migration,14.289,0.24306220095693787,UN DESA
04_CHL,Chile,2006.0,Estimates,net_migration,17.285,0.20967177549163707,UN DESA
04_CHL,Chile,2007.0,Estimates,net_migration,20.17,0.16690772345964722,UN DESA
04_CHL,Chile,2008.0,Estimates,net_migration,22.488,0.11492315319781832,UN DESA
04_CHL,Chile,2009.0,Estimates,net_migration,24.324,0.08164354322305245,UN DESA
04_CHL,Chile,2010.0,Estimates,net_migration,26.048,0.07087650057556316,UN DESA
04_CHL,Chile,2011.0,Estimates,net_migration,28.086,0.07824017199017197,UN DESA
04_CHL,Chile,2012.0,Estimates,net_migration,30.87,0.09912411877803895,UN DESA
04_CHL,Chile,2013.0,Estimates,net_migration,36.529,0.183317136378361,UN DESA
04_CHL,Chile,2014.0,Estimates,net_migration,52.702,0.44274412110925554,UN DESA
04_CHL,Chile,2015.0,Estimates,net_migration,55.689,0.056677165951956265,UN DESA
04_CHL,Chile,2016.0,Estimates,net_migration,135.864,1.4396918601519153,UN DESA
04_CHL,Chile,2017.0,Estimates,net_migration,220.621,0.6238370723664841,UN DESA
04_CHL,Chile,2018.0,Estimates,net_migration,237.807,0.07789829617307498,UN DESA
04_CHL,Chile,2019.0,Estimates,net_migration,181.339,-0.2374530606752534,UN DESA
04_CHL,Chile,2020.0,Estimates,net_migration,26.042,-0.8563905172081019,UN DESA
04_CHL,Chile,2021.0,Estimates,net_migration,65.48,1.5143998156823595,UN DESA
04_CHL,Chile,2022.0,Estimates,net_migration,59.374,-0.09324984728161267,UN DESA
04_CHL,Chile,2023.0,Estimates,net_migration,62.679,0.055664095395290936,UN DESA
04_CHL,Chile,2024.0,High,net_migration,58.316,-0.0696086408525981,UN DESA
04_CHL,Chile,2025.0,High,net_migration,51.712,-0.11324507853762256,UN DESA
04_CHL,Chile,2026.0,High,net_migration,48.106,-0.06973236386138615,UN DESA
04_CHL,Chile,2027.0,High,net_migration,47.515,-0.012285369808339941,UN DESA
04_CHL,Chile,2028.0,High,net_migration,43.622,-0.08193202146690515,UN DESA
04_CHL,Chile,2029.0,High,net_migration,41.722,-0.04355600385126768,UN DESA
04_CHL,Chile,2030.0,High,net_migration,39.785,-0.04642634581276073,UN DESA
04_CHL,Chile,2031.0,High,net_migration,36.944,-0.07140882242051005,UN DESA
04_CHL,Chile,2032.0,High,net_migration,32.809,-0.11192615851017773,UN DESA
04_CHL,Chile,2033.0,High,net_migration,29.663,-0.09588832332591657,UN DESA
04_CHL,Chile,2034.0,High,net_migration,29.637,-0.0008765128274280665,UN DESA
04_CHL,Chile,2035.0,High,net_migration,29.821,0.006208455646657951,UN DESA
04_CHL,Chile,2036.0,High,net_migration,29.675,-0.004895878743167548,UN DESA
04_CHL,Chile,2037.0,High,net_migration,26.338,-0.11245155855096878,UN DESA
04_CHL,Chile,2038.0,High,net_migration,26.289,-0.0018604297972510953,UN DESA
04_CHL,Chile,2039.0,High,net_migration,24.554,-0.06599718513446695,UN DESA
04_CHL,Chile,2040.0,High,net_migration,25.475,0.03750916347641953,UN DESA
04_CHL,Chile,2041.0,High,net_migration,23.422,-0.08058881256133466,UN DESA
04_CHL,Chile,2042.0,High,net_migration,25.558,0.09119631116044746,UN DESA
04_CHL,Chile,2043.0,High,net_migration,25.225,-0.01302918851240309,UN DESA
04_CHL,Chile,2044.0,High,net_migration,21.83,-0.1345887016848366,UN DESA
04_CHL,Chile,2045.0,High,net_migration,19.417,-0.11053595968850194,UN DESA
04_CHL,Chile,2046.0,High,net_migration,20.473,0.054385332440644696,UN DESA
04_CHL,Chile,2047.0,High,net_migration,21.105,0.030869926244321944,UN DESA
04_CHL,Chile,2048.0,High,net_migration,17.837,-0.15484482350153994,UN DESA
04_CHL,Chile,2049.0,High,net_migration,17.081,-0.042383808936480416,UN DESA
04_CHL,Chile,2050.0,High,net_migration,18.695,0.09449095486212755,UN DESA
04_CHL,Chile,2051.0,High,net_migration,16.829,-0.09981278416688955,UN DESA
04_CHL,Chile,2052.0,High,net_migration,15.189,-0.09745082892625823,UN DESA
04_CHL,Chile,2053.0,High,net_migration,12.48,-0.17835275528342875,UN DESA
04_CHL,Chile,2054.0,High,net_migration,13.231,0.060176282051282115,UN DESA
04_CHL,Chile,2055.0,High,net_migration,11.552,-0.12689894943692848,UN DESA
04_CHL,Chile,2056.0,High,net_migration,11.815,0.022766620498614998,UN DESA
04_CHL,Chile,2057.0,High,net_migration,10.995,-0.06940330088870084,UN DESA
04_CHL,Chile,2058.0,High,net_migration,13.242,0.20436562073669862,UN DESA
04_CHL,Chile,2059.0,High,net_migration,10.21,-0.22896843377133358,UN DESA
04_CHL,Chile,2060.0,High,net_migration,11.489,0.12526934378060717,UN DESA
04_CHL,Chile,2061.0,High,net_migration,9.989,-0.13055966576725564,UN DESA
04_CHL,Chile,2062.0,High,net_migration,9.394,-0.059565522074281785,UN DESA
04_CHL,Chile,2063.0,High,net_migration,5.699,-0.3933361720246966,UN DESA
04_CHL,Chile,2064.0,High,net_migration,3.959,-0.3053167222319705,UN DESA
04_CHL,Chile,2065.0,High,net_migration,5.03,0.2705228593079061,UN DESA
04_CHL,Chile,2066.0,High,net_migration,2.843,-0.43479125248508954,UN DESA
04_CHL,Chile,2067.0,High,net_migration,4.046,0.4231445655997188,UN DESA
04_CHL,Chile,2068.0,High,net_migration,4.556,0.12605042016806722,UN DESA
04_CHL,Chile,2069.0,High,net_migration,6.313,0.38564530289727816,UN DESA
04_CHL,Chile,2070.0,High,net_migration,6.244,-0.010929827340408704,UN DESA
04_CHL,Chile,2071.0,High,net_migration,5.641,-0.0965727098014093,UN DESA
04_CHL,Chile,2072.0,High,net_migration,7.692,0.36358801630916515,UN DESA
04_CHL,Chile,2073.0,High,net_migration,8.08,0.05044201768070722,UN DESA
04_CHL,Chile,2074.0,High,net_migration,6.729,-0.16720297029702968,UN DESA
04_CHL,Chile,2075.0,High,net_migration,5.79,-0.13954525189478373,UN DESA
04_CHL,Chile,2076.0,High,net_migration,6.223,0.0747841105354059,UN DESA
04_CHL,Chile,2077.0,High,net_migration,5.834,-0.06251004338743371,UN DESA
04_CHL,Chile,2078.0,High,net_migration,5.807,-0.004628042509427388,UN DESA
04_CHL,Chile,2079.0,High,net_migration,5.878,0.01222662304115718,UN DESA
04_CHL,Chile,2080.0,High,net_migration,5.397,-0.08183055461041167,UN DESA
04_CHL,Chile,2081.0,High,net_migration,5.913,0.09560867148415797,UN DESA
04_CHL,Chile,2082.0,High,net_migration,8.429,0.4255031286994757,UN DESA
04_CHL,Chile,2083.0,High,net_migration,5.942,-0.2950527939257326,UN DESA
04_CHL,Chile,2084.0,High,net_migration,5.671,-0.04560753954897334,UN DESA
04_CHL,Chile,2085.0,High,net_migration,3.517,-0.37982719097161,UN DESA
04_CHL,Chile,2086.0,High,net_migration,3.858,0.09695763434745519,UN DESA
04_CHL,Chile,2087.0,High,net_migration,2.369,-0.3859512700881286,UN DESA
04_CHL,Chile,2088.0,High,net_migration,0.534,-0.7745884339383706,UN DESA
04_CHL,Chile,2089.0,High,net_migration,0.727,0.36142322097378266,UN DESA
04_CHL,Chile,2090.0,High,net_migration,1.528,1.1017881705639616,UN DESA
04_CHL,Chile,2091.0,High,net_migration,2.054,0.34424083769633484,UN DESA
04_CHL,Chile,2092.0,High,net_migration,3.861,0.8797468354430382,UN DESA
04_CHL,Chile,2093.0,High,net_migration,2.497,-0.3532763532763533,UN DESA
04_CHL,Chile,2094.0,High,net_migration,3.083,0.23468161794152986,UN DESA
04_CHL,Chile,2095.0,High,net_migration,2.476,-0.1968861498540383,UN DESA
04_CHL,Chile,2096.0,High,net_migration,3.031,0.22415185783521818,UN DESA
04_CHL,Chile,2097.0,High,net_migration,3.744,0.23523589574397885,UN DESA
04_CHL,Chile,2098.0,High,net_migration,2.355,-0.37099358974358976,UN DESA
04_CHL,Chile,2099.0,High,net_migration,2.167,-0.07983014861995763,UN DESA
04_CHL,Chile,2100.0,High,net_migration,1.814,-0.16289801568989382,UN DESA
05_PRC,China,1950.0,Estimates,net_migration,-20.646,,UN DESA
05_PRC,China,1951.0,Estimates,net_migration,-14.036,-0.3201588685459653,UN DESA
05_PRC,China,1952.0,Estimates,net_migration,-9.17,-0.3466799658022228,UN DESA
05_PRC,China,1953.0,Estimates,net_migration,-5.792,-0.3683751363140676,UN DESA
05_PRC,China,1954.0,Estimates,net_migration,-3.632,-0.3729281767955801,UN DESA
05_PRC,China,1955.0,Estimates,net_migration,-2.402,-0.33865638766519823,UN DESA
05_PRC,China,1956.0,Estimates,net_migration,-1.85,-0.22980849292256456,UN DESA
05_PRC,China,1957.0,Estimates,net_migration,-1.699,-0.08162162162162168,UN DESA
05_PRC,China,1958.0,Estimates,net_migration,-2.545,0.4979399646851088,UN DESA
05_PRC,China,1959.0,Estimates,net_migration,-8.276,2.251866404715128,UN DESA
05_PRC,China,1960.0,Estimates,net_migration,-16.927,1.0453117448042533,UN DESA
05_PRC,China,1961.0,Estimates,net_migration,-25.578,0.5110769776097359,UN DESA
05_PRC,China,1962.0,Estimates,net_migration,-31.305,0.22390335444522647,UN DESA
05_PRC,China,1963.0,Estimates,net_migration,-31.383,0.0024916147580258396,UN DESA
05_PRC,China,1964.0,Estimates,net_migration,-1250.441,38.84453366472294,UN DESA
05_PRC,China,1965.0,Estimates,net_migration,-130.9,-0.8953169321863247,UN DESA
05_PRC,China,1966.0,Estimates,net_migration,4.165,-1.0318181818181817,UN DESA
05_PRC,China,1967.0,Estimates,net_migration,1246.654,298.3166866746699,UN DESA
05_PRC,China,1968.0,Estimates,net_migration,-37.29,-1.0299120686252963,UN DESA
05_PRC,China,1969.0,Estimates,net_migration,-72.836,0.9532314293376241,UN DESA
05_PRC,China,1970.0,Estimates,net_migration,-126.51,0.7369158108627603,UN DESA
05_PRC,China,1971.0,Estimates,net_migration,-180.153,0.42402181645719694,UN DESA
05_PRC,China,1972.0,Estimates,net_migration,-215.65,0.1970380731933412,UN DESA
05_PRC,China,1973.0,Estimates,net_migration,-214.997,-0.0030280547182934825,UN DESA
05_PRC,China,1974.0,Estimates,net_migration,-175.239,-0.18492351056061251,UN DESA
05_PRC,China,1975.0,Estimates,net_migration,-115.173,-0.34276616506599555,UN DESA
05_PRC,China,1976.0,Estimates,net_migration,-55.109,-0.5215111180571835,UN DESA
05_PRC,China,1977.0,Estimates,net_migration,-15.323,-0.7219510424794497,UN DESA
05_PRC,China,1978.0,Estimates,net_migration,-9.916,-0.3528682372903479,UN DESA
05_PRC,China,1979.0,Estimates,net_migration,-13.704,0.38200887454618804,UN DESA
05_PRC,China,1980.0,Estimates,net_migration,-20.129,0.46884121424401637,UN DESA
05_PRC,China,1981.0,Estimates,net_migration,-28.016,0.39182274330567823,UN DESA
05_PRC,China,1982.0,Estimates,net_migration,-36.181,0.2914406053683609,UN DESA
05_PRC,China,1983.0,Estimates,net_migration,-43.756,0.20936403084491872,UN DESA
05_PRC,China,1984.0,Estimates,net_migration,-51.961,0.18751714050644486,UN DESA
05_PRC,China,1985.0,Estimates,net_migration,-60.929,0.17259098169781195,UN DESA
05_PRC,China,1986.0,Estimates,net_migration,-79.19,0.2997094979402255,UN DESA
05_PRC,China,1987.0,Estimates,net_migration,-169.17,1.1362545775981814,UN DESA
05_PRC,China,1988.0,Estimates,net_migration,-282.194,0.6681090027782706,UN DESA
05_PRC,China,1989.0,Estimates,net_migration,-313.476,0.11085281756522103,UN DESA
05_PRC,China,1990.0,Estimates,net_migration,-11.187,-0.9643130574589442,UN DESA
05_PRC,China,1991.0,Estimates,net_migration,-544.65,47.68597479216948,UN DESA
05_PRC,China,1992.0,Estimates,net_migration,-142.985,-0.7374736069035159,UN DESA
05_PRC,China,1993.0,Estimates,net_migration,-373.316,1.6108752666363602,UN DESA
05_PRC,China,1994.0,Estimates,net_migration,-723.641,0.9384141049405865,UN DESA
05_PRC,China,1995.0,Estimates,net_migration,-365.986,-0.4942436926597581,UN DESA
05_PRC,China,1996.0,Estimates,net_migration,-250.75,-0.31486450301377644,UN DESA
05_PRC,China,1997.0,Estimates,net_migration,-279.251,0.11366301096709863,UN DESA
05_PRC,China,1998.0,Estimates,net_migration,-40.472,-0.8550694536456449,UN DESA
05_PRC,China,1999.0,Estimates,net_migration,-96.102,1.3745305396323384,UN DESA
05_PRC,China,2000.0,Estimates,net_migration,-62.622,-0.348379846413186,UN DESA
05_PRC,China,2001.0,Estimates,net_migration,-176.419,1.8172048161987804,UN DESA
05_PRC,China,2002.0,Estimates,net_migration,-761.291,3.3152438229442405,UN DESA
05_PRC,China,2003.0,Estimates,net_migration,-613.223,-0.19449592862650433,UN DESA
05_PRC,China,2004.0,Estimates,net_migration,-770.977,0.2572538864328311,UN DESA
05_PRC,China,2005.0,Estimates,net_migration,-103.701,-0.8654940419753119,UN DESA
05_PRC,China,2006.0,Estimates,net_migration,-759.559,6.324509889007821,UN DESA
05_PRC,China,2007.0,Estimates,net_migration,-1042.019,0.3718736793323494,UN DESA
05_PRC,China,2008.0,Estimates,net_migration,-764.37,-0.26645291496604184,UN DESA
05_PRC,China,2009.0,Estimates,net_migration,-177.135,-0.7682601357981083,UN DESA
05_PRC,China,2010.0,Estimates,net_migration,-184.144,0.03956869054675827,UN DESA
05_PRC,China,2011.0,Estimates,net_migration,-416.189,1.2601279433486838,UN DESA
05_PRC,China,2012.0,Estimates,net_migration,-58.864,-0.8585642580654462,UN DESA
05_PRC,China,2013.0,Estimates,net_migration,-188.951,2.2099585485186193,UN DESA
05_PRC,China,2014.0,Estimates,net_migration,-371.108,0.9640435880201745,UN DESA
05_PRC,China,2015.0,Estimates,net_migration,-646.941,0.7432688058462766,UN DESA
05_PRC,China,2016.0,Estimates,net_migration,-153.056,-0.7634158292641833,UN DESA
05_PRC,China,2017.0,Estimates,net_migration,-94.625,-0.3817622308174786,UN DESA
05_PRC,China,2018.0,Estimates,net_migration,-198.206,1.0946472919418757,UN DESA
05_PRC,China,2019.0,Estimates,net_migration,-656.091,2.310147018758262,UN DESA
05_PRC,China,2020.0,Estimates,net_migration,-91.577,-0.8604202770652242,UN DESA
05_PRC,China,2021.0,Estimates,net_migration,-379.749,3.1467726612577396,UN DESA
05_PRC,China,2022.0,Estimates,net_migration,-293.846,-0.22620994393665295,UN DESA
05_PRC,China,2023.0,Estimates,net_migration,-567.724,0.9320460377204387,UN DESA
05_PRC,China,2024.0,High,net_migration,-318.992,-0.43812134065144337,UN DESA
05_PRC,China,2025.0,High,net_migration,-268.126,-0.15945854441490703,UN DESA
05_PRC,China,2026.0,High,net_migration,-232.107,-0.1343360957161931,UN DESA
05_PRC,China,2027.0,High,net_migration,-213.469,-0.08029917236446982,UN DESA
05_PRC,China,2028.0,High,net_migration,-232.722,0.09019108160903921,UN DESA
05_PRC,China,2029.0,High,net_migration,-218.245,-0.062207268758432854,UN DESA
05_PRC,China,2030.0,High,net_migration,-199.192,-0.08730096909436635,UN DESA
05_PRC,China,2031.0,High,net_migration,-222.918,0.11911120928551355,UN DESA
05_PRC,China,2032.0,High,net_migration,-228.02,0.02288733973927637,UN DESA
05_PRC,China,2033.0,High,net_migration,-232.173,0.018213314621524423,UN DESA
05_PRC,China,2034.0,High,net_migration,-215.494,-0.07183867202474015,UN DESA
05_PRC,China,2035.0,High,net_migration,-213.426,-0.00959655489247968,UN DESA
05_PRC,China,2036.0,High,net_migration,-218.48,0.023680338852810845,UN DESA
05_PRC,China,2037.0,High,net_migration,-223.836,0.024514829732698695,UN DESA
05_PRC,China,2038.0,High,net_migration,-186.665,-0.16606354652513455,UN DESA
05_PRC,China,2039.0,High,net_migration,-214.488,0.14905311654568343,UN DESA
05_PRC,China,2040.0,High,net_migration,-206.247,-0.038421729886986666,UN DESA
05_PRC,China,2041.0,High,net_migration,-216.496,0.04969284401712515,UN DESA
05_PRC,China,2042.0,High,net_migration,-208.443,-0.037196992092232595,UN DESA
05_PRC,China,2043.0,High,net_migration,-187.322,-0.1013274612244115,UN DESA
05_PRC,China,2044.0,High,net_migration,-160.266,-0.14443578437129656,UN DESA
05_PRC,China,2045.0,High,net_migration,-191.6,0.19551246053436167,UN DESA
05_PRC,China,2046.0,High,net_migration,-219.507,0.14565240083507303,UN DESA
05_PRC,China,2047.0,High,net_migration,-183.361,-0.16466900827764042,UN DESA
05_PRC,China,2048.0,High,net_migration,-189.302,0.0324005650056447,UN DESA
05_PRC,China,2049.0,High,net_migration,-201.101,0.062328976978584416,UN DESA
05_PRC,China,2050.0,High,net_migration,-171.498,-0.1472046384652489,UN DESA
05_PRC,China,2051.0,High,net_migration,-187.534,0.093505463620567,UN DESA
05_PRC,China,2052.0,High,net_migration,-211.489,0.12773683705354766,UN DESA
05_PRC,China,2053.0,High,net_migration,-178.099,-0.15788055170718107,UN DESA
05_PRC,China,2054.0,High,net_migration,-163.039,-0.08455971117187633,UN DESA
05_PRC,China,2055.0,High,net_migration,-172.074,0.0554161887646516,UN DESA
05_PRC,China,2056.0,High,net_migration,-181.019,0.05198344898125229,UN DESA
05_PRC,China,2057.0,High,net_migration,-154.354,-0.14730497903534978,UN DESA
05_PRC,China,2058.0,High,net_migration,-172.447,0.11721756481853385,UN DESA
05_PRC,China,2059.0,High,net_migration,-167.13,-0.03083266162937026,UN DESA
05_PRC,China,2060.0,High,net_migration,-173.618,0.038820080177107696,UN DESA
05_PRC,China,2061.0,High,net_migration,-149.719,-0.13765277793777142,UN DESA
05_PRC,China,2062.0,High,net_migration,-158.397,0.05796191532136863,UN DESA
05_PRC,China,2063.0,High,net_migration,-143.787,-0.09223659539006412,UN DESA
05_PRC,China,2064.0,High,net_migration,-165.499,0.1510011336212591,UN DESA
05_PRC,China,2065.0,High,net_migration,-134.393,-0.18795279729786885,UN DESA
05_PRC,China,2066.0,High,net_migration,-144.869,0.07795048849270425,UN DESA
05_PRC,China,2067.0,High,net_migration,-154.975,0.06975957589270299,UN DESA
05_PRC,China,2068.0,High,net_migration,-133.281,-0.1399838683658654,UN DESA
05_PRC,China,2069.0,High,net_migration,-137.049,0.028271096405339202,UN DESA
05_PRC,China,2070.0,High,net_migration,-121.007,-0.11705302483053504,UN DESA
05_PRC,China,2071.0,High,net_migration,-124.347,0.02760170899204173,UN DESA
05_PRC,China,2072.0,High,net_migration,-138.351,0.11262032859658855,UN DESA
05_PRC,China,2073.0,High,net_migration,-138.292,-0.00042645156160781017,UN DESA
05_PRC,China,2074.0,High,net_migration,-117.158,-0.1528215659618778,UN DESA
05_PRC,China,2075.0,High,net_migration,-128.071,0.09314771505146902,UN DESA
05_PRC,China,2076.0,High,net_migration,-113.565,-0.1132652981549297,UN DESA
05_PRC,China,2077.0,High,net_migration,-105.144,-0.07415136705851266,UN DESA
05_PRC,China,2078.0,High,net_migration,-104.759,-0.0036616449821198493,UN DESA
05_PRC,China,2079.0,High,net_migration,-115.946,0.10678796093891685,UN DESA
05_PRC,China,2080.0,High,net_migration,-117.49,0.013316543908371115,UN DESA
05_PRC,China,2081.0,High,net_migration,-110.374,-0.060566856753766274,UN DESA
05_PRC,China,2082.0,High,net_migration,-87.561,-0.20668816931523715,UN DESA
05_PRC,China,2083.0,High,net_migration,-86.182,-0.015749020682724102,UN DESA
05_PRC,China,2084.0,High,net_migration,-114.975,0.3340952867188043,UN DESA
05_PRC,China,2085.0,High,net_migration,-102.282,-0.11039791258969345,UN DESA
05_PRC,China,2086.0,High,net_migration,-91.506,-0.10535578107584909,UN DESA
05_PRC,China,2087.0,High,net_migration,-100.761,0.10114090879286608,UN DESA
05_PRC,China,2088.0,High,net_migration,-103.456,0.026746459443633963,UN DESA
05_PRC,China,2089.0,High,net_migration,-99.593,-0.037339545313949896,UN DESA
05_PRC,China,2090.0,High,net_migration,-86.894,-0.1275089614731959,UN DESA
05_PRC,China,2091.0,High,net_migration,-90.443,0.04084286602066878,UN DESA
05_PRC,China,2092.0,High,net_migration,-94.178,0.041296728326128074,UN DESA
05_PRC,China,2093.0,High,net_migration,-94.988,0.00860073477882306,UN DESA
05_PRC,China,2094.0,High,net_migration,-91.88,-0.032719922516528444,UN DESA
05_PRC,China,2095.0,High,net_migration,-84.126,-0.08439268611232031,UN DESA
05_PRC,China,2096.0,High,net_migration,-98.386,0.1695076432969591,UN DESA
05_PRC,China,2097.0,High,net_migration,-96.069,-0.02355009859126289,UN DESA
05_PRC,China,2098.0,High,net_migration,-86.315,-0.10153119112304698,UN DESA
05_PRC,China,2099.0,High,net_migration,-84.72,-0.018478827550251986,UN DESA
05_PRC,China,2100.0,High,net_migration,-77.792,-0.08177525967894239,UN DESA
06_HKC,"Hong Kong, China",1950.0,Estimates,net_migration,31.23,,UN DESA
06_HKC,"Hong Kong, China",1951.0,Estimates,net_migration,30.872,-0.011463336535382673,UN DESA
06_HKC,"Hong Kong, China",1952.0,Estimates,net_migration,31.668,0.025783881834672284,UN DESA
06_HKC,"Hong Kong, China",1953.0,Estimates,net_migration,32.869,0.0379247189592018,UN DESA
06_HKC,"Hong Kong, China",1954.0,Estimates,net_migration,34.937,0.06291642581155488,UN DESA
06_HKC,"Hong Kong, China",1955.0,Estimates,net_migration,36.618,0.04811517875032223,UN DESA
06_HKC,"Hong Kong, China",1956.0,Estimates,net_migration,40.661,0.1104101807854061,UN DESA
06_HKC,"Hong Kong, China",1957.0,Estimates,net_migration,43.101,0.06000836182090952,UN DESA
06_HKC,"Hong Kong, China",1958.0,Estimates,net_migration,44.139,0.02408296791257758,UN DESA
06_HKC,"Hong Kong, China",1959.0,Estimates,net_migration,37.729,-0.1452230453793698,UN DESA
06_HKC,"Hong Kong, China",1960.0,Estimates,net_migration,20.811,-0.4484083861220811,UN DESA
06_HKC,"Hong Kong, China",1961.0,Estimates,net_migration,-244.018,-12.725433664888762,UN DESA
06_HKC,"Hong Kong, China",1962.0,Estimates,net_migration,-307.666,0.2608332172216803,UN DESA
06_HKC,"Hong Kong, China",1963.0,Estimates,net_migration,-294.927,-0.04140529015230798,UN DESA
06_HKC,"Hong Kong, China",1964.0,Estimates,net_migration,1120.002,-4.797556683518295,UN DESA
06_HKC,"Hong Kong, China",1965.0,Estimates,net_migration,131.205,-0.8828528877627004,UN DESA
06_HKC,"Hong Kong, China",1966.0,Estimates,net_migration,-74.393,-1.5669982089097214,UN DESA
06_HKC,"Hong Kong, China",1967.0,Estimates,net_migration,-1248.193,15.778366244135874,UN DESA
06_HKC,"Hong Kong, China",1968.0,Estimates,net_migration,286.736,-1.2297208845106486,UN DESA
06_HKC,"Hong Kong, China",1969.0,Estimates,net_migration,300.811,0.04908696501311316,UN DESA
06_HKC,"Hong Kong, China",1970.0,Estimates,net_migration,302.462,0.0054884960988794695,UN DESA
06_HKC,"Hong Kong, China",1971.0,Estimates,net_migration,94.098,-0.6888931502139112,UN DESA
06_HKC,"Hong Kong, China",1972.0,Estimates,net_migration,47.078,-0.4996918106654764,UN DESA
06_HKC,"Hong Kong, China",1973.0,Estimates,net_migration,46.428,-0.013806873698967825,UN DESA
06_HKC,"Hong Kong, China",1974.0,Estimates,net_migration,46.801,0.008033945033169676,UN DESA
06_HKC,"Hong Kong, China",1975.0,Estimates,net_migration,49.994,0.06822503792653989,UN DESA
06_HKC,"Hong Kong, China",1976.0,Estimates,net_migration,50.619,0.012501500180021496,UN DESA
06_HKC,"Hong Kong, China",1977.0,Estimates,net_migration,47.944,-0.05284576937513574,UN DESA
06_HKC,"Hong Kong, China",1978.0,Estimates,net_migration,45.843,-0.04382195895211083,UN DESA
06_HKC,"Hong Kong, China",1979.0,Estimates,net_migration,46.903,0.023122396003751877,UN DESA
06_HKC,"Hong Kong, China",1980.0,Estimates,net_migration,45.107,-0.038291793701895394,UN DESA
06_HKC,"Hong Kong, China",1981.0,Estimates,net_migration,31.745,-0.2962289666792294,UN DESA
06_HKC,"Hong Kong, China",1982.0,Estimates,net_migration,26.361,-0.16960151204914165,UN DESA
06_HKC,"Hong Kong, China",1983.0,Estimates,net_migration,25.475,-0.03361025757748182,UN DESA
06_HKC,"Hong Kong, China",1984.0,Estimates,net_migration,25.516,0.0016094210009811594,UN DESA
06_HKC,"Hong Kong, China",1985.0,Estimates,net_migration,24.606,-0.03566389716256457,UN DESA
06_HKC,"Hong Kong, China",1986.0,Estimates,net_migration,-6.867,-1.279078273591807,UN DESA
06_HKC,"Hong Kong, China",1987.0,Estimates,net_migration,-16.39,1.3867773409057813,UN DESA
06_HKC,"Hong Kong, China",1988.0,Estimates,net_migration,-21.649,0.32086638194020756,UN DESA
06_HKC,"Hong Kong, China",1989.0,Estimates,net_migration,-20.79,-0.039678507090396886,UN DESA
06_HKC,"Hong Kong, China",1990.0,Estimates,net_migration,-26.077,0.2543049543049545,UN DESA
06_HKC,"Hong Kong, China",1991.0,Estimates,net_migration,75.664,-3.901560762357633,UN DESA
06_HKC,"Hong Kong, China",1992.0,Estimates,net_migration,98.211,0.2979884753647706,UN DESA
06_HKC,"Hong Kong, China",1993.0,Estimates,net_migration,95.581,-0.026779077700053944,UN DESA
06_HKC,"Hong Kong, China",1994.0,Estimates,net_migration,91.059,-0.04731065797595757,UN DESA
06_HKC,"Hong Kong, China",1995.0,Estimates,net_migration,88.352,-0.029727978563348967,UN DESA
06_HKC,"Hong Kong, China",1996.0,Estimates,net_migration,81.906,-0.07295816733067728,UN DESA
06_HKC,"Hong Kong, China",1997.0,Estimates,net_migration,77.293,-0.056320660269088996,UN DESA
06_HKC,"Hong Kong, China",1998.0,Estimates,net_migration,73.563,-0.048257927626046415,UN DESA
06_HKC,"Hong Kong, China",1999.0,Estimates,net_migration,65.939,-0.1036390576784526,UN DESA
06_HKC,"Hong Kong, China",2000.0,Estimates,net_migration,58.755,-0.10894918030300715,UN DESA
06_HKC,"Hong Kong, China",2001.0,Estimates,net_migration,31.359,-0.4662752106203727,UN DESA
06_HKC,"Hong Kong, China",2002.0,Estimates,net_migration,20.893,-0.3337478873688574,UN DESA
06_HKC,"Hong Kong, China",2003.0,Estimates,net_migration,17.753,-0.15028957066960225,UN DESA
06_HKC,"Hong Kong, China",2004.0,Estimates,net_migration,8.169,-0.5398524193094125,UN DESA
06_HKC,"Hong Kong, China",2005.0,Estimates,net_migration,-1.488,-1.1821520381931694,UN DESA
06_HKC,"Hong Kong, China",2006.0,Estimates,net_migration,10.045,-7.750672043010753,UN DESA
06_HKC,"Hong Kong, China",2007.0,Estimates,net_migration,30.54,2.0403185664509706,UN DESA
06_HKC,"Hong Kong, China",2008.0,Estimates,net_migration,25.455,-0.16650294695481338,UN DESA
06_HKC,"Hong Kong, China",2009.0,Estimates,net_migration,19.08,-0.25044195639363587,UN DESA
06_HKC,"Hong Kong, China",2010.0,Estimates,net_migration,8.307,-0.564622641509434,UN DESA
06_HKC,"Hong Kong, China",2011.0,Estimates,net_migration,21.655,1.606837606837607,UN DESA
06_HKC,"Hong Kong, China",2012.0,Estimates,net_migration,35.557,0.6419764488570769,UN DESA
06_HKC,"Hong Kong, China",2013.0,Estimates,net_migration,23.826,-0.3299209719605142,UN DESA
06_HKC,"Hong Kong, China",2014.0,Estimates,net_migration,20.454,-0.14152606396373713,UN DESA
06_HKC,"Hong Kong, China",2015.0,Estimates,net_migration,10.547,-0.48435513835924515,UN DESA
06_HKC,"Hong Kong, China",2016.0,Estimates,net_migration,10.262,-0.027021901962643424,UN DESA
06_HKC,"Hong Kong, China",2017.0,Estimates,net_migration,7.963,-0.2240304034301306,UN DESA
06_HKC,"Hong Kong, China",2018.0,Estimates,net_migration,-1.225,-1.15383649378375,UN DESA
06_HKC,"Hong Kong, China",2019.0,Estimates,net_migration,-7.17,4.853061224489795,UN DESA
06_HKC,"Hong Kong, China",2020.0,Estimates,net_migration,-1.8,-0.7489539748953975,UN DESA
06_HKC,"Hong Kong, China",2021.0,Estimates,net_migration,-3.427,0.903888888888889,UN DESA
06_HKC,"Hong Kong, China",2022.0,Estimates,net_migration,-3.427,0.0,UN DESA
06_HKC,"Hong Kong, China",2023.0,Estimates,net_migration,-3.427,0.0,UN DESA
06_HKC,"Hong Kong, China",2024.0,High,net_migration,-19.272,4.623577473008462,UN DESA
06_HKC,"Hong Kong, China",2025.0,High,net_migration,17.863,-1.9268887505188874,UN DESA
06_HKC,"Hong Kong, China",2026.0,High,net_migration,-12.576,-1.7040250797738343,UN DESA
06_HKC,"Hong Kong, China",2027.0,High,net_migration,9.98,-1.7935750636132317,UN DESA
06_HKC,"Hong Kong, China",2028.0,High,net_migration,-21.044,-3.108617234468938,UN DESA
06_HKC,"Hong Kong, China",2029.0,High,net_migration,-1.21,-0.9425014255844897,UN DESA
06_HKC,"Hong Kong, China",2030.0,High,net_migration,-6.941,4.736363636363636,UN DESA
06_HKC,"Hong Kong, China",2031.0,High,net_migration,-9.685,0.39533208471401826,UN DESA
06_HKC,"Hong Kong, China",2032.0,High,net_migration,1.518,-1.1567372225090347,UN DESA
06_HKC,"Hong Kong, China",2033.0,High,net_migration,0.894,-0.4110671936758893,UN DESA
06_HKC,"Hong Kong, China",2034.0,High,net_migration,11.2,11.527964205816554,UN DESA
06_HKC,"Hong Kong, China",2035.0,High,net_migration,-20.318,-2.814107142857143,UN DESA
06_HKC,"Hong Kong, China",2036.0,High,net_migration,-3.779,-0.8140072841815139,UN DESA
06_HKC,"Hong Kong, China",2037.0,High,net_migration,22.419,-6.932521831172268,UN DESA
06_HKC,"Hong Kong, China",2038.0,High,net_migration,-10.793,-1.481422008118114,UN DESA
06_HKC,"Hong Kong, China",2039.0,High,net_migration,26.583,-3.4629852682294078,UN DESA
06_HKC,"Hong Kong, China",2040.0,High,net_migration,-3.843,-1.1445660760636498,UN DESA
06_HKC,"Hong Kong, China",2041.0,High,net_migration,-3.141,-0.18266978922716626,UN DESA
06_HKC,"Hong Kong, China",2042.0,High,net_migration,-11.475,2.653295128939828,UN DESA
06_HKC,"Hong Kong, China",2043.0,High,net_migration,8.085,-1.704575163398693,UN DESA
06_HKC,"Hong Kong, China",2044.0,High,net_migration,3.836,-0.5255411255411255,UN DESA
06_HKC,"Hong Kong, China",2045.0,High,net_migration,-1.14,-1.29718456725756,UN DESA
06_HKC,"Hong Kong, China",2046.0,High,net_migration,-2.55,1.236842105263158,UN DESA
06_HKC,"Hong Kong, China",2047.0,High,net_migration,-25.756,9.100392156862746,UN DESA
06_HKC,"Hong Kong, China",2048.0,High,net_migration,-1.411,-0.9452166485479112,UN DESA
06_HKC,"Hong Kong, China",2049.0,High,net_migration,-10.606,6.51665485471297,UN DESA
06_HKC,"Hong Kong, China",2050.0,High,net_migration,-2.103,-0.8017160098057703,UN DESA
06_HKC,"Hong Kong, China",2051.0,High,net_migration,-9.991,3.750832144555396,UN DESA
06_HKC,"Hong Kong, China",2052.0,High,net_migration,-4.602,-0.5393854469022119,UN DESA
06_HKC,"Hong Kong, China",2053.0,High,net_migration,-0.388,-0.9156888309430682,UN DESA
06_HKC,"Hong Kong, China",2054.0,High,net_migration,0.327,-1.8427835051546393,UN DESA
06_HKC,"Hong Kong, China",2055.0,High,net_migration,-2.813,-9.602446483180428,UN DESA
06_HKC,"Hong Kong, China",2056.0,High,net_migration,-4.858,0.7269818698897972,UN DESA
06_HKC,"Hong Kong, China",2057.0,High,net_migration,-5.495,0.13112391930835754,UN DESA
06_HKC,"Hong Kong, China",2058.0,High,net_migration,-6.395,0.16378525932666044,UN DESA
06_HKC,"Hong Kong, China",2059.0,High,net_migration,-0.735,-0.8850664581704457,UN DESA
06_HKC,"Hong Kong, China",2060.0,High,net_migration,-0.495,-0.326530612244898,UN DESA
06_HKC,"Hong Kong, China",2061.0,High,net_migration,-2.955,4.96969696969697,UN DESA
06_HKC,"Hong Kong, China",2062.0,High,net_migration,9.939,-4.363451776649747,UN DESA
06_HKC,"Hong Kong, China",2063.0,High,net_migration,10.631,0.0696247107354866,UN DESA
06_HKC,"Hong Kong, China",2064.0,High,net_migration,0.534,-0.9497695419057474,UN DESA
06_HKC,"Hong Kong, China",2065.0,High,net_migration,-0.659,-2.2340823970037453,UN DESA
06_HKC,"Hong Kong, China",2066.0,High,net_migration,1.808,-3.7435508345978756,UN DESA
06_HKC,"Hong Kong, China",2067.0,High,net_migration,-2.456,-2.3584070796460175,UN DESA
06_HKC,"Hong Kong, China",2068.0,High,net_migration,0.885,-1.360342019543974,UN DESA
06_HKC,"Hong Kong, China",2069.0,High,net_migration,5.488,5.201129943502825,UN DESA
06_HKC,"Hong Kong, China",2070.0,High,net_migration,-0.308,-1.0561224489795917,UN DESA
06_HKC,"Hong Kong, China",2071.0,High,net_migration,3.281,-11.652597402597403,UN DESA
06_HKC,"Hong Kong, China",2072.0,High,net_migration,-0.859,-1.2618104236513257,UN DESA
06_HKC,"Hong Kong, China",2073.0,High,net_migration,-1.823,1.122235157159488,UN DESA
06_HKC,"Hong Kong, China",2074.0,High,net_migration,-0.074,-0.9594075699396599,UN DESA
06_HKC,"Hong Kong, China",2075.0,High,net_migration,-0.67,8.054054054054054,UN DESA
06_HKC,"Hong Kong, China",2076.0,High,net_migration,0.368,-1.5492537313432835,UN DESA
06_HKC,"Hong Kong, China",2077.0,High,net_migration,-8.526,-24.168478260869566,UN DESA
06_HKC,"Hong Kong, China",2078.0,High,net_migration,7.109,-1.8338024865118463,UN DESA
06_HKC,"Hong Kong, China",2079.0,High,net_migration,1.303,-0.8167112111408075,UN DESA
06_HKC,"Hong Kong, China",2080.0,High,net_migration,2.217,0.7014581734458942,UN DESA
06_HKC,"Hong Kong, China",2081.0,High,net_migration,8.042,2.627424447451511,UN DESA
06_HKC,"Hong Kong, China",2082.0,High,net_migration,7.446,-0.0741109176821686,UN DESA
06_HKC,"Hong Kong, China",2083.0,High,net_migration,2.043,-0.725624496373892,UN DESA
06_HKC,"Hong Kong, China",2084.0,High,net_migration,-2.581,-2.2633382280959373,UN DESA
06_HKC,"Hong Kong, China",2085.0,High,net_migration,-2.761,0.06974041069352976,UN DESA
06_HKC,"Hong Kong, China",2086.0,High,net_migration,-0.986,-0.6428830134009418,UN DESA
06_HKC,"Hong Kong, China",2087.0,High,net_migration,-0.616,-0.3752535496957403,UN DESA
06_HKC,"Hong Kong, China",2088.0,High,net_migration,3.69,-6.990259740259741,UN DESA
06_HKC,"Hong Kong, China",2089.0,High,net_migration,-0.43,-1.1165311653116532,UN DESA
06_HKC,"Hong Kong, China",2090.0,High,net_migration,-0.185,-0.5697674418604651,UN DESA
06_HKC,"Hong Kong, China",2091.0,High,net_migration,2.01,-11.864864864864863,UN DESA
06_HKC,"Hong Kong, China",2092.0,High,net_migration,6.065,2.0174129353233834,UN DESA
06_HKC,"Hong Kong, China",2093.0,High,net_migration,2.51,-0.5861500412201155,UN DESA
06_HKC,"Hong Kong, China",2094.0,High,net_migration,-3.283,-2.3079681274900397,UN DESA
06_HKC,"Hong Kong, China",2095.0,High,net_migration,0.39,-1.118793786171185,UN DESA
06_HKC,"Hong Kong, China",2096.0,High,net_migration,0.165,-0.5769230769230769,UN DESA
06_HKC,"Hong Kong, China",2097.0,High,net_migration,-1.329,-9.054545454545455,UN DESA
06_HKC,"Hong Kong, China",2098.0,High,net_migration,2.945,-3.215951843491347,UN DESA
06_HKC,"Hong Kong, China",2099.0,High,net_migration,-0.949,-1.3222410865874363,UN DESA
06_HKC,"Hong Kong, China",2100.0,High,net_migration,-1.302,0.3719704952581666,UN DESA
07_INA,Indonesia,1950.0,Estimates,net_migration,88.611,,UN DESA
07_INA,Indonesia,1951.0,Estimates,net_migration,89.837,0.013835754026023883,UN DESA
07_INA,Indonesia,1952.0,Estimates,net_migration,90.588,0.008359584580963197,UN DESA
07_INA,Indonesia,1953.0,Estimates,net_migration,91.15,0.006203912217954022,UN DESA
07_INA,Indonesia,1954.0,Estimates,net_migration,91.679,0.0058036204059241925,UN DESA
07_INA,Indonesia,1955.0,Estimates,net_migration,92.424,0.008126179386773513,UN DESA
07_INA,Indonesia,1956.0,Estimates,net_migration,93.609,0.012821345105167303,UN DESA
07_INA,Indonesia,1957.0,Estimates,net_migration,95.429,0.019442574966082482,UN DESA
07_INA,Indonesia,1958.0,Estimates,net_migration,97.881,0.025694495384002813,UN DESA
07_INA,Indonesia,1959.0,Estimates,net_migration,99.887,0.02049427365883072,UN DESA
07_INA,Indonesia,1960.0,Estimates,net_migration,101.631,0.017459729494328613,UN DESA
07_INA,Indonesia,1961.0,Estimates,net_migration,103.628,0.019649516387716393,UN DESA
07_INA,Indonesia,1962.0,Estimates,net_migration,106.264,0.025437140541166414,UN DESA
07_INA,Indonesia,1963.0,Estimates,net_migration,110.166,0.03671986749981171,UN DESA
07_INA,Indonesia,1964.0,Estimates,net_migration,144.819,0.3145525842819017,UN DESA
07_INA,Indonesia,1965.0,Estimates,net_migration,-61.145,-1.422216698085196,UN DESA
07_INA,Indonesia,1966.0,Estimates,net_migration,-77.645,0.26985035571183236,UN DESA
07_INA,Indonesia,1967.0,Estimates,net_migration,-80.138,0.03210766952154054,UN DESA
07_INA,Indonesia,1968.0,Estimates,net_migration,55.731,-1.695437869674811,UN DESA
07_INA,Indonesia,1969.0,Estimates,net_migration,82.955,0.4884893506307082,UN DESA
07_INA,Indonesia,1970.0,Estimates,net_migration,81.368,-0.019130854077511916,UN DESA
07_INA,Indonesia,1971.0,Estimates,net_migration,79.264,-0.025857831088388572,UN DESA
07_INA,Indonesia,1972.0,Estimates,net_migration,72.007,-0.09155480419862727,UN DESA
07_INA,Indonesia,1973.0,Estimates,net_migration,64.991,-0.09743497159998338,UN DESA
07_INA,Indonesia,1974.0,Estimates,net_migration,61.188,-0.0585157944946223,UN DESA
07_INA,Indonesia,1975.0,Estimates,net_migration,56.386,-0.07847944041315291,UN DESA
07_INA,Indonesia,1976.0,Estimates,net_migration,48.01,-0.14854751179370773,UN DESA
07_INA,Indonesia,1977.0,Estimates,net_migration,45.61,-0.04998958550302013,UN DESA
07_INA,Indonesia,1978.0,Estimates,net_migration,45.911,0.006599429949572411,UN DESA
07_INA,Indonesia,1979.0,Estimates,net_migration,43.9,-0.04380213892095586,UN DESA
07_INA,Indonesia,1980.0,Estimates,net_migration,42.254,-0.03749430523917996,UN DESA
07_INA,Indonesia,1981.0,Estimates,net_migration,44.71,0.05812467458702142,UN DESA
07_INA,Indonesia,1982.0,Estimates,net_migration,46.792,0.0465667635875644,UN DESA
07_INA,Indonesia,1983.0,Estimates,net_migration,47.375,0.012459394768336463,UN DESA
07_INA,Indonesia,1984.0,Estimates,net_migration,43.693,-0.0777203166226913,UN DESA
07_INA,Indonesia,1985.0,Estimates,net_migration,37.451,-0.1428604124230426,UN DESA
07_INA,Indonesia,1986.0,Estimates,net_migration,30.988,-0.1725721609569838,UN DESA
07_INA,Indonesia,1987.0,Estimates,net_migration,26.705,-0.1382147928230283,UN DESA
07_INA,Indonesia,1988.0,Estimates,net_migration,25.383,-0.049503838232540676,UN DESA
07_INA,Indonesia,1989.0,Estimates,net_migration,19.905,-0.21581373360122913,UN DESA
07_INA,Indonesia,1990.0,Estimates,net_migration,11.539,-0.4202964079377042,UN DESA
07_INA,Indonesia,1991.0,Estimates,net_migration,3.096,-0.7316925210156859,UN DESA
07_INA,Indonesia,1992.0,Estimates,net_migration,-2.609,-1.8427002583979328,UN DESA
07_INA,Indonesia,1993.0,Estimates,net_migration,-3.485,0.3357608279034112,UN DESA
07_INA,Indonesia,1994.0,Estimates,net_migration,-2.575,-0.26111908177905296,UN DESA
07_INA,Indonesia,1995.0,Estimates,net_migration,-1.643,-0.3619417475728156,UN DESA
07_INA,Indonesia,1996.0,Estimates,net_migration,-1.854,0.12842361533779667,UN DESA
07_INA,Indonesia,1997.0,Estimates,net_migration,-4.334,1.3376483279395899,UN DESA
07_INA,Indonesia,1998.0,Estimates,net_migration,-11.356,1.6202122750346102,UN DESA
07_INA,Indonesia,1999.0,Estimates,net_migration,-28.799,1.5360162028883408,UN DESA
07_INA,Indonesia,2000.0,Estimates,net_migration,-42.697,0.4825862009097539,UN DESA
07_INA,Indonesia,2001.0,Estimates,net_migration,-64.255,0.5049066679157783,UN DESA
07_INA,Indonesia,2002.0,Estimates,net_migration,-83.985,0.30705781651233366,UN DESA
07_INA,Indonesia,2003.0,Estimates,net_migration,-97.732,0.16368399118890276,UN DESA
07_INA,Indonesia,2004.0,Estimates,net_migration,-77.002,-0.21211066999549788,UN DESA
07_INA,Indonesia,2005.0,Estimates,net_migration,-76.784,-0.0028310952962259384,UN DESA
07_INA,Indonesia,2006.0,Estimates,net_migration,-75.829,-0.012437486976453638,UN DESA
07_INA,Indonesia,2007.0,Estimates,net_migration,-77.338,0.019900038243943596,UN DESA
07_INA,Indonesia,2008.0,Estimates,net_migration,-81.364,0.05205720344461984,UN DESA
07_INA,Indonesia,2009.0,Estimates,net_migration,-73.655,-0.0947470625829605,UN DESA
07_INA,Indonesia,2010.0,Estimates,net_migration,-57.752,-0.21591202226596973,UN DESA
07_INA,Indonesia,2011.0,Estimates,net_migration,-40.543,-0.297981022302258,UN DESA
07_INA,Indonesia,2012.0,Estimates,net_migration,-28.869,-0.2879411982339738,UN DESA
07_INA,Indonesia,2013.0,Estimates,net_migration,-27.507,-0.047178634521458984,UN DESA
07_INA,Indonesia,2014.0,Estimates,net_migration,-27.988,0.017486457992510918,UN DESA
07_INA,Indonesia,2015.0,Estimates,net_migration,-28.487,0.01782906960125774,UN DESA
07_INA,Indonesia,2016.0,Estimates,net_migration,-28.991,0.01769228068943729,UN DESA
07_INA,Indonesia,2017.0,Estimates,net_migration,-29.467,0.016418888620606253,UN DESA
07_INA,Indonesia,2018.0,Estimates,net_migration,-29.911,0.015067702854040244,UN DESA
07_INA,Indonesia,2019.0,Estimates,net_migration,-30.421,0.017050583397412167,UN DESA
07_INA,Indonesia,2020.0,Estimates,net_migration,-18.743,-0.3838795568850466,UN DESA
07_INA,Indonesia,2021.0,Estimates,net_migration,-11.248,-0.3998826228458624,UN DESA
07_INA,Indonesia,2022.0,Estimates,net_migration,-37.501,2.33401493598862,UN DESA
07_INA,Indonesia,2023.0,Estimates,net_migration,-37.501,0.0,UN DESA
07_INA,Indonesia,2024.0,High,net_migration,-38.469,0.02581264499613356,UN DESA
07_INA,Indonesia,2025.0,High,net_migration,-39.509,0.027034755257480114,UN DESA
07_INA,Indonesia,2026.0,High,net_migration,-39.472,-0.0009364954820419991,UN DESA
07_INA,Indonesia,2027.0,High,net_migration,-41.139,0.042232468585326366,UN DESA
07_INA,Indonesia,2028.0,High,net_migration,-44.381,0.07880599917353348,UN DESA
07_INA,Indonesia,2029.0,High,net_migration,-45.043,0.014916293008269355,UN DESA
07_INA,Indonesia,2030.0,High,net_migration,-41.939,-0.06891192860155848,UN DESA
07_INA,Indonesia,2031.0,High,net_migration,-41.812,-0.0030282076348984166,UN DESA
07_INA,Indonesia,2032.0,High,net_migration,-45.287,0.08311011192958961,UN DESA
07_INA,Indonesia,2033.0,High,net_migration,-43.998,-0.02846291430211767,UN DESA
07_INA,Indonesia,2034.0,High,net_migration,-45.613,0.03670621391881457,UN DESA
07_INA,Indonesia,2035.0,High,net_migration,-47.7,0.04575449981364965,UN DESA
07_INA,Indonesia,2036.0,High,net_migration,-47.127,-0.012012578616352187,UN DESA
07_INA,Indonesia,2037.0,High,net_migration,-48.21,0.02298045706283025,UN DESA
07_INA,Indonesia,2038.0,High,net_migration,-51.475,0.06772453847749427,UN DESA
07_INA,Indonesia,2039.0,High,net_migration,-50.892,-0.011325886352598347,UN DESA
07_INA,Indonesia,2040.0,High,net_migration,-48.132,-0.05423249233671312,UN DESA
07_INA,Indonesia,2041.0,High,net_migration,-48.433,0.006253635834787774,UN DESA
07_INA,Indonesia,2042.0,High,net_migration,-47.775,-0.013585778291660633,UN DESA
07_INA,Indonesia,2043.0,High,net_migration,-47.096,-0.014212454212454206,UN DESA
07_INA,Indonesia,2044.0,High,net_migration,-48.928,0.03889926957703427,UN DESA
07_INA,Indonesia,2045.0,High,net_migration,-48.279,-0.013264388489208523,UN DESA
07_INA,Indonesia,2046.0,High,net_migration,-49.494,0.02516622133847002,UN DESA
07_INA,Indonesia,2047.0,High,net_migration,-52.055,0.051743645694427576,UN DESA
07_INA,Indonesia,2048.0,High,net_migration,-45.154,-0.13257131879742567,UN DESA
07_INA,Indonesia,2049.0,High,net_migration,-47.904,0.0609026885768702,UN DESA
07_INA,Indonesia,2050.0,High,net_migration,-44.888,-0.06295925183700746,UN DESA
07_INA,Indonesia,2051.0,High,net_migration,-48.04,0.07021921226162897,UN DESA
07_INA,Indonesia,2052.0,High,net_migration,-51.309,0.06804746044962529,UN DESA
07_INA,Indonesia,2053.0,High,net_migration,-49.142,-0.042234305872264066,UN DESA
07_INA,Indonesia,2054.0,High,net_migration,-47.85,-0.026291156241097235,UN DESA
07_INA,Indonesia,2055.0,High,net_migration,-45.294,-0.05341692789968666,UN DESA
07_INA,Indonesia,2056.0,High,net_migration,-47.015,0.03799620258753933,UN DESA
07_INA,Indonesia,2057.0,High,net_migration,-48.238,0.026012974582579895,UN DESA
07_INA,Indonesia,2058.0,High,net_migration,-49.002,0.015838135909449047,UN DESA
07_INA,Indonesia,2059.0,High,net_migration,-56.739,0.15789151463205564,UN DESA
07_INA,Indonesia,2060.0,High,net_migration,-51.927,-0.08480939036641455,UN DESA
07_INA,Indonesia,2061.0,High,net_migration,-51.613,-0.0060469505267009005,UN DESA
07_INA,Indonesia,2062.0,High,net_migration,-51.897,0.005502489682831735,UN DESA
07_INA,Indonesia,2063.0,High,net_migration,-51.055,-0.01622444457290395,UN DESA
07_INA,Indonesia,2064.0,High,net_migration,-51.859,0.015747723043776363,UN DESA
07_INA,Indonesia,2065.0,High,net_migration,-52.851,0.01912879153088176,UN DESA
07_INA,Indonesia,2066.0,High,net_migration,-50.989,-0.03523112145465557,UN DESA
07_INA,Indonesia,2067.0,High,net_migration,-51.156,0.0032752162231068915,UN DESA
07_INA,Indonesia,2068.0,High,net_migration,-52.1,0.018453358354836302,UN DESA
07_INA,Indonesia,2069.0,High,net_migration,-50.015,-0.040019193857965485,UN DESA
07_INA,Indonesia,2070.0,High,net_migration,-51.644,0.032570228931320555,UN DESA
07_INA,Indonesia,2071.0,High,net_migration,-48.18,-0.06707458756099449,UN DESA
07_INA,Indonesia,2072.0,High,net_migration,-46.982,-0.02486508924865094,UN DESA
07_INA,Indonesia,2073.0,High,net_migration,-48.443,0.031097015878421397,UN DESA
07_INA,Indonesia,2074.0,High,net_migration,-50.726,0.04712755196829277,UN DESA
07_INA,Indonesia,2075.0,High,net_migration,-49.009,-0.03384851949690493,UN DESA
07_INA,Indonesia,2076.0,High,net_migration,-45.003,-0.08174008855516335,UN DESA
07_INA,Indonesia,2077.0,High,net_migration,-49.182,0.09286047596826874,UN DESA
07_INA,Indonesia,2078.0,High,net_migration,-45.599,-0.07285185637021685,UN DESA
07_INA,Indonesia,2079.0,High,net_migration,-48.338,0.06006710673479687,UN DESA
07_INA,Indonesia,2080.0,High,net_migration,-42.904,-0.11241673217758275,UN DESA
07_INA,Indonesia,2081.0,High,net_migration,-43.952,0.02442662688793562,UN DESA
07_INA,Indonesia,2082.0,High,net_migration,-45.466,0.03444666909355676,UN DESA
07_INA,Indonesia,2083.0,High,net_migration,-43.045,-0.05324858135749788,UN DESA
07_INA,Indonesia,2084.0,High,net_migration,-40.581,-0.05724242072249963,UN DESA
07_INA,Indonesia,2085.0,High,net_migration,-40.401,-0.004435573297848716,UN DESA
07_INA,Indonesia,2086.0,High,net_migration,-38.23,-0.05373629365609778,UN DESA
07_INA,Indonesia,2087.0,High,net_migration,-40.355,0.055584619408841185,UN DESA
07_INA,Indonesia,2088.0,High,net_migration,-36.349,-0.09926898773386195,UN DESA
07_INA,Indonesia,2089.0,High,net_migration,-38.609,0.06217502544774289,UN DESA
07_INA,Indonesia,2090.0,High,net_migration,-39.274,0.0172239633246134,UN DESA
07_INA,Indonesia,2091.0,High,net_migration,-40.797,0.03877883587105968,UN DESA
07_INA,Indonesia,2092.0,High,net_migration,-44.067,0.08015295242297227,UN DESA
07_INA,Indonesia,2093.0,High,net_migration,-42.331,-0.03939455828624583,UN DESA
07_INA,Indonesia,2094.0,High,net_migration,-41.622,-0.016748954666792715,UN DESA
07_INA,Indonesia,2095.0,High,net_migration,-39.503,-0.05091057613761951,UN DESA
07_INA,Indonesia,2096.0,High,net_migration,-42.975,0.08789205883097484,UN DESA
07_INA,Indonesia,2097.0,High,net_migration,-42.876,-0.002303664921466053,UN DESA
07_INA,Indonesia,2098.0,High,net_migration,-41.283,-0.03715365239294699,UN DESA
07_INA,Indonesia,2099.0,High,net_migration,-41.685,0.009737664413923541,UN DESA
07_INA,Indonesia,2100.0,High,net_migration,-37.19,-0.10783255367638245,UN DESA
08_JPN,Japan,1950.0,Estimates,net_migration,-24.997,,UN DESA
08_JPN,Japan,1951.0,Estimates,net_migration,-54.567,1.1829419530343643,UN DESA
08_JPN,Japan,1952.0,Estimates,net_migration,-57.653,0.05655432770722224,UN DESA
08_JPN,Japan,1953.0,Estimates,net_migration,-28.238,-0.510207621459421,UN DESA
08_JPN,Japan,1954.0,Estimates,net_migration,-68.802,1.4365040016998374,UN DESA
08_JPN,Japan,1955.0,Estimates,net_migration,-95.975,0.39494491439202317,UN DESA
08_JPN,Japan,1956.0,Estimates,net_migration,-152.385,0.5877572284449075,UN DESA
08_JPN,Japan,1957.0,Estimates,net_migration,-161.856,0.06215178659316867,UN DESA
08_JPN,Japan,1958.0,Estimates,net_migration,-229.568,0.41834717279557143,UN DESA
08_JPN,Japan,1959.0,Estimates,net_migration,-202.601,-0.11746846250348486,UN DESA
08_JPN,Japan,1960.0,Estimates,net_migration,-150.371,-0.2577973455214929,UN DESA
08_JPN,Japan,1961.0,Estimates,net_migration,-58.882,-0.6084218366573342,UN DESA
08_JPN,Japan,1962.0,Estimates,net_migration,-57.075,-0.030688495635338375,UN DESA
08_JPN,Japan,1963.0,Estimates,net_migration,-100.742,0.7650810337275515,UN DESA
08_JPN,Japan,1964.0,Estimates,net_migration,-100.696,-0.0004566119394096013,UN DESA
08_JPN,Japan,1965.0,Estimates,net_migration,-50.667,-0.4968320489393818,UN DESA
08_JPN,Japan,1966.0,Estimates,net_migration,68.934,-2.3605305228255076,UN DESA
08_JPN,Japan,1967.0,Estimates,net_migration,29.632,-0.5701395537760756,UN DESA
08_JPN,Japan,1968.0,Estimates,net_migration,43.593,0.47114605831533485,UN DESA
08_JPN,Japan,1969.0,Estimates,net_migration,49.447,0.13428761498405706,UN DESA
08_JPN,Japan,1970.0,Estimates,net_migration,33.731,-0.31783525795295975,UN DESA
08_JPN,Japan,1971.0,Estimates,net_migration,-107.778,-4.195221013311198,UN DESA
08_JPN,Japan,1972.0,Estimates,net_migration,-73.98,-0.31358904414630073,UN DESA
08_JPN,Japan,1973.0,Estimates,net_migration,-34.674,-0.5313057583130576,UN DESA
08_JPN,Japan,1974.0,Estimates,net_migration,-10.145,-0.7074176616484975,UN DESA
08_JPN,Japan,1975.0,Estimates,net_migration,0.107,-1.0105470675209463,UN DESA
08_JPN,Japan,1976.0,Estimates,net_migration,-34.976,-327.8785046728972,UN DESA
08_JPN,Japan,1977.0,Estimates,net_migration,-49.082,0.4033051235132663,UN DESA
08_JPN,Japan,1978.0,Estimates,net_migration,-47.996,-0.022126237724624076,UN DESA
08_JPN,Japan,1979.0,Estimates,net_migration,-57.692,0.2020168347362279,UN DESA
08_JPN,Japan,1980.0,Estimates,net_migration,-92.314,0.600117867295292,UN DESA
08_JPN,Japan,1981.0,Estimates,net_migration,-278.525,2.017147994887016,UN DESA
08_JPN,Japan,1982.0,Estimates,net_migration,-288.55,0.035993178350238075,UN DESA
08_JPN,Japan,1983.0,Estimates,net_migration,-269.755,-0.06513602495234805,UN DESA
08_JPN,Japan,1984.0,Estimates,net_migration,-273.686,0.014572482437767542,UN DESA
08_JPN,Japan,1985.0,Estimates,net_migration,-141.323,-0.4836308762596552,UN DESA
08_JPN,Japan,1986.0,Estimates,net_migration,27.987,-1.198035705440728,UN DESA
08_JPN,Japan,1987.0,Estimates,net_migration,28.001,0.0005002322506879597,UN DESA
08_JPN,Japan,1988.0,Estimates,net_migration,51.154,0.8268633263097747,UN DESA
08_JPN,Japan,1989.0,Estimates,net_migration,31.202,-0.39003792469797083,UN DESA
08_JPN,Japan,1990.0,Estimates,net_migration,124.582,2.9927568745593227,UN DESA
08_JPN,Japan,1991.0,Estimates,net_migration,161.331,0.29497840779566875,UN DESA
08_JPN,Japan,1992.0,Estimates,net_migration,170.878,0.059176475692830355,UN DESA
08_JPN,Japan,1993.0,Estimates,net_migration,168.836,-0.011950046231814393,UN DESA
08_JPN,Japan,1994.0,Estimates,net_migration,154.214,-0.08660475254092737,UN DESA
08_JPN,Japan,1995.0,Estimates,net_migration,87.714,-0.43121895547745337,UN DESA
08_JPN,Japan,1996.0,Estimates,net_migration,25.03,-0.7146407643021638,UN DESA
08_JPN,Japan,1997.0,Estimates,net_migration,43.366,0.7325609268877347,UN DESA
08_JPN,Japan,1998.0,Estimates,net_migration,45.912,0.05870958815662042,UN DESA
08_JPN,Japan,1999.0,Estimates,net_migration,56.901,0.23934918975431274,UN DESA
08_JPN,Japan,2000.0,Estimates,net_migration,23.468,-0.5875643661798562,UN DESA
08_JPN,Japan,2001.0,Estimates,net_migration,59.563,1.538051815237771,UN DESA
08_JPN,Japan,2002.0,Estimates,net_migration,60.864,0.021842418951362408,UN DESA
08_JPN,Japan,2003.0,Estimates,net_migration,74.875,0.2302017613038907,UN DESA
08_JPN,Japan,2004.0,Estimates,net_migration,69.014,-0.0782771285475794,UN DESA
08_JPN,Japan,2005.0,Estimates,net_migration,113.017,0.6375952705248211,UN DESA
08_JPN,Japan,2006.0,Estimates,net_migration,130.065,0.15084456320730522,UN DESA
08_JPN,Japan,2007.0,Estimates,net_migration,138.024,0.06119248068273553,UN DESA
08_JPN,Japan,2008.0,Estimates,net_migration,142.605,0.03318988002086587,UN DESA
08_JPN,Japan,2009.0,Estimates,net_migration,125.45,-0.12029732477823352,UN DESA
08_JPN,Japan,2010.0,Estimates,net_migration,131.86,0.05109605420486263,UN DESA
08_JPN,Japan,2011.0,Estimates,net_migration,97.72,-0.25891096617624765,UN DESA
08_JPN,Japan,2012.0,Estimates,net_migration,67.904,-0.3051166598444536,UN DESA
08_JPN,Japan,2013.0,Estimates,net_migration,66.449,-0.021427309142318496,UN DESA
08_JPN,Japan,2014.0,Estimates,net_migration,58.109,-0.12550978946259528,UN DESA
08_JPN,Japan,2015.0,Estimates,net_migration,168.896,1.9065377136071864,UN DESA
08_JPN,Japan,2016.0,Estimates,net_migration,314.732,0.8634662751042064,UN DESA
08_JPN,Japan,2017.0,Estimates,net_migration,322.564,0.024884663777436034,UN DESA
08_JPN,Japan,2018.0,Estimates,net_migration,320.601,-0.006085614017683372,UN DESA
08_JPN,Japan,2019.0,Estimates,net_migration,318.19,-0.007520251028537039,UN DESA
08_JPN,Japan,2020.0,Estimates,net_migration,42.001,-0.8680002514221064,UN DESA
08_JPN,Japan,2021.0,Estimates,net_migration,-34.996,-1.8332182567081738,UN DESA
08_JPN,Japan,2022.0,Estimates,net_migration,175.003,-6.000657217967767,UN DESA
08_JPN,Japan,2023.0,Estimates,net_migration,175.003,0.0,UN DESA
08_JPN,Japan,2024.0,High,net_migration,153.357,-0.12368930818328827,UN DESA
08_JPN,Japan,2025.0,High,net_migration,140.579,-0.08332192205116162,UN DESA
08_JPN,Japan,2026.0,High,net_migration,128.619,-0.08507671842878384,UN DESA
08_JPN,Japan,2027.0,High,net_migration,127.401,-0.009469829496419724,UN DESA
08_JPN,Japan,2028.0,High,net_migration,125.079,-0.018225916594061253,UN DESA
08_JPN,Japan,2029.0,High,net_migration,128.048,0.023736998217126937,UN DESA
08_JPN,Japan,2030.0,High,net_migration,123.993,-0.031667812070473644,UN DESA
08_JPN,Japan,2031.0,High,net_migration,124.022,0.0002338841708806605,UN DESA
08_JPN,Japan,2032.0,High,net_migration,123.178,-0.006805244230862373,UN DESA
08_JPN,Japan,2033.0,High,net_migration,124.737,0.012656480865089526,UN DESA
08_JPN,Japan,2034.0,High,net_migration,120.872,-0.03098519284574741,UN DESA
08_JPN,Japan,2035.0,High,net_migration,116.871,-0.03310113177576279,UN DESA
08_JPN,Japan,2036.0,High,net_migration,119.219,0.020090527162426985,UN DESA
08_JPN,Japan,2037.0,High,net_migration,118.603,-0.005166961642020129,UN DESA
08_JPN,Japan,2038.0,High,net_migration,121.736,0.02641585794625767,UN DESA
08_JPN,Japan,2039.0,High,net_migration,120.375,-0.011179930341065902,UN DESA
08_JPN,Japan,2040.0,High,net_migration,118.186,-0.018184839044652068,UN DESA
08_JPN,Japan,2041.0,High,net_migration,112.365,-0.049252872590662244,UN DESA
08_JPN,Japan,2042.0,High,net_migration,120.719,0.07434699417078261,UN DESA
08_JPN,Japan,2043.0,High,net_migration,119.471,-0.010338057803659706,UN DESA
08_JPN,Japan,2044.0,High,net_migration,120.231,0.006361376400967567,UN DESA
08_JPN,Japan,2045.0,High,net_migration,113.424,-0.056616014172717444,UN DESA
08_JPN,Japan,2046.0,High,net_migration,116.33,0.02562067992664674,UN DESA
08_JPN,Japan,2047.0,High,net_migration,115.11,-0.01048740651594604,UN DESA
08_JPN,Japan,2048.0,High,net_migration,118.534,0.029745460863521922,UN DESA
08_JPN,Japan,2049.0,High,net_migration,116.311,-0.018754112744022833,UN DESA
08_JPN,Japan,2050.0,High,net_migration,119.363,0.02623999449751091,UN DESA
08_JPN,Japan,2051.0,High,net_migration,118.217,-0.009600965123195637,UN DESA
08_JPN,Japan,2052.0,High,net_migration,110.491,-0.06535439065447435,UN DESA
08_JPN,Japan,2053.0,High,net_migration,117.791,0.06606872957978482,UN DESA
08_JPN,Japan,2054.0,High,net_migration,104.077,-0.11642655211348918,UN DESA
08_JPN,Japan,2055.0,High,net_migration,110.22,0.05902360752135438,UN DESA
08_JPN,Japan,2056.0,High,net_migration,104.105,-0.05547994919252397,UN DESA
08_JPN,Japan,2057.0,High,net_migration,106.956,0.0273858124009414,UN DESA
08_JPN,Japan,2058.0,High,net_migration,108.132,0.010995175586222317,UN DESA
08_JPN,Japan,2059.0,High,net_migration,97.809,-0.09546665186993686,UN DESA
08_JPN,Japan,2060.0,High,net_migration,101.711,0.039894079276958205,UN DESA
08_JPN,Japan,2061.0,High,net_migration,105.828,0.040477431152972754,UN DESA
08_JPN,Japan,2062.0,High,net_migration,108.193,0.022347582870317906,UN DESA
08_JPN,Japan,2063.0,High,net_migration,108.331,0.0012754984148697357,UN DESA
08_JPN,Japan,2064.0,High,net_migration,109.551,0.011261781022975814,UN DESA
08_JPN,Japan,2065.0,High,net_migration,99.118,-0.09523418316583154,UN DESA
08_JPN,Japan,2066.0,High,net_migration,103.147,0.04064851994592322,UN DESA
08_JPN,Japan,2067.0,High,net_migration,105.133,0.019254074282334832,UN DESA
08_JPN,Japan,2068.0,High,net_migration,95.567,-0.09098950852729404,UN DESA
08_JPN,Japan,2069.0,High,net_migration,96.31,0.007774650245377712,UN DESA
08_JPN,Japan,2070.0,High,net_migration,89.503,-0.07067801889731073,UN DESA
08_JPN,Japan,2071.0,High,net_migration,96.698,0.0803883668703842,UN DESA
08_JPN,Japan,2072.0,High,net_migration,95.308,-0.014374650975200964,UN DESA
08_JPN,Japan,2073.0,High,net_migration,90.022,-0.055462290678641835,UN DESA
08_JPN,Japan,2074.0,High,net_migration,94.927,0.054486681033525164,UN DESA
08_JPN,Japan,2075.0,High,net_migration,95.162,0.002475586503313032,UN DESA
08_JPN,Japan,2076.0,High,net_migration,94.47,-0.0072718101763309395,UN DESA
08_JPN,Japan,2077.0,High,net_migration,92.602,-0.019773473060230695,UN DESA
08_JPN,Japan,2078.0,High,net_migration,92.644,0.00045355391892187846,UN DESA
08_JPN,Japan,2079.0,High,net_migration,95.199,0.027578688312248856,UN DESA
08_JPN,Japan,2080.0,High,net_migration,91.321,-0.040735722013886755,UN DESA
08_JPN,Japan,2081.0,High,net_migration,95.119,0.04158955771399797,UN DESA
08_JPN,Japan,2082.0,High,net_migration,90.748,-0.04595296418170913,UN DESA
08_JPN,Japan,2083.0,High,net_migration,91.986,0.013642173932207902,UN DESA
08_JPN,Japan,2084.0,High,net_migration,87.615,-0.04751810058052319,UN DESA
08_JPN,Japan,2085.0,High,net_migration,86.182,-0.016355646864121387,UN DESA
08_JPN,Japan,2086.0,High,net_migration,86.127,-0.0006381843076280758,UN DESA
08_JPN,Japan,2087.0,High,net_migration,89.045,0.033880200169517094,UN DESA
08_JPN,Japan,2088.0,High,net_migration,88.131,-0.010264473019259923,UN DESA
08_JPN,Japan,2089.0,High,net_migration,84.658,-0.03940724603147583,UN DESA
08_JPN,Japan,2090.0,High,net_migration,84.292,-0.00432327718585368,UN DESA
08_JPN,Japan,2091.0,High,net_migration,82.513,-0.021105205713472186,UN DESA
08_JPN,Japan,2092.0,High,net_migration,77.806,-0.05704555645777043,UN DESA
08_JPN,Japan,2093.0,High,net_migration,80.198,0.03074313034984444,UN DESA
08_JPN,Japan,2094.0,High,net_migration,83.454,0.04059951619741131,UN DESA
08_JPN,Japan,2095.0,High,net_migration,82.423,-0.012354111246914323,UN DESA
08_JPN,Japan,2096.0,High,net_migration,78.225,-0.05093238537786793,UN DESA
08_JPN,Japan,2097.0,High,net_migration,82.317,0.0523106423777564,UN DESA
08_JPN,Japan,2098.0,High,net_migration,78.909,-0.04140092568971154,UN DESA
08_JPN,Japan,2099.0,High,net_migration,75.526,-0.04287216920756831,UN DESA
08_JPN,Japan,2100.0,High,net_migration,73.71,-0.024044699838466244,UN DESA
09_ROK,Korea,1950.0,Estimates,net_migration,146.698,,UN DESA
09_ROK,Korea,1951.0,Estimates,net_migration,165.917,0.1310106477252586,UN DESA
09_ROK,Korea,1952.0,Estimates,net_migration,173.145,0.04356395065002383,UN DESA
09_ROK,Korea,1953.0,Estimates,net_migration,171.248,-0.010956135031332193,UN DESA
09_ROK,Korea,1954.0,Estimates,net_migration,162.989,-0.04822830047650184,UN DESA
09_ROK,Korea,1955.0,Estimates,net_migration,151.123,-0.0728024590616545,UN DESA
09_ROK,Korea,1956.0,Estimates,net_migration,138.492,-0.08358092414787954,UN DESA
09_ROK,Korea,1957.0,Estimates,net_migration,127.856,-0.07679865985038847,UN DESA
09_ROK,Korea,1958.0,Estimates,net_migration,117.675,-0.07962864472531594,UN DESA
09_ROK,Korea,1959.0,Estimates,net_migration,88.341,-0.24927979604843853,UN DESA
09_ROK,Korea,1960.0,Estimates,net_migration,47.245,-0.4651973602291122,UN DESA
09_ROK,Korea,1961.0,Estimates,net_migration,-93.179,-2.972251031855223,UN DESA
09_ROK,Korea,1962.0,Estimates,net_migration,-94.606,0.015314609515019395,UN DESA
09_ROK,Korea,1963.0,Estimates,net_migration,-80.226,-0.15199881614273936,UN DESA
09_ROK,Korea,1964.0,Estimates,net_migration,-102.284,0.2749482711340465,UN DESA
09_ROK,Korea,1965.0,Estimates,net_migration,-146.386,0.43117203081615885,UN DESA
09_ROK,Korea,1966.0,Estimates,net_migration,-16.688,-0.8860000273250175,UN DESA
09_ROK,Korea,1967.0,Estimates,net_migration,-16.484,-0.012224352828379526,UN DESA
09_ROK,Korea,1968.0,Estimates,net_migration,-16.868,0.02329531667071083,UN DESA
09_ROK,Korea,1969.0,Estimates,net_migration,-21.175,0.255335546597107,UN DESA
09_ROK,Korea,1970.0,Estimates,net_migration,-27.999,0.32226682408500573,UN DESA
09_ROK,Korea,1971.0,Estimates,net_migration,-6.326,-0.774063359405693,UN DESA
09_ROK,Korea,1972.0,Estimates,net_migration,25.382,-5.012330066392666,UN DESA
09_ROK,Korea,1973.0,Estimates,net_migration,35.779,0.4096209912536444,UN DESA
09_ROK,Korea,1974.0,Estimates,net_migration,27.005,-0.2452276475027252,UN DESA
09_ROK,Korea,1975.0,Estimates,net_migration,-52.332,-2.9378633586372898,UN DESA
09_ROK,Korea,1976.0,Estimates,net_migration,-92.314,0.76400672628602,UN DESA
09_ROK,Korea,1977.0,Estimates,net_migration,-90.737,-0.0170829993283792,UN DESA
09_ROK,Korea,1978.0,Estimates,net_migration,-85.721,-0.055280646263376476,UN DESA
09_ROK,Korea,1979.0,Estimates,net_migration,-139.566,0.6281424621737963,UN DESA
09_ROK,Korea,1980.0,Estimates,net_migration,-148.341,0.06287347921413522,UN DESA
09_ROK,Korea,1981.0,Estimates,net_migration,18.442,-1.1243216642735319,UN DESA
09_ROK,Korea,1982.0,Estimates,net_migration,48.638,1.637349528250732,UN DESA
09_ROK,Korea,1983.0,Estimates,net_migration,102.167,1.1005592335211154,UN DESA
09_ROK,Korea,1984.0,Estimates,net_migration,101.394,-0.0075660438301995425,UN DESA
09_ROK,Korea,1985.0,Estimates,net_migration,97.949,-0.033976369410418816,UN DESA
09_ROK,Korea,1986.0,Estimates,net_migration,189.782,0.9375593421066066,UN DESA
09_ROK,Korea,1987.0,Estimates,net_migration,198.057,0.0436026598939836,UN DESA
09_ROK,Korea,1988.0,Estimates,net_migration,192.534,-0.027885911631500004,UN DESA
09_ROK,Korea,1989.0,Estimates,net_migration,186.12,-0.03331359655956867,UN DESA
09_ROK,Korea,1990.0,Estimates,net_migration,79.294,-0.5739630346013325,UN DESA
09_ROK,Korea,1991.0,Estimates,net_migration,-270.754,-4.414558478573411,UN DESA
09_ROK,Korea,1992.0,Estimates,net_migration,-265.849,-0.018116075847448343,UN DESA
09_ROK,Korea,1993.0,Estimates,net_migration,-222.802,-0.16192274561875353,UN DESA
09_ROK,Korea,1994.0,Estimates,net_migration,-208.309,-0.06504878771285716,UN DESA
09_ROK,Korea,1995.0,Estimates,net_migration,-208.491,0.0008737020483993163,UN DESA
09_ROK,Korea,1996.0,Estimates,net_migration,-115.705,-0.4450359967576538,UN DESA
09_ROK,Korea,1997.0,Estimates,net_migration,-109.13,-0.05682554772913884,UN DESA
09_ROK,Korea,1998.0,Estimates,net_migration,-98.044,-0.10158526527994138,UN DESA
09_ROK,Korea,1999.0,Estimates,net_migration,-107.448,0.0959161192933784,UN DESA
09_ROK,Korea,2000.0,Estimates,net_migration,-84.96,-0.20929193656466383,UN DESA
09_ROK,Korea,2001.0,Estimates,net_migration,-28.006,-0.6703625235404896,UN DESA
09_ROK,Korea,2002.0,Estimates,net_migration,-18.105,-0.3535313861315432,UN DESA
09_ROK,Korea,2003.0,Estimates,net_migration,-31.994,0.7671361502347418,UN DESA
09_ROK,Korea,2004.0,Estimates,net_migration,-42.549,0.3299056073013691,UN DESA
09_ROK,Korea,2005.0,Estimates,net_migration,-47.821,0.12390420456414963,UN DESA
09_ROK,Korea,2006.0,Estimates,net_migration,-28.434,-0.4054076660881203,UN DESA
09_ROK,Korea,2007.0,Estimates,net_migration,-42.293,0.4874094394035309,UN DESA
09_ROK,Korea,2008.0,Estimates,net_migration,-19.63,-0.535856997611898,UN DESA
09_ROK,Korea,2009.0,Estimates,net_migration,5.308,-1.2704024452368823,UN DESA
09_ROK,Korea,2010.0,Estimates,net_migration,52.042,8.804446119065561,UN DESA
09_ROK,Korea,2011.0,Estimates,net_migration,269.958,4.187310249413935,UN DESA
09_ROK,Korea,2012.0,Estimates,net_migration,281.866,0.044110565347202035,UN DESA
09_ROK,Korea,2013.0,Estimates,net_migration,301.926,0.07116856946208494,UN DESA
09_ROK,Korea,2014.0,Estimates,net_migration,308.037,0.02024005882236035,UN DESA
09_ROK,Korea,2015.0,Estimates,net_migration,276.427,-0.10261754269779266,UN DESA
09_ROK,Korea,2016.0,Estimates,net_migration,91.568,-0.6687443701230343,UN DESA
09_ROK,Korea,2017.0,Estimates,net_migration,104.029,0.13608465839594608,UN DESA
09_ROK,Korea,2018.0,Estimates,net_migration,118.22,0.1364138845898739,UN DESA
09_ROK,Korea,2019.0,Estimates,net_migration,128.622,0.08798849602436154,UN DESA
09_ROK,Korea,2020.0,Estimates,net_migration,112.631,-0.12432554306417265,UN DESA
09_ROK,Korea,2021.0,Estimates,net_migration,-16.778,-1.1489643171063029,UN DESA
09_ROK,Korea,2022.0,Estimates,net_migration,87.8,-6.233043270950054,UN DESA
09_ROK,Korea,2023.0,Estimates,net_migration,87.8,0.0,UN DESA
09_ROK,Korea,2024.0,High,net_migration,75.963,-0.13481776765375864,UN DESA
09_ROK,Korea,2025.0,High,net_migration,65.731,-0.13469715519397607,UN DESA
09_ROK,Korea,2026.0,High,net_migration,62.644,-0.04696414172916885,UN DESA
09_ROK,Korea,2027.0,High,net_migration,55.597,-0.11249281655066723,UN DESA
09_ROK,Korea,2028.0,High,net_migration,54.96,-0.01145745274025578,UN DESA
09_ROK,Korea,2029.0,High,net_migration,49.67,-0.09625181950509465,UN DESA
09_ROK,Korea,2030.0,High,net_migration,47.022,-0.0533118582645461,UN DESA
09_ROK,Korea,2031.0,High,net_migration,45.549,-0.031325762409085134,UN DESA
09_ROK,Korea,2032.0,High,net_migration,42.476,-0.06746580605501773,UN DESA
09_ROK,Korea,2033.0,High,net_migration,35.681,-0.15997269046049534,UN DESA
09_ROK,Korea,2034.0,High,net_migration,33.881,-0.05044701661948925,UN DESA
09_ROK,Korea,2035.0,High,net_migration,31.74,-0.06319175939317023,UN DESA
09_ROK,Korea,2036.0,High,net_migration,29.621,-0.06676118462507874,UN DESA
09_ROK,Korea,2037.0,High,net_migration,24.853,-0.1609668816042672,UN DESA
09_ROK,Korea,2038.0,High,net_migration,21.379,-0.1397819176759345,UN DESA
09_ROK,Korea,2039.0,High,net_migration,19.211,-0.10140792366340812,UN DESA
09_ROK,Korea,2040.0,High,net_migration,19.948,0.03836343761386707,UN DESA
09_ROK,Korea,2041.0,High,net_migration,14.487,-0.2737617806296371,UN DESA
09_ROK,Korea,2042.0,High,net_migration,20.161,0.3916614896113757,UN DESA
09_ROK,Korea,2043.0,High,net_migration,20.071,-0.004464064282525659,UN DESA
09_ROK,Korea,2044.0,High,net_migration,16.617,-0.17208908375267806,UN DESA
09_ROK,Korea,2045.0,High,net_migration,17.89,0.07660829271228264,UN DESA
09_ROK,Korea,2046.0,High,net_migration,22.074,0.23387367244270552,UN DESA
09_ROK,Korea,2047.0,High,net_migration,15.397,-0.30248255866630425,UN DESA
09_ROK,Korea,2048.0,High,net_migration,16.648,0.08124959407676813,UN DESA
09_ROK,Korea,2049.0,High,net_migration,13.494,-0.18945218644882267,UN DESA
09_ROK,Korea,2050.0,High,net_migration,15.924,0.18008003557136498,UN DESA
09_ROK,Korea,2051.0,High,net_migration,12.104,-0.23988947500627988,UN DESA
09_ROK,Korea,2052.0,High,net_migration,8.021,-0.3373265036351618,UN DESA
09_ROK,Korea,2053.0,High,net_migration,13.934,0.737189876573993,UN DESA
09_ROK,Korea,2054.0,High,net_migration,20.11,0.4432323812257788,UN DESA
09_ROK,Korea,2055.0,High,net_migration,15.413,-0.23356539035305812,UN DESA
09_ROK,Korea,2056.0,High,net_migration,11.737,-0.23849996755985203,UN DESA
09_ROK,Korea,2057.0,High,net_migration,3.551,-0.6974525006390049,UN DESA
09_ROK,Korea,2058.0,High,net_migration,-1.335,-1.3759504364967614,UN DESA
09_ROK,Korea,2059.0,High,net_migration,3.068,-3.29812734082397,UN DESA
09_ROK,Korea,2060.0,High,net_migration,0.54,-0.8239895697522817,UN DESA
09_ROK,Korea,2061.0,High,net_migration,7.235,12.398148148148147,UN DESA
09_ROK,Korea,2062.0,High,net_migration,1.269,-0.8246026261230132,UN DESA
09_ROK,Korea,2063.0,High,net_migration,4.185,2.2978723404255317,UN DESA
09_ROK,Korea,2064.0,High,net_migration,4.839,0.15627240143369203,UN DESA
09_ROK,Korea,2065.0,High,net_migration,6.682,0.3808638148377763,UN DESA
09_ROK,Korea,2066.0,High,net_migration,7.896,0.18168213109847353,UN DESA
09_ROK,Korea,2067.0,High,net_migration,7.48,-0.05268490374873347,UN DESA
09_ROK,Korea,2068.0,High,net_migration,9.64,0.2887700534759359,UN DESA
09_ROK,Korea,2069.0,High,net_migration,2.18,-0.7738589211618258,UN DESA
09_ROK,Korea,2070.0,High,net_migration,3.115,0.42889908256880727,UN DESA
09_ROK,Korea,2071.0,High,net_migration,4.307,0.38266452648475124,UN DESA
09_ROK,Korea,2072.0,High,net_migration,4.046,-0.06059902484327839,UN DESA
09_ROK,Korea,2073.0,High,net_migration,6.059,0.4975284231339594,UN DESA
09_ROK,Korea,2074.0,High,net_migration,4.514,-0.2549925730318534,UN DESA
09_ROK,Korea,2075.0,High,net_migration,4.675,0.035666814355338916,UN DESA
09_ROK,Korea,2076.0,High,net_migration,3.26,-0.3026737967914439,UN DESA
09_ROK,Korea,2077.0,High,net_migration,2.913,-0.1064417177914111,UN DESA
09_ROK,Korea,2078.0,High,net_migration,3.569,0.22519739100583602,UN DESA
09_ROK,Korea,2079.0,High,net_migration,4.948,0.38638274026337927,UN DESA
09_ROK,Korea,2080.0,High,net_migration,2.842,-0.42562651576394506,UN DESA
09_ROK,Korea,2081.0,High,net_migration,0.166,-0.9415904292751583,UN DESA
09_ROK,Korea,2082.0,High,net_migration,2.72,15.3855421686747,UN DESA
09_ROK,Korea,2083.0,High,net_migration,1.214,-0.5536764705882353,UN DESA
09_ROK,Korea,2084.0,High,net_migration,3.235,1.6647446457990114,UN DESA
09_ROK,Korea,2085.0,High,net_migration,1.028,-0.6822256568778979,UN DESA
09_ROK,Korea,2086.0,High,net_migration,1.91,0.8579766536964979,UN DESA
09_ROK,Korea,2087.0,High,net_migration,-0.358,-1.187434554973822,UN DESA
09_ROK,Korea,2088.0,High,net_migration,0.932,-3.6033519553072626,UN DESA
09_ROK,Korea,2089.0,High,net_migration,0,-1.0,UN DESA
09_ROK,Korea,2090.0,High,net_migration,-0.05,,UN DESA
09_ROK,Korea,2091.0,High,net_migration,-0.311,5.22,UN DESA
09_ROK,Korea,2092.0,High,net_migration,-0.545,0.752411575562701,UN DESA
09_ROK,Korea,2093.0,High,net_migration,-0.045,-0.9174311926605505,UN DESA
09_ROK,Korea,2094.0,High,net_migration,0.569,-13.644444444444444,UN DESA
09_ROK,Korea,2095.0,High,net_migration,-0.076,-1.133567662565905,UN DESA
09_ROK,Korea,2096.0,High,net_migration,2.427,-32.934210526315795,UN DESA
09_ROK,Korea,2097.0,High,net_migration,2.779,0.1450350226617223,UN DESA
09_ROK,Korea,2098.0,High,net_migration,1.372,-0.5062972292191434,UN DESA
09_ROK,Korea,2099.0,High,net_migration,2.064,0.5043731778425655,UN DESA
09_ROK,Korea,2100.0,High,net_migration,-0.554,-1.2684108527131783,UN DESA
10_MAS,Malaysia,1950.0,Estimates,net_migration,7.343,,UN DESA
10_MAS,Malaysia,1951.0,Estimates,net_migration,3.712,-0.4944845431022743,UN DESA
10_MAS,Malaysia,1952.0,Estimates,net_migration,-1.168,-1.3146551724137931,UN DESA
10_MAS,Malaysia,1953.0,Estimates,net_migration,-7.98,5.832191780821919,UN DESA
10_MAS,Malaysia,1954.0,Estimates,net_migration,-9.666,0.21127819548872173,UN DESA
10_MAS,Malaysia,1955.0,Estimates,net_migration,-12.169,0.25894889302710533,UN DESA
10_MAS,Malaysia,1956.0,Estimates,net_migration,-14.008,0.15112170268715586,UN DESA
10_MAS,Malaysia,1957.0,Estimates,net_migration,-15.831,0.1301399200456883,UN DESA
10_MAS,Malaysia,1958.0,Estimates,net_migration,-46.845,1.9590676520750425,UN DESA
10_MAS,Malaysia,1959.0,Estimates,net_migration,-47.311,0.009947699861244663,UN DESA
10_MAS,Malaysia,1960.0,Estimates,net_migration,-46.948,-0.007672634271099765,UN DESA
10_MAS,Malaysia,1961.0,Estimates,net_migration,-44.916,-0.04328192894266003,UN DESA
10_MAS,Malaysia,1962.0,Estimates,net_migration,-43.033,-0.041922700151393655,UN DESA
10_MAS,Malaysia,1963.0,Estimates,net_migration,-40.952,-0.04835823670206596,UN DESA
10_MAS,Malaysia,1964.0,Estimates,net_migration,-38.785,-0.052915608517288604,UN DESA
10_MAS,Malaysia,1965.0,Estimates,net_migration,-36.456,-0.06004898801082881,UN DESA
10_MAS,Malaysia,1966.0,Estimates,net_migration,-33.993,-0.06756089532587228,UN DESA
10_MAS,Malaysia,1967.0,Estimates,net_migration,-42.108,0.23872561998058406,UN DESA
10_MAS,Malaysia,1968.0,Estimates,net_migration,-40.996,-0.026408283461574866,UN DESA
10_MAS,Malaysia,1969.0,Estimates,net_migration,-39.42,-0.038442774904868804,UN DESA
10_MAS,Malaysia,1970.0,Estimates,net_migration,-31.839,-0.19231354642313558,UN DESA
10_MAS,Malaysia,1971.0,Estimates,net_migration,-20.535,-0.35503627626495804,UN DESA
10_MAS,Malaysia,1972.0,Estimates,net_migration,-21.305,0.03749695641587536,UN DESA
10_MAS,Malaysia,1973.0,Estimates,net_migration,-21.995,0.032386763670499974,UN DESA
10_MAS,Malaysia,1974.0,Estimates,net_migration,-21.919,-0.003455330756990227,UN DESA
10_MAS,Malaysia,1975.0,Estimates,net_migration,-20.48,-0.06565080523746525,UN DESA
10_MAS,Malaysia,1976.0,Estimates,net_migration,-18.316,-0.10566406250000004,UN DESA
10_MAS,Malaysia,1977.0,Estimates,net_migration,-16.601,-0.09363398121860667,UN DESA
10_MAS,Malaysia,1978.0,Estimates,net_migration,-15.059,-0.0928859707246551,UN DESA
10_MAS,Malaysia,1979.0,Estimates,net_migration,-13.98,-0.07165150408393639,UN DESA
10_MAS,Malaysia,1980.0,Estimates,net_migration,80.617,-6.766595135908441,UN DESA
10_MAS,Malaysia,1981.0,Estimates,net_migration,84.142,0.04372526886388717,UN DESA
10_MAS,Malaysia,1982.0,Estimates,net_migration,89.942,0.06893109267666553,UN DESA
10_MAS,Malaysia,1983.0,Estimates,net_migration,97.862,0.08805674768183946,UN DESA
10_MAS,Malaysia,1984.0,Estimates,net_migration,106.248,0.08569209703459979,UN DESA
10_MAS,Malaysia,1985.0,Estimates,net_migration,120.215,0.1314565921240871,UN DESA
10_MAS,Malaysia,1986.0,Estimates,net_migration,127.081,0.057114336813209654,UN DESA
10_MAS,Malaysia,1987.0,Estimates,net_migration,137.759,0.08402514931421678,UN DESA
10_MAS,Malaysia,1988.0,Estimates,net_migration,133.478,-0.031076009552914674,UN DESA
10_MAS,Malaysia,1989.0,Estimates,net_migration,143.544,0.07541317670327685,UN DESA
10_MAS,Malaysia,1990.0,Estimates,net_migration,135.02,-0.05938248899292198,UN DESA
10_MAS,Malaysia,1991.0,Estimates,net_migration,97.111,-0.2807658124722263,UN DESA
10_MAS,Malaysia,1992.0,Estimates,net_migration,66.286,-0.3174202716479081,UN DESA
10_MAS,Malaysia,1993.0,Estimates,net_migration,61.079,-0.07855354071749687,UN DESA
10_MAS,Malaysia,1994.0,Estimates,net_migration,66.685,0.09178277312988103,UN DESA
10_MAS,Malaysia,1995.0,Estimates,net_migration,72.393,0.08559646097323226,UN DESA
10_MAS,Malaysia,1996.0,Estimates,net_migration,73.04,0.008937328194714933,UN DESA
10_MAS,Malaysia,1997.0,Estimates,net_migration,79.266,0.08524096385542168,UN DESA
10_MAS,Malaysia,1998.0,Estimates,net_migration,99.639,0.2570206645976836,UN DESA
10_MAS,Malaysia,1999.0,Estimates,net_migration,89.335,-0.10341332209275489,UN DESA
10_MAS,Malaysia,2000.0,Estimates,net_migration,125.499,0.404813343034645,UN DESA
10_MAS,Malaysia,2001.0,Estimates,net_migration,173.613,0.38338154088877197,UN DESA
10_MAS,Malaysia,2002.0,Estimates,net_migration,196.227,0.1302552228231757,UN DESA
10_MAS,Malaysia,2003.0,Estimates,net_migration,199.51,0.01673062320679608,UN DESA
10_MAS,Malaysia,2004.0,Estimates,net_migration,212.278,0.06399679214074494,UN DESA
10_MAS,Malaysia,2005.0,Estimates,net_migration,225.864,0.06400097984718167,UN DESA
10_MAS,Malaysia,2006.0,Estimates,net_migration,232.971,0.03146583784932533,UN DESA
10_MAS,Malaysia,2007.0,Estimates,net_migration,229.784,-0.013679814225804998,UN DESA
10_MAS,Malaysia,2008.0,Estimates,net_migration,202.481,-0.11882028339658113,UN DESA
10_MAS,Malaysia,2009.0,Estimates,net_migration,178.41,-0.11888029000251876,UN DESA
10_MAS,Malaysia,2010.0,Estimates,net_migration,157.164,-0.11908525306877427,UN DESA
10_MAS,Malaysia,2011.0,Estimates,net_migration,122.269,-0.22202921788704788,UN DESA
10_MAS,Malaysia,2012.0,Estimates,net_migration,134.975,0.10391840940876262,UN DESA
10_MAS,Malaysia,2013.0,Estimates,net_migration,149.637,0.10862752361548433,UN DESA
10_MAS,Malaysia,2014.0,Estimates,net_migration,159.791,0.06785754860094761,UN DESA
10_MAS,Malaysia,2015.0,Estimates,net_migration,187.663,0.1744278463743265,UN DESA
10_MAS,Malaysia,2016.0,Estimates,net_migration,222.141,0.18372295018197504,UN DESA
10_MAS,Malaysia,2017.0,Estimates,net_migration,227.677,0.02492110866521724,UN DESA
10_MAS,Malaysia,2018.0,Estimates,net_migration,221.965,-0.025088173157587268,UN DESA
10_MAS,Malaysia,2019.0,Estimates,net_migration,203.284,-0.08416191741941303,UN DESA
10_MAS,Malaysia,2020.0,Estimates,net_migration,101.907,-0.4986964050294169,UN DESA
10_MAS,Malaysia,2021.0,Estimates,net_migration,188.506,0.8497846075343205,UN DESA
10_MAS,Malaysia,2022.0,Estimates,net_migration,188.154,-0.0018673145682365222,UN DESA
10_MAS,Malaysia,2023.0,Estimates,net_migration,181.071,-0.037644695302783915,UN DESA
10_MAS,Malaysia,2024.0,High,net_migration,174.77,-0.03479850445405386,UN DESA
10_MAS,Malaysia,2025.0,High,net_migration,166.615,-0.04666132631458486,UN DESA
10_MAS,Malaysia,2026.0,High,net_migration,159.001,-0.045698166431593856,UN DESA
10_MAS,Malaysia,2027.0,High,net_migration,160.875,0.011786089395664057,UN DESA
10_MAS,Malaysia,2028.0,High,net_migration,162.191,0.008180264180264185,UN DESA
10_MAS,Malaysia,2029.0,High,net_migration,155.721,-0.03989123934127048,UN DESA
10_MAS,Malaysia,2030.0,High,net_migration,160.776,0.03246190301886065,UN DESA
10_MAS,Malaysia,2031.0,High,net_migration,160.45,-0.0020276658207694087,UN DESA
10_MAS,Malaysia,2032.0,High,net_migration,158.157,-0.014291056403863966,UN DESA
10_MAS,Malaysia,2033.0,High,net_migration,146.574,-0.07323735275707044,UN DESA
10_MAS,Malaysia,2034.0,High,net_migration,148.092,0.010356543452453959,UN DESA
10_MAS,Malaysia,2035.0,High,net_migration,149.605,0.010216622099775696,UN DESA
10_MAS,Malaysia,2036.0,High,net_migration,146.827,-0.018568898098325515,UN DESA
10_MAS,Malaysia,2037.0,High,net_migration,145.33,-0.010195672458062743,UN DESA
10_MAS,Malaysia,2038.0,High,net_migration,147.648,0.01594990710796118,UN DESA
10_MAS,Malaysia,2039.0,High,net_migration,137.272,-0.07027524924143913,UN DESA
10_MAS,Malaysia,2040.0,High,net_migration,139.587,0.01686432775802782,UN DESA
10_MAS,Malaysia,2041.0,High,net_migration,138.366,-0.00874723290850854,UN DESA
10_MAS,Malaysia,2042.0,High,net_migration,145.515,0.05166731711547623,UN DESA
10_MAS,Malaysia,2043.0,High,net_migration,143.602,-0.01314641102291847,UN DESA
10_MAS,Malaysia,2044.0,High,net_migration,134.549,-0.06304229746103818,UN DESA
10_MAS,Malaysia,2045.0,High,net_migration,133.195,-0.010063248333321062,UN DESA
10_MAS,Malaysia,2046.0,High,net_migration,137.324,0.030999662149480134,UN DESA
10_MAS,Malaysia,2047.0,High,net_migration,136.254,-0.007791791675162529,UN DESA
10_MAS,Malaysia,2048.0,High,net_migration,126.766,-0.06963465292762039,UN DESA
10_MAS,Malaysia,2049.0,High,net_migration,123.126,-0.028714324030102767,UN DESA
10_MAS,Malaysia,2050.0,High,net_migration,129.149,0.04891736919903189,UN DESA
10_MAS,Malaysia,2051.0,High,net_migration,121.676,-0.0578633980905775,UN DESA
10_MAS,Malaysia,2052.0,High,net_migration,121.897,0.0018162990236365584,UN DESA
10_MAS,Malaysia,2053.0,High,net_migration,121.194,-0.005767164081150522,UN DESA
10_MAS,Malaysia,2054.0,High,net_migration,114.203,-0.05768437381388514,UN DESA
10_MAS,Malaysia,2055.0,High,net_migration,105.781,-0.0737458735760006,UN DESA
10_MAS,Malaysia,2056.0,High,net_migration,108.751,0.028076875809455393,UN DESA
10_MAS,Malaysia,2057.0,High,net_migration,106.806,-0.017884893012478087,UN DESA
10_MAS,Malaysia,2058.0,High,net_migration,106.783,-0.00021534370728237828,UN DESA
10_MAS,Malaysia,2059.0,High,net_migration,111.341,0.042684697002331795,UN DESA
10_MAS,Malaysia,2060.0,High,net_migration,104.421,-0.06215140873532654,UN DESA
10_MAS,Malaysia,2061.0,High,net_migration,103.68,-0.0070962737380412255,UN DESA
10_MAS,Malaysia,2062.0,High,net_migration,94.913,-0.08455825617283963,UN DESA
10_MAS,Malaysia,2063.0,High,net_migration,90.201,-0.04964546479407461,UN DESA
10_MAS,Malaysia,2064.0,High,net_migration,94.688,0.04974445959579166,UN DESA
10_MAS,Malaysia,2065.0,High,net_migration,85.509,-0.09693942210206152,UN DESA
10_MAS,Malaysia,2066.0,High,net_migration,82.996,-0.029388719316095435,UN DESA
10_MAS,Malaysia,2067.0,High,net_migration,81.467,-0.018422574581907547,UN DESA
10_MAS,Malaysia,2068.0,High,net_migration,80.718,-0.009193906735242452,UN DESA
10_MAS,Malaysia,2069.0,High,net_migration,87.779,0.08747739042097158,UN DESA
10_MAS,Malaysia,2070.0,High,net_migration,87.304,-0.005411317057610554,UN DESA
10_MAS,Malaysia,2071.0,High,net_migration,89.413,0.02415696875286355,UN DESA
10_MAS,Malaysia,2072.0,High,net_migration,87.608,-0.02018722109760318,UN DESA
10_MAS,Malaysia,2073.0,High,net_migration,81.969,-0.06436626792073796,UN DESA
10_MAS,Malaysia,2074.0,High,net_migration,86.149,0.05099488831143484,UN DESA
10_MAS,Malaysia,2075.0,High,net_migration,83.989,-0.025072838918617668,UN DESA
10_MAS,Malaysia,2076.0,High,net_migration,90.353,0.07577182726309384,UN DESA
10_MAS,Malaysia,2077.0,High,net_migration,77.322,-0.14422321339634536,UN DESA
10_MAS,Malaysia,2078.0,High,net_migration,75.592,-0.02237396859884644,UN DESA
10_MAS,Malaysia,2079.0,High,net_migration,74.412,-0.01561011747274832,UN DESA
10_MAS,Malaysia,2080.0,High,net_migration,64.671,-0.13090630543460735,UN DESA
10_MAS,Malaysia,2081.0,High,net_migration,72.125,0.11526031760758282,UN DESA
10_MAS,Malaysia,2082.0,High,net_migration,70.508,-0.022419410745234014,UN DESA
10_MAS,Malaysia,2083.0,High,net_migration,67.497,-0.04270437397174787,UN DESA
10_MAS,Malaysia,2084.0,High,net_migration,72.13,0.06864008770760166,UN DESA
10_MAS,Malaysia,2085.0,High,net_migration,72.961,0.011520865104672096,UN DESA
10_MAS,Malaysia,2086.0,High,net_migration,67.457,-0.07543756253340828,UN DESA
10_MAS,Malaysia,2087.0,High,net_migration,69.2,0.025838682419912162,UN DESA
10_MAS,Malaysia,2088.0,High,net_migration,68.873,-0.004725433526011513,UN DESA
10_MAS,Malaysia,2089.0,High,net_migration,70.31,0.020864489712949963,UN DESA
10_MAS,Malaysia,2090.0,High,net_migration,69.508,-0.011406627791210489,UN DESA
10_MAS,Malaysia,2091.0,High,net_migration,71.028,0.021867986418829588,UN DESA
10_MAS,Malaysia,2092.0,High,net_migration,69.865,-0.016373824407276194,UN DESA
10_MAS,Malaysia,2093.0,High,net_migration,65.884,-0.05698132111930143,UN DESA
10_MAS,Malaysia,2094.0,High,net_migration,68.02,0.03242061805597718,UN DESA
10_MAS,Malaysia,2095.0,High,net_migration,65.055,-0.043590120552778444,UN DESA
10_MAS,Malaysia,2096.0,High,net_migration,63.976,-0.01658596572131288,UN DESA
10_MAS,Malaysia,2097.0,High,net_migration,66.103,0.03324684256596222,UN DESA
10_MAS,Malaysia,2098.0,High,net_migration,68.831,0.041268928792944415,UN DESA
10_MAS,Malaysia,2099.0,High,net_migration,66.183,-0.038471037759149174,UN DESA
10_MAS,Malaysia,2100.0,High,net_migration,55.466,-0.16192980070410834,UN DESA
11_MEX,Mexico,1950.0,Estimates,net_migration,-48.982,,UN DESA
11_MEX,Mexico,1951.0,Estimates,net_migration,-50.975,0.04068841615287244,UN DESA
11_MEX,Mexico,1952.0,Estimates,net_migration,-53.886,0.057106424717999094,UN DESA
11_MEX,Mexico,1953.0,Estimates,net_migration,-57.82,0.07300597557807209,UN DESA
11_MEX,Mexico,1954.0,Estimates,net_migration,-59.922,0.03635420269802836,UN DESA
11_MEX,Mexico,1955.0,Estimates,net_migration,-62.377,0.040969927572511056,UN DESA
11_MEX,Mexico,1956.0,Estimates,net_migration,-66.914,0.0727351427609535,UN DESA
11_MEX,Mexico,1957.0,Estimates,net_migration,-71.937,0.07506650327285769,UN DESA
11_MEX,Mexico,1958.0,Estimates,net_migration,-76.576,0.06448698166451194,UN DESA
11_MEX,Mexico,1959.0,Estimates,net_migration,-81.145,0.05966621395737581,UN DESA
11_MEX,Mexico,1960.0,Estimates,net_migration,-85.591,0.054790806580812035,UN DESA
11_MEX,Mexico,1961.0,Estimates,net_migration,-56.174,-0.3436926779684779,UN DESA
11_MEX,Mexico,1962.0,Estimates,net_migration,-59.833,0.06513689607291617,UN DESA
11_MEX,Mexico,1963.0,Estimates,net_migration,-66.515,0.11167750238162899,UN DESA
11_MEX,Mexico,1964.0,Estimates,net_migration,-72.581,0.09119747425392766,UN DESA
11_MEX,Mexico,1965.0,Estimates,net_migration,-78.288,0.07862939336741004,UN DESA
11_MEX,Mexico,1966.0,Estimates,net_migration,-87.018,0.11151134273451868,UN DESA
11_MEX,Mexico,1967.0,Estimates,net_migration,-98.68,0.13401824909788784,UN DESA
11_MEX,Mexico,1968.0,Estimates,net_migration,-116.358,0.17914471017430067,UN DESA
11_MEX,Mexico,1969.0,Estimates,net_migration,-137.051,0.17783908283057448,UN DESA
11_MEX,Mexico,1970.0,Estimates,net_migration,-164.1,0.19736448475385093,UN DESA
11_MEX,Mexico,1971.0,Estimates,net_migration,-185.062,0.12773918342474122,UN DESA
11_MEX,Mexico,1972.0,Estimates,net_migration,-193.965,0.04810820157568818,UN DESA
11_MEX,Mexico,1973.0,Estimates,net_migration,-200.688,0.03466089242904635,UN DESA
11_MEX,Mexico,1974.0,Estimates,net_migration,-207.995,0.036409750458423096,UN DESA
11_MEX,Mexico,1975.0,Estimates,net_migration,-216.556,0.041159643260655354,UN DESA
11_MEX,Mexico,1976.0,Estimates,net_migration,-229.45,0.059541181034004964,UN DESA
11_MEX,Mexico,1977.0,Estimates,net_migration,-239.521,0.04389191544998905,UN DESA
11_MEX,Mexico,1978.0,Estimates,net_migration,-243.714,0.017505771936489944,UN DESA
11_MEX,Mexico,1979.0,Estimates,net_migration,-246.034,0.009519354653405143,UN DESA
11_MEX,Mexico,1980.0,Estimates,net_migration,-252.177,0.024968093840688654,UN DESA
11_MEX,Mexico,1981.0,Estimates,net_migration,-361.791,0.43467088592536207,UN DESA
11_MEX,Mexico,1982.0,Estimates,net_migration,-382.048,0.05599088976784938,UN DESA
11_MEX,Mexico,1983.0,Estimates,net_migration,-402.937,0.05467637574336215,UN DESA
11_MEX,Mexico,1984.0,Estimates,net_migration,-425.467,0.0559144481643532,UN DESA
11_MEX,Mexico,1985.0,Estimates,net_migration,-445.447,0.04696016377298351,UN DESA
11_MEX,Mexico,1986.0,Estimates,net_migration,-451.756,0.014163301133468087,UN DESA
11_MEX,Mexico,1987.0,Estimates,net_migration,-415.521,-0.08020922799033092,UN DESA
11_MEX,Mexico,1988.0,Estimates,net_migration,-374.544,-0.09861595442829607,UN DESA
11_MEX,Mexico,1989.0,Estimates,net_migration,-386.467,0.031833376051945805,UN DESA
11_MEX,Mexico,1990.0,Estimates,net_migration,-321.764,-0.16742179798016388,UN DESA
11_MEX,Mexico,1991.0,Estimates,net_migration,-326.691,0.0153124650364862,UN DESA
11_MEX,Mexico,1992.0,Estimates,net_migration,-344.313,0.05394087991404728,UN DESA
11_MEX,Mexico,1993.0,Estimates,net_migration,-358.039,0.03986489037590801,UN DESA
11_MEX,Mexico,1994.0,Estimates,net_migration,-354.573,-0.009680509665148218,UN DESA
11_MEX,Mexico,1995.0,Estimates,net_migration,-340.091,-0.04084349344140692,UN DESA
11_MEX,Mexico,1996.0,Estimates,net_migration,-343.399,0.00972680841304241,UN DESA
11_MEX,Mexico,1997.0,Estimates,net_migration,-340.546,-0.008308119709143025,UN DESA
11_MEX,Mexico,1998.0,Estimates,net_migration,-321.385,-0.05626552653679684,UN DESA
11_MEX,Mexico,1999.0,Estimates,net_migration,-328.773,0.022988005040683435,UN DESA
11_MEX,Mexico,2000.0,Estimates,net_migration,-356.433,0.08413099615844355,UN DESA
11_MEX,Mexico,2001.0,Estimates,net_migration,-378.348,0.06148420600786131,UN DESA
11_MEX,Mexico,2002.0,Estimates,net_migration,-379.812,0.003869453518982491,UN DESA
11_MEX,Mexico,2003.0,Estimates,net_migration,-369.183,-0.02798489779153901,UN DESA
11_MEX,Mexico,2004.0,Estimates,net_migration,-346.912,-0.060325096225990915,UN DESA
11_MEX,Mexico,2005.0,Estimates,net_migration,-310.278,-0.10560026750299778,UN DESA
11_MEX,Mexico,2006.0,Estimates,net_migration,-244.14,-0.21315723319088054,UN DESA
11_MEX,Mexico,2007.0,Estimates,net_migration,-105.524,-0.5677725894978292,UN DESA
11_MEX,Mexico,2008.0,Estimates,net_migration,-50.347,-0.5228857890148213,UN DESA
11_MEX,Mexico,2009.0,Estimates,net_migration,-30.809,-0.38806681629491324,UN DESA
11_MEX,Mexico,2010.0,Estimates,net_migration,-40.845,0.32574896945697684,UN DESA
11_MEX,Mexico,2011.0,Estimates,net_migration,-37.826,-0.07391357571306156,UN DESA
11_MEX,Mexico,2012.0,Estimates,net_migration,-128.485,2.3967376936498708,UN DESA
11_MEX,Mexico,2013.0,Estimates,net_migration,-120.058,-0.06558742265634121,UN DESA
11_MEX,Mexico,2014.0,Estimates,net_migration,-228.816,0.9058788252344698,UN DESA
11_MEX,Mexico,2015.0,Estimates,net_migration,-291.044,0.2719565065380043,UN DESA
11_MEX,Mexico,2016.0,Estimates,net_migration,-304.472,0.04613735380217432,UN DESA
11_MEX,Mexico,2017.0,Estimates,net_migration,-227.499,-0.2528081399931684,UN DESA
11_MEX,Mexico,2018.0,Estimates,net_migration,-175.356,-0.22920100747695593,UN DESA
11_MEX,Mexico,2019.0,Estimates,net_migration,-169.628,-0.03266497867195883,UN DESA
11_MEX,Mexico,2020.0,Estimates,net_migration,-147.456,-0.13070955266819162,UN DESA
11_MEX,Mexico,2021.0,Estimates,net_migration,-122.791,-0.16727023654513884,UN DESA
11_MEX,Mexico,2022.0,Estimates,net_migration,-108.438,-0.11688967432466546,UN DESA
11_MEX,Mexico,2023.0,Estimates,net_migration,-101.044,-0.06818642911156614,UN DESA
11_MEX,Mexico,2024.0,High,net_migration,-104.581,0.035004552472190475,UN DESA
11_MEX,Mexico,2025.0,High,net_migration,-108.037,0.033046155611439865,UN DESA
11_MEX,Mexico,2026.0,High,net_migration,-109.844,0.01672575136295884,UN DESA
11_MEX,Mexico,2027.0,High,net_migration,-107.783,-0.018762972943446976,UN DESA
11_MEX,Mexico,2028.0,High,net_migration,-106.582,-0.011142759062189866,UN DESA
11_MEX,Mexico,2029.0,High,net_migration,-107.881,0.012187799065508376,UN DESA
11_MEX,Mexico,2030.0,High,net_migration,-106.319,-0.01447891658401379,UN DESA
11_MEX,Mexico,2031.0,High,net_migration,-106.707,0.003649394746000123,UN DESA
11_MEX,Mexico,2032.0,High,net_migration,-104.714,-0.018677312641157462,UN DESA
11_MEX,Mexico,2033.0,High,net_migration,-102.589,-0.020293370513971398,UN DESA
11_MEX,Mexico,2034.0,High,net_migration,-108.562,0.05822261645985427,UN DESA
11_MEX,Mexico,2035.0,High,net_migration,-103.866,-0.04325638805475207,UN DESA
11_MEX,Mexico,2036.0,High,net_migration,-107.167,0.03178133364142255,UN DESA
11_MEX,Mexico,2037.0,High,net_migration,-102.145,-0.04686144055539487,UN DESA
11_MEX,Mexico,2038.0,High,net_migration,-104.893,0.026902932106319444,UN DESA
11_MEX,Mexico,2039.0,High,net_migration,-109.319,0.04219538005395984,UN DESA
11_MEX,Mexico,2040.0,High,net_migration,-106.91,-0.022036425507002466,UN DESA
11_MEX,Mexico,2041.0,High,net_migration,-101.265,-0.05280142175661773,UN DESA
11_MEX,Mexico,2042.0,High,net_migration,-100.071,-0.011790845800622174,UN DESA
11_MEX,Mexico,2043.0,High,net_migration,-102.092,0.020195661080632865,UN DESA
11_MEX,Mexico,2044.0,High,net_migration,-98.273,-0.03740743642988675,UN DESA
11_MEX,Mexico,2045.0,High,net_migration,-101.019,0.027942568151984926,UN DESA
11_MEX,Mexico,2046.0,High,net_migration,-100.678,-0.0033756026094101665,UN DESA
11_MEX,Mexico,2047.0,High,net_migration,-101.164,0.004827271101929043,UN DESA
11_MEX,Mexico,2048.0,High,net_migration,-94.658,-0.06431141512791116,UN DESA
11_MEX,Mexico,2049.0,High,net_migration,-103.334,0.09165627839168367,UN DESA
11_MEX,Mexico,2050.0,High,net_migration,-98.661,-0.045222288888458806,UN DESA
11_MEX,Mexico,2051.0,High,net_migration,-99.809,0.011635803407628043,UN DESA
11_MEX,Mexico,2052.0,High,net_migration,-98.326,-0.014858379504854358,UN DESA
11_MEX,Mexico,2053.0,High,net_migration,-99.27,0.009600715985598862,UN DESA
11_MEX,Mexico,2054.0,High,net_migration,-98.484,-0.007917799939558767,UN DESA
11_MEX,Mexico,2055.0,High,net_migration,-98.442,-0.00042646521262335035,UN DESA
11_MEX,Mexico,2056.0,High,net_migration,-97.14,-0.013226062046687304,UN DESA
11_MEX,Mexico,2057.0,High,net_migration,-94.514,-0.027033148033765775,UN DESA
11_MEX,Mexico,2058.0,High,net_migration,-90.746,-0.039867109634551534,UN DESA
11_MEX,Mexico,2059.0,High,net_migration,-92.563,0.02002292112049031,UN DESA
11_MEX,Mexico,2060.0,High,net_migration,-95.031,0.02666292146970184,UN DESA
11_MEX,Mexico,2061.0,High,net_migration,-90.568,-0.046963622396902105,UN DESA
11_MEX,Mexico,2062.0,High,net_migration,-91.988,0.015678826958749337,UN DESA
11_MEX,Mexico,2063.0,High,net_migration,-91.584,-0.004391877201374017,UN DESA
11_MEX,Mexico,2064.0,High,net_migration,-91.817,0.002544112508735097,UN DESA
11_MEX,Mexico,2065.0,High,net_migration,-93.704,0.020551749675985942,UN DESA
11_MEX,Mexico,2066.0,High,net_migration,-90.131,-0.038130709468112256,UN DESA
11_MEX,Mexico,2067.0,High,net_migration,-88.325,-0.02003750097080914,UN DESA
11_MEX,Mexico,2068.0,High,net_migration,-89.429,0.012499292386074057,UN DESA
11_MEX,Mexico,2069.0,High,net_migration,-87.101,-0.02603182412863836,UN DESA
11_MEX,Mexico,2070.0,High,net_migration,-90.688,0.04118207598075796,UN DESA
11_MEX,Mexico,2071.0,High,net_migration,-84.846,-0.06441866619618908,UN DESA
11_MEX,Mexico,2072.0,High,net_migration,-87.396,0.03005445159465392,UN DESA
11_MEX,Mexico,2073.0,High,net_migration,-89.097,0.019463133324179482,UN DESA
11_MEX,Mexico,2074.0,High,net_migration,-85.737,-0.037711707464897826,UN DESA
11_MEX,Mexico,2075.0,High,net_migration,-83.489,-0.02621971844127957,UN DESA
11_MEX,Mexico,2076.0,High,net_migration,-81.903,-0.01899651451089368,UN DESA
11_MEX,Mexico,2077.0,High,net_migration,-81.395,-0.006202459006385719,UN DESA
11_MEX,Mexico,2078.0,High,net_migration,-80.711,-0.008403464586276721,UN DESA
11_MEX,Mexico,2079.0,High,net_migration,-82.031,0.01635464806531961,UN DESA
11_MEX,Mexico,2080.0,High,net_migration,-80.37,-0.020248442661920496,UN DESA
11_MEX,Mexico,2081.0,High,net_migration,-81.747,0.017133258678611263,UN DESA
11_MEX,Mexico,2082.0,High,net_migration,-74.017,-0.0945600450169426,UN DESA
11_MEX,Mexico,2083.0,High,net_migration,-76.374,0.0318440358296066,UN DESA
11_MEX,Mexico,2084.0,High,net_migration,-76.91,0.007018095163275451,UN DESA
11_MEX,Mexico,2085.0,High,net_migration,-78.916,0.026082434013782407,UN DESA
11_MEX,Mexico,2086.0,High,net_migration,-75.356,-0.0451112575396625,UN DESA
11_MEX,Mexico,2087.0,High,net_migration,-71.747,-0.04789266946228565,UN DESA
11_MEX,Mexico,2088.0,High,net_migration,-68.778,-0.041381521178585734,UN DESA
11_MEX,Mexico,2089.0,High,net_migration,-71.106,0.03384803280118631,UN DESA
11_MEX,Mexico,2090.0,High,net_migration,-71.251,0.002039209068152026,UN DESA
11_MEX,Mexico,2091.0,High,net_migration,-73.644,0.03358549353693285,UN DESA
11_MEX,Mexico,2092.0,High,net_migration,-68.692,-0.06724240942914583,UN DESA
11_MEX,Mexico,2093.0,High,net_migration,-73.836,0.07488499388575098,UN DESA
11_MEX,Mexico,2094.0,High,net_migration,-70.481,-0.04543853946584331,UN DESA
11_MEX,Mexico,2095.0,High,net_migration,-68.859,-0.0230132943630198,UN DESA
11_MEX,Mexico,2096.0,High,net_migration,-66.116,-0.039835025196415796,UN DESA
11_MEX,Mexico,2097.0,High,net_migration,-67.059,0.014262810817351257,UN DESA
11_MEX,Mexico,2098.0,High,net_migration,-65.228,-0.027304314111454175,UN DESA
11_MEX,Mexico,2099.0,High,net_migration,-64.846,-0.005856380695406727,UN DESA
11_MEX,Mexico,2100.0,High,net_migration,-64.427,-0.006461462542022622,UN DESA
12_NZ,New Zealand,1950.0,Estimates,net_migration,6.098,,UN DESA
12_NZ,New Zealand,1951.0,Estimates,net_migration,11.551,0.894227615611676,UN DESA
12_NZ,New Zealand,1952.0,Estimates,net_migration,17.971,0.5557960349753268,UN DESA
12_NZ,New Zealand,1953.0,Estimates,net_migration,16.376,-0.08875410383395466,UN DESA
12_NZ,New Zealand,1954.0,Estimates,net_migration,10.252,-0.37396189545676606,UN DESA
12_NZ,New Zealand,1955.0,Estimates,net_migration,7.768,-0.24229418650019519,UN DESA
12_NZ,New Zealand,1956.0,Estimates,net_migration,9.171,0.18061277033985568,UN DESA
12_NZ,New Zealand,1957.0,Estimates,net_migration,14.068,0.533965761639952,UN DESA
12_NZ,New Zealand,1958.0,Estimates,net_migration,11.633,-0.17308785897071377,UN DESA
12_NZ,New Zealand,1959.0,Estimates,net_migration,5.056,-0.5653743660276798,UN DESA
12_NZ,New Zealand,1960.0,Estimates,net_migration,3.846,-0.23931962025316456,UN DESA
12_NZ,New Zealand,1961.0,Estimates,net_migration,10.689,1.7792511700468019,UN DESA
12_NZ,New Zealand,1962.0,Estimates,net_migration,12.697,0.18785667508653758,UN DESA
12_NZ,New Zealand,1963.0,Estimates,net_migration,10.226,-0.1946129006852011,UN DESA
12_NZ,New Zealand,1964.0,Estimates,net_migration,9.806,-0.04107177782124016,UN DESA
12_NZ,New Zealand,1965.0,Estimates,net_migration,9.245,-0.05720987150724044,UN DESA
12_NZ,New Zealand,1966.0,Estimates,net_migration,9.161,-0.009085992428339629,UN DESA
12_NZ,New Zealand,1967.0,Estimates,net_migration,-2.289,-1.2498635520139723,UN DESA
12_NZ,New Zealand,1968.0,Estimates,net_migration,-11.853,4.1782437745740495,UN DESA
12_NZ,New Zealand,1969.0,Estimates,net_migration,-5.212,-0.5602800978655194,UN DESA
12_NZ,New Zealand,1970.0,Estimates,net_migration,4.511,-1.8655026861089792,UN DESA
12_NZ,New Zealand,1971.0,Estimates,net_migration,7.547,0.6730215029926845,UN DESA
12_NZ,New Zealand,1972.0,Estimates,net_migration,17.779,1.355770504836359,UN DESA
12_NZ,New Zealand,1973.0,Estimates,net_migration,28.261,0.5895719669272736,UN DESA
12_NZ,New Zealand,1974.0,Estimates,net_migration,27.58,-0.024096811860868317,UN DESA
12_NZ,New Zealand,1975.0,Estimates,net_migration,13.196,-0.5215373459028281,UN DESA
12_NZ,New Zealand,1976.0,Estimates,net_migration,-9.138,-1.6924825704759017,UN DESA
12_NZ,New Zealand,1977.0,Estimates,net_migration,-22.697,1.483803895819654,UN DESA
12_NZ,New Zealand,1978.0,Estimates,net_migration,-28.783,0.2681411640304887,UN DESA
12_NZ,New Zealand,1979.0,Estimates,net_migration,-26.694,-0.07257756314491204,UN DESA
12_NZ,New Zealand,1980.0,Estimates,net_migration,-15.423,-0.42222971454259384,UN DESA
12_NZ,New Zealand,1981.0,Estimates,net_migration,-7.606,-0.5068404331193672,UN DESA
12_NZ,New Zealand,1982.0,Estimates,net_migration,7.982,-2.049434656849855,UN DESA
12_NZ,New Zealand,1983.0,Estimates,net_migration,11.464,0.4362315209220746,UN DESA
12_NZ,New Zealand,1984.0,Estimates,net_migration,-0.901,-1.0785938590369852,UN DESA
12_NZ,New Zealand,1985.0,Estimates,net_migration,-13.462,13.941176470588236,UN DESA
12_NZ,New Zealand,1986.0,Estimates,net_migration,-10.234,-0.23978606447778927,UN DESA
12_NZ,New Zealand,1987.0,Estimates,net_migration,-7.631,-0.2543482509282783,UN DESA
12_NZ,New Zealand,1988.0,Estimates,net_migration,-17.005,1.228410431136155,UN DESA
12_NZ,New Zealand,1989.0,Estimates,net_migration,-8.818,-0.4814466333431343,UN DESA
12_NZ,New Zealand,1990.0,Estimates,net_migration,70.432,-8.98729870718984,UN DESA
12_NZ,New Zealand,1991.0,Estimates,net_migration,31.156,-0.557644252612449,UN DESA
12_NZ,New Zealand,1992.0,Estimates,net_migration,6.46,-0.7926563101810244,UN DESA
12_NZ,New Zealand,1993.0,Estimates,net_migration,12.638,0.9563467492260063,UN DESA
12_NZ,New Zealand,1994.0,Estimates,net_migration,20.42,0.6157619876562748,UN DESA
12_NZ,New Zealand,1995.0,Estimates,net_migration,26.743,0.30964740450538675,UN DESA
12_NZ,New Zealand,1996.0,Estimates,net_migration,25.169,-0.058856523202333255,UN DESA
12_NZ,New Zealand,1997.0,Estimates,net_migration,12.04,-0.5216337558107196,UN DESA
12_NZ,New Zealand,1998.0,Estimates,net_migration,-1.387,-1.1151993355481729,UN DESA
12_NZ,New Zealand,1999.0,Estimates,net_migration,-7.634,4.503965392934391,UN DESA
12_NZ,New Zealand,2000.0,Estimates,net_migration,-6.604,-0.1349227141734347,UN DESA
12_NZ,New Zealand,2001.0,Estimates,net_migration,17.793,-3.6942761962447,UN DESA
12_NZ,New Zealand,2002.0,Estimates,net_migration,48.195,1.7086494688922613,UN DESA
12_NZ,New Zealand,2003.0,Estimates,net_migration,42.456,-0.11907874260815432,UN DESA
12_NZ,New Zealand,2004.0,Estimates,net_migration,24.521,-0.4224373469003203,UN DESA
12_NZ,New Zealand,2005.0,Estimates,net_migration,19.212,-0.2165082990090127,UN DESA
12_NZ,New Zealand,2006.0,Estimates,net_migration,14.542,-0.24307724338954817,UN DESA
12_NZ,New Zealand,2007.0,Estimates,net_migration,3.053,-0.7900563883922431,UN DESA
12_NZ,New Zealand,2008.0,Estimates,net_migration,4.804,0.5735342286275795,UN DESA
12_NZ,New Zealand,2009.0,Estimates,net_migration,12.7,1.6436303080766024,UN DESA
12_NZ,New Zealand,2010.0,Estimates,net_migration,6.722,-0.4707086614173228,UN DESA
12_NZ,New Zealand,2011.0,Estimates,net_migration,-2.196,-1.326688485569771,UN DESA
12_NZ,New Zealand,2012.0,Estimates,net_migration,-1.015,-0.5377959927140256,UN DESA
12_NZ,New Zealand,2013.0,Estimates,net_migration,26.385,-26.99507389162562,UN DESA
12_NZ,New Zealand,2014.0,Estimates,net_migration,57.974,1.1972332764828497,UN DESA
12_NZ,New Zealand,2015.0,Estimates,net_migration,70.87,0.22244454410597858,UN DESA
12_NZ,New Zealand,2016.0,Estimates,net_migration,75.512,0.06550021165514308,UN DESA
12_NZ,New Zealand,2017.0,Estimates,net_migration,68.349,-0.09485909524314007,UN DESA
12_NZ,New Zealand,2018.0,Estimates,net_migration,59.139,-0.134749593995523,UN DESA
12_NZ,New Zealand,2019.0,Estimates,net_migration,69.77,0.17976293139890753,UN DESA
12_NZ,New Zealand,2020.0,Estimates,net_migration,42.124,-0.39624480435717346,UN DESA
12_NZ,New Zealand,2021.0,Estimates,net_migration,-14.944,-1.354762130851771,UN DESA
12_NZ,New Zealand,2022.0,Estimates,net_migration,21.404,-2.4322805139186294,UN DESA
12_NZ,New Zealand,2023.0,Estimates,net_migration,21.404,0.0,UN DESA
12_NZ,New Zealand,2024.0,High,net_migration,18.766,-0.12324799102971418,UN DESA
12_NZ,New Zealand,2025.0,High,net_migration,17.403,-0.0726313545774272,UN DESA
12_NZ,New Zealand,2026.0,High,net_migration,16.435,-0.0556225938056657,UN DESA
12_NZ,New Zealand,2027.0,High,net_migration,15.359,-0.06547003346516578,UN DESA
12_NZ,New Zealand,2028.0,High,net_migration,13.889,-0.09570935607786968,UN DESA
12_NZ,New Zealand,2029.0,High,net_migration,13.369,-0.03743970048239609,UN DESA
12_NZ,New Zealand,2030.0,High,net_migration,12.297,-0.08018550377739542,UN DESA
12_NZ,New Zealand,2031.0,High,net_migration,12.318,0.0017077335935593574,UN DESA
12_NZ,New Zealand,2032.0,High,net_migration,11.328,-0.08037018996590362,UN DESA
12_NZ,New Zealand,2033.0,High,net_migration,12.142,0.07185734463276838,UN DESA
12_NZ,New Zealand,2034.0,High,net_migration,11.107,-0.08524131115137545,UN DESA
12_NZ,New Zealand,2035.0,High,net_migration,11.925,0.07364724948230861,UN DESA
12_NZ,New Zealand,2036.0,High,net_migration,11.798,-0.010649895178197144,UN DESA
12_NZ,New Zealand,2037.0,High,net_migration,12.106,0.026106119681301942,UN DESA
12_NZ,New Zealand,2038.0,High,net_migration,13.095,0.0816950272592103,UN DESA
12_NZ,New Zealand,2039.0,High,net_migration,12.449,-0.049331806032837044,UN DESA
12_NZ,New Zealand,2040.0,High,net_migration,12.687,0.019118001445899147,UN DESA
12_NZ,New Zealand,2041.0,High,net_migration,14.164,0.11641838101994173,UN DESA
12_NZ,New Zealand,2042.0,High,net_migration,13.665,-0.03523016097147702,UN DESA
12_NZ,New Zealand,2043.0,High,net_migration,12.569,-0.0802049030369556,UN DESA
12_NZ,New Zealand,2044.0,High,net_migration,12.06,-0.04049645954332093,UN DESA
12_NZ,New Zealand,2045.0,High,net_migration,12.079,0.0015754560530680806,UN DESA
12_NZ,New Zealand,2046.0,High,net_migration,11.105,-0.08063581422303168,UN DESA
12_NZ,New Zealand,2047.0,High,net_migration,10.978,-0.011436289959477763,UN DESA
12_NZ,New Zealand,2048.0,High,net_migration,11.741,0.06950264164693021,UN DESA
12_NZ,New Zealand,2049.0,High,net_migration,10.334,-0.11983647048803336,UN DESA
12_NZ,New Zealand,2050.0,High,net_migration,13.647,0.32059221985678343,UN DESA
12_NZ,New Zealand,2051.0,High,net_migration,15.077,0.10478493441782066,UN DESA
12_NZ,New Zealand,2052.0,High,net_migration,12.634,-0.16203488757710416,UN DESA
12_NZ,New Zealand,2053.0,High,net_migration,14.41,0.14057305683077415,UN DESA
12_NZ,New Zealand,2054.0,High,net_migration,14.57,0.011103400416377474,UN DESA
12_NZ,New Zealand,2055.0,High,net_migration,14.495,-0.00514756348661638,UN DESA
12_NZ,New Zealand,2056.0,High,net_migration,12.679,-0.12528458088996197,UN DESA
12_NZ,New Zealand,2057.0,High,net_migration,12.545,-0.010568656834135215,UN DESA
12_NZ,New Zealand,2058.0,High,net_migration,12.533,-0.0009565563969708979,UN DESA
12_NZ,New Zealand,2059.0,High,net_migration,11.996,-0.0428468842256442,UN DESA
12_NZ,New Zealand,2060.0,High,net_migration,11.157,-0.06993997999333113,UN DESA
12_NZ,New Zealand,2061.0,High,net_migration,9.132,-0.18150040333422968,UN DESA
12_NZ,New Zealand,2062.0,High,net_migration,12.055,0.320083223828296,UN DESA
12_NZ,New Zealand,2063.0,High,net_migration,10.142,-0.15868934052260475,UN DESA
12_NZ,New Zealand,2064.0,High,net_migration,11.726,0.15618221258134501,UN DESA
12_NZ,New Zealand,2065.0,High,net_migration,12.47,0.06344874637557552,UN DESA
12_NZ,New Zealand,2066.0,High,net_migration,12.245,-0.018043303929430765,UN DESA
12_NZ,New Zealand,2067.0,High,net_migration,10.933,-0.10714577378521839,UN DESA
12_NZ,New Zealand,2068.0,High,net_migration,10.078,-0.07820360376840763,UN DESA
12_NZ,New Zealand,2069.0,High,net_migration,9.875,-0.02014288549315335,UN DESA
12_NZ,New Zealand,2070.0,High,net_migration,9.506,-0.03736708860759497,UN DESA
12_NZ,New Zealand,2071.0,High,net_migration,9.217,-0.030401851462234397,UN DESA
12_NZ,New Zealand,2072.0,High,net_migration,13.347,0.4480850602148203,UN DESA
12_NZ,New Zealand,2073.0,High,net_migration,10.996,-0.17614445193676476,UN DESA
12_NZ,New Zealand,2074.0,High,net_migration,11.32,0.029465260094579726,UN DESA
12_NZ,New Zealand,2075.0,High,net_migration,11.068,-0.02226148409894002,UN DESA
12_NZ,New Zealand,2076.0,High,net_migration,11.501,0.03912179255511372,UN DESA
12_NZ,New Zealand,2077.0,High,net_migration,12.803,0.11320754716981152,UN DESA
12_NZ,New Zealand,2078.0,High,net_migration,11.637,-0.09107240490510038,UN DESA
12_NZ,New Zealand,2079.0,High,net_migration,11.587,-0.004296640027498522,UN DESA
12_NZ,New Zealand,2080.0,High,net_migration,10.801,-0.06783464227151115,UN DESA
12_NZ,New Zealand,2081.0,High,net_migration,12.204,0.1298953800574021,UN DESA
12_NZ,New Zealand,2082.0,High,net_migration,10.968,-0.1012782694198624,UN DESA
12_NZ,New Zealand,2083.0,High,net_migration,9.993,-0.08889496717724288,UN DESA
12_NZ,New Zealand,2084.0,High,net_migration,10.892,0.08996297408185727,UN DESA
12_NZ,New Zealand,2085.0,High,net_migration,11.262,0.0339698861549762,UN DESA
12_NZ,New Zealand,2086.0,High,net_migration,11.631,0.03276505061267976,UN DESA
12_NZ,New Zealand,2087.0,High,net_migration,11.703,0.006190353366004597,UN DESA
12_NZ,New Zealand,2088.0,High,net_migration,13.627,0.1644022900111084,UN DESA
12_NZ,New Zealand,2089.0,High,net_migration,11.073,-0.18742202979379174,UN DESA
12_NZ,New Zealand,2090.0,High,net_migration,12.877,0.1629188115235256,UN DESA
12_NZ,New Zealand,2091.0,High,net_migration,12.164,-0.055370039605498245,UN DESA
12_NZ,New Zealand,2092.0,High,net_migration,13.349,0.09741861229858606,UN DESA
12_NZ,New Zealand,2093.0,High,net_migration,10.855,-0.1868304741928234,UN DESA
12_NZ,New Zealand,2094.0,High,net_migration,12.145,0.11883924458774753,UN DESA
12_NZ,New Zealand,2095.0,High,net_migration,11.587,-0.04594483326471799,UN DESA
12_NZ,New Zealand,2096.0,High,net_migration,11.11,-0.04116682488996293,UN DESA
12_NZ,New Zealand,2097.0,High,net_migration,11.049,-0.005490549054905536,UN DESA
12_NZ,New Zealand,2098.0,High,net_migration,10.414,-0.05747126436781602,UN DESA
12_NZ,New Zealand,2099.0,High,net_migration,10.553,0.013347416938736423,UN DESA
12_NZ,New Zealand,2100.0,High,net_migration,10.605,0.004927508765280031,UN DESA
13_PNG,Papua New Guinea,1950.0,Estimates,net_migration,-4.845,,UN DESA
13_PNG,Papua New Guinea,1951.0,Estimates,net_migration,-3.849,-0.2055727554179566,UN DESA
13_PNG,Papua New Guinea,1952.0,Estimates,net_migration,-2.908,-0.24447908547674724,UN DESA
13_PNG,Papua New Guinea,1953.0,Estimates,net_migration,-2.044,-0.29711141678129294,UN DESA
13_PNG,Papua New Guinea,1954.0,Estimates,net_migration,-1.294,-0.3669275929549902,UN DESA
13_PNG,Papua New Guinea,1955.0,Estimates,net_migration,-0.605,-0.5324574961360125,UN DESA
13_PNG,Papua New Guinea,1956.0,Estimates,net_migration,0,-1.0,UN DESA
13_PNG,Papua New Guinea,1957.0,Estimates,net_migration,-0.456,,UN DESA
13_PNG,Papua New Guinea,1958.0,Estimates,net_migration,-0.776,0.7017543859649122,UN DESA
13_PNG,Papua New Guinea,1959.0,Estimates,net_migration,-1.438,0.8530927835051545,UN DESA
13_PNG,Papua New Guinea,1960.0,Estimates,net_migration,-2.034,0.4144645340751043,UN DESA
13_PNG,Papua New Guinea,1961.0,Estimates,net_migration,-10.409,4.117502458210423,UN DESA
13_PNG,Papua New Guinea,1962.0,Estimates,net_migration,-12.141,0.16639446632721677,UN DESA
13_PNG,Papua New Guinea,1963.0,Estimates,net_migration,-15.189,0.2510501606127995,UN DESA
13_PNG,Papua New Guinea,1964.0,Estimates,net_migration,-17.73,0.1672921192968595,UN DESA
13_PNG,Papua New Guinea,1965.0,Estimates,net_migration,-18.532,0.04523406655386353,UN DESA
13_PNG,Papua New Guinea,1966.0,Estimates,net_migration,-17.454,-0.05816965249298511,UN DESA
13_PNG,Papua New Guinea,1967.0,Estimates,net_migration,-19.767,0.1325197662426949,UN DESA
13_PNG,Papua New Guinea,1968.0,Estimates,net_migration,-19.188,-0.029291242980725496,UN DESA
13_PNG,Papua New Guinea,1969.0,Estimates,net_migration,-18.994,-0.010110485720241758,UN DESA
13_PNG,Papua New Guinea,1970.0,Estimates,net_migration,-18.773,-0.011635253237864629,UN DESA
13_PNG,Papua New Guinea,1971.0,Estimates,net_migration,-18.945,0.009162094497416451,UN DESA
13_PNG,Papua New Guinea,1972.0,Estimates,net_migration,-20.303,0.07168118237001853,UN DESA
13_PNG,Papua New Guinea,1973.0,Estimates,net_migration,-21.803,0.07388070728463769,UN DESA
13_PNG,Papua New Guinea,1974.0,Estimates,net_migration,-22.771,0.04439755996881156,UN DESA
13_PNG,Papua New Guinea,1975.0,Estimates,net_migration,-23.562,0.034737165693206284,UN DESA
13_PNG,Papua New Guinea,1976.0,Estimates,net_migration,-24.198,0.02699261522790941,UN DESA
13_PNG,Papua New Guinea,1977.0,Estimates,net_migration,-24.722,0.021654682205140885,UN DESA
13_PNG,Papua New Guinea,1978.0,Estimates,net_migration,-25.208,0.01965860367284189,UN DESA
13_PNG,Papua New Guinea,1979.0,Estimates,net_migration,-25.618,0.01626467788003816,UN DESA
13_PNG,Papua New Guinea,1980.0,Estimates,net_migration,-25.638,0.0007807010695606298,UN DESA
13_PNG,Papua New Guinea,1981.0,Estimates,net_migration,-25.383,-0.009946173648490597,UN DESA
13_PNG,Papua New Guinea,1982.0,Estimates,net_migration,-25.355,-0.0011031005003347971,UN DESA
13_PNG,Papua New Guinea,1983.0,Estimates,net_migration,-25.465,0.00433839479392617,UN DESA
13_PNG,Papua New Guinea,1984.0,Estimates,net_migration,-25.487,0.0008639308855291628,UN DESA
13_PNG,Papua New Guinea,1985.0,Estimates,net_migration,-25.47,-0.0006670067093027532,UN DESA
13_PNG,Papua New Guinea,1986.0,Estimates,net_migration,-25.495,0.0009815469179428327,UN DESA
13_PNG,Papua New Guinea,1987.0,Estimates,net_migration,-25.72,0.00882525985487348,UN DESA
13_PNG,Papua New Guinea,1988.0,Estimates,net_migration,-26.232,0.019906687402799328,UN DESA
13_PNG,Papua New Guinea,1989.0,Estimates,net_migration,-19.824,-0.24428179322964305,UN DESA
13_PNG,Papua New Guinea,1990.0,Estimates,net_migration,2.398,-1.1209644874899112,UN DESA
13_PNG,Papua New Guinea,1991.0,Estimates,net_migration,26.83,10.188490408673893,UN DESA
13_PNG,Papua New Guinea,1992.0,Estimates,net_migration,36.622,0.36496459187476704,UN DESA
13_PNG,Papua New Guinea,1993.0,Estimates,net_migration,38.22,0.04363497351318868,UN DESA
13_PNG,Papua New Guinea,1994.0,Estimates,net_migration,39.669,0.03791208791208778,UN DESA
13_PNG,Papua New Guinea,1995.0,Estimates,net_migration,40.962,0.032594721318914166,UN DESA
13_PNG,Papua New Guinea,1996.0,Estimates,net_migration,41.994,0.02519408232019904,UN DESA
13_PNG,Papua New Guinea,1997.0,Estimates,net_migration,42.787,0.018883650045244504,UN DESA
13_PNG,Papua New Guinea,1998.0,Estimates,net_migration,43.091,0.007104961787458786,UN DESA
13_PNG,Papua New Guinea,1999.0,Estimates,net_migration,42.519,-0.01327423359866331,UN DESA
13_PNG,Papua New Guinea,2000.0,Estimates,net_migration,41.855,-0.015616547896234678,UN DESA
13_PNG,Papua New Guinea,2001.0,Estimates,net_migration,41.962,0.0025564448691914876,UN DESA
13_PNG,Papua New Guinea,2002.0,Estimates,net_migration,42.657,0.01656260426099787,UN DESA
13_PNG,Papua New Guinea,2003.0,Estimates,net_migration,43.639,0.02302084065921206,UN DESA
13_PNG,Papua New Guinea,2004.0,Estimates,net_migration,44.811,0.026856710740392753,UN DESA
13_PNG,Papua New Guinea,2005.0,Estimates,net_migration,46.014,0.026846086898306254,UN DESA
13_PNG,Papua New Guinea,2006.0,Estimates,net_migration,47.191,0.025579171556482816,UN DESA
13_PNG,Papua New Guinea,2007.0,Estimates,net_migration,48.203,0.021444767010658783,UN DESA
13_PNG,Papua New Guinea,2008.0,Estimates,net_migration,48.985,0.0162230566562247,UN DESA
13_PNG,Papua New Guinea,2009.0,Estimates,net_migration,49.647,0.013514341124834184,UN DESA
13_PNG,Papua New Guinea,2010.0,Estimates,net_migration,50.106,0.009245271617620565,UN DESA
13_PNG,Papua New Guinea,2011.0,Estimates,net_migration,40.69,-0.18792160619486697,UN DESA
13_PNG,Papua New Guinea,2012.0,Estimates,net_migration,37.893,-0.06873924797247477,UN DESA
13_PNG,Papua New Guinea,2013.0,Estimates,net_migration,35.28,-0.06895732721083048,UN DESA
13_PNG,Papua New Guinea,2014.0,Estimates,net_migration,32.84,-0.06916099773242623,UN DESA
13_PNG,Papua New Guinea,2015.0,Estimates,net_migration,30.58,-0.06881851400730832,UN DESA
13_PNG,Papua New Guinea,2016.0,Estimates,net_migration,28.473,-0.06890124264224984,UN DESA
13_PNG,Papua New Guinea,2017.0,Estimates,net_migration,26.513,-0.06883714396094531,UN DESA
13_PNG,Papua New Guinea,2018.0,Estimates,net_migration,24.684,-0.06898502621355562,UN DESA
13_PNG,Papua New Guinea,2019.0,Estimates,net_migration,22.978,-0.06911359585156374,UN DESA
13_PNG,Papua New Guinea,2020.0,Estimates,net_migration,10.703,-0.5342066324310211,UN DESA
13_PNG,Papua New Guinea,2021.0,Estimates,net_migration,10.703,0.0,UN DESA
13_PNG,Papua New Guinea,2022.0,Estimates,net_migration,-0.787,-1.0735307857610017,UN DESA
13_PNG,Papua New Guinea,2023.0,Estimates,net_migration,-0.787,0.0,UN DESA
13_PNG,Papua New Guinea,2024.0,High,net_migration,-0.707,-0.10165184243964431,UN DESA
13_PNG,Papua New Guinea,2025.0,High,net_migration,-0.284,-0.5983026874115983,UN DESA
13_PNG,Papua New Guinea,2026.0,High,net_migration,-0.534,0.8802816901408455,UN DESA
13_PNG,Papua New Guinea,2027.0,High,net_migration,-1.072,1.0074906367041199,UN DESA
13_PNG,Papua New Guinea,2028.0,High,net_migration,-1.741,0.6240671641791045,UN DESA
13_PNG,Papua New Guinea,2029.0,High,net_migration,-1.714,-0.015508328546812278,UN DESA
13_PNG,Papua New Guinea,2030.0,High,net_migration,-1.184,-0.30921820303383896,UN DESA
13_PNG,Papua New Guinea,2031.0,High,net_migration,-2.337,0.9738175675675678,UN DESA
13_PNG,Papua New Guinea,2032.0,High,net_migration,-2.512,0.07488232777064607,UN DESA
13_PNG,Papua New Guinea,2033.0,High,net_migration,-3.018,0.20143312101910826,UN DESA
13_PNG,Papua New Guinea,2034.0,High,net_migration,-1.813,-0.39927104042412187,UN DESA
13_PNG,Papua New Guinea,2035.0,High,net_migration,-2.615,0.4423607280750139,UN DESA
13_PNG,Papua New Guinea,2036.0,High,net_migration,-1.25,-0.5219885277246654,UN DESA
13_PNG,Papua New Guinea,2037.0,High,net_migration,-1.338,0.07040000000000002,UN DESA
13_PNG,Papua New Guinea,2038.0,High,net_migration,-1.319,-0.01420029895366226,UN DESA
13_PNG,Papua New Guinea,2039.0,High,net_migration,-1.975,0.49734647460197134,UN DESA
13_PNG,Papua New Guinea,2040.0,High,net_migration,-2.22,0.1240506329113924,UN DESA
13_PNG,Papua New Guinea,2041.0,High,net_migration,-3.116,0.4036036036036035,UN DESA
13_PNG,Papua New Guinea,2042.0,High,net_migration,-2.878,-0.07637997432605903,UN DESA
13_PNG,Papua New Guinea,2043.0,High,net_migration,-1.899,-0.3401667824878388,UN DESA
13_PNG,Papua New Guinea,2044.0,High,net_migration,-0.876,-0.5387045813586098,UN DESA
13_PNG,Papua New Guinea,2045.0,High,net_migration,0,-1.0,UN DESA
13_PNG,Papua New Guinea,2046.0,High,net_migration,-1.333,,UN DESA
13_PNG,Papua New Guinea,2047.0,High,net_migration,-1.164,-0.12678169542385598,UN DESA
13_PNG,Papua New Guinea,2048.0,High,net_migration,-0.693,-0.40463917525773196,UN DESA
13_PNG,Papua New Guinea,2049.0,High,net_migration,0.291,-1.4199134199134198,UN DESA
13_PNG,Papua New Guinea,2050.0,High,net_migration,-1.787,-7.140893470790378,UN DESA
13_PNG,Papua New Guinea,2051.0,High,net_migration,-0.577,-0.6771124790151091,UN DESA
13_PNG,Papua New Guinea,2052.0,High,net_migration,0.335,-1.5805892547660312,UN DESA
13_PNG,Papua New Guinea,2053.0,High,net_migration,-1.194,-4.564179104477612,UN DESA
13_PNG,Papua New Guinea,2054.0,High,net_migration,1.365,-2.14321608040201,UN DESA
13_PNG,Papua New Guinea,2055.0,High,net_migration,-0.996,-1.7296703296703297,UN DESA
13_PNG,Papua New Guinea,2056.0,High,net_migration,-0.943,-0.053212851405622486,UN DESA
13_PNG,Papua New Guinea,2057.0,High,net_migration,-0.002,-0.9978791092258749,UN DESA
13_PNG,Papua New Guinea,2058.0,High,net_migration,0,-1.0,UN DESA
13_PNG,Papua New Guinea,2059.0,High,net_migration,1.085,,UN DESA
13_PNG,Papua New Guinea,2060.0,High,net_migration,2.833,1.6110599078341017,UN DESA
13_PNG,Papua New Guinea,2061.0,High,net_migration,0,-1.0,UN DESA
13_PNG,Papua New Guinea,2062.0,High,net_migration,-0.352,,UN DESA
13_PNG,Papua New Guinea,2063.0,High,net_migration,0.07,-1.1988636363636365,UN DESA
13_PNG,Papua New Guinea,2064.0,High,net_migration,2.467,34.24285714285714,UN DESA
13_PNG,Papua New Guinea,2065.0,High,net_migration,3.661,0.4839886501824078,UN DESA
13_PNG,Papua New Guinea,2066.0,High,net_migration,3.56,-0.02758809068560497,UN DESA
13_PNG,Papua New Guinea,2067.0,High,net_migration,3.93,0.10393258426966301,UN DESA
13_PNG,Papua New Guinea,2068.0,High,net_migration,2.997,-0.23740458015267185,UN DESA
13_PNG,Papua New Guinea,2069.0,High,net_migration,1.867,-0.37704371037704365,UN DESA
13_PNG,Papua New Guinea,2070.0,High,net_migration,1.596,-0.14515265131226562,UN DESA
13_PNG,Papua New Guinea,2071.0,High,net_migration,2.892,0.8120300751879697,UN DESA
13_PNG,Papua New Guinea,2072.0,High,net_migration,2.074,-0.28284923928077454,UN DESA
13_PNG,Papua New Guinea,2073.0,High,net_migration,0.807,-0.6108968177434908,UN DESA
13_PNG,Papua New Guinea,2074.0,High,net_migration,0.894,0.10780669144981414,UN DESA
13_PNG,Papua New Guinea,2075.0,High,net_migration,1.493,0.6700223713646534,UN DESA
13_PNG,Papua New Guinea,2076.0,High,net_migration,0.422,-0.7173476222371065,UN DESA
13_PNG,Papua New Guinea,2077.0,High,net_migration,1.728,3.0947867298578196,UN DESA
13_PNG,Papua New Guinea,2078.0,High,net_migration,3.311,0.916087962962963,UN DESA
13_PNG,Papua New Guinea,2079.0,High,net_migration,1.989,-0.39927514346119,UN DESA
13_PNG,Papua New Guinea,2080.0,High,net_migration,6.764,2.4007038712921065,UN DESA
13_PNG,Papua New Guinea,2081.0,High,net_migration,2.89,-0.5727380248373743,UN DESA
13_PNG,Papua New Guinea,2082.0,High,net_migration,1.856,-0.3577854671280277,UN DESA
13_PNG,Papua New Guinea,2083.0,High,net_migration,4.586,1.4709051724137931,UN DESA
13_PNG,Papua New Guinea,2084.0,High,net_migration,2.46,-0.4635848233754907,UN DESA
13_PNG,Papua New Guinea,2085.0,High,net_migration,4,0.6260162601626016,UN DESA
13_PNG,Papua New Guinea,2086.0,High,net_migration,4.112,0.028000000000000025,UN DESA
13_PNG,Papua New Guinea,2087.0,High,net_migration,2.527,-0.38545719844357973,UN DESA
13_PNG,Papua New Guinea,2088.0,High,net_migration,2.003,-0.20736050652948157,UN DESA
13_PNG,Papua New Guinea,2089.0,High,net_migration,2.16,0.07838242636045933,UN DESA
13_PNG,Papua New Guinea,2090.0,High,net_migration,6.116,1.831481481481481,UN DESA
13_PNG,Papua New Guinea,2091.0,High,net_migration,4.075,-0.3337148463047743,UN DESA
13_PNG,Papua New Guinea,2092.0,High,net_migration,2.95,-0.2760736196319018,UN DESA
13_PNG,Papua New Guinea,2093.0,High,net_migration,1.915,-0.35084745762711866,UN DESA
13_PNG,Papua New Guinea,2094.0,High,net_migration,2.392,0.2490861618798954,UN DESA
13_PNG,Papua New Guinea,2095.0,High,net_migration,1.098,-0.5409698996655519,UN DESA
13_PNG,Papua New Guinea,2096.0,High,net_migration,0.916,-0.1657559198542805,UN DESA
13_PNG,Papua New Guinea,2097.0,High,net_migration,-0.048,-1.0524017467248907,UN DESA
13_PNG,Papua New Guinea,2098.0,High,net_migration,-1.315,26.395833333333332,UN DESA
13_PNG,Papua New Guinea,2099.0,High,net_migration,-0.597,-0.5460076045627377,UN DESA
13_PNG,Papua New Guinea,2100.0,High,net_migration,-1.408,1.358458961474037,UN DESA
14_PE,Peru,1950.0,Estimates,net_migration,-0.097,,UN DESA
14_PE,Peru,1951.0,Estimates,net_migration,-0.448,3.6185567010309274,UN DESA
14_PE,Peru,1952.0,Estimates,net_migration,-1.927,3.3013392857142856,UN DESA
14_PE,Peru,1953.0,Estimates,net_migration,-5.784,2.001556824078879,UN DESA
14_PE,Peru,1954.0,Estimates,net_migration,-5.884,0.017289073305670977,UN DESA
14_PE,Peru,1955.0,Estimates,net_migration,-6.27,0.06560163154316778,UN DESA
14_PE,Peru,1956.0,Estimates,net_migration,-6.526,0.04082934609250399,UN DESA
14_PE,Peru,1957.0,Estimates,net_migration,-7.565,0.1592093165798345,UN DESA
14_PE,Peru,1958.0,Estimates,net_migration,-7.731,0.021943159286186287,UN DESA
14_PE,Peru,1959.0,Estimates,net_migration,-7.508,-0.02884491010218604,UN DESA
14_PE,Peru,1960.0,Estimates,net_migration,-7.236,-0.036228023441662205,UN DESA
14_PE,Peru,1961.0,Estimates,net_migration,-7.063,-0.02390823659480379,UN DESA
14_PE,Peru,1962.0,Estimates,net_migration,-9.051,0.2814667988107038,UN DESA
14_PE,Peru,1963.0,Estimates,net_migration,-10.04,0.1092696939564688,UN DESA
14_PE,Peru,1964.0,Estimates,net_migration,-12.129,0.20806772908366544,UN DESA
14_PE,Peru,1965.0,Estimates,net_migration,-12.47,0.02811443647456513,UN DESA
14_PE,Peru,1966.0,Estimates,net_migration,-13.166,0.05581395348837215,UN DESA
14_PE,Peru,1967.0,Estimates,net_migration,-13.837,0.05096460580282547,UN DESA
14_PE,Peru,1968.0,Estimates,net_migration,-13.389,-0.03237696032376969,UN DESA
14_PE,Peru,1969.0,Estimates,net_migration,-12.776,-0.04578385241616245,UN DESA
14_PE,Peru,1970.0,Estimates,net_migration,-15.653,0.22518785222291804,UN DESA
14_PE,Peru,1971.0,Estimates,net_migration,-20.209,0.29106241615025863,UN DESA
14_PE,Peru,1972.0,Estimates,net_migration,-24.1,0.19253797812855677,UN DESA
14_PE,Peru,1973.0,Estimates,net_migration,-28.191,0.16975103734439823,UN DESA
14_PE,Peru,1974.0,Estimates,net_migration,-33.493,0.18807420808059327,UN DESA
14_PE,Peru,1975.0,Estimates,net_migration,-34.382,0.02654285970202719,UN DESA
14_PE,Peru,1976.0,Estimates,net_migration,-34.602,0.006398696992612418,UN DESA
14_PE,Peru,1977.0,Estimates,net_migration,-25.117,-0.2741171030576266,UN DESA
14_PE,Peru,1978.0,Estimates,net_migration,-19.939,-0.20615519369351443,UN DESA
14_PE,Peru,1979.0,Estimates,net_migration,-17.148,-0.139976929635388,UN DESA
14_PE,Peru,1980.0,Estimates,net_migration,-11.446,-0.33251691159318875,UN DESA
14_PE,Peru,1981.0,Estimates,net_migration,-11.123,-0.0282194653153941,UN DESA
14_PE,Peru,1982.0,Estimates,net_migration,-7.748,-0.3034253348916659,UN DESA
14_PE,Peru,1983.0,Estimates,net_migration,-4.243,-0.45237480640165206,UN DESA
14_PE,Peru,1984.0,Estimates,net_migration,-6.007,0.41574357765731773,UN DESA
14_PE,Peru,1985.0,Estimates,net_migration,-13.887,1.3118028966206094,UN DESA
14_PE,Peru,1986.0,Estimates,net_migration,-33.891,1.44048390581119,UN DESA
14_PE,Peru,1987.0,Estimates,net_migration,-34.651,0.02242483255141492,UN DESA
14_PE,Peru,1988.0,Estimates,net_migration,-31.238,-0.09849643588929624,UN DESA
14_PE,Peru,1989.0,Estimates,net_migration,-33.569,0.0746206543312633,UN DESA
14_PE,Peru,1990.0,Estimates,net_migration,-29.437,-0.12308975542911615,UN DESA
14_PE,Peru,1991.0,Estimates,net_migration,-61.645,1.0941332336854979,UN DESA
14_PE,Peru,1992.0,Estimates,net_migration,-41.702,-0.32351366696406847,UN DESA
14_PE,Peru,1993.0,Estimates,net_migration,-51.775,0.24154716800153464,UN DESA
14_PE,Peru,1994.0,Estimates,net_migration,-39.299,-0.24096571704490588,UN DESA
14_PE,Peru,1995.0,Estimates,net_migration,-46.499,0.1832107687218505,UN DESA
14_PE,Peru,1996.0,Estimates,net_migration,-38.749,-0.16667025097313914,UN DESA
14_PE,Peru,1997.0,Estimates,net_migration,-32.515,-0.1608815711373197,UN DESA
14_PE,Peru,1998.0,Estimates,net_migration,-24.388,-0.24994617868675995,UN DESA
14_PE,Peru,1999.0,Estimates,net_migration,-55.325,1.2685337051008694,UN DESA
14_PE,Peru,2000.0,Estimates,net_migration,-92.353,0.6692815183009488,UN DESA
14_PE,Peru,2001.0,Estimates,net_migration,-129.481,0.4020226738709083,UN DESA
14_PE,Peru,2002.0,Estimates,net_migration,-157.158,0.2137533692201945,UN DESA
14_PE,Peru,2003.0,Estimates,net_migration,-181.276,0.1534633935275329,UN DESA
14_PE,Peru,2004.0,Estimates,net_migration,-194.171,0.0711346234471193,UN DESA
14_PE,Peru,2005.0,Estimates,net_migration,-221.652,0.14152988860334448,UN DESA
14_PE,Peru,2006.0,Estimates,net_migration,-231.851,0.046013570822731165,UN DESA
14_PE,Peru,2007.0,Estimates,net_migration,-236.745,0.02110838426403161,UN DESA
14_PE,Peru,2008.0,Estimates,net_migration,-235.307,-0.006074045914380544,UN DESA
14_PE,Peru,2009.0,Estimates,net_migration,-219.314,-0.06796652883254639,UN DESA
14_PE,Peru,2010.0,Estimates,net_migration,-181.302,-0.17332226852822896,UN DESA
14_PE,Peru,2011.0,Estimates,net_migration,-148.339,-0.18181266615922598,UN DESA
14_PE,Peru,2012.0,Estimates,net_migration,-118.863,-0.1987070156870412,UN DESA
14_PE,Peru,2013.0,Estimates,net_migration,-95.214,-0.19896014739658263,UN DESA
14_PE,Peru,2014.0,Estimates,net_migration,-50.383,-0.4708446236897935,UN DESA
14_PE,Peru,2015.0,Estimates,net_migration,2.421,-1.0480519222753706,UN DESA
14_PE,Peru,2016.0,Estimates,net_migration,96.74,38.95869475423379,UN DESA
14_PE,Peru,2017.0,Estimates,net_migration,114.382,0.182365102336159,UN DESA
14_PE,Peru,2018.0,Estimates,net_migration,339.067,1.9643387945655784,UN DESA
14_PE,Peru,2019.0,Estimates,net_migration,74.27,-0.7809577458142491,UN DESA
14_PE,Peru,2020.0,Estimates,net_migration,55.375,-0.25440958664332836,UN DESA
14_PE,Peru,2021.0,Estimates,net_migration,41.868,-0.2439187358916478,UN DESA
14_PE,Peru,2022.0,Estimates,net_migration,33.982,-0.18835387408044335,UN DESA
14_PE,Peru,2023.0,Estimates,net_migration,24.783,-0.27070213642516616,UN DESA
14_PE,Peru,2024.0,High,net_migration,18.406,-0.2573134810152121,UN DESA
14_PE,Peru,2025.0,High,net_migration,11.931,-0.35178746061067045,UN DESA
14_PE,Peru,2026.0,High,net_migration,6.707,-0.4378509764479088,UN DESA
14_PE,Peru,2027.0,High,net_migration,2.062,-0.6925600119278366,UN DESA
14_PE,Peru,2028.0,High,net_migration,-1.647,-1.7987390882638215,UN DESA
14_PE,Peru,2029.0,High,net_migration,-3.856,1.341226472374013,UN DESA
14_PE,Peru,2030.0,High,net_migration,-4.52,0.17219917012448116,UN DESA
14_PE,Peru,2031.0,High,net_migration,-5.184,0.14690265486725673,UN DESA
14_PE,Peru,2032.0,High,net_migration,-5.285,0.019483024691357986,UN DESA
14_PE,Peru,2033.0,High,net_migration,-4.814,-0.08912015137180707,UN DESA
14_PE,Peru,2034.0,High,net_migration,-4.568,-0.05110095554632332,UN DESA
14_PE,Peru,2035.0,High,net_migration,-5.163,0.13025394045534155,UN DESA
14_PE,Peru,2036.0,High,net_migration,-4.875,-0.055781522370714764,UN DESA
14_PE,Peru,2037.0,High,net_migration,-4.886,0.002256410256410213,UN DESA
14_PE,Peru,2038.0,High,net_migration,-5.3,0.08473188702415047,UN DESA
14_PE,Peru,2039.0,High,net_migration,-5.262,-0.007169811320754782,UN DESA
14_PE,Peru,2040.0,High,net_migration,-4.998,-0.050171037628278126,UN DESA
14_PE,Peru,2041.0,High,net_migration,-4.789,-0.041816726690676376,UN DESA
14_PE,Peru,2042.0,High,net_migration,-4.599,-0.039674253497598566,UN DESA
14_PE,Peru,2043.0,High,net_migration,-5.089,0.10654490106544912,UN DESA
14_PE,Peru,2044.0,High,net_migration,-4.42,-0.13146001179013567,UN DESA
14_PE,Peru,2045.0,High,net_migration,-4.906,0.10995475113122177,UN DESA
14_PE,Peru,2046.0,High,net_migration,-4.561,-0.07032205462698726,UN DESA
14_PE,Peru,2047.0,High,net_migration,-4.502,-0.012935759701819816,UN DESA
14_PE,Peru,2048.0,High,net_migration,-5.027,0.11661483784984461,UN DESA
14_PE,Peru,2049.0,High,net_migration,-4.779,-0.04933359856773423,UN DESA
14_PE,Peru,2050.0,High,net_migration,-4.548,-0.048336472065285574,UN DESA
14_PE,Peru,2051.0,High,net_migration,-5.099,0.12115215479331587,UN DESA
14_PE,Peru,2052.0,High,net_migration,-4.953,-0.02863306530692289,UN DESA
14_PE,Peru,2053.0,High,net_migration,-4.432,-0.10518877448011299,UN DESA
14_PE,Peru,2054.0,High,net_migration,-4.553,0.027301444043321244,UN DESA
14_PE,Peru,2055.0,High,net_migration,-4.316,-0.052053591038875524,UN DESA
14_PE,Peru,2056.0,High,net_migration,-4.876,0.1297497683039852,UN DESA
14_PE,Peru,2057.0,High,net_migration,-4.673,-0.041632485643970485,UN DESA
14_PE,Peru,2058.0,High,net_migration,-4.89,0.046436978386475314,UN DESA
14_PE,Peru,2059.0,High,net_migration,-4.779,-0.022699386503067465,UN DESA
14_PE,Peru,2060.0,High,net_migration,-4.83,0.010671688637790444,UN DESA
14_PE,Peru,2061.0,High,net_migration,-4.782,-0.009937888198757738,UN DESA
14_PE,Peru,2062.0,High,net_migration,-4.928,0.030531158511083234,UN DESA
14_PE,Peru,2063.0,High,net_migration,-5.015,0.01765422077922074,UN DESA
14_PE,Peru,2064.0,High,net_migration,-5.398,0.07637088733798603,UN DESA
14_PE,Peru,2065.0,High,net_migration,-4.575,-0.15246387550944784,UN DESA
14_PE,Peru,2066.0,High,net_migration,-4.531,-0.009617486338797887,UN DESA
14_PE,Peru,2067.0,High,net_migration,-4.126,-0.08938424188920757,UN DESA
14_PE,Peru,2068.0,High,net_migration,-4.412,0.0693165293262239,UN DESA
14_PE,Peru,2069.0,High,net_migration,-4.608,0.04442429737080689,UN DESA
14_PE,Peru,2070.0,High,net_migration,-4.659,0.01106770833333326,UN DESA
14_PE,Peru,2071.0,High,net_migration,-4.394,-0.056879158617729075,UN DESA
14_PE,Peru,2072.0,High,net_migration,-4.3,-0.02139280837505697,UN DESA
14_PE,Peru,2073.0,High,net_migration,-4.17,-0.03023255813953485,UN DESA
14_PE,Peru,2074.0,High,net_migration,-4.756,0.14052757793765003,UN DESA
14_PE,Peru,2075.0,High,net_migration,-4.299,-0.09608915054667788,UN DESA
14_PE,Peru,2076.0,High,net_migration,-4.264,-0.008141428239125448,UN DESA
14_PE,Peru,2077.0,High,net_migration,-4.008,-0.060037523452157626,UN DESA
14_PE,Peru,2078.0,High,net_migration,-4.108,0.024950099800399084,UN DESA
14_PE,Peru,2079.0,High,net_migration,-4.078,-0.007302823758519761,UN DESA
14_PE,Peru,2080.0,High,net_migration,-4.651,0.14051005394801352,UN DESA
14_PE,Peru,2081.0,High,net_migration,-4.412,-0.05138679853794881,UN DESA
14_PE,Peru,2082.0,High,net_migration,-4.055,-0.08091568449682685,UN DESA
14_PE,Peru,2083.0,High,net_migration,-3.382,-0.16596794081381006,UN DESA
14_PE,Peru,2084.0,High,net_migration,-4.315,0.2758722649319929,UN DESA
14_PE,Peru,2085.0,High,net_migration,-4.009,-0.07091541135573576,UN DESA
14_PE,Peru,2086.0,High,net_migration,-3.683,-0.08131703666749823,UN DESA
14_PE,Peru,2087.0,High,net_migration,-4.039,0.09666033125169693,UN DESA
14_PE,Peru,2088.0,High,net_migration,-4.032,-0.0017331022530328033,UN DESA
14_PE,Peru,2089.0,High,net_migration,-3.549,-0.11979166666666674,UN DESA
14_PE,Peru,2090.0,High,net_migration,-4.025,0.13412228796844183,UN DESA
14_PE,Peru,2091.0,High,net_migration,-3.786,-0.05937888198757768,UN DESA
14_PE,Peru,2092.0,High,net_migration,-3.971,0.048864236661384064,UN DESA
14_PE,Peru,2093.0,High,net_migration,-4.451,0.12087635356333415,UN DESA
14_PE,Peru,2094.0,High,net_migration,-3.137,-0.29521455852617384,UN DESA
14_PE,Peru,2095.0,High,net_migration,-3.616,0.15269365635957932,UN DESA
14_PE,Peru,2096.0,High,net_migration,-3.888,0.0752212389380531,UN DESA
14_PE,Peru,2097.0,High,net_migration,-4.109,0.05684156378600824,UN DESA
14_PE,Peru,2098.0,High,net_migration,-3.371,-0.17960574348990022,UN DESA
14_PE,Peru,2099.0,High,net_migration,-3.929,0.1655295164639572,UN DESA
14_PE,Peru,2100.0,High,net_migration,-3.669,-0.06617459913463986,UN DESA
15_PHL,Philippines,1950.0,Estimates,net_migration,81.704,,UN DESA
15_PHL,Philippines,1951.0,Estimates,net_migration,89.402,0.09421815333398609,UN DESA
15_PHL,Philippines,1952.0,Estimates,net_migration,95.138,0.06415963848683481,UN DESA
15_PHL,Philippines,1953.0,Estimates,net_migration,98.225,0.03244760243015388,UN DESA
15_PHL,Philippines,1954.0,Estimates,net_migration,107.55,0.09493509798931021,UN DESA
15_PHL,Philippines,1955.0,Estimates,net_migration,112.798,0.048795908879590844,UN DESA
15_PHL,Philippines,1956.0,Estimates,net_migration,116.389,0.03183567084522765,UN DESA
15_PHL,Philippines,1957.0,Estimates,net_migration,115.057,-0.011444380482691585,UN DESA
15_PHL,Philippines,1958.0,Estimates,net_migration,101.49,-0.1179154679854334,UN DESA
15_PHL,Philippines,1959.0,Estimates,net_migration,99.74,-0.017243078135776968,UN DESA
15_PHL,Philippines,1960.0,Estimates,net_migration,-155.354,-2.5575897333065973,UN DESA
15_PHL,Philippines,1961.0,Estimates,net_migration,-143.597,-0.07567877235217635,UN DESA
15_PHL,Philippines,1962.0,Estimates,net_migration,-150.903,0.05087850024721963,UN DESA
15_PHL,Philippines,1963.0,Estimates,net_migration,-155.267,0.02891923951147435,UN DESA
15_PHL,Philippines,1964.0,Estimates,net_migration,-156.342,0.006923557484848741,UN DESA
15_PHL,Philippines,1965.0,Estimates,net_migration,-156.782,0.0028143429148916876,UN DESA
15_PHL,Philippines,1966.0,Estimates,net_migration,-162.127,0.03409192381778525,UN DESA
15_PHL,Philippines,1967.0,Estimates,net_migration,-152.812,-0.05745495815009216,UN DESA
15_PHL,Philippines,1968.0,Estimates,net_migration,-152.017,-0.005202471010130161,UN DESA
15_PHL,Philippines,1969.0,Estimates,net_migration,-161.517,0.06249301065012469,UN DESA
15_PHL,Philippines,1970.0,Estimates,net_migration,-300.923,0.8631041933666426,UN DESA
15_PHL,Philippines,1971.0,Estimates,net_migration,-315.363,0.04798569733785718,UN DESA
15_PHL,Philippines,1972.0,Estimates,net_migration,-321.491,0.019431575676284174,UN DESA
15_PHL,Philippines,1973.0,Estimates,net_migration,-320.091,-0.004354709774145982,UN DESA
15_PHL,Philippines,1974.0,Estimates,net_migration,-344.674,0.0768000349900495,UN DESA
15_PHL,Philippines,1975.0,Estimates,net_migration,-220.296,-0.3608569256746955,UN DESA
15_PHL,Philippines,1976.0,Estimates,net_migration,-115.73,-0.4746613647093002,UN DESA
15_PHL,Philippines,1977.0,Estimates,net_migration,-123.608,0.0680722371036031,UN DESA
15_PHL,Philippines,1978.0,Estimates,net_migration,-140.372,0.13562228981942925,UN DESA
15_PHL,Philippines,1979.0,Estimates,net_migration,-154.684,0.10195765537286627,UN DESA
15_PHL,Philippines,1980.0,Estimates,net_migration,-179.832,0.1625766077939541,UN DESA
15_PHL,Philippines,1981.0,Estimates,net_migration,-134.484,-0.2521686907780595,UN DESA
15_PHL,Philippines,1982.0,Estimates,net_migration,-19.912,-0.8519377769846227,UN DESA
15_PHL,Philippines,1983.0,Estimates,net_migration,-10.229,-0.4862896745680997,UN DESA
15_PHL,Philippines,1984.0,Estimates,net_migration,-48.739,3.7647863916316355,UN DESA
15_PHL,Philippines,1985.0,Estimates,net_migration,-171.539,2.5195428712119656,UN DESA
15_PHL,Philippines,1986.0,Estimates,net_migration,-209.835,0.22324952343198934,UN DESA
15_PHL,Philippines,1987.0,Estimates,net_migration,-68.149,-0.6752257726308766,UN DESA
15_PHL,Philippines,1988.0,Estimates,net_migration,-147.523,1.1647126150053557,UN DESA
15_PHL,Philippines,1989.0,Estimates,net_migration,-235.884,0.5989642293066166,UN DESA
15_PHL,Philippines,1990.0,Estimates,net_migration,-63.296,-0.7316647165555952,UN DESA
15_PHL,Philippines,1991.0,Estimates,net_migration,-413.3,5.529638523761375,UN DESA
15_PHL,Philippines,1992.0,Estimates,net_migration,-50.338,-0.8782046939269296,UN DESA
15_PHL,Philippines,1993.0,Estimates,net_migration,-298.337,4.926675672454209,UN DESA
15_PHL,Philippines,1994.0,Estimates,net_migration,-326.539,0.09453068174581092,UN DESA
15_PHL,Philippines,1995.0,Estimates,net_migration,-280.327,-0.14152061468921018,UN DESA
15_PHL,Philippines,1996.0,Estimates,net_migration,-128.251,-0.5424950147506304,UN DESA
15_PHL,Philippines,1997.0,Estimates,net_migration,-145.334,0.13319974113262267,UN DESA
15_PHL,Philippines,1998.0,Estimates,net_migration,178.274,-2.2266503364663466,UN DESA
15_PHL,Philippines,1999.0,Estimates,net_migration,-18.323,-1.1027799903519302,UN DESA
15_PHL,Philippines,2000.0,Estimates,net_migration,-33.868,0.8483872728265023,UN DESA
15_PHL,Philippines,2001.0,Estimates,net_migration,-247.496,6.3076650525569855,UN DESA
15_PHL,Philippines,2002.0,Estimates,net_migration,-268.52,0.08494682742347348,UN DESA
15_PHL,Philippines,2003.0,Estimates,net_migration,-248.066,-0.0761730969760166,UN DESA
15_PHL,Philippines,2004.0,Estimates,net_migration,-273.743,0.10350874364080531,UN DESA
15_PHL,Philippines,2005.0,Estimates,net_migration,-326.063,0.19112817496703105,UN DESA
15_PHL,Philippines,2006.0,Estimates,net_migration,-566.647,0.7378451403563118,UN DESA
15_PHL,Philippines,2007.0,Estimates,net_migration,-225.977,-0.6012032182293385,UN DESA
15_PHL,Philippines,2008.0,Estimates,net_migration,-498.48,1.2058882098620658,UN DESA
15_PHL,Philippines,2009.0,Estimates,net_migration,-164.411,-0.6701753330123577,UN DESA
15_PHL,Philippines,2010.0,Estimates,net_migration,13.556,-1.082451904069679,UN DESA
15_PHL,Philippines,2011.0,Estimates,net_migration,-240.005,-18.70470640306875,UN DESA
15_PHL,Philippines,2012.0,Estimates,net_migration,95.702,-1.398750026041124,UN DESA
15_PHL,Philippines,2013.0,Estimates,net_migration,-218.439,-3.282491483981526,UN DESA
15_PHL,Philippines,2014.0,Estimates,net_migration,-196.524,-0.10032549132709812,UN DESA
15_PHL,Philippines,2015.0,Estimates,net_migration,-390.702,0.9880625267142944,UN DESA
15_PHL,Philippines,2016.0,Estimates,net_migration,-309.251,-0.20847346571043923,UN DESA
15_PHL,Philippines,2017.0,Estimates,net_migration,-263.593,-0.14764058968281413,UN DESA
15_PHL,Philippines,2018.0,Estimates,net_migration,-163.602,-0.37933860155618704,UN DESA
15_PHL,Philippines,2019.0,Estimates,net_migration,-6.208,-0.9620542536154815,UN DESA
15_PHL,Philippines,2020.0,Estimates,net_migration,-47.014,6.573131443298969,UN DESA
15_PHL,Philippines,2021.0,Estimates,net_migration,-85.185,0.8119070915046582,UN DESA
15_PHL,Philippines,2022.0,Estimates,net_migration,-221.754,1.6032047895756292,UN DESA
15_PHL,Philippines,2023.0,Estimates,net_migration,-164.284,-0.2591610523372746,UN DESA
15_PHL,Philippines,2024.0,High,net_migration,-160.373,-0.023806335370456067,UN DESA
15_PHL,Philippines,2025.0,High,net_migration,-149.315,-0.06895175621831606,UN DESA
15_PHL,Philippines,2026.0,High,net_migration,-144.275,-0.03375414392391918,UN DESA
15_PHL,Philippines,2027.0,High,net_migration,-134.375,-0.06861895685323172,UN DESA
15_PHL,Philippines,2028.0,High,net_migration,-127.532,-0.05092465116279077,UN DESA
15_PHL,Philippines,2029.0,High,net_migration,-125.931,-0.012553712009534812,UN DESA
15_PHL,Philippines,2030.0,High,net_migration,-120.465,-0.043404721633275356,UN DESA
15_PHL,Philippines,2031.0,High,net_migration,-122.831,0.019640559498609544,UN DESA
15_PHL,Philippines,2032.0,High,net_migration,-117.346,-0.0446548509741026,UN DESA
15_PHL,Philippines,2033.0,High,net_migration,-113.937,-0.029050841102381098,UN DESA
15_PHL,Philippines,2034.0,High,net_migration,-115.064,0.00989143122953906,UN DESA
15_PHL,Philippines,2035.0,High,net_migration,-114.484,-0.0050406730167559255,UN DESA
15_PHL,Philippines,2036.0,High,net_migration,-110.999,-0.030440934977813527,UN DESA
15_PHL,Philippines,2037.0,High,net_migration,-111.424,0.003828863323093179,UN DESA
15_PHL,Philippines,2038.0,High,net_migration,-110.119,-0.011712018954623815,UN DESA
15_PHL,Philippines,2039.0,High,net_migration,-114.966,0.044016019033954024,UN DESA
15_PHL,Philippines,2040.0,High,net_migration,-111.686,-0.028530174138440834,UN DESA
15_PHL,Philippines,2041.0,High,net_migration,-111.927,0.002157835359848148,UN DESA
15_PHL,Philippines,2042.0,High,net_migration,-111.43,-0.004440394185495911,UN DESA
15_PHL,Philippines,2043.0,High,net_migration,-112.635,0.010813963923539394,UN DESA
15_PHL,Philippines,2044.0,High,net_migration,-109.795,-0.025214187419541068,UN DESA
15_PHL,Philippines,2045.0,High,net_migration,-108.727,-0.009727218907964796,UN DESA
15_PHL,Philippines,2046.0,High,net_migration,-108.588,-0.001278431300413052,UN DESA
15_PHL,Philippines,2047.0,High,net_migration,-111.328,0.02523299075404295,UN DESA
15_PHL,Philippines,2048.0,High,net_migration,-112.827,0.013464716872664484,UN DESA
15_PHL,Philippines,2049.0,High,net_migration,-106.18,-0.058913203399895364,UN DESA
15_PHL,Philippines,2050.0,High,net_migration,-109.452,0.030815596157468317,UN DESA
15_PHL,Philippines,2051.0,High,net_migration,-106.272,-0.029053831816686748,UN DESA
15_PHL,Philippines,2052.0,High,net_migration,-115.079,0.08287225233363427,UN DESA
15_PHL,Philippines,2053.0,High,net_migration,-109.872,-0.045247178025530244,UN DESA
15_PHL,Philippines,2054.0,High,net_migration,-106.587,-0.0298984272608126,UN DESA
15_PHL,Philippines,2055.0,High,net_migration,-107.945,0.012740765759426509,UN DESA
15_PHL,Philippines,2056.0,High,net_migration,-111.912,0.03675019685951186,UN DESA
15_PHL,Philippines,2057.0,High,net_migration,-100.545,-0.10157087711773538,UN DESA
15_PHL,Philippines,2058.0,High,net_migration,-94.46,-0.06052016510020397,UN DESA
15_PHL,Philippines,2059.0,High,net_migration,-100.522,0.06417531230150342,UN DESA
15_PHL,Philippines,2060.0,High,net_migration,-101.077,0.005521179443305879,UN DESA
15_PHL,Philippines,2061.0,High,net_migration,-101.762,0.006777011585227033,UN DESA
15_PHL,Philippines,2062.0,High,net_migration,-103.865,0.020665867416127748,UN DESA
15_PHL,Philippines,2063.0,High,net_migration,-100.369,-0.03365907668608281,UN DESA
15_PHL,Philippines,2064.0,High,net_migration,-101.785,0.014107941695144843,UN DESA
15_PHL,Philippines,2065.0,High,net_migration,-105.883,0.04026133516726427,UN DESA
15_PHL,Philippines,2066.0,High,net_migration,-95.723,-0.09595496916407731,UN DESA
15_PHL,Philippines,2067.0,High,net_migration,-101.402,0.059327434367915766,UN DESA
15_PHL,Philippines,2068.0,High,net_migration,-98.491,-0.028707520561724653,UN DESA
15_PHL,Philippines,2069.0,High,net_migration,-99.335,0.008569310901503702,UN DESA
15_PHL,Philippines,2070.0,High,net_migration,-99.049,-0.0028791463230480874,UN DESA
15_PHL,Philippines,2071.0,High,net_migration,-95.972,-0.031065432260800385,UN DESA
15_PHL,Philippines,2072.0,High,net_migration,-100.154,0.043575209436085505,UN DESA
15_PHL,Philippines,2073.0,High,net_migration,-96.655,-0.034936198254687745,UN DESA
15_PHL,Philippines,2074.0,High,net_migration,-98.866,0.02287517459003663,UN DESA
15_PHL,Philippines,2075.0,High,net_migration,-94.443,-0.04473732122266505,UN DESA
15_PHL,Philippines,2076.0,High,net_migration,-93.018,-0.015088466058892691,UN DESA
15_PHL,Philippines,2077.0,High,net_migration,-100.164,0.07682384054699098,UN DESA
15_PHL,Philippines,2078.0,High,net_migration,-93.661,-0.06492352541831392,UN DESA
15_PHL,Philippines,2079.0,High,net_migration,-87.781,-0.06277959876576156,UN DESA
15_PHL,Philippines,2080.0,High,net_migration,-93.345,0.06338501498046267,UN DESA
15_PHL,Philippines,2081.0,High,net_migration,-87.688,-0.06060313889335256,UN DESA
15_PHL,Philippines,2082.0,High,net_migration,-88.828,0.013000638627862493,UN DESA
15_PHL,Philippines,2083.0,High,net_migration,-85.981,-0.032050704732742075,UN DESA
15_PHL,Philippines,2084.0,High,net_migration,-89.249,0.038008397204033484,UN DESA
15_PHL,Philippines,2085.0,High,net_migration,-90.624,0.0154063350849869,UN DESA
15_PHL,Philippines,2086.0,High,net_migration,-89.887,-0.00813250353107342,UN DESA
15_PHL,Philippines,2087.0,High,net_migration,-86.918,-0.033030360341317344,UN DESA
15_PHL,Philippines,2088.0,High,net_migration,-84.796,-0.024413815320186827,UN DESA
15_PHL,Philippines,2089.0,High,net_migration,-85.816,0.012028869286287103,UN DESA
15_PHL,Philippines,2090.0,High,net_migration,-85.106,-0.008273515428358413,UN DESA
15_PHL,Philippines,2091.0,High,net_migration,-86.429,0.015545319953939929,UN DESA
15_PHL,Philippines,2092.0,High,net_migration,-84.292,-0.024725497228939353,UN DESA
15_PHL,Philippines,2093.0,High,net_migration,-81.461,-0.033585630902102204,UN DESA
15_PHL,Philippines,2094.0,High,net_migration,-77.31,-0.05095689962067729,UN DESA
15_PHL,Philippines,2095.0,High,net_migration,-81.559,0.05496054844134002,UN DESA
15_PHL,Philippines,2096.0,High,net_migration,-81.874,0.0038622347012591263,UN DESA
15_PHL,Philippines,2097.0,High,net_migration,-76.037,-0.07129247380120662,UN DESA
15_PHL,Philippines,2098.0,High,net_migration,-77.285,0.01641306206189075,UN DESA
15_PHL,Philippines,2099.0,High,net_migration,-81.48,0.054279614414181276,UN DESA
15_PHL,Philippines,2100.0,High,net_migration,-81.123,-0.004381443298969057,UN DESA
16_RUS,Russia,1950.0,Estimates,net_migration,-69.764,,UN DESA
16_RUS,Russia,1951.0,Estimates,net_migration,-84.687,0.2139068860730462,UN DESA
16_RUS,Russia,1952.0,Estimates,net_migration,-128.136,0.5130539516100463,UN DESA
16_RUS,Russia,1953.0,Estimates,net_migration,-136.677,0.06665574077542602,UN DESA
16_RUS,Russia,1954.0,Estimates,net_migration,-64.245,-0.5299501744990012,UN DESA
16_RUS,Russia,1955.0,Estimates,net_migration,-95.879,0.49239629543155106,UN DESA
16_RUS,Russia,1956.0,Estimates,net_migration,-184.45,0.9237789296926333,UN DESA
16_RUS,Russia,1957.0,Estimates,net_migration,-67.329,-0.6349742477636215,UN DESA
16_RUS,Russia,1958.0,Estimates,net_migration,-148.012,1.198339497096348,UN DESA
16_RUS,Russia,1959.0,Estimates,net_migration,-403.16,1.7238332027132937,UN DESA
16_RUS,Russia,1960.0,Estimates,net_migration,-234.895,-0.4173653140192479,UN DESA
16_RUS,Russia,1961.0,Estimates,net_migration,-204.349,-0.13004108218565746,UN DESA
16_RUS,Russia,1962.0,Estimates,net_migration,-177.358,-0.13208285824740995,UN DESA
16_RUS,Russia,1963.0,Estimates,net_migration,-168.649,-0.04910407198998634,UN DESA
16_RUS,Russia,1964.0,Estimates,net_migration,-148.595,-0.11890968816891889,UN DESA
16_RUS,Russia,1965.0,Estimates,net_migration,-138.078,-0.07077627107237794,UN DESA
16_RUS,Russia,1966.0,Estimates,net_migration,-111.36,-0.19349932646764878,UN DESA
16_RUS,Russia,1967.0,Estimates,net_migration,-116.029,0.04192708333333339,UN DESA
16_RUS,Russia,1968.0,Estimates,net_migration,-83.221,-0.28275689698265083,UN DESA
16_RUS,Russia,1969.0,Estimates,net_migration,-64.643,-0.2232369233727064,UN DESA
16_RUS,Russia,1970.0,Estimates,net_migration,-264.464,3.091146759896663,UN DESA
16_RUS,Russia,1971.0,Estimates,net_migration,-134.968,-0.48965454655454055,UN DESA
16_RUS,Russia,1972.0,Estimates,net_migration,-111.168,-0.1763380949558413,UN DESA
16_RUS,Russia,1973.0,Estimates,net_migration,-107.568,-0.032383419689119286,UN DESA
16_RUS,Russia,1974.0,Estimates,net_migration,-51.759,-0.5188253012048193,UN DESA
16_RUS,Russia,1975.0,Estimates,net_migration,80.069,-2.5469580169632335,UN DESA
16_RUS,Russia,1976.0,Estimates,net_migration,113.851,0.4219111016748054,UN DESA
16_RUS,Russia,1977.0,Estimates,net_migration,122.316,0.0743515647644728,UN DESA
16_RUS,Russia,1978.0,Estimates,net_migration,108.882,-0.10983027567938775,UN DESA
16_RUS,Russia,1979.0,Estimates,net_migration,-5.791,-1.0531860178909278,UN DESA
16_RUS,Russia,1980.0,Estimates,net_migration,10.44,-2.802797444310136,UN DESA
16_RUS,Russia,1981.0,Estimates,net_migration,36.686,2.5139846743295022,UN DESA
16_RUS,Russia,1982.0,Estimates,net_migration,107.52,1.930818295807665,UN DESA
16_RUS,Russia,1983.0,Estimates,net_migration,200.159,0.8615978422619048,UN DESA
16_RUS,Russia,1984.0,Estimates,net_migration,247.026,0.23414885166292798,UN DESA
16_RUS,Russia,1985.0,Estimates,net_migration,280.614,0.1359694930897961,UN DESA
16_RUS,Russia,1986.0,Estimates,net_migration,283.553,0.010473461765984737,UN DESA
16_RUS,Russia,1987.0,Estimates,net_migration,275.611,-0.028008873120721756,UN DESA
16_RUS,Russia,1988.0,Estimates,net_migration,269.862,-0.0208591093969398,UN DESA
16_RUS,Russia,1989.0,Estimates,net_migration,89.4,-0.6687195677790871,UN DESA
16_RUS,Russia,1990.0,Estimates,net_migration,299.863,2.3541722595078296,UN DESA
16_RUS,Russia,1991.0,Estimates,net_migration,125.505,-0.5814588662155717,UN DESA
16_RUS,Russia,1992.0,Estimates,net_migration,-1129.589,-10.000350583642085,UN DESA
16_RUS,Russia,1993.0,Estimates,net_migration,507.229,-1.4490385441076357,UN DESA
16_RUS,Russia,1994.0,Estimates,net_migration,1271.417,1.5065936687373949,UN DESA
16_RUS,Russia,1995.0,Estimates,net_migration,723.875,-0.43065493067970617,UN DESA
16_RUS,Russia,1996.0,Estimates,net_migration,587.171,-0.18885028492488343,UN DESA
16_RUS,Russia,1997.0,Estimates,net_migration,541.387,-0.07797387813771472,UN DESA
16_RUS,Russia,1998.0,Estimates,net_migration,528.135,-0.024477868881225384,UN DESA
16_RUS,Russia,1999.0,Estimates,net_migration,375.468,-0.28906813598795755,UN DESA
16_RUS,Russia,2000.0,Estimates,net_migration,550.401,0.46590654862731284,UN DESA
16_RUS,Russia,2001.0,Estimates,net_migration,259.614,-0.5283184441888732,UN DESA
16_RUS,Russia,2002.0,Estimates,net_migration,1358.944,4.234478880183658,UN DESA
16_RUS,Russia,2003.0,Estimates,net_migration,256.804,-0.8110267972778864,UN DESA
16_RUS,Russia,2004.0,Estimates,net_migration,261.519,0.018360305914238317,UN DESA
16_RUS,Russia,2005.0,Estimates,net_migration,263.541,0.00773175180388419,UN DESA
16_RUS,Russia,2006.0,Estimates,net_migration,308.37,0.17010256468632967,UN DESA
16_RUS,Russia,2007.0,Estimates,net_migration,365.717,0.1859681551383079,UN DESA
16_RUS,Russia,2008.0,Estimates,net_migration,360.84,-0.01333544790097263,UN DESA
16_RUS,Russia,2009.0,Estimates,net_migration,350.206,-0.029470125263274416,UN DESA
16_RUS,Russia,2010.0,Estimates,net_migration,307.555,-0.12178831887517638,UN DESA
16_RUS,Russia,2011.0,Estimates,net_migration,309.377,0.0059241436491033195,UN DESA
16_RUS,Russia,2012.0,Estimates,net_migration,285.977,-0.07563587467717392,UN DESA
16_RUS,Russia,2013.0,Estimates,net_migration,289.872,0.013619976431671121,UN DESA
16_RUS,Russia,2014.0,Estimates,net_migration,264.698,-0.08684522823867102,UN DESA
16_RUS,Russia,2015.0,Estimates,net_migration,384.756,0.45356595063052985,UN DESA
16_RUS,Russia,2016.0,Estimates,net_migration,447.645,0.16345164207965568,UN DESA
16_RUS,Russia,2017.0,Estimates,net_migration,396.619,-0.11398764646092319,UN DESA
16_RUS,Russia,2018.0,Estimates,net_migration,339.972,-0.14282472599648544,UN DESA
16_RUS,Russia,2019.0,Estimates,net_migration,336.494,-0.010230254256232696,UN DESA
16_RUS,Russia,2020.0,Estimates,net_migration,334.094,-0.00713237085951024,UN DESA
16_RUS,Russia,2021.0,Estimates,net_migration,314.112,-0.05980951468748308,UN DESA
16_RUS,Russia,2022.0,Estimates,net_migration,765.629,1.4374395120211898,UN DESA
16_RUS,Russia,2023.0,Estimates,net_migration,27.807,-0.9636808428102906,UN DESA
16_RUS,Russia,2024.0,High,net_migration,-178.042,-7.40277627935412,UN DESA
16_RUS,Russia,2025.0,High,net_migration,-251.822,0.41439660304871895,UN DESA
16_RUS,Russia,2026.0,High,net_migration,324.924,-2.2902923493578795,UN DESA
16_RUS,Russia,2027.0,High,net_migration,302.018,-0.07049648533195452,UN DESA
16_RUS,Russia,2028.0,High,net_migration,310.835,0.029193624221072856,UN DESA
16_RUS,Russia,2029.0,High,net_migration,309.346,-0.004790322840091954,UN DESA
16_RUS,Russia,2030.0,High,net_migration,305.075,-0.013806546714681955,UN DESA
16_RUS,Russia,2031.0,High,net_migration,280.982,-0.07897402278128318,UN DESA
16_RUS,Russia,2032.0,High,net_migration,305.562,0.08747891323999402,UN DESA
16_RUS,Russia,2033.0,High,net_migration,311.579,0.0196915846865775,UN DESA
16_RUS,Russia,2034.0,High,net_migration,313.09,0.004849492424072066,UN DESA
16_RUS,Russia,2035.0,High,net_migration,315.953,0.009144335494586153,UN DESA
16_RUS,Russia,2036.0,High,net_migration,308.756,-0.02277870442755725,UN DESA
16_RUS,Russia,2037.0,High,net_migration,303.678,-0.016446643951858353,UN DESA
16_RUS,Russia,2038.0,High,net_migration,310.755,0.023304289411811174,UN DESA
16_RUS,Russia,2039.0,High,net_migration,304.36,-0.020578912648227643,UN DESA
16_RUS,Russia,2040.0,High,net_migration,322.698,0.06025101853068726,UN DESA
16_RUS,Russia,2041.0,High,net_migration,317.318,-0.01667193475013784,UN DESA
16_RUS,Russia,2042.0,High,net_migration,329.496,0.03837790481472836,UN DESA
16_RUS,Russia,2043.0,High,net_migration,314.996,-0.04400660402554202,UN DESA
16_RUS,Russia,2044.0,High,net_migration,330.226,0.04834982031517865,UN DESA
16_RUS,Russia,2045.0,High,net_migration,341.94,0.03547267628836015,UN DESA
16_RUS,Russia,2046.0,High,net_migration,354.217,0.03590395975902205,UN DESA
16_RUS,Russia,2047.0,High,net_migration,337.114,-0.048283961526409014,UN DESA
16_RUS,Russia,2048.0,High,net_migration,330.354,-0.020052563821140623,UN DESA
16_RUS,Russia,2049.0,High,net_migration,329.408,-0.0028635948104154263,UN DESA
16_RUS,Russia,2050.0,High,net_migration,322.727,-0.02028183893530222,UN DESA
16_RUS,Russia,2051.0,High,net_migration,320.653,-0.006426484304071112,UN DESA
16_RUS,Russia,2052.0,High,net_migration,334.672,0.043720158551455945,UN DESA
16_RUS,Russia,2053.0,High,net_migration,295.666,-0.1165499354591959,UN DESA
16_RUS,Russia,2054.0,High,net_migration,305.48,0.033192859510393635,UN DESA
16_RUS,Russia,2055.0,High,net_migration,295.714,-0.03196935969621584,UN DESA
16_RUS,Russia,2056.0,High,net_migration,312.358,0.05628411235179942,UN DESA
16_RUS,Russia,2057.0,High,net_migration,321.752,0.030074465837276465,UN DESA
16_RUS,Russia,2058.0,High,net_migration,301.198,-0.06388149879410243,UN DESA
16_RUS,Russia,2059.0,High,net_migration,309.367,0.027121694035153077,UN DESA
16_RUS,Russia,2060.0,High,net_migration,340.306,0.10000743453568073,UN DESA
16_RUS,Russia,2061.0,High,net_migration,316.23,-0.07074809142360106,UN DESA
16_RUS,Russia,2062.0,High,net_migration,330.855,0.04624798406223318,UN DESA
16_RUS,Russia,2063.0,High,net_migration,309.031,-0.06596243067204666,UN DESA
16_RUS,Russia,2064.0,High,net_migration,310.187,0.003740725040529913,UN DESA
16_RUS,Russia,2065.0,High,net_migration,302.752,-0.023969411999858137,UN DESA
16_RUS,Russia,2066.0,High,net_migration,316.211,0.044455527956875684,UN DESA
16_RUS,Russia,2067.0,High,net_migration,329.902,0.04329703900243809,UN DESA
16_RUS,Russia,2068.0,High,net_migration,321.951,-0.0241010966893197,UN DESA
16_RUS,Russia,2069.0,High,net_migration,295.592,-0.08187270733745211,UN DESA
16_RUS,Russia,2070.0,High,net_migration,295.645,0.00017930119894993268,UN DESA
16_RUS,Russia,2071.0,High,net_migration,273.752,-0.07405164978267842,UN DESA
16_RUS,Russia,2072.0,High,net_migration,310.274,0.13341272392530468,UN DESA
16_RUS,Russia,2073.0,High,net_migration,302.466,-0.025164854290079086,UN DESA
16_RUS,Russia,2074.0,High,net_migration,302.225,-0.0007967837707377745,UN DESA
16_RUS,Russia,2075.0,High,net_migration,302.662,0.0014459425924393532,UN DESA
16_RUS,Russia,2076.0,High,net_migration,317.197,0.04802386820942184,UN DESA
16_RUS,Russia,2077.0,High,net_migration,294.749,-0.0707699000936326,UN DESA
16_RUS,Russia,2078.0,High,net_migration,297.914,0.010737949916708622,UN DESA
16_RUS,Russia,2079.0,High,net_migration,304.365,0.021653900118826286,UN DESA
16_RUS,Russia,2080.0,High,net_migration,313.182,0.028968508205608368,UN DESA
16_RUS,Russia,2081.0,High,net_migration,314.684,0.004795933355046023,UN DESA
16_RUS,Russia,2082.0,High,net_migration,303.502,-0.03553405956451561,UN DESA
16_RUS,Russia,2083.0,High,net_migration,302.25,-0.00412517874676277,UN DESA
16_RUS,Russia,2084.0,High,net_migration,293.444,-0.029134822167080188,UN DESA
16_RUS,Russia,2085.0,High,net_migration,284.231,-0.031396109649541426,UN DESA
16_RUS,Russia,2086.0,High,net_migration,284.54,0.001087143907596344,UN DESA
16_RUS,Russia,2087.0,High,net_migration,297.934,0.04707246784283403,UN DESA
16_RUS,Russia,2088.0,High,net_migration,289.549,-0.028143817087005973,UN DESA
16_RUS,Russia,2089.0,High,net_migration,284.634,-0.016974674407440382,UN DESA
16_RUS,Russia,2090.0,High,net_migration,279.309,-0.01870823583970993,UN DESA
16_RUS,Russia,2091.0,High,net_migration,286.442,0.025538024195425058,UN DESA
16_RUS,Russia,2092.0,High,net_migration,261.079,-0.08854497594626487,UN DESA
16_RUS,Russia,2093.0,High,net_migration,286.982,0.09921518007959285,UN DESA
16_RUS,Russia,2094.0,High,net_migration,294.705,0.02691109546940207,UN DESA
16_RUS,Russia,2095.0,High,net_migration,284.702,-0.03394241699326439,UN DESA
16_RUS,Russia,2096.0,High,net_migration,267.413,-0.06072665453702464,UN DESA
16_RUS,Russia,2097.0,High,net_migration,285.35,0.06707602098626464,UN DESA
16_RUS,Russia,2098.0,High,net_migration,267.303,-0.06324513755037686,UN DESA
16_RUS,Russia,2099.0,High,net_migration,271.602,0.01608287224610261,UN DESA
16_RUS,Russia,2100.0,High,net_migration,273.559,0.007205396131103825,UN DESA
17_SGP,Singapore,1950.0,Estimates,net_migration,20.67,,UN DESA
17_SGP,Singapore,1951.0,Estimates,net_migration,22.18,0.07305273343009189,UN DESA
17_SGP,Singapore,1952.0,Estimates,net_migration,23.594,0.06375112714156894,UN DESA
17_SGP,Singapore,1953.0,Estimates,net_migration,24.622,0.04357039925404749,UN DESA
17_SGP,Singapore,1954.0,Estimates,net_migration,25.106,0.019657217122898363,UN DESA
17_SGP,Singapore,1955.0,Estimates,net_migration,25.051,-0.002190711383733057,UN DESA
17_SGP,Singapore,1956.0,Estimates,net_migration,24.287,-0.030497784519580073,UN DESA
17_SGP,Singapore,1957.0,Estimates,net_migration,12.676,-0.47807469016346194,UN DESA
17_SGP,Singapore,1958.0,Estimates,net_migration,0.928,-0.9267907857368255,UN DESA
17_SGP,Singapore,1959.0,Estimates,net_migration,0.421,-0.5463362068965518,UN DESA
17_SGP,Singapore,1960.0,Estimates,net_migration,2.008,3.7695961995249405,UN DESA
17_SGP,Singapore,1961.0,Estimates,net_migration,3.49,0.7380478087649402,UN DESA
17_SGP,Singapore,1962.0,Estimates,net_migration,3.714,0.06418338108882504,UN DESA
17_SGP,Singapore,1963.0,Estimates,net_migration,2.668,-0.2816370490037695,UN DESA
17_SGP,Singapore,1964.0,Estimates,net_migration,3.043,0.14055472263868074,UN DESA
17_SGP,Singapore,1965.0,Estimates,net_migration,4.199,0.3798882681564244,UN DESA
17_SGP,Singapore,1966.0,Estimates,net_migration,3.507,-0.16480114312931649,UN DESA
17_SGP,Singapore,1967.0,Estimates,net_migration,6.006,0.7125748502994012,UN DESA
17_SGP,Singapore,1968.0,Estimates,net_migration,6.792,0.13086913086913077,UN DESA
17_SGP,Singapore,1969.0,Estimates,net_migration,6.763,-0.004269729093050678,UN DESA
17_SGP,Singapore,1970.0,Estimates,net_migration,4.024,-0.4049977820493863,UN DESA
17_SGP,Singapore,1971.0,Estimates,net_migration,0.573,-0.8576043737574552,UN DESA
17_SGP,Singapore,1972.0,Estimates,net_migration,-1.631,-3.8464223385689356,UN DESA
17_SGP,Singapore,1973.0,Estimates,net_migration,-0.495,-0.6965052115266708,UN DESA
17_SGP,Singapore,1974.0,Estimates,net_migration,2.748,-6.551515151515152,UN DESA
17_SGP,Singapore,1975.0,Estimates,net_migration,4.104,0.4934497816593886,UN DESA
17_SGP,Singapore,1976.0,Estimates,net_migration,0.949,-0.7687621832358674,UN DESA
17_SGP,Singapore,1977.0,Estimates,net_migration,2.757,1.9051633298208643,UN DESA
17_SGP,Singapore,1978.0,Estimates,net_migration,0.436,-0.8418570910409866,UN DESA
17_SGP,Singapore,1979.0,Estimates,net_migration,-2.384,-6.467889908256881,UN DESA
17_SGP,Singapore,1980.0,Estimates,net_migration,42.433,-18.799077181208055,UN DESA
17_SGP,Singapore,1981.0,Estimates,net_migration,85.869,1.0236372634506163,UN DESA
17_SGP,Singapore,1982.0,Estimates,net_migration,41.568,-0.5159137756349789,UN DESA
17_SGP,Singapore,1983.0,Estimates,net_migration,11.699,-0.7185575442648191,UN DESA
17_SGP,Singapore,1984.0,Estimates,net_migration,-4.396,-1.3757586118471665,UN DESA
17_SGP,Singapore,1985.0,Estimates,net_migration,-31.036,6.060054595086442,UN DESA
17_SGP,Singapore,1986.0,Estimates,net_migration,-7.858,-0.7468101559479314,UN DESA
17_SGP,Singapore,1987.0,Estimates,net_migration,25.411,-4.233774497327564,UN DESA
17_SGP,Singapore,1988.0,Estimates,net_migration,40.976,0.6125300066900161,UN DESA
17_SGP,Singapore,1989.0,Estimates,net_migration,68.031,0.6602645450995706,UN DESA
17_SGP,Singapore,1990.0,Estimates,net_migration,66.95,-0.01588981493730801,UN DESA
17_SGP,Singapore,1991.0,Estimates,net_migration,57.821,-0.13635548917102325,UN DESA
17_SGP,Singapore,1992.0,Estimates,net_migration,54.359,-0.05987444008232301,UN DESA
17_SGP,Singapore,1993.0,Estimates,net_migration,58.82,0.08206552732758143,UN DESA
17_SGP,Singapore,1994.0,Estimates,net_migration,71.17,0.20996259775586545,UN DESA
17_SGP,Singapore,1995.0,Estimates,net_migration,91.947,0.29193480399044547,UN DESA
17_SGP,Singapore,1996.0,Estimates,net_migration,102.018,0.10953049039120355,UN DESA
17_SGP,Singapore,1997.0,Estimates,net_migration,95.241,-0.06642945362583075,UN DESA
17_SGP,Singapore,1998.0,Estimates,net_migration,51.905,-0.4550141220692768,UN DESA
17_SGP,Singapore,1999.0,Estimates,net_migration,19.681,-0.6208265099701378,UN DESA
17_SGP,Singapore,2000.0,Estimates,net_migration,55.218,1.8056501194045018,UN DESA
17_SGP,Singapore,2001.0,Estimates,net_migration,45.027,-0.18455938280995332,UN DESA
17_SGP,Singapore,2002.0,Estimates,net_migration,-40.023,-1.8888666799920049,UN DESA
17_SGP,Singapore,2003.0,Estimates,net_migration,-30.012,-0.25013117457461964,UN DESA
17_SGP,Singapore,2004.0,Estimates,net_migration,50.487,-2.6822271091563374,UN DESA
17_SGP,Singapore,2005.0,Estimates,net_migration,92.023,0.8227068354229801,UN DESA
17_SGP,Singapore,2006.0,Estimates,net_migration,135.625,0.47381632852656397,UN DESA
17_SGP,Singapore,2007.0,Estimates,net_migration,192.292,0.41782119815668195,UN DESA
17_SGP,Singapore,2008.0,Estimates,net_migration,176.182,-0.0837788363530465,UN DESA
17_SGP,Singapore,2009.0,Estimates,net_migration,95.841,-0.4560113973050596,UN DESA
17_SGP,Singapore,2010.0,Estimates,net_migration,72.571,-0.24279796746695048,UN DESA
17_SGP,Singapore,2011.0,Estimates,net_migration,89.856,0.23818054043626247,UN DESA
17_SGP,Singapore,2012.0,Estimates,net_migration,78.501,-0.12636885683760668,UN DESA
17_SGP,Singapore,2013.0,Estimates,net_migration,52.176,-0.3353460465471778,UN DESA
17_SGP,Singapore,2014.0,Estimates,net_migration,40.154,-0.23041245016865985,UN DESA
17_SGP,Singapore,2015.0,Estimates,net_migration,41.852,0.04228719430193739,UN DESA
17_SGP,Singapore,2016.0,Estimates,net_migration,13.737,-0.671771958329351,UN DESA
17_SGP,Singapore,2017.0,Estimates,net_migration,-8.88,-1.6464293513867658,UN DESA
17_SGP,Singapore,2018.0,Estimates,net_migration,21.82,-3.457207207207207,UN DESA
17_SGP,Singapore,2019.0,Estimates,net_migration,0.87,-0.96012832263978,UN DESA
17_SGP,Singapore,2020.0,Estimates,net_migration,-145.556,-168.30574712643678,UN DESA
17_SGP,Singapore,2021.0,Estimates,net_migration,-44.03,-0.6975047404435406,UN DESA
17_SGP,Singapore,2022.0,Estimates,net_migration,214.842,-5.879445832387009,UN DESA
17_SGP,Singapore,2023.0,Estimates,net_migration,26.996,-0.8743448673909199,UN DESA
17_SGP,Singapore,2024.0,High,net_migration,20.011,-0.25874203585716404,UN DESA
17_SGP,Singapore,2025.0,High,net_migration,16.892,-0.15586427464894304,UN DESA
17_SGP,Singapore,2026.0,High,net_migration,13.379,-0.2079682690030784,UN DESA
17_SGP,Singapore,2027.0,High,net_migration,15.195,0.1357351072576427,UN DESA
17_SGP,Singapore,2028.0,High,net_migration,14.441,-0.04962158604804212,UN DESA
17_SGP,Singapore,2029.0,High,net_migration,10.733,-0.2567689218198186,UN DESA
17_SGP,Singapore,2030.0,High,net_migration,9.897,-0.07789061772104722,UN DESA
17_SGP,Singapore,2031.0,High,net_migration,13.185,0.3322218854198242,UN DESA
17_SGP,Singapore,2032.0,High,net_migration,12.974,-0.01600303375047407,UN DESA
17_SGP,Singapore,2033.0,High,net_migration,15.217,0.17288422999845854,UN DESA
17_SGP,Singapore,2034.0,High,net_migration,12.638,-0.16948150095288173,UN DESA
17_SGP,Singapore,2035.0,High,net_migration,9.722,-0.23073271087197345,UN DESA
17_SGP,Singapore,2036.0,High,net_migration,8.313,-0.1449290269491873,UN DESA
17_SGP,Singapore,2037.0,High,net_migration,10.988,0.32178515578010325,UN DESA
17_SGP,Singapore,2038.0,High,net_migration,11.425,0.03977065890061904,UN DESA
17_SGP,Singapore,2039.0,High,net_migration,9.366,-0.18021881838074405,UN DESA
17_SGP,Singapore,2040.0,High,net_migration,7.728,-0.17488789237668156,UN DESA
17_SGP,Singapore,2041.0,High,net_migration,6.802,-0.119824016563147,UN DESA
17_SGP,Singapore,2042.0,High,net_migration,8.419,0.23772419876506934,UN DESA
17_SGP,Singapore,2043.0,High,net_migration,9.708,0.15310606960446616,UN DESA
17_SGP,Singapore,2044.0,High,net_migration,7.089,-0.26977750309023485,UN DESA
17_SGP,Singapore,2045.0,High,net_migration,10.047,0.4172661870503598,UN DESA
17_SGP,Singapore,2046.0,High,net_migration,9.429,-0.061510898775754,UN DESA
17_SGP,Singapore,2047.0,High,net_migration,7.35,-0.22048997772828516,UN DESA
17_SGP,Singapore,2048.0,High,net_migration,13.079,0.7794557823129253,UN DESA
17_SGP,Singapore,2049.0,High,net_migration,10.443,-0.20154446058567177,UN DESA
17_SGP,Singapore,2050.0,High,net_migration,9.819,-0.05975294455616187,UN DESA
17_SGP,Singapore,2051.0,High,net_migration,11.718,0.19340054995417044,UN DESA
17_SGP,Singapore,2052.0,High,net_migration,17.036,0.45383171189622806,UN DESA
17_SGP,Singapore,2053.0,High,net_migration,13.711,-0.1951749236910073,UN DESA
17_SGP,Singapore,2054.0,High,net_migration,9.192,-0.32958938078914746,UN DESA
17_SGP,Singapore,2055.0,High,net_migration,11.985,0.3038511749347257,UN DESA
17_SGP,Singapore,2056.0,High,net_migration,12.8,0.06800166875260749,UN DESA
17_SGP,Singapore,2057.0,High,net_migration,13.513,0.055703124999999964,UN DESA
17_SGP,Singapore,2058.0,High,net_migration,9.266,-0.31428994301783464,UN DESA
17_SGP,Singapore,2059.0,High,net_migration,11.196,0.2082883660695014,UN DESA
17_SGP,Singapore,2060.0,High,net_migration,7.196,-0.3572704537334762,UN DESA
17_SGP,Singapore,2061.0,High,net_migration,10.185,0.41536964980544755,UN DESA
17_SGP,Singapore,2062.0,High,net_migration,9.49,-0.06823760432007853,UN DESA
17_SGP,Singapore,2063.0,High,net_migration,12.421,0.3088514225500525,UN DESA
17_SGP,Singapore,2064.0,High,net_migration,9.335,-0.24845020529747996,UN DESA
17_SGP,Singapore,2065.0,High,net_migration,5.765,-0.3824317086234602,UN DESA
17_SGP,Singapore,2066.0,High,net_migration,5.632,-0.02307025151777975,UN DESA
17_SGP,Singapore,2067.0,High,net_migration,11.557,1.052024147727273,UN DESA
17_SGP,Singapore,2068.0,High,net_migration,10.504,-0.09111361079865021,UN DESA
17_SGP,Singapore,2069.0,High,net_migration,10.5,-0.00038080731150036407,UN DESA
17_SGP,Singapore,2070.0,High,net_migration,13.721,0.3067619047619048,UN DESA
17_SGP,Singapore,2071.0,High,net_migration,12.726,-0.07251658042416731,UN DESA
17_SGP,Singapore,2072.0,High,net_migration,12.436,-0.022787993085022884,UN DESA
17_SGP,Singapore,2073.0,High,net_migration,11.173,-0.10155998713412673,UN DESA
17_SGP,Singapore,2074.0,High,net_migration,6.239,-0.4416002864047257,UN DESA
17_SGP,Singapore,2075.0,High,net_migration,6.208,-0.004968744991184382,UN DESA
17_SGP,Singapore,2076.0,High,net_migration,11.591,0.8671069587628863,UN DESA
17_SGP,Singapore,2077.0,High,net_migration,8.804,-0.24044517297903534,UN DESA
17_SGP,Singapore,2078.0,High,net_migration,7.848,-0.10858700590640624,UN DESA
17_SGP,Singapore,2079.0,High,net_migration,5.714,-0.27191641182466864,UN DESA
17_SGP,Singapore,2080.0,High,net_migration,6.143,0.0750787539376967,UN DESA
17_SGP,Singapore,2081.0,High,net_migration,5.394,-0.12192739703727817,UN DESA
17_SGP,Singapore,2082.0,High,net_migration,5.078,-0.05858361142009638,UN DESA
17_SGP,Singapore,2083.0,High,net_migration,6.27,0.23473808586057499,UN DESA
17_SGP,Singapore,2084.0,High,net_migration,7.185,0.14593301435406691,UN DESA
17_SGP,Singapore,2085.0,High,net_migration,5.779,-0.19568545581071672,UN DESA
17_SGP,Singapore,2086.0,High,net_migration,4.718,-0.18359577781623115,UN DESA
17_SGP,Singapore,2087.0,High,net_migration,5.851,0.2401441288681645,UN DESA
17_SGP,Singapore,2088.0,High,net_migration,6.688,0.14305246966330531,UN DESA
17_SGP,Singapore,2089.0,High,net_migration,3.964,-0.4072966507177034,UN DESA
17_SGP,Singapore,2090.0,High,net_migration,6.005,0.5148839556004037,UN DESA
17_SGP,Singapore,2091.0,High,net_migration,5.907,-0.01631973355537053,UN DESA
17_SGP,Singapore,2092.0,High,net_migration,8.836,0.4958523785339428,UN DESA
17_SGP,Singapore,2093.0,High,net_migration,6.959,-0.21242643730194666,UN DESA
17_SGP,Singapore,2094.0,High,net_migration,4.356,-0.37404799540163813,UN DESA
17_SGP,Singapore,2095.0,High,net_migration,5.736,0.3168044077134986,UN DESA
17_SGP,Singapore,2096.0,High,net_migration,4.645,-0.1902022315202232,UN DESA
17_SGP,Singapore,2097.0,High,net_migration,5.025,0.08180839612486568,UN DESA
17_SGP,Singapore,2098.0,High,net_migration,3.828,-0.23820895522388064,UN DESA
17_SGP,Singapore,2099.0,High,net_migration,5.655,0.4772727272727273,UN DESA
17_SGP,Singapore,2100.0,High,net_migration,5.824,0.029885057471264354,UN DESA
18_CT,Chinese Taipei,1950.0,Estimates,net_migration,-5.334,,UN DESA
18_CT,Chinese Taipei,1951.0,Estimates,net_migration,-2.822,-0.47094113235845514,UN DESA
18_CT,Chinese Taipei,1952.0,Estimates,net_migration,2.447,-1.867115520907158,UN DESA
18_CT,Chinese Taipei,1953.0,Estimates,net_migration,3.823,0.5623212096444625,UN DESA
18_CT,Chinese Taipei,1954.0,Estimates,net_migration,8.758,1.2908710436829711,UN DESA
18_CT,Chinese Taipei,1955.0,Estimates,net_migration,22.736,1.5960264900662255,UN DESA
18_CT,Chinese Taipei,1956.0,Estimates,net_migration,42.376,0.8638282899366643,UN DESA
18_CT,Chinese Taipei,1957.0,Estimates,net_migration,57.781,0.36353124410043436,UN DESA
18_CT,Chinese Taipei,1958.0,Estimates,net_migration,59.297,0.026236998321247373,UN DESA
18_CT,Chinese Taipei,1959.0,Estimates,net_migration,62.738,0.058029917196485536,UN DESA
18_CT,Chinese Taipei,1960.0,Estimates,net_migration,60.801,-0.03087443016991298,UN DESA
18_CT,Chinese Taipei,1961.0,Estimates,net_migration,62.418,0.026594957319780788,UN DESA
18_CT,Chinese Taipei,1962.0,Estimates,net_migration,63.22,0.012848857701304173,UN DESA
18_CT,Chinese Taipei,1963.0,Estimates,net_migration,68.634,0.08563745650110732,UN DESA
18_CT,Chinese Taipei,1964.0,Estimates,net_migration,70.026,0.02028149313751193,UN DESA
18_CT,Chinese Taipei,1965.0,Estimates,net_migration,70.592,0.008082712135492498,UN DESA
18_CT,Chinese Taipei,1966.0,Estimates,net_migration,72.215,0.022991273798730782,UN DESA
18_CT,Chinese Taipei,1967.0,Estimates,net_migration,-8.595,-1.119019594267119,UN DESA
18_CT,Chinese Taipei,1968.0,Estimates,net_migration,-10.631,0.23688190808609644,UN DESA
18_CT,Chinese Taipei,1969.0,Estimates,net_migration,-12.799,0.20393189728153516,UN DESA
18_CT,Chinese Taipei,1970.0,Estimates,net_migration,-39.483,2.084850378935854,UN DESA
18_CT,Chinese Taipei,1971.0,Estimates,net_migration,23.309,-1.5903553428057646,UN DESA
18_CT,Chinese Taipei,1972.0,Estimates,net_migration,27.232,0.1683040885494873,UN DESA
18_CT,Chinese Taipei,1973.0,Estimates,net_migration,18.009,-0.33868243243243246,UN DESA
18_CT,Chinese Taipei,1974.0,Estimates,net_migration,-3.688,-1.2047864956410683,UN DESA
18_CT,Chinese Taipei,1975.0,Estimates,net_migration,-54.146,13.681670281995661,UN DESA
18_CT,Chinese Taipei,1976.0,Estimates,net_migration,2.474,-1.0456912791341928,UN DESA
18_CT,Chinese Taipei,1977.0,Estimates,net_migration,18.802,6.599838318512529,UN DESA
18_CT,Chinese Taipei,1978.0,Estimates,net_migration,17.523,-0.06802467822572067,UN DESA
18_CT,Chinese Taipei,1979.0,Estimates,net_migration,15.056,-0.14078639502368318,UN DESA
18_CT,Chinese Taipei,1980.0,Estimates,net_migration,-9.653,-1.6411397449521785,UN DESA
18_CT,Chinese Taipei,1981.0,Estimates,net_migration,-25.663,1.6585517455713248,UN DESA
18_CT,Chinese Taipei,1982.0,Estimates,net_migration,-23.783,-0.07325721856369083,UN DESA
18_CT,Chinese Taipei,1983.0,Estimates,net_migration,-14.873,-0.3746373460034479,UN DESA
18_CT,Chinese Taipei,1984.0,Estimates,net_migration,-12.859,-0.13541316479526655,UN DESA
18_CT,Chinese Taipei,1985.0,Estimates,net_migration,-8.777,-0.3174430360059103,UN DESA
18_CT,Chinese Taipei,1986.0,Estimates,net_migration,-15.579,0.7749800615244391,UN DESA
18_CT,Chinese Taipei,1987.0,Estimates,net_migration,-25.712,0.6504268566660247,UN DESA
18_CT,Chinese Taipei,1988.0,Estimates,net_migration,-31.094,0.20931860609831987,UN DESA
18_CT,Chinese Taipei,1989.0,Estimates,net_migration,-49.726,0.5992152826911943,UN DESA
18_CT,Chinese Taipei,1990.0,Estimates,net_migration,-62.876,0.26444918151470054,UN DESA
18_CT,Chinese Taipei,1991.0,Estimates,net_migration,-24.939,-0.603362173166232,UN DESA
18_CT,Chinese Taipei,1992.0,Estimates,net_migration,-20.985,-0.15854685432455196,UN DESA
18_CT,Chinese Taipei,1993.0,Estimates,net_migration,-36.644,0.7461996664284012,UN DESA
18_CT,Chinese Taipei,1994.0,Estimates,net_migration,-39.133,0.06792380744460225,UN DESA
18_CT,Chinese Taipei,1995.0,Estimates,net_migration,-38.021,-0.028415914956686272,UN DESA
18_CT,Chinese Taipei,1996.0,Estimates,net_migration,-35.827,-0.05770495252623553,UN DESA
18_CT,Chinese Taipei,1997.0,Estimates,net_migration,-22.444,-0.37354509169062433,UN DESA
18_CT,Chinese Taipei,1998.0,Estimates,net_migration,-10.46,-0.5339511673498485,UN DESA
18_CT,Chinese Taipei,1999.0,Estimates,net_migration,3.766,-1.360038240917782,UN DESA
18_CT,Chinese Taipei,2000.0,Estimates,net_migration,-45.743,-13.14630908125332,UN DESA
18_CT,Chinese Taipei,2001.0,Estimates,net_migration,-0.12,-0.997376647793105,UN DESA
18_CT,Chinese Taipei,2002.0,Estimates,net_migration,1.077,-9.975,UN DESA
18_CT,Chinese Taipei,2003.0,Estimates,net_migration,-14.133,-14.122562674094707,UN DESA
18_CT,Chinese Taipei,2004.0,Estimates,net_migration,2.063,-1.1459704238307507,UN DESA
18_CT,Chinese Taipei,2005.0,Estimates,net_migration,13.157,5.377605428986912,UN DESA
18_CT,Chinese Taipei,2006.0,Estimates,net_migration,36.717,1.7906817663601124,UN DESA
18_CT,Chinese Taipei,2007.0,Estimates,net_migration,23.516,-0.35953373096930574,UN DESA
18_CT,Chinese Taipei,2008.0,Estimates,net_migration,26.424,0.12366048647729211,UN DESA
18_CT,Chinese Taipei,2009.0,Estimates,net_migration,40.469,0.5315243717832274,UN DESA
18_CT,Chinese Taipei,2010.0,Estimates,net_migration,17.969,-0.5559811213521461,UN DESA
18_CT,Chinese Taipei,2011.0,Estimates,net_migration,18.99,0.05682007902498731,UN DESA
18_CT,Chinese Taipei,2012.0,Estimates,net_migration,25.756,0.356292785676672,UN DESA
18_CT,Chinese Taipei,2013.0,Estimates,net_migration,6.505,-0.7474374902935239,UN DESA
18_CT,Chinese Taipei,2014.0,Estimates,net_migration,13.127,1.017986164488855,UN DESA
18_CT,Chinese Taipei,2015.0,Estimates,net_migration,10.681,-0.1863335110840254,UN DESA
18_CT,Chinese Taipei,2016.0,Estimates,net_migration,27.377,1.563149517835409,UN DESA
18_CT,Chinese Taipei,2017.0,Estimates,net_migration,17.602,-0.3570515396135442,UN DESA
18_CT,Chinese Taipei,2018.0,Estimates,net_migration,9.577,-0.4559141006703784,UN DESA
18_CT,Chinese Taipei,2019.0,Estimates,net_migration,17.107,0.7862587449096794,UN DESA
18_CT,Chinese Taipei,2020.0,Estimates,net_migration,-21.224,-2.240661717425615,UN DESA
18_CT,Chinese Taipei,2021.0,Estimates,net_migration,-145.743,5.866895966830003,UN DESA
18_CT,Chinese Taipei,2022.0,Estimates,net_migration,-24.93,-0.828945472509829,UN DESA
18_CT,Chinese Taipei,2023.0,Estimates,net_migration,-32.777,0.3147613317288409,UN DESA
18_CT,Chinese Taipei,2024.0,High,net_migration,-25.832,-0.21188638374469904,UN DESA
18_CT,Chinese Taipei,2025.0,High,net_migration,-20.947,-0.1891065345308145,UN DESA
18_CT,Chinese Taipei,2026.0,High,net_migration,-15.041,-0.28194968253210484,UN DESA
18_CT,Chinese Taipei,2027.0,High,net_migration,-13.096,-0.12931321055780864,UN DESA
18_CT,Chinese Taipei,2028.0,High,net_migration,-8.589,-0.3441508857666463,UN DESA
18_CT,Chinese Taipei,2029.0,High,net_migration,-5.384,-0.3731517056700431,UN DESA
18_CT,Chinese Taipei,2030.0,High,net_migration,-3.77,-0.299777117384844,UN DESA
18_CT,Chinese Taipei,2031.0,High,net_migration,-3.076,-0.18408488063660478,UN DESA
18_CT,Chinese Taipei,2032.0,High,net_migration,-0.371,-0.8793888166449935,UN DESA
18_CT,Chinese Taipei,2033.0,High,net_migration,1.471,-4.964959568733153,UN DESA
18_CT,Chinese Taipei,2034.0,High,net_migration,0.522,-0.645139360978926,UN DESA
18_CT,Chinese Taipei,2035.0,High,net_migration,3.046,4.835249042145593,UN DESA
18_CT,Chinese Taipei,2036.0,High,net_migration,4.358,0.4307288246881156,UN DESA
18_CT,Chinese Taipei,2037.0,High,net_migration,3.559,-0.18334098210188154,UN DESA
18_CT,Chinese Taipei,2038.0,High,net_migration,6.358,0.7864568699072771,UN DESA
18_CT,Chinese Taipei,2039.0,High,net_migration,6.497,0.021862220824158562,UN DESA
18_CT,Chinese Taipei,2040.0,High,net_migration,6.967,0.0723410804986917,UN DESA
18_CT,Chinese Taipei,2041.0,High,net_migration,7.037,0.010047366154729565,UN DESA
18_CT,Chinese Taipei,2042.0,High,net_migration,6.933,-0.01477902515276397,UN DESA
18_CT,Chinese Taipei,2043.0,High,net_migration,7.311,0.05452185201211601,UN DESA
18_CT,Chinese Taipei,2044.0,High,net_migration,8.863,0.2122828614416632,UN DESA
18_CT,Chinese Taipei,2045.0,High,net_migration,5.621,-0.365790364436421,UN DESA
18_CT,Chinese Taipei,2046.0,High,net_migration,9.356,0.6644725137875822,UN DESA
18_CT,Chinese Taipei,2047.0,High,net_migration,6.246,-0.3324070115433946,UN DESA
18_CT,Chinese Taipei,2048.0,High,net_migration,8.545,0.36807556836375266,UN DESA
18_CT,Chinese Taipei,2049.0,High,net_migration,5.666,-0.33692217671152713,UN DESA
18_CT,Chinese Taipei,2050.0,High,net_migration,6.774,0.19555241793152134,UN DESA
18_CT,Chinese Taipei,2051.0,High,net_migration,7.946,0.17301446708001178,UN DESA
18_CT,Chinese Taipei,2052.0,High,net_migration,8.367,0.05298263277120574,UN DESA
18_CT,Chinese Taipei,2053.0,High,net_migration,7.951,-0.049719134695829004,UN DESA
18_CT,Chinese Taipei,2054.0,High,net_migration,6.831,-0.1408627845554018,UN DESA
18_CT,Chinese Taipei,2055.0,High,net_migration,7.099,0.03923290879812624,UN DESA
18_CT,Chinese Taipei,2056.0,High,net_migration,10.186,0.43484997887026333,UN DESA
18_CT,Chinese Taipei,2057.0,High,net_migration,8.023,-0.21235028470449635,UN DESA
18_CT,Chinese Taipei,2058.0,High,net_migration,9.01,0.12302131372304626,UN DESA
18_CT,Chinese Taipei,2059.0,High,net_migration,7.217,-0.19900110987791342,UN DESA
18_CT,Chinese Taipei,2060.0,High,net_migration,6.229,-0.13689898849937643,UN DESA
18_CT,Chinese Taipei,2061.0,High,net_migration,5.079,-0.18462032428961317,UN DESA
18_CT,Chinese Taipei,2062.0,High,net_migration,5.405,0.06418586335892895,UN DESA
18_CT,Chinese Taipei,2063.0,High,net_migration,7.061,0.30638297872340425,UN DESA
18_CT,Chinese Taipei,2064.0,High,net_migration,5.922,-0.1613085965160742,UN DESA
18_CT,Chinese Taipei,2065.0,High,net_migration,6.717,0.1342451874366768,UN DESA
18_CT,Chinese Taipei,2066.0,High,net_migration,7.737,0.15185350602947745,UN DESA
18_CT,Chinese Taipei,2067.0,High,net_migration,6.336,-0.18107793718495535,UN DESA
18_CT,Chinese Taipei,2068.0,High,net_migration,5.81,-0.0830176767676769,UN DESA
18_CT,Chinese Taipei,2069.0,High,net_migration,7.541,0.29793459552495705,UN DESA
18_CT,Chinese Taipei,2070.0,High,net_migration,6.84,-0.09295849356849228,UN DESA
18_CT,Chinese Taipei,2071.0,High,net_migration,5.484,-0.19824561403508767,UN DESA
18_CT,Chinese Taipei,2072.0,High,net_migration,4.309,-0.21425966447848288,UN DESA
18_CT,Chinese Taipei,2073.0,High,net_migration,5.996,0.39150614991877464,UN DESA
18_CT,Chinese Taipei,2074.0,High,net_migration,5.496,-0.08338892595063374,UN DESA
18_CT,Chinese Taipei,2075.0,High,net_migration,5.593,0.017649199417758332,UN DESA
18_CT,Chinese Taipei,2076.0,High,net_migration,7.035,0.25782227784730916,UN DESA
18_CT,Chinese Taipei,2077.0,High,net_migration,6.207,-0.1176972281449894,UN DESA
18_CT,Chinese Taipei,2078.0,High,net_migration,5.024,-0.19059126792331238,UN DESA
18_CT,Chinese Taipei,2079.0,High,net_migration,5.461,0.08698248407643328,UN DESA
18_CT,Chinese Taipei,2080.0,High,net_migration,6.316,0.15656473173411456,UN DESA
18_CT,Chinese Taipei,2081.0,High,net_migration,5.107,-0.191418619379354,UN DESA
18_CT,Chinese Taipei,2082.0,High,net_migration,5.965,0.1680046994321518,UN DESA
18_CT,Chinese Taipei,2083.0,High,net_migration,4.97,-0.1668063704945516,UN DESA
18_CT,Chinese Taipei,2084.0,High,net_migration,3.553,-0.2851106639839034,UN DESA
18_CT,Chinese Taipei,2085.0,High,net_migration,4.609,0.2972136222910218,UN DESA
18_CT,Chinese Taipei,2086.0,High,net_migration,5.436,0.17943154697331298,UN DESA
18_CT,Chinese Taipei,2087.0,High,net_migration,4.409,-0.188925680647535,UN DESA
18_CT,Chinese Taipei,2088.0,High,net_migration,3.202,-0.27375822181900655,UN DESA
18_CT,Chinese Taipei,2089.0,High,net_migration,3.368,0.0518425983760149,UN DESA
18_CT,Chinese Taipei,2090.0,High,net_migration,2.093,-0.37856294536817103,UN DESA
18_CT,Chinese Taipei,2091.0,High,net_migration,3.683,0.7596751075011945,UN DESA
18_CT,Chinese Taipei,2092.0,High,net_migration,3.704,0.00570187347271256,UN DESA
18_CT,Chinese Taipei,2093.0,High,net_migration,3.659,-0.012149028077753865,UN DESA
18_CT,Chinese Taipei,2094.0,High,net_migration,3.232,-0.11669855151680775,UN DESA
18_CT,Chinese Taipei,2095.0,High,net_migration,3.197,-0.010829207920792117,UN DESA
18_CT,Chinese Taipei,2096.0,High,net_migration,3.283,0.026900218955270505,UN DESA
18_CT,Chinese Taipei,2097.0,High,net_migration,2.564,-0.21900700578738952,UN DESA
18_CT,Chinese Taipei,2098.0,High,net_migration,2.791,0.0885335413416537,UN DESA
18_CT,Chinese Taipei,2099.0,High,net_migration,3.079,0.10318882121103568,UN DESA
18_CT,Chinese Taipei,2100.0,High,net_migration,3.309,0.07469957778499503,UN DESA
19_THA,Thailand,1950.0,Estimates,net_migration,10.833,,UN DESA
19_THA,Thailand,1951.0,Estimates,net_migration,9.294,-0.1420659097202991,UN DESA
19_THA,Thailand,1952.0,Estimates,net_migration,2.996,-0.6776414891327738,UN DESA
19_THA,Thailand,1953.0,Estimates,net_migration,-9.511,-4.17456608811749,UN DESA
19_THA,Thailand,1954.0,Estimates,net_migration,-6.859,-0.2788350331195457,UN DESA
19_THA,Thailand,1955.0,Estimates,net_migration,-7.471,0.08922583466977696,UN DESA
19_THA,Thailand,1956.0,Estimates,net_migration,-7.612,0.018872975505287215,UN DESA
19_THA,Thailand,1957.0,Estimates,net_migration,-9.786,0.28560168155543875,UN DESA
19_THA,Thailand,1958.0,Estimates,net_migration,-27.74,1.8346617617003882,UN DESA
19_THA,Thailand,1959.0,Estimates,net_migration,-2.027,-0.9269286229271809,UN DESA
19_THA,Thailand,1960.0,Estimates,net_migration,6.886,-4.397138628515046,UN DESA
19_THA,Thailand,1961.0,Estimates,net_migration,14.968,1.173685739180947,UN DESA
19_THA,Thailand,1962.0,Estimates,net_migration,16.605,0.10936664885088199,UN DESA
19_THA,Thailand,1963.0,Estimates,net_migration,16.494,-0.006684733514001895,UN DESA
19_THA,Thailand,1964.0,Estimates,net_migration,17.249,0.04577422092882255,UN DESA
19_THA,Thailand,1965.0,Estimates,net_migration,22.995,0.33312076062380447,UN DESA
19_THA,Thailand,1966.0,Estimates,net_migration,12.016,-0.4774516199173734,UN DESA
19_THA,Thailand,1967.0,Estimates,net_migration,17.005,0.41519640479360853,UN DESA
19_THA,Thailand,1968.0,Estimates,net_migration,13.718,-0.19329608938547482,UN DESA
19_THA,Thailand,1969.0,Estimates,net_migration,26.551,0.9354862224814111,UN DESA
19_THA,Thailand,1970.0,Estimates,net_migration,49.221,0.8538284810364958,UN DESA
19_THA,Thailand,1971.0,Estimates,net_migration,43.4,-0.11826253022084066,UN DESA
19_THA,Thailand,1972.0,Estimates,net_migration,73.082,0.6839170506912442,UN DESA
19_THA,Thailand,1973.0,Estimates,net_migration,80.704,0.10429380695656931,UN DESA
19_THA,Thailand,1974.0,Estimates,net_migration,72.801,-0.09792575337034093,UN DESA
19_THA,Thailand,1975.0,Estimates,net_migration,66.306,-0.0892158074751721,UN DESA
19_THA,Thailand,1976.0,Estimates,net_migration,40.656,-0.3868428196543299,UN DESA
19_THA,Thailand,1977.0,Estimates,net_migration,88.937,1.1875491932310114,UN DESA
19_THA,Thailand,1978.0,Estimates,net_migration,82.011,-0.07787534996683043,UN DESA
19_THA,Thailand,1979.0,Estimates,net_migration,85.693,0.04489641633439412,UN DESA
19_THA,Thailand,1980.0,Estimates,net_migration,88.478,0.03249973743479617,UN DESA
19_THA,Thailand,1981.0,Estimates,net_migration,78.337,-0.11461606275006209,UN DESA
19_THA,Thailand,1982.0,Estimates,net_migration,101.885,0.3005986953802162,UN DESA
19_THA,Thailand,1983.0,Estimates,net_migration,143.393,0.4074005005643617,UN DESA
19_THA,Thailand,1984.0,Estimates,net_migration,139.345,-0.028230108861659886,UN DESA
19_THA,Thailand,1985.0,Estimates,net_migration,141.963,0.018787900534644297,UN DESA
19_THA,Thailand,1986.0,Estimates,net_migration,111.82,-0.21232997330290293,UN DESA
19_THA,Thailand,1987.0,Estimates,net_migration,122.791,0.09811303881237698,UN DESA
19_THA,Thailand,1988.0,Estimates,net_migration,128.469,0.04624117402741246,UN DESA
19_THA,Thailand,1989.0,Estimates,net_migration,90.497,-0.29557325113451494,UN DESA
19_THA,Thailand,1990.0,Estimates,net_migration,152.916,0.6897355713449065,UN DESA
19_THA,Thailand,1991.0,Estimates,net_migration,124.034,-0.18887493787438847,UN DESA
19_THA,Thailand,1992.0,Estimates,net_migration,143.318,0.15547349920183184,UN DESA
19_THA,Thailand,1993.0,Estimates,net_migration,122.746,-0.14354093693743997,UN DESA
19_THA,Thailand,1994.0,Estimates,net_migration,132.271,0.0775992700373127,UN DESA
19_THA,Thailand,1995.0,Estimates,net_migration,147.226,0.11306333209849484,UN DESA
19_THA,Thailand,1996.0,Estimates,net_migration,152.397,0.035122872318748,UN DESA
19_THA,Thailand,1997.0,Estimates,net_migration,150.411,-0.013031752593554935,UN DESA
19_THA,Thailand,1998.0,Estimates,net_migration,183.471,0.21979775415361913,UN DESA
19_THA,Thailand,1999.0,Estimates,net_migration,173.924,-0.052035471545911816,UN DESA
19_THA,Thailand,2000.0,Estimates,net_migration,121.64,-0.30061406131413726,UN DESA
19_THA,Thailand,2001.0,Estimates,net_migration,96.817,-0.2040693850707005,UN DESA
19_THA,Thailand,2002.0,Estimates,net_migration,105.215,0.08674096491318695,UN DESA
19_THA,Thailand,2003.0,Estimates,net_migration,105.917,0.006672052464002265,UN DESA
19_THA,Thailand,2004.0,Estimates,net_migration,107.199,0.01210381713983577,UN DESA
19_THA,Thailand,2005.0,Estimates,net_migration,100.542,-0.062099459883021235,UN DESA
19_THA,Thailand,2006.0,Estimates,net_migration,102.362,0.018101887768295688,UN DESA
19_THA,Thailand,2007.0,Estimates,net_migration,100.486,-0.01832711357730399,UN DESA
19_THA,Thailand,2008.0,Estimates,net_migration,107.333,0.0681388452122682,UN DESA
19_THA,Thailand,2009.0,Estimates,net_migration,110.883,0.03307463687775436,UN DESA
19_THA,Thailand,2010.0,Estimates,net_migration,52.791,-0.523903574037499,UN DESA
19_THA,Thailand,2011.0,Estimates,net_migration,66.607,0.26171127654335025,UN DESA
19_THA,Thailand,2012.0,Estimates,net_migration,74.033,0.11148978335610371,UN DESA
19_THA,Thailand,2013.0,Estimates,net_migration,67.452,-0.0888927910526387,UN DESA
19_THA,Thailand,2014.0,Estimates,net_migration,55.358,-0.179297871078693,UN DESA
19_THA,Thailand,2015.0,Estimates,net_migration,32.5,-0.41291231619639435,UN DESA
19_THA,Thailand,2016.0,Estimates,net_migration,112.978,2.4762461538461538,UN DESA
19_THA,Thailand,2017.0,Estimates,net_migration,66.805,-0.40869018747012686,UN DESA
19_THA,Thailand,2018.0,Estimates,net_migration,10.984,-0.8355811690741711,UN DESA
19_THA,Thailand,2019.0,Estimates,net_migration,5.221,-0.5246722505462491,UN DESA
19_THA,Thailand,2020.0,Estimates,net_migration,32.277,5.182149013598927,UN DESA
19_THA,Thailand,2021.0,Estimates,net_migration,-2.093,-1.0648449360225547,UN DESA
19_THA,Thailand,2022.0,Estimates,net_migration,21.683,-11.359770664118491,UN DESA
19_THA,Thailand,2023.0,Estimates,net_migration,19.648,-0.09385232670755894,UN DESA
19_THA,Thailand,2024.0,High,net_migration,23.321,0.18694014657980462,UN DESA
19_THA,Thailand,2025.0,High,net_migration,27.509,0.17958063547875303,UN DESA
19_THA,Thailand,2026.0,High,net_migration,29.2,0.06147079137736733,UN DESA
19_THA,Thailand,2027.0,High,net_migration,34.464,0.1802739726027398,UN DESA
19_THA,Thailand,2028.0,High,net_migration,37.649,0.0924152739090065,UN DESA
19_THA,Thailand,2029.0,High,net_migration,41.954,0.11434566655156853,UN DESA
19_THA,Thailand,2030.0,High,net_migration,43.712,0.041903036659198145,UN DESA
19_THA,Thailand,2031.0,High,net_migration,47.242,0.0807558565153732,UN DESA
19_THA,Thailand,2032.0,High,net_migration,47.623,0.00806485754201769,UN DESA
19_THA,Thailand,2033.0,High,net_migration,49.081,0.030615458916910088,UN DESA
19_THA,Thailand,2034.0,High,net_migration,52.266,0.0648927283470182,UN DESA
19_THA,Thailand,2035.0,High,net_migration,49.353,-0.05573412926185273,UN DESA
19_THA,Thailand,2036.0,High,net_migration,54.285,0.09993313476384413,UN DESA
19_THA,Thailand,2037.0,High,net_migration,55.689,0.025863498203923863,UN DESA
19_THA,Thailand,2038.0,High,net_migration,56.395,0.012677548528434723,UN DESA
19_THA,Thailand,2039.0,High,net_migration,59.298,0.05147619469811149,UN DESA
19_THA,Thailand,2040.0,High,net_migration,60.414,0.018820196296670977,UN DESA
19_THA,Thailand,2041.0,High,net_migration,56.954,-0.05727149336246562,UN DESA
19_THA,Thailand,2042.0,High,net_migration,61.259,0.0755873160796432,UN DESA
19_THA,Thailand,2043.0,High,net_migration,61.799,0.008815031260712702,UN DESA
19_THA,Thailand,2044.0,High,net_migration,66.185,0.07097202220100662,UN DESA
19_THA,Thailand,2045.0,High,net_migration,64.949,-0.01867492634282697,UN DESA
19_THA,Thailand,2046.0,High,net_migration,65.951,0.015427489260804617,UN DESA
19_THA,Thailand,2047.0,High,net_migration,66.604,0.009901290351927994,UN DESA
19_THA,Thailand,2048.0,High,net_migration,66.749,0.0021770464236381404,UN DESA
19_THA,Thailand,2049.0,High,net_migration,63.53,-0.04822544157964903,UN DESA
19_THA,Thailand,2050.0,High,net_migration,65.509,0.0311506374940973,UN DESA
19_THA,Thailand,2051.0,High,net_migration,64.143,-0.02085209665847443,UN DESA
19_THA,Thailand,2052.0,High,net_migration,60.727,-0.05325600611134507,UN DESA
19_THA,Thailand,2053.0,High,net_migration,65.175,0.07324583793040995,UN DESA
19_THA,Thailand,2054.0,High,net_migration,61.434,-0.05739930955120831,UN DESA
19_THA,Thailand,2055.0,High,net_migration,61.963,0.008610866946642037,UN DESA
19_THA,Thailand,2056.0,High,net_migration,61.406,-0.008989235511514981,UN DESA
19_THA,Thailand,2057.0,High,net_migration,61.76,0.005764908966550575,UN DESA
19_THA,Thailand,2058.0,High,net_migration,63.313,0.02514572538860116,UN DESA
19_THA,Thailand,2059.0,High,net_migration,64.349,0.01636314816862261,UN DESA
19_THA,Thailand,2060.0,High,net_migration,61.602,-0.042689086077483784,UN DESA
19_THA,Thailand,2061.0,High,net_migration,66.395,0.07780591539235737,UN DESA
19_THA,Thailand,2062.0,High,net_migration,63.933,-0.0370811055049326,UN DESA
19_THA,Thailand,2063.0,High,net_migration,65.619,0.026371357514898497,UN DESA
19_THA,Thailand,2064.0,High,net_migration,65.063,-0.008473155640896679,UN DESA
19_THA,Thailand,2065.0,High,net_migration,62.065,-0.04607841630419751,UN DESA
19_THA,Thailand,2066.0,High,net_migration,67.737,0.09138806090389107,UN DESA
19_THA,Thailand,2067.0,High,net_migration,63.786,-0.05832853536471938,UN DESA
19_THA,Thailand,2068.0,High,net_migration,60.087,-0.05799078167622984,UN DESA
19_THA,Thailand,2069.0,High,net_migration,61.283,0.019904471849152117,UN DESA
19_THA,Thailand,2070.0,High,net_migration,58.073,-0.052379942235203925,UN DESA
19_THA,Thailand,2071.0,High,net_migration,61.231,0.05437983228006127,UN DESA
19_THA,Thailand,2072.0,High,net_migration,58.737,-0.040731002270091965,UN DESA
19_THA,Thailand,2073.0,High,net_migration,57.383,-0.023051909358666633,UN DESA
19_THA,Thailand,2074.0,High,net_migration,55.992,-0.0242406287576461,UN DESA
19_THA,Thailand,2075.0,High,net_migration,58.83,0.050685812258894236,UN DESA
19_THA,Thailand,2076.0,High,net_migration,58.122,-0.012034676185619597,UN DESA
19_THA,Thailand,2077.0,High,net_migration,57.338,-0.013488868242661933,UN DESA
19_THA,Thailand,2078.0,High,net_migration,56.841,-0.008667899124489842,UN DESA
19_THA,Thailand,2079.0,High,net_migration,53.884,-0.05202230784117101,UN DESA
19_THA,Thailand,2080.0,High,net_migration,55.399,0.028115952787469478,UN DESA
19_THA,Thailand,2081.0,High,net_migration,56.206,0.014567049946750066,UN DESA
19_THA,Thailand,2082.0,High,net_migration,52.579,-0.06453047717325555,UN DESA
19_THA,Thailand,2083.0,High,net_migration,52.665,0.0016356339983643053,UN DESA
19_THA,Thailand,2084.0,High,net_migration,49.903,-0.0524446976170132,UN DESA
19_THA,Thailand,2085.0,High,net_migration,52.935,0.06075787026832069,UN DESA
19_THA,Thailand,2086.0,High,net_migration,53.263,0.006196278454708493,UN DESA
19_THA,Thailand,2087.0,High,net_migration,53.867,0.011339954565082744,UN DESA
19_THA,Thailand,2088.0,High,net_migration,54.138,0.005030909462193867,UN DESA
19_THA,Thailand,2089.0,High,net_migration,48.15,-0.11060622852709745,UN DESA
19_THA,Thailand,2090.0,High,net_migration,49.822,0.034724818276220315,UN DESA
19_THA,Thailand,2091.0,High,net_migration,50.199,0.0075669383003491575,UN DESA
19_THA,Thailand,2092.0,High,net_migration,46.669,-0.07032012589892234,UN DESA
19_THA,Thailand,2093.0,High,net_migration,47.482,0.01742055754355154,UN DESA
19_THA,Thailand,2094.0,High,net_migration,46.226,-0.026452129227917953,UN DESA
19_THA,Thailand,2095.0,High,net_migration,44.426,-0.03893912516765452,UN DESA
19_THA,Thailand,2096.0,High,net_migration,44.4,-0.0005852428757935346,UN DESA
19_THA,Thailand,2097.0,High,net_migration,45.117,0.016148648648648622,UN DESA
19_THA,Thailand,2098.0,High,net_migration,44.604,-0.011370436864153177,UN DESA
19_THA,Thailand,2099.0,High,net_migration,44.641,0.0008295220159626471,UN DESA
19_THA,Thailand,2100.0,High,net_migration,43.071,-0.03516946304966284,UN DESA
20_USA,United States of America,1950.0,Estimates,net_migration,52.383,,UN DESA
20_USA,United States of America,1951.0,Estimates,net_migration,-21.247,-1.4056086898421243,UN DESA
20_USA,United States of America,1952.0,Estimates,net_migration,-51.043,1.4023626864969172,UN DESA
20_USA,United States of America,1953.0,Estimates,net_migration,-25.039,-0.5094528142938306,UN DESA
20_USA,United States of America,1954.0,Estimates,net_migration,-65.491,1.615559726826151,UN DESA
20_USA,United States of America,1955.0,Estimates,net_migration,18.234,-1.2784199355636652,UN DESA
20_USA,United States of America,1956.0,Estimates,net_migration,-13.826,-1.7582538115608204,UN DESA
20_USA,United States of America,1957.0,Estimates,net_migration,13.437,-1.971864602922031,UN DESA
20_USA,United States of America,1958.0,Estimates,net_migration,-6.445,-1.4796457542606236,UN DESA
20_USA,United States of America,1959.0,Estimates,net_migration,385.641,-60.835686578743214,UN DESA
20_USA,United States of America,1960.0,Estimates,net_migration,422.708,0.09611789202911525,UN DESA
20_USA,United States of America,1961.0,Estimates,net_migration,580.333,0.37289334481486014,UN DESA
20_USA,United States of America,1962.0,Estimates,net_migration,625.617,0.07803106147677275,UN DESA
20_USA,United States of America,1963.0,Estimates,net_migration,639.495,0.02218290104009335,UN DESA
20_USA,United States of America,1964.0,Estimates,net_migration,618.635,-0.03261948881539345,UN DESA
20_USA,United States of America,1965.0,Estimates,net_migration,644.902,0.042459608654537906,UN DESA
20_USA,United States of America,1966.0,Estimates,net_migration,637.692,-0.01117999323928287,UN DESA
20_USA,United States of America,1967.0,Estimates,net_migration,585.41,-0.08198628805128505,UN DESA
20_USA,United States of America,1968.0,Estimates,net_migration,594.514,0.01555149382484089,UN DESA
20_USA,United States of America,1969.0,Estimates,net_migration,523.74,-0.11904513602707423,UN DESA
20_USA,United States of America,1970.0,Estimates,net_migration,744.902,0.4222744109672738,UN DESA
20_USA,United States of America,1971.0,Estimates,net_migration,833.549,0.11900491608292096,UN DESA
20_USA,United States of America,1972.0,Estimates,net_migration,833.543,-7.198137122133019e-06,UN DESA
20_USA,United States of America,1973.0,Estimates,net_migration,783.163,-0.06044079309645689,UN DESA
20_USA,United States of America,1974.0,Estimates,net_migration,706.978,-0.09727859972955832,UN DESA
20_USA,United States of America,1975.0,Estimates,net_migration,655.078,-0.07341105380931223,UN DESA
20_USA,United States of America,1976.0,Estimates,net_migration,635.59,-0.02974912911134242,UN DESA
20_USA,United States of America,1977.0,Estimates,net_migration,577.06,-0.09208766657751077,UN DESA
20_USA,United States of America,1978.0,Estimates,net_migration,556.521,-0.035592486049977445,UN DESA
20_USA,United States of America,1979.0,Estimates,net_migration,503.559,-0.09516622014263598,UN DESA
20_USA,United States of America,1980.0,Estimates,net_migration,595.916,0.18340849830903627,UN DESA
20_USA,United States of America,1981.0,Estimates,net_migration,583.07,-0.021556729471938985,UN DESA
20_USA,United States of America,1982.0,Estimates,net_migration,600.149,0.029291508738230387,UN DESA
20_USA,United States of America,1983.0,Estimates,net_migration,662.84,0.10445905933359878,UN DESA
20_USA,United States of America,1984.0,Estimates,net_migration,622.793,-0.060417295274877825,UN DESA
20_USA,United States of America,1985.0,Estimates,net_migration,598.777,-0.03856176931982214,UN DESA
20_USA,United States of America,1986.0,Estimates,net_migration,493.082,-0.17651813613415357,UN DESA
20_USA,United States of America,1987.0,Estimates,net_migration,480.815,-0.02487821498249787,UN DESA
20_USA,United States of America,1988.0,Estimates,net_migration,460.778,-0.04167299273109193,UN DESA
20_USA,United States of America,1989.0,Estimates,net_migration,400.998,-0.12973709682319912,UN DESA
20_USA,United States of America,1990.0,Estimates,net_migration,1084.72,1.7050508980094663,UN DESA
20_USA,United States of America,1991.0,Estimates,net_migration,1202.426,0.10851279592890317,UN DESA
20_USA,United States of America,1992.0,Estimates,net_migration,1304.88,0.08520607505160416,UN DESA
20_USA,United States of America,1993.0,Estimates,net_migration,1228.478,-0.058550977867696696,UN DESA
20_USA,United States of America,1994.0,Estimates,net_migration,1179.309,-0.040024322779895205,UN DESA
20_USA,United States of America,1995.0,Estimates,net_migration,1173.016,-0.005336175675755839,UN DESA
20_USA,United States of America,1996.0,Estimates,net_migration,1141.648,-0.026741323221507796,UN DESA
20_USA,United States of America,1997.0,Estimates,net_migration,1116.922,-0.02165816433786938,UN DESA
20_USA,United States of America,1998.0,Estimates,net_migration,1225.134,0.0968841154530038,UN DESA
20_USA,United States of America,1999.0,Estimates,net_migration,1156.311,-0.05617589586118754,UN DESA
20_USA,United States of America,2000.0,Estimates,net_migration,1248.392,0.07963342042063082,UN DESA
20_USA,United States of America,2001.0,Estimates,net_migration,1312.455,0.05131641343424165,UN DESA
20_USA,United States of America,2002.0,Estimates,net_migration,1336.518,0.018334342891756394,UN DESA
20_USA,United States of America,2003.0,Estimates,net_migration,1331.376,-0.003847310698396944,UN DESA
20_USA,United States of America,2004.0,Estimates,net_migration,1313.467,-0.01345149679729829,UN DESA
20_USA,United States of America,2005.0,Estimates,net_migration,1369.224,0.042450248083887754,UN DESA
20_USA,United States of America,2006.0,Estimates,net_migration,1347.75,-0.015683335962559775,UN DESA
20_USA,United States of America,2007.0,Estimates,net_migration,1371.353,0.017512891856798385,UN DESA
20_USA,United States of America,2008.0,Estimates,net_migration,1416.841,0.03317016114742133,UN DESA
20_USA,United States of America,2009.0,Estimates,net_migration,1387.306,-0.020845670050485432,UN DESA
20_USA,United States of America,2010.0,Estimates,net_migration,1594.453,0.14931601247309523,UN DESA
20_USA,United States of America,2011.0,Estimates,net_migration,1624.033,0.018551816829972312,UN DESA
20_USA,United States of America,2012.0,Estimates,net_migration,1632.007,0.004909998750025402,UN DESA
20_USA,United States of America,2013.0,Estimates,net_migration,1663.885,0.01953300445402495,UN DESA
20_USA,United States of America,2014.0,Estimates,net_migration,1672.598,0.005236539784901018,UN DESA
20_USA,United States of America,2015.0,Estimates,net_migration,1722.127,0.029612016754773096,UN DESA
20_USA,United States of America,2016.0,Estimates,net_migration,1889.129,0.09697426496419825,UN DESA
20_USA,United States of America,2017.0,Estimates,net_migration,1864.738,-0.012911241106351001,UN DESA
20_USA,United States of America,2018.0,Estimates,net_migration,1764.961,-0.05350724873950119,UN DESA
20_USA,United States of America,2019.0,Estimates,net_migration,1774.5,0.005404652000809085,UN DESA
20_USA,United States of America,2020.0,Estimates,net_migration,329.769,-0.8141622992392223,UN DESA
20_USA,United States of America,2021.0,Estimates,net_migration,674.787,1.0462414599310428,UN DESA
20_USA,United States of America,2022.0,Estimates,net_migration,1319.009,0.9547042251851323,UN DESA
20_USA,United States of America,2023.0,Estimates,net_migration,1322.668,0.0027740523377777215,UN DESA
20_USA,United States of America,2024.0,High,net_migration,1286.132,-0.027622956025245782,UN DESA
20_USA,United States of America,2025.0,High,net_migration,1230.663,-0.04312854357095541,UN DESA
20_USA,United States of America,2026.0,High,net_migration,1177.848,-0.04291589167790044,UN DESA
20_USA,United States of America,2027.0,High,net_migration,1174.683,-0.002687103938708524,UN DESA
20_USA,United States of America,2028.0,High,net_migration,1221.343,0.03972135461226567,UN DESA
20_USA,United States of America,2029.0,High,net_migration,1185.843,-0.029066363830635655,UN DESA
20_USA,United States of America,2030.0,High,net_migration,1194.626,0.007406545385856278,UN DESA
20_USA,United States of America,2031.0,High,net_migration,1203.885,0.00775054284771981,UN DESA
20_USA,United States of America,2032.0,High,net_migration,1214.681,0.008967633951747933,UN DESA
20_USA,United States of America,2033.0,High,net_migration,1218.948,0.0035128564619024694,UN DESA
20_USA,United States of America,2034.0,High,net_migration,1247.808,0.023676153535671762,UN DESA
20_USA,United States of America,2035.0,High,net_migration,1233.901,-0.011145144124737105,UN DESA
20_USA,United States of America,2036.0,High,net_migration,1230.671,-0.0026177140629596307,UN DESA
20_USA,United States of America,2037.0,High,net_migration,1243.347,0.010300072074502342,UN DESA
20_USA,United States of America,2038.0,High,net_migration,1255.777,0.009997209145958585,UN DESA
20_USA,United States of America,2039.0,High,net_migration,1225.411,-0.024181044882968905,UN DESA
20_USA,United States of America,2040.0,High,net_migration,1228.832,0.002791716411881362,UN DESA
20_USA,United States of America,2041.0,High,net_migration,1229.902,0.0008707455535010844,UN DESA
20_USA,United States of America,2042.0,High,net_migration,1277.302,0.038539656005112555,UN DESA
20_USA,United States of America,2043.0,High,net_migration,1250.309,-0.02113282528329241,UN DESA
20_USA,United States of America,2044.0,High,net_migration,1242.213,-0.00647519933072549,UN DESA
20_USA,United States of America,2045.0,High,net_migration,1239.774,-0.0019634313922008984,UN DESA
20_USA,United States of America,2046.0,High,net_migration,1231.629,-0.00656974577624625,UN DESA
20_USA,United States of America,2047.0,High,net_migration,1265.999,0.027906130823486697,UN DESA
20_USA,United States of America,2048.0,High,net_migration,1249.988,-0.012646929420955244,UN DESA
20_USA,United States of America,2049.0,High,net_migration,1267.038,0.013640130945256956,UN DESA
20_USA,United States of America,2050.0,High,net_migration,1277.326,0.008119724901699987,UN DESA
20_USA,United States of America,2051.0,High,net_migration,1290.91,0.010634716587621273,UN DESA
20_USA,United States of America,2052.0,High,net_migration,1272.146,-0.014535482721491189,UN DESA
20_USA,United States of America,2053.0,High,net_migration,1284.4,0.009632542176762904,UN DESA
20_USA,United States of America,2054.0,High,net_migration,1236.266,-0.03747586421675486,UN DESA
20_USA,United States of America,2055.0,High,net_migration,1216.607,-0.015901917548488798,UN DESA
20_USA,United States of America,2056.0,High,net_migration,1230.956,0.01179427703440794,UN DESA
20_USA,United States of America,2057.0,High,net_migration,1278.792,0.03886085286557761,UN DESA
20_USA,United States of America,2058.0,High,net_migration,1309.694,0.02416499321234422,UN DESA
20_USA,United States of America,2059.0,High,net_migration,1277.632,-0.02448052751253338,UN DESA
20_USA,United States of America,2060.0,High,net_migration,1244.141,-0.026213338426088195,UN DESA
20_USA,United States of America,2061.0,High,net_migration,1280.641,0.029337510780530485,UN DESA
20_USA,United States of America,2062.0,High,net_migration,1283.7,0.002388647560088941,UN DESA
20_USA,United States of America,2063.0,High,net_migration,1281.168,-0.0019724234634261872,UN DESA
20_USA,United States of America,2064.0,High,net_migration,1253.262,-0.021781686710876325,UN DESA
20_USA,United States of America,2065.0,High,net_migration,1273.686,0.016296672204215934,UN DESA
20_USA,United States of America,2066.0,High,net_migration,1298.509,0.01948910485001809,UN DESA
20_USA,United States of America,2067.0,High,net_migration,1320.283,0.016768462906302517,UN DESA
20_USA,United States of America,2068.0,High,net_migration,1311.67,-0.006523601379401112,UN DESA
20_USA,United States of America,2069.0,High,net_migration,1339.829,0.021468052177757935,UN DESA
20_USA,United States of America,2070.0,High,net_migration,1298.521,-0.030830800049857054,UN DESA
20_USA,United States of America,2071.0,High,net_migration,1351.517,0.04081258601131599,UN DESA
20_USA,United States of America,2072.0,High,net_migration,1303.779,-0.035321790254950636,UN DESA
20_USA,United States of America,2073.0,High,net_migration,1332.836,0.022286752586136105,UN DESA
20_USA,United States of America,2074.0,High,net_migration,1313.361,-0.014611700164161134,UN DESA
20_USA,United States of America,2075.0,High,net_migration,1379.722,0.05052761578880438,UN DESA
20_USA,United States of America,2076.0,High,net_migration,1347.774,-0.023155389274071236,UN DESA
20_USA,United States of America,2077.0,High,net_migration,1327.878,-0.014762118871561536,UN DESA
20_USA,United States of America,2078.0,High,net_migration,1328.957,0.0008125746491771668,UN DESA
20_USA,United States of America,2079.0,High,net_migration,1301.489,-0.020668840301078295,UN DESA
20_USA,United States of America,2080.0,High,net_migration,1292.368,-0.007008126845482465,UN DESA
20_USA,United States of America,2081.0,High,net_migration,1394.436,0.07897750485929711,UN DESA
20_USA,United States of America,2082.0,High,net_migration,1330.209,-0.046059482113198325,UN DESA
20_USA,United States of America,2083.0,High,net_migration,1332.527,0.00174258330833732,UN DESA
20_USA,United States of America,2084.0,High,net_migration,1322.162,-0.007778454020068604,UN DESA
20_USA,United States of America,2085.0,High,net_migration,1260.269,-0.04681196404071519,UN DESA
20_USA,United States of America,2086.0,High,net_migration,1311.092,0.040327104768902666,UN DESA
20_USA,United States of America,2087.0,High,net_migration,1313.437,0.001788585392939579,UN DESA
20_USA,United States of America,2088.0,High,net_migration,1357.308,0.03340167819240669,UN DESA
20_USA,United States of America,2089.0,High,net_migration,1322.344,-0.025759812805936422,UN DESA
20_USA,United States of America,2090.0,High,net_migration,1294.357,-0.021164689369785883,UN DESA
20_USA,United States of America,2091.0,High,net_migration,1325.648,0.02417493782627189,UN DESA
20_USA,United States of America,2092.0,High,net_migration,1325.736,6.638262947644691e-05,UN DESA
20_USA,United States of America,2093.0,High,net_migration,1310.374,-0.01158752572156152,UN DESA
20_USA,United States of America,2094.0,High,net_migration,1333.164,0.017391981220628683,UN DESA
20_USA,United States of America,2095.0,High,net_migration,1316.417,-0.012561845354360002,UN DESA
20_USA,United States of America,2096.0,High,net_migration,1279.93,-0.02771690125545312,UN DESA
20_USA,United States of America,2097.0,High,net_migration,1297.348,0.013608556717945364,UN DESA
20_USA,United States of America,2098.0,High,net_migration,1258.983,-0.029571865066273628,UN DESA
20_USA,United States of America,2099.0,High,net_migration,1277.619,0.014802423861164149,UN DESA
20_USA,United States of America,2100.0,High,net_migration,1226.443,-0.04005575997226085,UN DESA
21_VN,Viet Nam,1950.0,Estimates,net_migration,0,,UN DESA
21_VN,Viet Nam,1951.0,Estimates,net_migration,0,,UN DESA
21_VN,Viet Nam,1952.0,Estimates,net_migration,0,,UN DESA
21_VN,Viet Nam,1953.0,Estimates,net_migration,0,,UN DESA
21_VN,Viet Nam,1954.0,Estimates,net_migration,0,,UN DESA
21_VN,Viet Nam,1955.0,Estimates,net_migration,0,,UN DESA
21_VN,Viet Nam,1956.0,Estimates,net_migration,0,,UN DESA
21_VN,Viet Nam,1957.0,Estimates,net_migration,0,,UN DESA
21_VN,Viet Nam,1958.0,Estimates,net_migration,0,,UN DESA
21_VN,Viet Nam,1959.0,Estimates,net_migration,0,,UN DESA
21_VN,Viet Nam,1960.0,Estimates,net_migration,0,,UN DESA
21_VN,Viet Nam,1961.0,Estimates,net_migration,0,,UN DESA
21_VN,Viet Nam,1962.0,Estimates,net_migration,0,,UN DESA
21_VN,Viet Nam,1963.0,Estimates,net_migration,0,,UN DESA
21_VN,Viet Nam,1964.0,Estimates,net_migration,-6.328,,UN DESA
21_VN,Viet Nam,1965.0,Estimates,net_migration,-1.438,-0.77275600505689,UN DESA
21_VN,Viet Nam,1966.0,Estimates,net_migration,1.769,-2.2301808066759388,UN DESA
21_VN,Viet Nam,1967.0,Estimates,net_migration,0.394,-0.7772752967778406,UN DESA
21_VN,Viet Nam,1968.0,Estimates,net_migration,1.489,2.7791878172588835,UN DESA
21_VN,Viet Nam,1969.0,Estimates,net_migration,0,-1.0,UN DESA
21_VN,Viet Nam,1970.0,Estimates,net_migration,1.997,,UN DESA
21_VN,Viet Nam,1971.0,Estimates,net_migration,76.961,37.538307461191785,UN DESA
21_VN,Viet Nam,1972.0,Estimates,net_migration,-1.92,-1.0249477007835137,UN DESA
21_VN,Viet Nam,1973.0,Estimates,net_migration,-19.937,9.383854166666667,UN DESA
21_VN,Viet Nam,1974.0,Estimates,net_migration,-34.94,0.7525204393840597,UN DESA
21_VN,Viet Nam,1975.0,Estimates,net_migration,-2.01,-0.9424728105323411,UN DESA
21_VN,Viet Nam,1976.0,Estimates,net_migration,-1.733,-0.1378109452736317,UN DESA
21_VN,Viet Nam,1977.0,Estimates,net_migration,49.655,-29.652625504904787,UN DESA
21_VN,Viet Nam,1978.0,Estimates,net_migration,-6.592,-1.1327560165139463,UN DESA
21_VN,Viet Nam,1979.0,Estimates,net_migration,-337.597,50.21313713592233,UN DESA
21_VN,Viet Nam,1980.0,Estimates,net_migration,-74.791,-0.778460709070282,UN DESA
21_VN,Viet Nam,1981.0,Estimates,net_migration,-109.259,0.4608575898169567,UN DESA
21_VN,Viet Nam,1982.0,Estimates,net_migration,-110.901,0.0150285102371428,UN DESA
21_VN,Viet Nam,1983.0,Estimates,net_migration,-97.706,-0.11897999116328972,UN DESA
21_VN,Viet Nam,1984.0,Estimates,net_migration,-97.339,-0.0037561664585593624,UN DESA
21_VN,Viet Nam,1985.0,Estimates,net_migration,-124.91,0.2832472082104809,UN DESA
21_VN,Viet Nam,1986.0,Estimates,net_migration,-164.183,0.3144103754703387,UN DESA
21_VN,Viet Nam,1987.0,Estimates,net_migration,-128.095,-0.21980351193485315,UN DESA
21_VN,Viet Nam,1988.0,Estimates,net_migration,-84.361,-0.3414184784730083,UN DESA
21_VN,Viet Nam,1989.0,Estimates,net_migration,-101.113,0.19857517099133482,UN DESA
21_VN,Viet Nam,1990.0,Estimates,net_migration,-57.221,-0.43408859394934385,UN DESA
21_VN,Viet Nam,1991.0,Estimates,net_migration,-76.829,0.3426713968647874,UN DESA
21_VN,Viet Nam,1992.0,Estimates,net_migration,-65.285,-0.15025576279790176,UN DESA
21_VN,Viet Nam,1993.0,Estimates,net_migration,-72.931,0.11711725511220039,UN DESA
21_VN,Viet Nam,1994.0,Estimates,net_migration,-53.012,-0.27312116932442987,UN DESA
21_VN,Viet Nam,1995.0,Estimates,net_migration,-51.147,-0.03518071380064891,UN DESA
21_VN,Viet Nam,1996.0,Estimates,net_migration,-48.235,-0.05693393551918979,UN DESA
21_VN,Viet Nam,1997.0,Estimates,net_migration,52.382,-2.085974914481186,UN DESA
21_VN,Viet Nam,1998.0,Estimates,net_migration,106.091,1.0253331297010422,UN DESA
21_VN,Viet Nam,1999.0,Estimates,net_migration,-15.01,-1.1414823123544882,UN DESA
21_VN,Viet Nam,2000.0,Estimates,net_migration,-144.298,8.613457694870087,UN DESA
21_VN,Viet Nam,2001.0,Estimates,net_migration,-177.586,0.2306892680425232,UN DESA
21_VN,Viet Nam,2002.0,Estimates,net_migration,-193.766,0.09111078576013854,UN DESA
21_VN,Viet Nam,2003.0,Estimates,net_migration,-216.062,0.11506662675598411,UN DESA
21_VN,Viet Nam,2004.0,Estimates,net_migration,-220.458,0.02034601179291129,UN DESA
21_VN,Viet Nam,2005.0,Estimates,net_migration,-208.337,-0.05498099411225721,UN DESA
21_VN,Viet Nam,2006.0,Estimates,net_migration,482.399,-3.3154744476497213,UN DESA
21_VN,Viet Nam,2007.0,Estimates,net_migration,523.784,0.08578997883494788,UN DESA
21_VN,Viet Nam,2008.0,Estimates,net_migration,571.113,0.09035976662135559,UN DESA
21_VN,Viet Nam,2009.0,Estimates,net_migration,-18.56,-1.0324979469912259,UN DESA
21_VN,Viet Nam,2010.0,Estimates,net_migration,-4.443,-0.760614224137931,UN DESA
21_VN,Viet Nam,2011.0,Estimates,net_migration,-4.602,0.035786630654963014,UN DESA
21_VN,Viet Nam,2012.0,Estimates,net_migration,-4.851,0.05410691003911339,UN DESA
21_VN,Viet Nam,2013.0,Estimates,net_migration,-4.979,0.02638631210059783,UN DESA
21_VN,Viet Nam,2014.0,Estimates,net_migration,-4.894,-0.01707170114480816,UN DESA
21_VN,Viet Nam,2015.0,Estimates,net_migration,-4.888,-0.001225991009399352,UN DESA
21_VN,Viet Nam,2016.0,Estimates,net_migration,167.652,-35.298690671031096,UN DESA
21_VN,Viet Nam,2017.0,Estimates,net_migration,139.245,-0.16944026912890975,UN DESA
21_VN,Viet Nam,2018.0,Estimates,net_migration,96.65,-0.3058996732378182,UN DESA
21_VN,Viet Nam,2019.0,Estimates,net_migration,-2.051,-1.0212209001551993,UN DESA
21_VN,Viet Nam,2020.0,Estimates,net_migration,-6.457,2.1482203803022912,UN DESA
21_VN,Viet Nam,2021.0,Estimates,net_migration,-5.418,-0.16091063961592067,UN DESA
21_VN,Viet Nam,2022.0,Estimates,net_migration,-78.977,13.576781100036914,UN DESA
21_VN,Viet Nam,2023.0,Estimates,net_migration,-81.789,0.035605302809678774,UN DESA
21_VN,Viet Nam,2024.0,High,net_migration,-59.645,-0.270745454767756,UN DESA
21_VN,Viet Nam,2025.0,High,net_migration,-48.171,-0.19237153156174036,UN DESA
21_VN,Viet Nam,2026.0,High,net_migration,-51.045,0.05966245251292279,UN DESA
21_VN,Viet Nam,2027.0,High,net_migration,-42.913,-0.15931041238123234,UN DESA
21_VN,Viet Nam,2028.0,High,net_migration,-38.978,-0.09169715470836337,UN DESA
21_VN,Viet Nam,2029.0,High,net_migration,-43.065,0.10485402021653223,UN DESA
21_VN,Viet Nam,2030.0,High,net_migration,-25.752,-0.40202020202020206,UN DESA
21_VN,Viet Nam,2031.0,High,net_migration,-33.326,0.29411307859583724,UN DESA
21_VN,Viet Nam,2032.0,High,net_migration,-30.614,-0.08137790313869053,UN DESA
21_VN,Viet Nam,2033.0,High,net_migration,-38.447,0.2558633305023845,UN DESA
21_VN,Viet Nam,2034.0,High,net_migration,-29.382,-0.23577912450906446,UN DESA
21_VN,Viet Nam,2035.0,High,net_migration,-29.899,0.017595806956640203,UN DESA
21_VN,Viet Nam,2036.0,High,net_migration,-38.199,0.2776012575671427,UN DESA
21_VN,Viet Nam,2037.0,High,net_migration,-30.372,-0.20490065184952477,UN DESA
21_VN,Viet Nam,2038.0,High,net_migration,-30.754,0.012577373897010524,UN DESA
21_VN,Viet Nam,2039.0,High,net_migration,-29.167,-0.05160304350653577,UN DESA
21_VN,Viet Nam,2040.0,High,net_migration,-36.057,0.2362258717043233,UN DESA
21_VN,Viet Nam,2041.0,High,net_migration,-28.143,-0.21948581412763124,UN DESA
21_VN,Viet Nam,2042.0,High,net_migration,-29.388,0.044238354120029966,UN DESA
21_VN,Viet Nam,2043.0,High,net_migration,-31.63,0.07628964203076083,UN DESA
21_VN,Viet Nam,2044.0,High,net_migration,-34.635,0.09500474233322787,UN DESA
21_VN,Viet Nam,2045.0,High,net_migration,-27.395,-0.20903710119820984,UN DESA
21_VN,Viet Nam,2046.0,High,net_migration,-33.644,0.22810731885380542,UN DESA
21_VN,Viet Nam,2047.0,High,net_migration,-32.012,-0.048507906313161264,UN DESA
21_VN,Viet Nam,2048.0,High,net_migration,-37.398,0.1682494064725728,UN DESA
21_VN,Viet Nam,2049.0,High,net_migration,-38.149,0.020081287769399436,UN DESA
21_VN,Viet Nam,2050.0,High,net_migration,-32.395,-0.15082964166819568,UN DESA
21_VN,Viet Nam,2051.0,High,net_migration,-42.895,0.32412409322426305,UN DESA
21_VN,Viet Nam,2052.0,High,net_migration,-38.364,-0.10563002680965161,UN DESA
21_VN,Viet Nam,2053.0,High,net_migration,-32.407,-0.15527577937649883,UN DESA
21_VN,Viet Nam,2054.0,High,net_migration,-32.311,-0.0029623229549170516,UN DESA
21_VN,Viet Nam,2055.0,High,net_migration,-30.354,-0.06056760855436227,UN DESA
21_VN,Viet Nam,2056.0,High,net_migration,-24.627,-0.188673650919154,UN DESA
21_VN,Viet Nam,2057.0,High,net_migration,-29.047,0.1794778089089213,UN DESA
21_VN,Viet Nam,2058.0,High,net_migration,-35.191,0.2115192618859092,UN DESA
21_VN,Viet Nam,2059.0,High,net_migration,-33.677,-0.043022363672529984,UN DESA
21_VN,Viet Nam,2060.0,High,net_migration,-25.037,-0.25655491878730297,UN DESA
21_VN,Viet Nam,2061.0,High,net_migration,-27.829,0.11151495786236376,UN DESA
21_VN,Viet Nam,2062.0,High,net_migration,-31.228,0.12213877609687729,UN DESA
21_VN,Viet Nam,2063.0,High,net_migration,-28.673,-0.08181759959011159,UN DESA
21_VN,Viet Nam,2064.0,High,net_migration,-25.168,-0.1222404352526767,UN DESA
21_VN,Viet Nam,2065.0,High,net_migration,-27.422,0.0895581691036238,UN DESA
21_VN,Viet Nam,2066.0,High,net_migration,-32.376,0.1806578659470497,UN DESA
21_VN,Viet Nam,2067.0,High,net_migration,-27.065,-0.16404126513466755,UN DESA
21_VN,Viet Nam,2068.0,High,net_migration,-19.748,-0.27034915943099946,UN DESA
21_VN,Viet Nam,2069.0,High,net_migration,-16.803,-0.149129025724124,UN DESA
21_VN,Viet Nam,2070.0,High,net_migration,-23.681,0.4093316669642326,UN DESA
21_VN,Viet Nam,2071.0,High,net_migration,-19.858,-0.161437439297327,UN DESA
21_VN,Viet Nam,2072.0,High,net_migration,-27.236,0.37153791922650825,UN DESA
21_VN,Viet Nam,2073.0,High,net_migration,-26.178,-0.03884564546923186,UN DESA
21_VN,Viet Nam,2074.0,High,net_migration,-21.647,-0.1730842692337078,UN DESA
21_VN,Viet Nam,2075.0,High,net_migration,-21.656,0.0004157619993532258,UN DESA
21_VN,Viet Nam,2076.0,High,net_migration,-16.734,-0.22728112301440695,UN DESA
21_VN,Viet Nam,2077.0,High,net_migration,-26.2,0.5656746743157641,UN DESA
21_VN,Viet Nam,2078.0,High,net_migration,-21.738,-0.17030534351145032,UN DESA
21_VN,Viet Nam,2079.0,High,net_migration,-29.639,0.36346490017480915,UN DESA
21_VN,Viet Nam,2080.0,High,net_migration,-26.608,-0.10226390903876648,UN DESA
21_VN,Viet Nam,2081.0,High,net_migration,-28.973,0.08888304269392666,UN DESA
21_VN,Viet Nam,2082.0,High,net_migration,-27.846,-0.03889828460980904,UN DESA
21_VN,Viet Nam,2083.0,High,net_migration,-23.334,-0.16203404438698554,UN DESA
21_VN,Viet Nam,2084.0,High,net_migration,-19.985,-0.14352447072940777,UN DESA
21_VN,Viet Nam,2085.0,High,net_migration,-20.672,0.03437578183637724,UN DESA
21_VN,Viet Nam,2086.0,High,net_migration,-24.251,0.17313273993808043,UN DESA
21_VN,Viet Nam,2087.0,High,net_migration,-26.846,0.10700589666405502,UN DESA
21_VN,Viet Nam,2088.0,High,net_migration,-21.322,-0.20576622215600093,UN DESA
21_VN,Viet Nam,2089.0,High,net_migration,-27.619,0.29532876840821687,UN DESA
21_VN,Viet Nam,2090.0,High,net_migration,-29.28,0.060139758861653236,UN DESA
21_VN,Viet Nam,2091.0,High,net_migration,-24.22,-0.17281420765027333,UN DESA
21_VN,Viet Nam,2092.0,High,net_migration,-20.383,-0.1584227910817506,UN DESA
21_VN,Viet Nam,2093.0,High,net_migration,-22.376,0.09777755973114854,UN DESA
21_VN,Viet Nam,2094.0,High,net_migration,-19.616,-0.12334644261708982,UN DESA
21_VN,Viet Nam,2095.0,High,net_migration,-20.167,0.028089314845024527,UN DESA
21_VN,Viet Nam,2096.0,High,net_migration,-29.961,0.4856448653741259,UN DESA
21_VN,Viet Nam,2097.0,High,net_migration,-25.16,-0.16024164747505087,UN DESA
21_VN,Viet Nam,2098.0,High,net_migration,-32.907,0.30790937996820333,UN DESA
21_VN,Viet Nam,2099.0,High,net_migration,-31.365,-0.04685933084146221,UN DESA
21_VN,Viet Nam,2100.0,High,net_migration,-27.263,-0.13078271959190169,UN DESA
