economy_code,economy,year,value,scenario
01_AUS,Australia,1990,618913.6434465031,Low
01_AUS,Australia,1991,616533.1075007679,Low
01_AUS,Australia,1992,619203.1019303941,Low
01_AUS,Australia,1993,644255.029953675,Low
01_AUS,Australia,1994,669888.9347595761,Low
01_AUS,Australia,1995,695948.765791245,Low
01_AUS,Australia,1996,722851.8817928929,Low
01_AUS,Australia,1997,751172.915991526,Low
01_AUS,Australia,1998,786303.874098678,Low
01_AUS,Australia,1999,825840.965575829,Low
01_AUS,Australia,2000,858181.3725486491,Low
01_AUS,Australia,2001,875614.973582609,Low
01_AUS,Australia,2002,910200.060722256,Low
01_AUS,Australia,2003,938336.894067504,Low
01_AUS,Australia,2004,977924.778471004,Low
01_AUS,Australia,2005,1008783.01113519,Low
01_AUS,Australia,2006,1036735.64362706,Low
01_AUS,Australia,2007,1076022.44225027,Low
01_AUS,Australia,2008,1115017.33453773,Low
01_AUS,Australia,2009,1136814.23153392,Low
01_AUS,Australia,2010,1161938.37118743,Low
01_AUS,Australia,2011,1189763.71538194,Low
01_AUS,Australia,2012,1236788.78573622,Low
01_AUS,Australia,2013,1269618.76308348,Low
01_AUS,Australia,2014,1302643.95661756,Low
01_AUS,Australia,2015,1330837.70251883,Low
01_AUS,Australia,2016,1367510.80730548,Low
01_AUS,Australia,2017,1398872.07352942,Low
01_AUS,Australia,2018,1439078.04053065,Low
01_AUS,Australia,2019,1470651.6579045,Low
01_AUS,Australia,2020,1468687.86874001,Low
01_AUS,Australia,2021,1498163.67705936,Low
01_AUS,Australia,2022,1561881.26129328,Low
01_AUS,Australia,2023,1617856.2900553702,Low
01_AUS,Australia,2024,1640076.05346249,Low
01_AUS,Australia,2025,1662223.60523938,Low
01_AUS,Australia,2026,1692390.474299741,Low
01_AUS,Australia,2027,1722670.6938337905,Low
01_AUS,Australia,2028,1753715.3464019494,Low
01_AUS,Australia,2029,1785209.2667933928,Low
01_AUS,Australia,2030,1815759.523143784,Low
01_AUS,Australia,2031,1847563.731450876,Low
01_AUS,Australia,2032,1878385.9444902977,Low
01_AUS,Australia,2033,1909402.259713425,Low
01_AUS,Australia,2034,1941352.663493742,Low
01_AUS,Australia,2035,1972931.5140259503,Low
01_AUS,Australia,2036,2004995.1328530577,Low
01_AUS,Australia,2037,2037441.377135531,Low
01_AUS,Australia,2038,2069968.130933906,Low
01_AUS,Australia,2039,2103106.7644468024,Low
01_AUS,Australia,2040,2136369.289204914,Low
01_AUS,Australia,2041,2170221.439723232,Low
01_AUS,Australia,2042,2204659.9983075443,Low
01_AUS,Australia,2043,2239663.012852213,Low
01_AUS,Australia,2044,2274961.608714161,Low
01_AUS,Australia,2045,2310666.4576754607,Low
01_AUS,Australia,2046,2346961.5877970685,Low
01_AUS,Australia,2047,2383979.98901608,Low
01_AUS,Australia,2048,2420843.6145198555,Low
01_AUS,Australia,2049,2458748.7716334797,Low
01_AUS,Australia,2050,2496528.8498936617,Low
01_AUS,Australia,2051,2534760.6734217107,Low
01_AUS,Australia,2052,2573331.4838657565,Low
01_AUS,Australia,2053,2612059.069915056,Low
01_AUS,Australia,2054,2651201.1215678877,Low
01_AUS,Australia,2055,2690892.9008831866,Low
01_AUS,Australia,2056,2731018.218921683,Low
01_AUS,Australia,2057,2771208.5966130407,Low
01_AUS,Australia,2058,2811775.1932448847,Low
01_AUS,Australia,2059,2853077.1431838465,Low
01_AUS,Australia,2060,2894097.049031996,Low
01_AUS,Australia,2061,2935420.4131112085,Low
01_AUS,Australia,2062,2977303.0263413074,Low
01_AUS,Australia,2063,3019564.8728260486,Low
01_AUS,Australia,2064,3062325.853149973,Low
01_AUS,Australia,2065,3104785.4870515247,Low
01_AUS,Australia,2066,3147972.060506536,Low
01_AUS,Australia,2067,3192041.4990065168,Low
01_AUS,Australia,2068,3236580.340300397,Low
01_AUS,Australia,2069,3281609.5073443423,Low
01_AUS,Australia,2070,3326947.081218865,Low
01_AUS,Australia,2071,3372391.3884956706,Low
01_AUS,Australia,2072,3417811.817198513,Low
01_AUS,Australia,2073,3463705.5321889417,Low
01_AUS,Australia,2074,3510194.6662300075,Low
01_AUS,Australia,2075,3557352.982127122,Low
01_AUS,Australia,2076,3604837.94430434,Low
01_AUS,Australia,2077,3652664.47023526,Low
01_AUS,Australia,2078,3701630.183166116,Low
01_AUS,Australia,2079,3751242.552515783,Low
01_AUS,Australia,2080,3801524.986339153,Low
01_AUS,Australia,2081,3852524.7473943583,Low
01_AUS,Australia,2082,3904995.0011993977,Low
01_AUS,Australia,2083,3957737.657530689,Low
01_AUS,Australia,2084,4011790.551711089,Low
01_AUS,Australia,2085,4065734.4917415055,Low
01_AUS,Australia,2086,4120583.35074388,Low
01_AUS,Australia,2087,4176744.0139369126,Low
01_AUS,Australia,2088,4234248.947014641,Low
01_AUS,Australia,2089,4293544.111772691,Low
01_AUS,Australia,2090,4353069.22589242,Low
01_AUS,Australia,2091,4414041.863149011,Low
01_AUS,Australia,2092,4475992.059454749,Low
01_AUS,Australia,2093,4538462.643223586,Low
01_AUS,Australia,2094,4601582.939362385,Low
01_AUS,Australia,2095,4664459.99094163,Low
01_AUS,Australia,2096,4728729.003303685,Low
01_AUS,Australia,2097,4794600.083141546,Low
01_AUS,Australia,2098,4861822.782281295,Low
01_AUS,Australia,2099,4928745.879445198,Low
01_AUS,Australia,2100,4996024.637276481,Low
02_BD,Brunei Darussalam,1990,30166.2430548788,Low
02_BD,Brunei Darussalam,1991,31044.2786293994,Low
02_BD,Brunei Darussalam,1992,30075.505025988,Low
02_BD,Brunei Darussalam,1993,29884.9316910154,Low
02_BD,Brunei Darussalam,1994,30181.6098553671,Low
02_BD,Brunei Darussalam,1995,30588.2448027798,Low
02_BD,Brunei Darussalam,1996,30579.8894812155,Low
02_BD,Brunei Darussalam,1997,32519.8608489052,Low
02_BD,Brunei Darussalam,1998,30354.9619039354,Low
02_BD,Brunei Darussalam,1999,31648.3024932464,Low
02_BD,Brunei Darussalam,2000,32747.9785519656,Low
02_BD,Brunei Darussalam,2001,33228.0838348158,Low
02_BD,Brunei Darussalam,2002,34544.3940735811,Low
02_BD,Brunei Darussalam,2003,35782.267943159895,Low
02_BD,Brunei Darussalam,2004,35819.6741437482,Low
02_BD,Brunei Darussalam,2005,35818.2681081303,Low
02_BD,Brunei Darussalam,2006,37286.248511735495,Low
02_BD,Brunei Darussalam,2007,35882.934589017,Low
02_BD,Brunei Darussalam,2008,34483.245006226,Low
02_BD,Brunei Darussalam,2009,33827.9758767617,Low
02_BD,Brunei Darussalam,2010,34755.3239628481,Low
02_BD,Brunei Darussalam,2011,36056.704487345,Low
02_BD,Brunei Darussalam,2012,36385.9509442523,Low
02_BD,Brunei Darussalam,2013,35612.8284708911,Low
02_BD,Brunei Darussalam,2014,34719.698877079005,Low
02_BD,Brunei Darussalam,2015,34583.4644208093,Low
02_BD,Brunei Darussalam,2016,33726.514628313,Low
02_BD,Brunei Darussalam,2017,34174.6478029999,Low
02_BD,Brunei Darussalam,2018,34192.5454221039,Low
02_BD,Brunei Darussalam,2019,35515.401787812894,Low
02_BD,Brunei Darussalam,2020,35917.9949174561,Low
02_BD,Brunei Darussalam,2021,35346.6248872816,Low
02_BD,Brunei Darussalam,2022,34771.064644095706,Low
02_BD,Brunei Darussalam,2023,35163.1585314447,Low
02_BD,Brunei Darussalam,2024,36588.1515413938,Low
02_BD,Brunei Darussalam,2025,36833.131954828,Low
02_BD,Brunei Darussalam,2026,36819.04789756223,Low
02_BD,Brunei Darussalam,2027,36951.62680470652,Low
02_BD,Brunei Darussalam,2028,37266.42726493171,Low
02_BD,Brunei Darussalam,2029,37582.076797109024,Low
02_BD,Brunei Darussalam,2030,37746.85796038235,Low
02_BD,Brunei Darussalam,2031,37914.27260624957,Low
02_BD,Brunei Darussalam,2032,38127.44918227072,Low
02_BD,Brunei Darussalam,2033,38357.82483719437,Low
02_BD,Brunei Darussalam,2034,38588.72533111726,Low
02_BD,Brunei Darussalam,2035,38797.74033645146,Low
02_BD,Brunei Darussalam,2036,39023.96454811835,Low
02_BD,Brunei Darussalam,2037,39263.02992760497,Low
02_BD,Brunei Darussalam,2038,39517.15666573836,Low
02_BD,Brunei Darussalam,2039,39792.15991618973,Low
02_BD,Brunei Darussalam,2040,40067.07257484781,Low
02_BD,Brunei Darussalam,2041,40352.512962782974,Low
02_BD,Brunei Darussalam,2042,40656.847129357215,Low
02_BD,Brunei Darussalam,2043,40968.94318112994,Low
02_BD,Brunei Darussalam,2044,41292.086784811065,Low
02_BD,Brunei Darussalam,2045,41611.32000444816,Low
02_BD,Brunei Darussalam,2046,41937.79929827096,Low
02_BD,Brunei Darussalam,2047,42251.742402082855,Low
02_BD,Brunei Darussalam,2048,42562.66681582996,Low
02_BD,Brunei Darussalam,2049,42870.16854865411,Low
02_BD,Brunei Darussalam,2050,43172.42513868157,Low
02_BD,Brunei Darussalam,2051,43468.14221034479,Low
02_BD,Brunei Darussalam,2052,43756.41319457144,Low
02_BD,Brunei Darussalam,2053,44029.8880703961,Low
02_BD,Brunei Darussalam,2054,44294.26508147273,Low
02_BD,Brunei Darussalam,2055,44556.353853599496,Low
02_BD,Brunei Darussalam,2056,44806.80291671367,Low
02_BD,Brunei Darussalam,2057,45054.31371861395,Low
02_BD,Brunei Darussalam,2058,45289.043237231104,Low
02_BD,Brunei Darussalam,2059,45516.6716212333,Low
02_BD,Brunei Darussalam,2060,45740.3897046313,Low
02_BD,Brunei Darussalam,2061,45959.10150465495,Low
02_BD,Brunei Darussalam,2062,46170.943671678455,Low
02_BD,Brunei Darussalam,2063,46381.4113324873,Low
02_BD,Brunei Darussalam,2064,46577.390290372,Low
02_BD,Brunei Darussalam,2065,46762.82215807354,Low
02_BD,Brunei Darussalam,2066,46938.171371527016,Low
02_BD,Brunei Darussalam,2067,47103.479638564575,Low
02_BD,Brunei Darussalam,2068,47252.812152974366,Low
02_BD,Brunei Darussalam,2069,47400.19497321655,Low
02_BD,Brunei Darussalam,2070,47548.785644055264,Low
02_BD,Brunei Darussalam,2071,47701.41978722988,Low
02_BD,Brunei Darussalam,2072,47850.097187671,Low
02_BD,Brunei Darussalam,2073,47981.41936498721,Low
02_BD,Brunei Darussalam,2074,48103.45974324944,Low
02_BD,Brunei Darussalam,2075,48214.02160444988,Low
02_BD,Brunei Darussalam,2076,48314.18946867317,Low
02_BD,Brunei Darussalam,2077,48431.48835810131,Low
02_BD,Brunei Darussalam,2078,48540.93703825615,Low
02_BD,Brunei Darussalam,2079,48655.11777674328,Low
02_BD,Brunei Darussalam,2080,48760.33116043696,Low
02_BD,Brunei Darussalam,2081,48861.95287416586,Low
02_BD,Brunei Darussalam,2082,48956.54518744168,Low
02_BD,Brunei Darussalam,2083,49046.477834622354,Low
02_BD,Brunei Darussalam,2084,49133.54274970696,Low
02_BD,Brunei Darussalam,2085,49222.91672407321,Low
02_BD,Brunei Darussalam,2086,49306.77285662388,Low
02_BD,Brunei Darussalam,2087,49397.63260499734,Low
02_BD,Brunei Darussalam,2088,49480.57163952685,Low
02_BD,Brunei Darussalam,2089,49553.3493415761,Low
02_BD,Brunei Darussalam,2090,49624.20537778398,Low
02_BD,Brunei Darussalam,2091,49697.82918230068,Low
02_BD,Brunei Darussalam,2092,49774.017331440096,Low
02_BD,Brunei Darussalam,2093,49842.86608293451,Low
02_BD,Brunei Darussalam,2094,49910.87857597616,Low
02_BD,Brunei Darussalam,2095,49973.00635438715,Low
02_BD,Brunei Darussalam,2096,50037.77467115651,Low
02_BD,Brunei Darussalam,2097,50094.23237676935,Low
02_BD,Brunei Darussalam,2098,50154.25607885839,Low
02_BD,Brunei Darussalam,2099,50201.24461271502,Low
02_BD,Brunei Darussalam,2100,50242.38964021364,Low
03_CDA,Canada,1990,1120801.48099006,Low
03_CDA,Canada,1991,1097364.90373259,Low
03_CDA,Canada,1992,1107136.56777335,Low
03_CDA,Canada,1993,1136561.01204582,Low
03_CDA,Canada,1994,1187638.62469298,Low
03_CDA,Canada,1995,1219494.99126406,Low
03_CDA,Canada,1996,1240091.78876413,Low
03_CDA,Canada,1997,1293169.78584872,Low
03_CDA,Canada,1998,1343511.41896344,Low
03_CDA,Canada,1999,1412581.38782696,Low
03_CDA,Canada,2000,1485167.43603027,Low
03_CDA,Canada,2001,1513015.78286547,Low
03_CDA,Canada,2002,1558394.98950278,Low
03_CDA,Canada,2003,1586545.6046963502,Low
03_CDA,Canada,2004,1635607.36681118,Low
03_CDA,Canada,2005,1688117.79573149,Low
03_CDA,Canada,2006,1732649.39366773,Low
03_CDA,Canada,2007,1768167.053194,Low
03_CDA,Canada,2008,1785767.50069609,Low
03_CDA,Canada,2009,1733710.83745854,Low
03_CDA,Canada,2010,1787296.48189574,Low
03_CDA,Canada,2011,1843367.44765178,Low
03_CDA,Canada,2012,1875730.73713785,Low
03_CDA,Canada,2013,1919356.73708622,Low
03_CDA,Canada,2014,1974508.8148515504,Low
03_CDA,Canada,2015,1987342.54983495,Low
03_CDA,Canada,2016,2007982.11416769,Low
03_CDA,Canada,2017,2068900.97670281,Low
03_CDA,Canada,2018,2125650.17356613,Low
03_CDA,Canada,2019,2166216.76038716,Low
03_CDA,Canada,2020,2057077.70344368,Low
03_CDA,Canada,2021,2179484.68919425,Low
03_CDA,Canada,2022,2281820.6459284,Low
03_CDA,Canada,2023,2326386.55460181,Low
03_CDA,Canada,2024,2373990.61295384,Low
03_CDA,Canada,2025,2415361.79985527,Low
03_CDA,Canada,2026,2455121.798002196,Low
03_CDA,Canada,2027,2495548.0745379934,Low
03_CDA,Canada,2028,2533490.7753463946,Low
03_CDA,Canada,2029,2569723.950610011,Low
03_CDA,Canada,2030,2604438.3511710507,Low
03_CDA,Canada,2031,2650390.678730786,Low
03_CDA,Canada,2032,2696224.473746416,Low
03_CDA,Canada,2033,2733864.558362808,Low
03_CDA,Canada,2034,2772137.110044509,Low
03_CDA,Canada,2035,2810180.017391205,Low
03_CDA,Canada,2036,2848487.132420199,Low
03_CDA,Canada,2037,2887423.800091291,Low
03_CDA,Canada,2038,2926606.884144457,Low
03_CDA,Canada,2039,2966007.7612297637,Low
03_CDA,Canada,2040,3005305.4211265496,Low
03_CDA,Canada,2041,3044638.783552686,Low
03_CDA,Canada,2042,3084336.570494953,Low
03_CDA,Canada,2043,3124328.2132739187,Low
03_CDA,Canada,2044,3164465.269390469,Low
03_CDA,Canada,2045,3204912.8875789484,Low
03_CDA,Canada,2046,3245868.327970587,Low
03_CDA,Canada,2047,3286457.9228129964,Low
03_CDA,Canada,2048,3327314.6179189743,Low
03_CDA,Canada,2049,3368597.9261964187,Low
03_CDA,Canada,2050,3409456.5669605457,Low
03_CDA,Canada,2051,3451201.259952332,Low
03_CDA,Canada,2052,3493197.135962298,Low
03_CDA,Canada,2053,3535797.301006244,Low
03_CDA,Canada,2054,3578072.5564106344,Low
03_CDA,Canada,2055,3620655.376397915,Low
03_CDA,Canada,2056,3663608.133271589,Low
03_CDA,Canada,2057,3707001.240000816,Low
03_CDA,Canada,2058,3750893.49027751,Low
03_CDA,Canada,2059,3795674.6984015466,Low
03_CDA,Canada,2060,3840627.193023589,Low
03_CDA,Canada,2061,3885579.1569865295,Low
03_CDA,Canada,2062,3931164.842675989,Low
03_CDA,Canada,2063,3977416.163195339,Low
03_CDA,Canada,2064,4023835.90918628,Low
03_CDA,Canada,2065,4070432.964624493,Low
03_CDA,Canada,2066,4117290.294048174,Low
03_CDA,Canada,2067,4164483.6247686855,Low
03_CDA,Canada,2068,4212510.703366919,Low
03_CDA,Canada,2069,4260069.834586552,Low
03_CDA,Canada,2070,4307914.767979357,Low
03_CDA,Canada,2071,4355961.93145663,Low
03_CDA,Canada,2072,4404460.921862314,Low
03_CDA,Canada,2073,4453132.366545814,Low
03_CDA,Canada,2074,4501677.175507345,Low
03_CDA,Canada,2075,4550664.991428609,Low
03_CDA,Canada,2076,4600490.56547467,Low
03_CDA,Canada,2077,4651278.88886231,Low
03_CDA,Canada,2078,4701796.432125307,Low
03_CDA,Canada,2079,4753823.355372979,Low
03_CDA,Canada,2080,4805977.190410057,Low
03_CDA,Canada,2081,4858853.949905288,Low
03_CDA,Canada,2082,4913190.451132748,Low
03_CDA,Canada,2083,4967029.404055903,Low
03_CDA,Canada,2084,5022552.5045158295,Low
03_CDA,Canada,2085,5078248.262745832,Low
03_CDA,Canada,2086,5134220.206300571,Low
03_CDA,Canada,2087,5191150.712479397,Low
03_CDA,Canada,2088,5248312.9186938135,Low
03_CDA,Canada,2089,5308435.100647086,Low
03_CDA,Canada,2090,5367131.312116158,Low
03_CDA,Canada,2091,5426150.246317118,Low
03_CDA,Canada,2092,5487357.175812497,Low
03_CDA,Canada,2093,5548672.654746553,Low
03_CDA,Canada,2094,5611369.831711472,Low
03_CDA,Canada,2095,5674709.773623657,Low
03_CDA,Canada,2096,5739114.598123792,Low
03_CDA,Canada,2097,5804547.5058791,Low
03_CDA,Canada,2098,5872491.476918868,Low
03_CDA,Canada,2099,5940881.179271121,Low
03_CDA,Canada,2100,6009553.463218932,Low
04_CHL,Chile,1990,147207.604208892,Low
04_CHL,Chile,1991,158625.32319337298,Low
04_CHL,Chile,1992,176870.299108825,Low
04_CHL,Chile,1993,188695.1122357,Low
04_CHL,Chile,1994,198274.792763472,Low
04_CHL,Chile,1995,216625.972612204,Low
04_CHL,Chile,1996,232038.612978128,Low
04_CHL,Chile,1997,249190.30225156,Low
04_CHL,Chile,1998,259608.666274193,Low
04_CHL,Chile,1999,258898.295450835,Low
04_CHL,Chile,2000,271769.73874030303,Low
04_CHL,Chile,2001,280341.451214666,Low
04_CHL,Chile,2002,289320.224789779,Low
04_CHL,Chile,2003,302985.528618296,Low
04_CHL,Chile,2004,323207.552891234,Low
04_CHL,Chile,2005,342073.32552133,Low
04_CHL,Chile,2006,362768.730332331,Low
04_CHL,Chile,2007,381517.456258289,Low
04_CHL,Chile,2008,395974.651300719,Low
04_CHL,Chile,2009,391547.507252358,Low
04_CHL,Chile,2010,414459.500963048,Low
04_CHL,Chile,2011,440255.03251899296,Low
04_CHL,Chile,2012,467354.226719337,Low
04_CHL,Chile,2013,482816.67985352,Low
04_CHL,Chile,2014,491471.89051271,Low
04_CHL,Chile,2015,502048.082999281,Low
04_CHL,Chile,2016,510849.180433227,Low
04_CHL,Chile,2017,517784.9561212231,Low
04_CHL,Chile,2018,538444.72850259,Low
04_CHL,Chile,2019,541913.515453842,Low
04_CHL,Chile,2020,508641.66792163503,Low
04_CHL,Chile,2021,566308.424865614,Low
04_CHL,Chile,2022,577996.570020702,Low
04_CHL,Chile,2023,581909.750325514,Low
04_CHL,Chile,2024,598233.0541876999,Low
04_CHL,Chile,2025,612945.128975802,Low
04_CHL,Chile,2026,621336.7443098631,Low
04_CHL,Chile,2027,629929.9568397903,Low
04_CHL,Chile,2028,639105.0149142484,Low
04_CHL,Chile,2029,647463.2494884816,Low
04_CHL,Chile,2030,656695.7081737116,Low
04_CHL,Chile,2031,669656.0297169513,Low
04_CHL,Chile,2032,678440.6697209236,Low
04_CHL,Chile,2033,687218.3025276796,Low
04_CHL,Chile,2034,696989.4315444824,Low
04_CHL,Chile,2035,705974.9426078958,Low
04_CHL,Chile,2036,714466.9544888329,Low
04_CHL,Chile,2037,723123.4679712332,Low
04_CHL,Chile,2038,731853.0512012291,Low
04_CHL,Chile,2039,740680.5982039836,Low
04_CHL,Chile,2040,749819.5385611021,Low
04_CHL,Chile,2041,759227.2232375719,Low
04_CHL,Chile,2042,768406.3739780093,Low
04_CHL,Chile,2043,777887.0044676433,Low
04_CHL,Chile,2044,787609.3878810938,Low
04_CHL,Chile,2045,797395.9316184941,Low
04_CHL,Chile,2046,807302.666181721,Low
04_CHL,Chile,2047,817471.7496847496,Low
04_CHL,Chile,2048,827679.9669101837,Low
04_CHL,Chile,2049,837816.0206414078,Low
04_CHL,Chile,2050,847936.5984587165,Low
04_CHL,Chile,2051,858085.7553805007,Low
04_CHL,Chile,2052,868162.7625168555,Low
04_CHL,Chile,2053,878152.6342107326,Low
04_CHL,Chile,2054,888009.4764147982,Low
04_CHL,Chile,2055,897809.3874180939,Low
04_CHL,Chile,2056,907464.2894618672,Low
04_CHL,Chile,2057,917028.4059659255,Low
04_CHL,Chile,2058,926447.0713765252,Low
04_CHL,Chile,2059,935805.572993878,Low
04_CHL,Chile,2060,944926.2403323412,Low
04_CHL,Chile,2061,953929.9056623098,Low
04_CHL,Chile,2062,962712.4620559248,Low
04_CHL,Chile,2063,971299.6490729152,Low
04_CHL,Chile,2064,979574.8100977576,Low
04_CHL,Chile,2065,987593.384786088,Low
04_CHL,Chile,2066,995443.78721779,Low
04_CHL,Chile,2067,1002997.2668944716,Low
04_CHL,Chile,2068,1010372.5211835868,Low
04_CHL,Chile,2069,1017535.4572466172,Low
04_CHL,Chile,2070,1024522.8605642398,Low
04_CHL,Chile,2071,1031274.564806394,Low
04_CHL,Chile,2072,1037751.1622565778,Low
04_CHL,Chile,2073,1044067.0332839916,Low
04_CHL,Chile,2074,1050138.7403170448,Low
04_CHL,Chile,2075,1055877.6273322797,Low
04_CHL,Chile,2076,1061287.1685501689,Low
04_CHL,Chile,2077,1066424.8458154963,Low
04_CHL,Chile,2078,1071241.1674098072,Low
04_CHL,Chile,2079,1075744.3063280073,Low
04_CHL,Chile,2080,1079946.54677374,Low
04_CHL,Chile,2081,1083807.086275414,Low
04_CHL,Chile,2082,1087367.7779962807,Low
04_CHL,Chile,2083,1090740.2308105112,Low
04_CHL,Chile,2084,1093668.1354955344,Low
04_CHL,Chile,2085,1096254.1132523983,Low
04_CHL,Chile,2086,1098385.1082114887,Low
04_CHL,Chile,2087,1100199.2098249502,Low
04_CHL,Chile,2088,1101608.6476540985,Low
04_CHL,Chile,2089,1102593.4088731485,Low
04_CHL,Chile,2090,1103256.528550427,Low
04_CHL,Chile,2091,1103649.1872773874,Low
04_CHL,Chile,2092,1103759.1168445654,Low
04_CHL,Chile,2093,1103685.0890198438,Low
04_CHL,Chile,2094,1103234.189112291,Low
04_CHL,Chile,2095,1102549.1243426402,Low
04_CHL,Chile,2096,1101557.539116238,Low
04_CHL,Chile,2097,1100365.8876661328,Low
04_CHL,Chile,2098,1098978.279304501,Low
04_CHL,Chile,2099,1097266.8444791702,Low
04_CHL,Chile,2100,1095308.4203644895,Low
05_PRC,China,1990,1892142.38958421,Low
05_PRC,China,1991,2069542.70411926,Low
05_PRC,China,1992,2365438.10981625,Low
05_PRC,China,1993,2694851.45339764,Low
05_PRC,China,1994,3047411.1159254303,Low
05_PRC,China,1995,3383096.05644743,Low
05_PRC,China,1996,3720501.96312296,Low
05_PRC,China,1997,4066419.1529609,Low
05_PRC,China,1998,4388623.71871096,Low
05_PRC,China,1999,4728357.5378696695,Low
05_PRC,China,2000,5133746.73675723,Low
05_PRC,China,2001,5561082.22559716,Low
05_PRC,China,2002,6074706.48841383,Low
05_PRC,China,2003,6689090.876282429,Low
05_PRC,China,2004,7367393.39986069,Low
05_PRC,China,2005,8211218.76090065,Low
05_PRC,China,2006,9252014.07744076,Low
05_PRC,China,2007,10561245.4071096,Low
05_PRC,China,2008,11582388.576956,Low
05_PRC,China,2009,12671839.6454981,Low
05_PRC,China,2010,14014001.6672854,Low
05_PRC,China,2011,15340013.8600099,Low
05_PRC,China,2012,16545404.5598264,Low
05_PRC,China,2013,17832377.1968733,Low
05_PRC,China,2014,19162852.1715994,Low
05_PRC,China,2015,20500730.1811126,Low
05_PRC,China,2016,21889385.8220965,Low
05_PRC,China,2017,23397835.751144897,Low
05_PRC,China,2018,24979016.1327066,Low
05_PRC,China,2019,26494587.4779798,Low
05_PRC,China,2020,27114429.3726066,Low
05_PRC,China,2021,29438240.1298701,Low
05_PRC,China,2022,30360791.708735,Low
05_PRC,China,2023,32005133.2032272,Low
05_PRC,China,2024,33592044.9351591,Low
05_PRC,China,2025,35258193.18578079,Low
05_PRC,China,2026,36554363.82829243,Low
05_PRC,China,2027,37826123.292323634,Low
05_PRC,China,2028,39056366.18808497,Low
05_PRC,China,2029,40243624.01917084,Low
05_PRC,China,2030,41380427.56916077,Low
05_PRC,China,2031,42623452.04570167,Low
05_PRC,China,2032,43725247.963762656,Low
05_PRC,China,2033,44886404.702919856,Low
05_PRC,China,2034,46015436.165726975,Low
05_PRC,China,2035,47069878.95592965,Low
05_PRC,China,2036,48053914.38976531,Low
05_PRC,China,2037,49010796.10492188,Low
05_PRC,China,2038,49943275.80956846,Low
05_PRC,China,2039,50864134.28147138,Low
05_PRC,China,2040,51771393.9590841,Low
05_PRC,China,2041,52664594.74115484,Low
05_PRC,China,2042,53524578.58208753,Low
05_PRC,China,2043,54362546.41335132,Low
05_PRC,China,2044,55166325.56096319,Low
05_PRC,China,2045,55932356.7027182,Low
05_PRC,China,2046,56659793.65749166,Low
05_PRC,China,2047,57352112.09208793,Low
05_PRC,China,2048,58009928.66889463,Low
05_PRC,China,2049,58630310.217512965,Low
05_PRC,China,2050,59211828.14901446,Low
05_PRC,China,2051,59753776.88952613,Low
05_PRC,China,2052,60252158.06234549,Low
05_PRC,China,2053,60706725.29791923,Low
05_PRC,China,2054,61118502.502372496,Low
05_PRC,China,2055,61486525.27893513,Low
05_PRC,China,2056,61811049.03647321,Low
05_PRC,China,2057,62092732.190635554,Low
05_PRC,China,2058,62333106.49439066,Low
05_PRC,China,2059,62531072.53781334,Low
05_PRC,China,2060,62688367.32498235,Low
05_PRC,China,2061,62806005.25409702,Low
05_PRC,China,2062,62886927.50663252,Low
05_PRC,China,2063,62931639.5364005,Low
05_PRC,China,2064,62942766.00426321,Low
05_PRC,China,2065,62919166.19531574,Low
05_PRC,China,2066,62864637.263945214,Low
05_PRC,China,2067,62778718.477258846,Low
05_PRC,China,2068,62661848.415114224,Low
05_PRC,China,2069,62515781.6513133,Low
05_PRC,China,2070,62339504.12453315,Low
05_PRC,China,2071,62134063.40326037,Low
05_PRC,China,2072,61897957.17397419,Low
05_PRC,China,2073,61630268.42630255,Low
05_PRC,China,2074,61330584.90556421,Low
05_PRC,China,2075,60999967.305397645,Low
05_PRC,China,2076,60636569.43918467,Low
05_PRC,China,2077,60240482.806975,Low
05_PRC,China,2078,59831448.87669083,Low
05_PRC,China,2079,59408351.11894231,Low
05_PRC,China,2080,58970719.37753319,Low
05_PRC,China,2081,58519884.095276944,Low
05_PRC,China,2082,58057225.70754649,Low
05_PRC,China,2083,57585562.82663157,Low
05_PRC,China,2084,57103903.22559183,Low
05_PRC,China,2085,56612104.654916026,Low
05_PRC,China,2086,56114566.40514916,Low
05_PRC,China,2087,55612479.52613074,Low
05_PRC,China,2088,55104910.5412594,Low
05_PRC,China,2089,54592360.01786925,Low
05_PRC,China,2090,54075265.18083932,Low
05_PRC,China,2091,53554499.99518959,Low
05_PRC,China,2092,53028479.45022974,Low
05_PRC,China,2093,52495239.17486554,Low
05_PRC,China,2094,51953935.16790605,Low
05_PRC,China,2095,51403935.964039005,Low
05_PRC,China,2096,50843639.00392041,Low
05_PRC,China,2097,50271643.78054238,Low
05_PRC,China,2098,49687193.38722226,Low
05_PRC,China,2099,49090144.58344646,Low
05_PRC,China,2100,48480058.84992068,Low
06_HKC,"Hong Kong, China",1990,180254.935094551,Low
06_HKC,"Hong Kong, China",1991,190532.95571677803,Low
06_HKC,"Hong Kong, China",1992,202412.730989952,Low
06_HKC,"Hong Kong, China",1993,214964.719118366,Low
06_HKC,"Hong Kong, China",1994,227940.054858517,Low
06_HKC,"Hong Kong, China",1995,233350.961434686,Low
06_HKC,"Hong Kong, China",1996,243288.1554906,Low
06_HKC,"Hong Kong, China",1997,255695.121426758,Low
06_HKC,"Hong Kong, China",1998,240653.50428291,Low
06_HKC,"Hong Kong, China",1999,246686.00429592092,Low
06_HKC,"Hong Kong, China",2000,265590.648051452,Low
06_HKC,"Hong Kong, China",2001,267080.25871759,Low
06_HKC,"Hong Kong, China",2002,271504.98183373496,Low
06_HKC,"Hong Kong, China",2003,279803.148419369,Low
06_HKC,"Hong Kong, China",2004,304146.20576621004,Low
06_HKC,"Hong Kong, China",2005,326616.995685976,Low
06_HKC,"Hong Kong, China",2006,349586.81819996994,Low
06_HKC,"Hong Kong, China",2007,372187.005025284,Low
06_HKC,"Hong Kong, China",2008,380106.909461868,Low
06_HKC,"Hong Kong, China",2009,370759.732742574,Low
06_HKC,"Hong Kong, China",2010,395851.664507564,Low
06_HKC,"Hong Kong, China",2011,414910.607969333,Low
06_HKC,"Hong Kong, China",2012,421965.4249178791,Low
06_HKC,"Hong Kong, China",2013,435052.904642839,Low
06_HKC,"Hong Kong, China",2014,447070.866045334,Low
06_HKC,"Hong Kong, China",2015,457746.029371383,Low
06_HKC,"Hong Kong, China",2016,467704.057142908,Low
06_HKC,"Hong Kong, China",2017,485458.6146913871,Low
06_HKC,"Hong Kong, China",2018,499279.180784386,Low
06_HKC,"Hong Kong, China",2019,490929.09267312905,Low
06_HKC,"Hong Kong, China",2020,458798.783063318,Low
06_HKC,"Hong Kong, China",2021,488411.63111574703,Low
06_HKC,"Hong Kong, China",2022,470412.277408847,Low
06_HKC,"Hong Kong, China",2023,485231.885270722,Low
06_HKC,"Hong Kong, China",2024,497990.420157803,Low
06_HKC,"Hong Kong, China",2025,515358.577387072,Low
06_HKC,"Hong Kong, China",2026,525570.1140822719,Low
06_HKC,"Hong Kong, China",2027,534057.2532001373,Low
06_HKC,"Hong Kong, China",2028,542188.6392261107,Low
06_HKC,"Hong Kong, China",2029,547925.0450632472,Low
06_HKC,"Hong Kong, China",2030,555348.7567201687,Low
06_HKC,"Hong Kong, China",2031,564951.7238120936,Low
06_HKC,"Hong Kong, China",2032,574190.6148604217,Low
06_HKC,"Hong Kong, China",2033,583679.9753196586,Low
06_HKC,"Hong Kong, China",2034,591810.3138956748,Low
06_HKC,"Hong Kong, China",2035,599583.6288092673,Low
06_HKC,"Hong Kong, China",2036,605426.6191167453,Low
06_HKC,"Hong Kong, China",2037,611822.0768173408,Low
06_HKC,"Hong Kong, China",2038,619363.2284480279,Low
06_HKC,"Hong Kong, China",2039,624164.5107844129,Low
06_HKC,"Hong Kong, China",2040,631009.3092185359,Low
06_HKC,"Hong Kong, China",2041,635921.2541310127,Low
06_HKC,"Hong Kong, China",2042,640345.2914204047,Low
06_HKC,"Hong Kong, China",2043,643711.6868870568,Low
06_HKC,"Hong Kong, China",2044,647930.749138226,Low
06_HKC,"Hong Kong, China",2045,651574.031789571,Low
06_HKC,"Hong Kong, China",2046,654571.3679951514,Low
06_HKC,"Hong Kong, China",2047,657139.4653081793,Low
06_HKC,"Hong Kong, China",2048,657831.6129356687,Low
06_HKC,"Hong Kong, China",2049,659764.0208575177,Low
06_HKC,"Hong Kong, China",2050,660731.243334422,Low
06_HKC,"Hong Kong, China",2051,661937.6847789907,Low
06_HKC,"Hong Kong, China",2052,662258.380409904,Low
06_HKC,"Hong Kong, China",2053,662617.1366716102,Low
06_HKC,"Hong Kong, China",2054,662954.8625788265,Low
06_HKC,"Hong Kong, China",2055,663027.030933053,Low
06_HKC,"Hong Kong, China",2056,662549.0164500044,Low
06_HKC,"Hong Kong, China",2057,661605.623712132,Low
06_HKC,"Hong Kong, China",2058,660301.788457998,Low
06_HKC,"Hong Kong, China",2059,658631.3298595754,Low
06_HKC,"Hong Kong, China",2060,657129.5256550121,Low
06_HKC,"Hong Kong, China",2061,655374.965133624,Low
06_HKC,"Hong Kong, China",2062,653151.7998888537,Low
06_HKC,"Hong Kong, China",2063,651787.3682584182,Low
06_HKC,"Hong Kong, China",2064,650276.3476344276,Low
06_HKC,"Hong Kong, China",2065,647655.0681493767,Low
06_HKC,"Hong Kong, China",2066,644685.9631474019,Low
06_HKC,"Hong Kong, China",2067,641700.8938675128,Low
06_HKC,"Hong Kong, China",2068,638074.8862536097,Low
06_HKC,"Hong Kong, China",2069,634520.9745434604,Low
06_HKC,"Hong Kong, China",2070,631189.2848749772,Low
06_HKC,"Hong Kong, China",2071,627050.313393649,Low
06_HKC,"Hong Kong, China",2072,623037.2585071028,Low
06_HKC,"Hong Kong, China",2073,618367.7953259017,Low
06_HKC,"Hong Kong, China",2074,613352.7589544638,Low
06_HKC,"Hong Kong, China",2075,608278.6450055126,Low
06_HKC,"Hong Kong, China",2076,602896.7944607459,Low
06_HKC,"Hong Kong, China",2077,597391.6494076047,Low
06_HKC,"Hong Kong, China",2078,590618.352953993,Low
06_HKC,"Hong Kong, China",2079,585407.9146112783,Low
06_HKC,"Hong Kong, China",2080,579302.6527221043,Low
06_HKC,"Hong Kong, China",2081,573109.8574657395,Low
06_HKC,"Hong Kong, China",2082,567475.3990868531,Low
06_HKC,"Hong Kong, China",2083,561633.7697915552,Low
06_HKC,"Hong Kong, China",2084,554958.4899351054,Low
06_HKC,"Hong Kong, China",2085,547532.095274022,Low
06_HKC,"Hong Kong, China",2086,539932.4999242827,Low
06_HKC,"Hong Kong, China",2087,532556.2938072904,Low
06_HKC,"Hong Kong, China",2088,525176.8512282921,Low
06_HKC,"Hong Kong, China",2089,518311.86990777205,Low
06_HKC,"Hong Kong, China",2090,510870.5042894754,Low
06_HKC,"Hong Kong, China",2091,503431.6614142316,Low
06_HKC,"Hong Kong, China",2092,496313.0264629168,Low
06_HKC,"Hong Kong, China",2093,489801.7508897618,Low
06_HKC,"Hong Kong, China",2094,482814.4480411669,Low
06_HKC,"Hong Kong, China",2095,475069.3884587038,Low
06_HKC,"Hong Kong, China",2096,467859.3148431746,Low
06_HKC,"Hong Kong, China",2097,460731.9529975496,Low
06_HKC,"Hong Kong, China",2098,453396.7525468253,Low
06_HKC,"Hong Kong, China",2099,446836.0931339741,Low
06_HKC,"Hong Kong, China",2100,439646.1700185615,Low
07_INA,Indonesia,1990,894210.723157611,Low
07_INA,Indonesia,1991,956018.41485916,Low
07_INA,Indonesia,1992,1018135.7736667,Low
07_INA,Indonesia,1993,1084278.02874442,Low
07_INA,Indonesia,1994,1166032.27870676,Low
07_INA,Indonesia,1995,1261880.2182916,Low
07_INA,Indonesia,1996,1360536.3744416102,Low
07_INA,Indonesia,1997,1424479.93580367,Low
07_INA,Indonesia,1998,1237492.3649366598,Low
07_INA,Indonesia,1999,1247282.48979842,Low
07_INA,Indonesia,2000,1308649.63329318,Low
07_INA,Indonesia,2001,1356329.84359382,Low
07_INA,Indonesia,2002,1417357.57112518,Low
07_INA,Indonesia,2003,1485112.49479899,Low
07_INA,Indonesia,2004,1559826.63235402,Low
07_INA,Indonesia,2005,1648620.87561696,Low
07_INA,Indonesia,2006,1739310.71510545,Low
07_INA,Indonesia,2007,1849670.36656978,Low
07_INA,Indonesia,2008,1960904.05999401,Low
07_INA,Indonesia,2009,2051671.78294475,Low
07_INA,Indonesia,2010,2179364.84298024,Low
07_INA,Indonesia,2011,2313826.95089082,Low
07_INA,Indonesia,2012,2453351.8880536,Low
07_INA,Indonesia,2013,2589691.1216895897,Low
07_INA,Indonesia,2014,2719348.3694038,Low
07_INA,Indonesia,2015,2851952.56036174,Low
07_INA,Indonesia,2016,2995493.30578544,Low
07_INA,Indonesia,2017,3147358.40307801,Low
07_INA,Indonesia,2018,3310211.9026478,Low
07_INA,Indonesia,2019,3476360.9608746096,Low
07_INA,Indonesia,2020,3404556.31399713,Low
07_INA,Indonesia,2021,3530623.14045475,Low
07_INA,Indonesia,2022,3718000.27384835,Low
07_INA,Indonesia,2023,3905715.83089317,Low
07_INA,Indonesia,2024,4102273.90042117,Low
07_INA,Indonesia,2025,4311821.70409906,Low
07_INA,Indonesia,2026,4513314.597609472,Low
07_INA,Indonesia,2027,4729717.141600824,Low
07_INA,Indonesia,2028,4948130.829763192,Low
07_INA,Indonesia,2029,5170974.953889814,Low
07_INA,Indonesia,2030,5395377.696436891,Low
07_INA,Indonesia,2031,5622588.334678799,Low
07_INA,Indonesia,2032,5855629.546381928,Low
07_INA,Indonesia,2033,6092147.639784655,Low
07_INA,Indonesia,2034,6332669.656925949,Low
07_INA,Indonesia,2035,6574084.795258764,Low
07_INA,Indonesia,2036,6818778.724540662,Low
07_INA,Indonesia,2037,7066990.432054926,Low
07_INA,Indonesia,2038,7318255.18034941,Low
07_INA,Indonesia,2039,7572410.006435288,Low
07_INA,Indonesia,2040,7829333.971887377,Low
07_INA,Indonesia,2041,8088740.49076411,Low
07_INA,Indonesia,2042,8350487.942055028,Low
07_INA,Indonesia,2043,8614240.836719174,Low
07_INA,Indonesia,2044,8879850.05920474,Low
07_INA,Indonesia,2045,9146979.727802644,Low
07_INA,Indonesia,2046,9415356.765031485,Low
07_INA,Indonesia,2047,9684685.74453817,Low
07_INA,Indonesia,2048,9954796.59143245,Low
07_INA,Indonesia,2049,10225609.384995902,Low
07_INA,Indonesia,2050,10496542.097127924,Low
07_INA,Indonesia,2051,10767338.778602917,Low
07_INA,Indonesia,2052,11037645.634162256,Low
07_INA,Indonesia,2053,11307299.518025383,Low
07_INA,Indonesia,2054,11576149.225514086,Low
07_INA,Indonesia,2055,11843861.407496756,Low
07_INA,Indonesia,2056,12110248.469021874,Low
07_INA,Indonesia,2057,12375149.35581966,Low
07_INA,Indonesia,2058,12638163.476503298,Low
07_INA,Indonesia,2059,12902710.18400432,Low
07_INA,Indonesia,2060,13168488.49301937,Low
07_INA,Indonesia,2061,13435509.080769662,Low
07_INA,Indonesia,2062,13703482.533057451,Low
07_INA,Indonesia,2063,13972354.888390703,Low
07_INA,Indonesia,2064,14242006.323276095,Low
07_INA,Indonesia,2065,14514984.59992592,Low
07_INA,Indonesia,2066,14791398.549093047,Low
07_INA,Indonesia,2067,15071190.395701444,Low
07_INA,Indonesia,2068,15354397.373479169,Low
07_INA,Indonesia,2069,15641100.053753631,Low
07_INA,Indonesia,2070,15931303.96047796,Low
07_INA,Indonesia,2071,16225124.242465211,Low
07_INA,Indonesia,2072,16522517.495218456,Low
07_INA,Indonesia,2073,16823319.386374645,Low
07_INA,Indonesia,2074,17127375.685388062,Low
07_INA,Indonesia,2075,17434843.856680743,Low
07_INA,Indonesia,2076,17745351.224392623,Low
07_INA,Indonesia,2077,18059248.767583,Low
07_INA,Indonesia,2078,18375787.706376024,Low
07_INA,Indonesia,2079,18695251.70220595,Low
07_INA,Indonesia,2080,19017267.423892256,Low
07_INA,Indonesia,2081,19342059.401898917,Low
07_INA,Indonesia,2082,19669165.98001671,Low
07_INA,Indonesia,2083,19998219.76645088,Low
07_INA,Indonesia,2084,20329171.195375644,Low
07_INA,Indonesia,2085,20661986.06616944,Low
07_INA,Indonesia,2086,20996356.872532025,Low
07_INA,Indonesia,2087,21332048.653709043,Low
07_INA,Indonesia,2088,21668839.00548733,Low
07_INA,Indonesia,2089,22006846.63848286,Low
07_INA,Indonesia,2090,22345727.24004268,Low
07_INA,Indonesia,2091,22685026.58454203,Low
07_INA,Indonesia,2092,23024849.740730613,Low
07_INA,Indonesia,2093,23364820.470204286,Low
07_INA,Indonesia,2094,23707996.753877256,Low
07_INA,Indonesia,2095,24054597.59265408,Low
07_INA,Indonesia,2096,24404695.71922424,Low
07_INA,Indonesia,2097,24757788.40924536,Low
07_INA,Indonesia,2098,25114014.362189952,Low
07_INA,Indonesia,2099,25473768.51601482,Low
07_INA,Indonesia,2100,25836778.49776414,Low
08_JPN,Japan,1990,4462228.73338141,Low
08_JPN,Japan,1991,4614725.25585021,Low
08_JPN,Japan,1992,4653861.33700187,Low
08_JPN,Japan,1993,4629758.06548019,Low
08_JPN,Japan,1994,4675734.635527231,Low
08_JPN,Japan,1995,4785242.93394575,Low
08_JPN,Japan,1996,4932411.51627922,Low
08_JPN,Japan,1997,4999638.8594869,Low
08_JPN,Japan,1998,4911013.2156924,Low
08_JPN,Japan,1999,4893942.51417564,Low
08_JPN,Japan,2000,5039700.11994319,Low
08_JPN,Japan,2001,5054043.5377003895,Low
08_JPN,Japan,2002,5058338.908909099,Low
08_JPN,Japan,2003,5128149.51756588,Low
08_JPN,Japan,2004,5236504.66239988,Low
08_JPN,Japan,2005,5333290.00081146,Low
08_JPN,Japan,2006,5415759.11373235,Low
08_JPN,Japan,2007,5509363.96391238,Low
08_JPN,Japan,2008,5445090.50669521,Low
08_JPN,Japan,2009,5121873.13928537,Low
08_JPN,Japan,2010,5333737.1625475,Low
08_JPN,Japan,2011,5323050.60126636,Low
08_JPN,Japan,2012,5410824.220670019,Low
08_JPN,Japan,2013,5518893.343125059,Low
08_JPN,Japan,2014,5568889.85257988,Low
08_JPN,Japan,2015,5669128.60900908,Low
08_JPN,Japan,2016,5709095.20009308,Low
08_JPN,Japan,2017,5801779.54165551,Low
08_JPN,Japan,2018,5850174.72865872,Low
08_JPN,Japan,2019,5832127.1197393,Low
08_JPN,Japan,2020,5582320.81867727,Low
08_JPN,Japan,2021,5781285.63575058,Low
08_JPN,Japan,2022,5858271.98176486,Low
08_JPN,Japan,2023,5900497.5453217,Low
08_JPN,Japan,2024,5886331.38086735,Low
08_JPN,Japan,2025,5956561.95899367,Low
08_JPN,Japan,2026,5996003.73041341,Low
08_JPN,Japan,2027,6035212.096315742,Low
08_JPN,Japan,2028,6069412.625624806,Low
08_JPN,Japan,2029,6103281.439129014,Low
08_JPN,Japan,2030,6140724.805613829,Low
08_JPN,Japan,2031,6192943.714335447,Low
08_JPN,Japan,2032,6245184.415534443,Low
08_JPN,Japan,2033,6294607.9856856,Low
08_JPN,Japan,2034,6341635.4352764,Low
08_JPN,Japan,2035,6386473.213085444,Low
08_JPN,Japan,2036,6433205.1658568885,Low
08_JPN,Japan,2037,6481485.977152027,Low
08_JPN,Japan,2038,6529832.286837965,Low
08_JPN,Japan,2039,6578409.668178675,Low
08_JPN,Japan,2040,6627071.91561925,Low
08_JPN,Japan,2041,6675834.522883615,Low
08_JPN,Japan,2042,6724497.466873673,Low
08_JPN,Japan,2043,6773681.923258577,Low
08_JPN,Japan,2044,6823119.982726101,Low
08_JPN,Japan,2045,6872889.966404645,Low
08_JPN,Japan,2046,6922799.88401174,Low
08_JPN,Japan,2047,6973136.140139733,Low
08_JPN,Japan,2048,7023859.151058473,Low
08_JPN,Japan,2049,7075056.107117251,Low
08_JPN,Japan,2050,7126416.653994743,Low
08_JPN,Japan,2051,7178046.203525063,Low
08_JPN,Japan,2052,7229731.3202454755,Low
08_JPN,Japan,2053,7281031.8951964835,Low
08_JPN,Japan,2054,7332361.799360197,Low
08_JPN,Japan,2055,7382712.021089753,Low
08_JPN,Japan,2056,7432846.342045682,Low
08_JPN,Japan,2057,7481915.233830704,Low
08_JPN,Japan,2058,7530308.636246234,Low
08_JPN,Japan,2059,7577855.354010289,Low
08_JPN,Japan,2060,7623929.672811595,Low
08_JPN,Japan,2061,7669210.369511481,Low
08_JPN,Japan,2062,7713588.309622274,Low
08_JPN,Japan,2063,7757036.5279741585,Low
08_JPN,Japan,2064,7799592.755923025,Low
08_JPN,Japan,2065,7841230.374993728,Low
08_JPN,Japan,2066,7881619.908383983,Low
08_JPN,Japan,2067,7921577.704102066,Low
08_JPN,Japan,2068,7961207.310547573,Low
08_JPN,Japan,2069,8000060.745398233,Low
08_JPN,Japan,2070,8038962.914149485,Low
08_JPN,Japan,2071,8077648.511323478,Low
08_JPN,Japan,2072,8117311.863946953,Low
08_JPN,Japan,2073,8157468.935725862,Low
08_JPN,Japan,2074,8198145.775069891,Low
08_JPN,Japan,2075,8240195.47459646,Low
08_JPN,Japan,2076,8283462.685188492,Low
08_JPN,Japan,2077,8327927.210989738,Low
08_JPN,Japan,2078,8373437.491366215,Low
08_JPN,Japan,2079,8420294.187870499,Low
08_JPN,Japan,2080,8468432.611802569,Low
08_JPN,Japan,2081,8517475.043924956,Low
08_JPN,Japan,2082,8567828.63016162,Low
08_JPN,Japan,2083,8618851.750658574,Low
08_JPN,Japan,2084,8670818.530892882,Low
08_JPN,Japan,2085,8723158.12137287,Low
08_JPN,Japan,2086,8775936.279747225,Low
08_JPN,Japan,2087,8829212.205448804,Low
08_JPN,Japan,2088,8883061.503792746,Low
08_JPN,Japan,2089,8937130.547813637,Low
08_JPN,Japan,2090,8991036.547032904,Low
08_JPN,Japan,2091,9044845.67200092,Low
08_JPN,Japan,2092,9098426.37937426,Low
08_JPN,Japan,2093,9151186.229647284,Low
08_JPN,Japan,2094,9203692.068387128,Low
08_JPN,Japan,2095,9255932.059342925,Low
08_JPN,Japan,2096,9307454.35328685,Low
08_JPN,Japan,2097,9357948.76793352,Low
08_JPN,Japan,2098,9408151.208208326,Low
08_JPN,Japan,2099,9457236.79188797,Low
08_JPN,Japan,2100,9504979.751009356,Low
09_ROK,Korea,1990,616369.574721637,Low
09_ROK,Korea,1991,683399.6052713271,Low
09_ROK,Korea,1992,726806.359900876,Low
09_ROK,Korea,1993,777644.414581851,Low
09_ROK,Korea,1994,850523.972035444,Low
09_ROK,Korea,1995,933330.0822756948,Low
09_ROK,Korea,1996,1007907.16753805,Low
09_ROK,Korea,1997,1071225.83757418,Low
09_ROK,Korea,1998,1018318.74603203,Low
09_ROK,Korea,1999,1136619.5124884,Low
09_ROK,Korea,2000,1241209.6304385,Low
09_ROK,Korea,2001,1299868.39827403,Low
09_ROK,Korea,2002,1400530.19342929,Low
09_ROK,Korea,2003,1443592.66808356,Low
09_ROK,Korea,2004,1518423.26973075,Low
09_ROK,Korea,2005,1584599.74952916,Low
09_ROK,Korea,2006,1667712.09363692,Low
09_ROK,Korea,2007,1765139.223629,Low
09_ROK,Korea,2008,1818171.14619144,Low
09_ROK,Korea,2009,1833077.63608529,Low
09_ROK,Korea,2010,1961056.90962565,Low
09_ROK,Korea,2011,2033381.31717328,Low
09_ROK,Korea,2012,2085185.0715899,Low
09_ROK,Korea,2013,2153816.76867679,Low
09_ROK,Korea,2014,2223055.0898154704,Low
09_ROK,Korea,2015,2287974.80472038,Low
09_ROK,Korea,2016,2360538.55461269,Low
09_ROK,Korea,2017,2441580.36985504,Low
09_ROK,Korea,2018,2519127.7868651003,Low
09_ROK,Korea,2019,2577415.41864928,Low
09_ROK,Korea,2020,2559367.26518904,Low
09_ROK,Korea,2021,2677430.05697127,Low
09_ROK,Korea,2022,2750458.69051383,Low
09_ROK,Korea,2023,2793998.85518797,Low
09_ROK,Korea,2024,2849979.72410421,Low
09_ROK,Korea,2025,2878679.54440521,Low
09_ROK,Korea,2026,2908900.154146088,Low
09_ROK,Korea,2027,2937771.5114150145,Low
09_ROK,Korea,2028,2965803.079418749,Low
09_ROK,Korea,2029,2993199.964471149,Low
09_ROK,Korea,2030,3018038.0141856284,Low
09_ROK,Korea,2031,3047446.151662834,Low
09_ROK,Korea,2032,3076181.2674622955,Low
09_ROK,Korea,2033,3104135.5151368845,Low
09_ROK,Korea,2034,3124753.2339170794,Low
09_ROK,Korea,2035,3143345.694747084,Low
09_ROK,Korea,2036,3161015.0051940577,Low
09_ROK,Korea,2037,3177753.021048041,Low
09_ROK,Korea,2038,3193446.458692251,Low
09_ROK,Korea,2039,3208122.747073536,Low
09_ROK,Korea,2040,3221854.758165772,Low
09_ROK,Korea,2041,3234751.4619120327,Low
09_ROK,Korea,2042,3246546.839657384,Low
09_ROK,Korea,2043,3257674.508489745,Low
09_ROK,Korea,2044,3267864.195535436,Low
09_ROK,Korea,2045,3276938.614209553,Low
09_ROK,Korea,2046,3285079.631662907,Low
09_ROK,Korea,2047,3292381.8993557966,Low
09_ROK,Korea,2048,3298309.68080959,Low
09_ROK,Korea,2049,3303176.741807096,Low
09_ROK,Korea,2050,3306772.279525303,Low
09_ROK,Korea,2051,3309339.40790655,Low
09_ROK,Korea,2052,3310562.9344433206,Low
09_ROK,Korea,2053,3310429.281681576,Low
09_ROK,Korea,2054,3309399.50710608,Low
09_ROK,Korea,2055,3307539.5807412816,Low
09_ROK,Korea,2056,3304397.7757275896,Low
09_ROK,Korea,2057,3300006.5970526845,Low
09_ROK,Korea,2058,3294202.614063485,Low
09_ROK,Korea,2059,3287192.605774211,Low
09_ROK,Korea,2060,3279450.826301607,Low
09_ROK,Korea,2061,3270696.5446666507,Low
09_ROK,Korea,2062,3261548.8148333067,Low
09_ROK,Korea,2063,3251314.141832496,Low
09_ROK,Korea,2064,3240560.343907864,Low
09_ROK,Korea,2065,3229149.7148472653,Low
09_ROK,Korea,2066,3217255.930758052,Low
09_ROK,Korea,2067,3204901.614184555,Low
09_ROK,Korea,2068,3191974.9330154825,Low
09_ROK,Korea,2069,3178726.226025925,Low
09_ROK,Korea,2070,3164531.502461764,Low
09_ROK,Korea,2071,3149956.699913928,Low
09_ROK,Korea,2072,3135070.839455713,Low
09_ROK,Korea,2073,3119844.59071749,Low
09_ROK,Korea,2074,3104434.7949180705,Low
09_ROK,Korea,2075,3088584.396697359,Low
09_ROK,Korea,2076,3072469.673459176,Low
09_ROK,Korea,2077,3055959.8334112666,Low
09_ROK,Korea,2078,3039091.099668689,Low
09_ROK,Korea,2079,3021966.2797080143,Low
09_ROK,Korea,2080,3004581.2284492096,Low
09_ROK,Korea,2081,2986746.156482209,Low
09_ROK,Korea,2082,2968363.514150577,Low
09_ROK,Korea,2083,2949874.482809755,Low
09_ROK,Korea,2084,2930957.742074108,Low
09_ROK,Korea,2085,2911853.078562495,Low
09_ROK,Korea,2086,2892152.5616025184,Low
09_ROK,Korea,2087,2872074.83044887,Low
09_ROK,Korea,2088,2851401.8654395747,Low
09_ROK,Korea,2089,2830398.798716405,Low
09_ROK,Korea,2090,2808874.285606147,Low
09_ROK,Korea,2091,2786913.9525775565,Low
09_ROK,Korea,2092,2764549.7575610294,Low
09_ROK,Korea,2093,2741825.4447835824,Low
09_ROK,Korea,2094,2718896.14524437,Low
09_ROK,Korea,2095,2695822.335828651,Low
09_ROK,Korea,2096,2672507.235342216,Low
09_ROK,Korea,2097,2649380.1066122744,Low
09_ROK,Korea,2098,2626211.6250603576,Low
09_ROK,Korea,2099,2602833.422474179,Low
09_ROK,Korea,2100,2579514.0130993603,Low
10_MAS,Malaysia,1990,214242.312021412,Low
10_MAS,Malaysia,1991,234692.742103338,Low
10_MAS,Malaysia,1992,255545.469125778,Low
10_MAS,Malaysia,1993,280831.548487792,Low
10_MAS,Malaysia,1994,306701.868103396,Low
10_MAS,Malaysia,1995,336847.856021014,Low
10_MAS,Malaysia,1996,370541.738826626,Low
10_MAS,Malaysia,1997,397675.553808732,Low
10_MAS,Malaysia,1998,368408.958702071,Low
10_MAS,Malaysia,1999,391020.47119941,Low
10_MAS,Malaysia,2000,425660.459259482,Low
10_MAS,Malaysia,2001,427863.99840063095,Low
10_MAS,Malaysia,2002,450930.096523964,Low
10_MAS,Malaysia,2003,477032.181941105,Low
10_MAS,Malaysia,2004,509391.362925102,Low
10_MAS,Malaysia,2005,536552.8192724959,Low
10_MAS,Malaysia,2006,566518.473663355,Low
10_MAS,Malaysia,2007,602202.2595586369,Low
10_MAS,Malaysia,2008,631299.287007657,Low
10_MAS,Malaysia,2009,621744.391014975,Low
10_MAS,Malaysia,2010,667907.9631618221,Low
10_MAS,Malaysia,2011,703266.4285438891,Low
10_MAS,Malaysia,2012,741759.39436174,Low
10_MAS,Malaysia,2013,776575.522140495,Low
10_MAS,Malaysia,2014,823222.254452927,Low
10_MAS,Malaysia,2015,865136.882439813,Low
10_MAS,Malaysia,2016,903633.58249853,Low
10_MAS,Malaysia,2017,956159.2942512012,Low
10_MAS,Malaysia,2018,1002466.92050423,Low
10_MAS,Malaysia,2019,1046707.66454257,Low
10_MAS,Malaysia,2020,989590.433102722,Low
10_MAS,Malaysia,2021,1022398.81501398,Low
10_MAS,Malaysia,2022,1114739.18943322,Low
10_MAS,Malaysia,2023,1154168.22581284,Low
10_MAS,Malaysia,2024,1213093.81379927,Low
10_MAS,Malaysia,2025,1275826.18032202,Low
10_MAS,Malaysia,2026,1338768.3119384802,Low
10_MAS,Malaysia,2027,1387837.9111350449,Low
10_MAS,Malaysia,2028,1436253.607699213,Low
10_MAS,Malaysia,2029,1484056.1854903456,Low
10_MAS,Malaysia,2030,1530016.999629283,Low
10_MAS,Malaysia,2031,1587388.7863613062,Low
10_MAS,Malaysia,2032,1645997.3061183388,Low
10_MAS,Malaysia,2033,1696977.676946544,Low
10_MAS,Malaysia,2034,1747735.1142677525,Low
10_MAS,Malaysia,2035,1796759.4725681627,Low
10_MAS,Malaysia,2036,1844433.070255229,Low
10_MAS,Malaysia,2037,1890451.1015921729,Low
10_MAS,Malaysia,2038,1936593.452053294,Low
10_MAS,Malaysia,2039,1983251.3649013864,Low
10_MAS,Malaysia,2040,2029986.1337113336,Low
10_MAS,Malaysia,2041,2077260.6110297428,Low
10_MAS,Malaysia,2042,2123497.691352545,Low
10_MAS,Malaysia,2043,2168650.2115922454,Low
10_MAS,Malaysia,2044,2213275.572795047,Low
10_MAS,Malaysia,2045,2257029.0780226565,Low
10_MAS,Malaysia,2046,2300180.15496176,Low
10_MAS,Malaysia,2047,2342986.9573500734,Low
10_MAS,Malaysia,2048,2385407.637993114,Low
10_MAS,Malaysia,2049,2427058.679704579,Low
10_MAS,Malaysia,2050,2468019.7329269075,Low
10_MAS,Malaysia,2051,2508513.025171984,Low
10_MAS,Malaysia,2052,2548608.847531025,Low
10_MAS,Malaysia,2053,2588586.521161279,Low
10_MAS,Malaysia,2054,2628392.25328678,Low
10_MAS,Malaysia,2055,2667755.8102764874,Low
10_MAS,Malaysia,2056,2706632.232519349,Low
10_MAS,Malaysia,2057,2745475.6647526165,Low
10_MAS,Malaysia,2058,2784108.0580028384,Low
10_MAS,Malaysia,2059,2822584.6988830143,Low
10_MAS,Malaysia,2060,2861088.623726503,Low
10_MAS,Malaysia,2061,2899156.2019892856,Low
10_MAS,Malaysia,2062,2937056.7718364107,Low
10_MAS,Malaysia,2063,2974463.780811581,Low
10_MAS,Malaysia,2064,3011522.738101119,Low
10_MAS,Malaysia,2065,3048663.066447664,Low
10_MAS,Malaysia,2066,3085270.706886998,Low
10_MAS,Malaysia,2067,3121633.608841272,Low
10_MAS,Malaysia,2068,3157820.4393654037,Low
10_MAS,Malaysia,2069,3193862.58939632,Low
10_MAS,Malaysia,2070,3230103.0038289763,Low
10_MAS,Malaysia,2071,3266216.212791564,Low
10_MAS,Malaysia,2072,3302344.8841005783,Low
10_MAS,Malaysia,2073,3338262.3823382016,Low
10_MAS,Malaysia,2074,3373790.079344769,Low
10_MAS,Malaysia,2075,3409438.83211511,Low
10_MAS,Malaysia,2076,3444887.6144457567,Low
10_MAS,Malaysia,2077,3480579.138208909,Low
10_MAS,Malaysia,2078,3515434.132700484,Low
10_MAS,Malaysia,2079,3550090.97321259,Low
10_MAS,Malaysia,2080,3584564.648699024,Low
10_MAS,Malaysia,2081,3618375.372513022,Low
10_MAS,Malaysia,2082,3652458.783418667,Low
10_MAS,Malaysia,2083,3686274.60063643,Low
10_MAS,Malaysia,2084,3719777.451957236,Low
10_MAS,Malaysia,2085,3753444.4282284384,Low
10_MAS,Malaysia,2086,3787045.9785478297,Low
10_MAS,Malaysia,2087,3820154.354405552,Low
10_MAS,Malaysia,2088,3853256.319738512,Low
10_MAS,Malaysia,2089,3886248.714137605,Low
10_MAS,Malaysia,2090,3919242.746682266,Low
10_MAS,Malaysia,2091,3952079.801584233,Low
10_MAS,Malaysia,2092,3984948.421331923,Low
10_MAS,Malaysia,2093,4017666.172939273,Low
10_MAS,Malaysia,2094,4050066.207385085,Low
10_MAS,Malaysia,2095,4082630.369409167,Low
10_MAS,Malaysia,2096,4114972.7345846696,Low
10_MAS,Malaysia,2097,4147184.875296609,Low
10_MAS,Malaysia,2098,4179598.7114465423,Low
10_MAS,Malaysia,2099,4212269.955558629,Low
10_MAS,Malaysia,2100,4244819.488995435,Low
11_MEX,Mexico,1990,1421988.57680156,Low
11_MEX,Mexico,1991,1478525.49131908,Low
11_MEX,Mexico,1992,1531288.35225559,Low
11_MEX,Mexico,1993,1575190.38096328,Low
11_MEX,Mexico,1994,1644406.26077664,Low
11_MEX,Mexico,1995,1547216.92373578,Low
11_MEX,Mexico,1996,1643427.46974326,Low
11_MEX,Mexico,1997,1761735.77795195,Low
11_MEX,Mexico,1998,1870700.52637093,Low
11_MEX,Mexico,1999,1922238.89443456,Low
11_MEX,Mexico,2000,2018913.74747463,Low
11_MEX,Mexico,2001,2009811.57067761,Low
11_MEX,Mexico,2002,2005056.59764014,Low
11_MEX,Mexico,2003,2028827.44321582,Low
11_MEX,Mexico,2004,2101164.08922763,Low
11_MEX,Mexico,2005,2145566.87871904,Low
11_MEX,Mexico,2006,2248661.65725023,Low
11_MEX,Mexico,2007,2295385.7869483302,Low
11_MEX,Mexico,2008,2317038.89268293,Low
11_MEX,Mexico,2009,2171175.48865433,Low
11_MEX,Mexico,2010,2279111.8865841897,Low
11_MEX,Mexico,2011,2357605.52676576,Low
11_MEX,Mexico,2012,2441376.22002366,Low
11_MEX,Mexico,2013,2462179.22463983,Low
11_MEX,Mexico,2014,2523826.36956388,Low
11_MEX,Mexico,2015,2592028.32088719,Low
11_MEX,Mexico,2016,2637971.8472756897,Low
11_MEX,Mexico,2017,2687347.51938936,Low
11_MEX,Mexico,2018,2740344.2190799303,Low
11_MEX,Mexico,2019,2729583.1473000897,Low
11_MEX,Mexico,2020,2501552.82690837,Low
11_MEX,Mexico,2021,2652858.83618066,Low
11_MEX,Mexico,2022,2751273.45476027,Low
11_MEX,Mexico,2023,2836749.91976859,Low
11_MEX,Mexico,2024,2875062.39226806,Low
11_MEX,Mexico,2025,2891211.14207926,Low
11_MEX,Mexico,2026,2914094.77633573,Low
11_MEX,Mexico,2027,2936581.961256215,Low
11_MEX,Mexico,2028,2957989.14288468,Low
11_MEX,Mexico,2029,2977798.475474441,Low
11_MEX,Mexico,2030,3000221.1258105207,Low
11_MEX,Mexico,2031,3042528.0355045795,Low
11_MEX,Mexico,2032,3079347.297847355,Low
11_MEX,Mexico,2033,3110164.2712693093,Low
11_MEX,Mexico,2034,3137212.515926172,Low
11_MEX,Mexico,2035,3163084.8768279934,Low
11_MEX,Mexico,2036,3190505.9705490563,Low
11_MEX,Mexico,2037,3218768.066524403,Low
11_MEX,Mexico,2038,3248148.3615764263,Low
11_MEX,Mexico,2039,3278750.996465469,Low
11_MEX,Mexico,2040,3310822.091347973,Low
11_MEX,Mexico,2041,3344079.737214277,Low
11_MEX,Mexico,2042,3376452.905318171,Low
11_MEX,Mexico,2043,3408389.543405069,Low
11_MEX,Mexico,2044,3440456.886395577,Low
11_MEX,Mexico,2045,3473206.3995509385,Low
11_MEX,Mexico,2046,3506532.833798865,Low
11_MEX,Mexico,2047,3539455.421215997,Low
11_MEX,Mexico,2048,3571905.161272619,Low
11_MEX,Mexico,2049,3604012.7672190713,Low
11_MEX,Mexico,2050,3635499.21348632,Low
11_MEX,Mexico,2051,3666551.625283406,Low
11_MEX,Mexico,2052,3697058.176199092,Low
11_MEX,Mexico,2053,3727040.514775295,Low
11_MEX,Mexico,2054,3756434.737570976,Low
11_MEX,Mexico,2055,3785258.77685647,Low
11_MEX,Mexico,2056,3813512.008285179,Low
11_MEX,Mexico,2057,3841170.961842017,Low
11_MEX,Mexico,2058,3868293.154076775,Low
11_MEX,Mexico,2059,3894880.021453845,Low
11_MEX,Mexico,2060,3920842.228285145,Low
11_MEX,Mexico,2061,3946141.568748036,Low
11_MEX,Mexico,2062,3970893.255465952,Low
11_MEX,Mexico,2063,3995048.673918743,Low
11_MEX,Mexico,2064,4018582.3816628936,Low
11_MEX,Mexico,2065,4041506.3390599065,Low
11_MEX,Mexico,2066,4063777.607046202,Low
11_MEX,Mexico,2067,4085470.9523619167,Low
11_MEX,Mexico,2068,4106600.3660534928,Low
11_MEX,Mexico,2069,4127087.2658657846,Low
11_MEX,Mexico,2070,4146941.069620157,Low
11_MEX,Mexico,2071,4166090.321115492,Low
11_MEX,Mexico,2072,4184701.826108946,Low
11_MEX,Mexico,2073,4202598.289081532,Low
11_MEX,Mexico,2074,4219773.017180601,Low
11_MEX,Mexico,2075,4236266.078196866,Low
11_MEX,Mexico,2076,4252078.688774752,Low
11_MEX,Mexico,2077,4267187.448864271,Low
11_MEX,Mexico,2078,4281545.329765159,Low
11_MEX,Mexico,2079,4295127.898412829,Low
11_MEX,Mexico,2080,4307899.56070766,Low
11_MEX,Mexico,2081,4319865.275800542,Low
11_MEX,Mexico,2082,4330975.818356932,Low
11_MEX,Mexico,2083,4341424.264232406,Low
11_MEX,Mexico,2084,4350933.958834462,Low
11_MEX,Mexico,2085,4359589.328142504,Low
11_MEX,Mexico,2086,4367281.948750369,Low
11_MEX,Mexico,2087,4374169.708024081,Low
11_MEX,Mexico,2088,4380267.835315837,Low
11_MEX,Mexico,2089,4385576.637516567,Low
11_MEX,Mexico,2090,4389953.386939293,Low
11_MEX,Mexico,2091,4393466.68388755,Low
11_MEX,Mexico,2092,4396061.443882294,Low
11_MEX,Mexico,2093,4397918.924915026,Low
11_MEX,Mexico,2094,4398756.874023582,Low
11_MEX,Mexico,2095,4398753.049397915,Low
11_MEX,Mexico,2096,4397948.349624349,Low
11_MEX,Mexico,2097,4396414.517852764,Low
11_MEX,Mexico,2098,4394091.403815841,Low
11_MEX,Mexico,2099,4391063.103214175,Low
11_MEX,Mexico,2100,4387286.754298617,Low
12_NZ,New Zealand,1990,102510.229695661,Low
12_NZ,New Zealand,1991,101407.355462347,Low
12_NZ,New Zealand,1992,102523.77169858,Low
12_NZ,New Zealand,1993,109068.510913184,Low
12_NZ,New Zealand,1994,114643.737156329,Low
12_NZ,New Zealand,1995,120074.136760879,Low
12_NZ,New Zealand,1996,124385.806337592,Low
12_NZ,New Zealand,1997,126967.453431224,Low
12_NZ,New Zealand,1998,128053.264612275,Low
12_NZ,New Zealand,1999,134946.567709899,Low
12_NZ,New Zealand,2000,138817.90252797698,Low
12_NZ,New Zealand,2001,143559.33157128398,Low
12_NZ,New Zealand,2002,150328.36355776998,Low
12_NZ,New Zealand,2003,157432.693879236,Low
12_NZ,New Zealand,2004,163872.534540447,Low
12_NZ,New Zealand,2005,169367.105965762,Low
12_NZ,New Zealand,2006,174066.09954241198,Low
12_NZ,New Zealand,2007,179397.95691271202,Low
12_NZ,New Zealand,2008,177558.031114279,Low
12_NZ,New Zealand,2009,177486.546454779,Low
12_NZ,New Zealand,2010,180098.837893045,Low
12_NZ,New Zealand,2011,183961.05827238,Low
12_NZ,New Zealand,2012,188196.87991725,Low
12_NZ,New Zealand,2013,193023.821383485,Low
12_NZ,New Zealand,2014,200396.050054836,Low
12_NZ,New Zealand,2015,207870.187709383,Low
12_NZ,New Zealand,2016,215651.859628357,Low
12_NZ,New Zealand,2017,222802.198613642,Low
12_NZ,New Zealand,2018,230204.12582534,Low
12_NZ,New Zealand,2019,235553.418426175,Low
12_NZ,New Zealand,2020,234985.93228232,Low
12_NZ,New Zealand,2021,245088.353611212,Low
12_NZ,New Zealand,2022,253287.094503461,Low
12_NZ,New Zealand,2023,257881.45526629096,Low
12_NZ,New Zealand,2024,255641.181371427,Low
12_NZ,New Zealand,2025,256824.472387616,Low
12_NZ,New Zealand,2026,259335.43081706337,Low
12_NZ,New Zealand,2027,261582.338676406,Low
12_NZ,New Zealand,2028,263579.9685661796,Low
12_NZ,New Zealand,2029,265312.0875017262,Low
12_NZ,New Zealand,2030,266879.6621811794,Low
12_NZ,New Zealand,2031,269073.3816308702,Low
12_NZ,New Zealand,2032,270780.3788424205,Low
12_NZ,New Zealand,2033,272081.29865022114,Low
12_NZ,New Zealand,2034,273503.4723743983,Low
12_NZ,New Zealand,2035,275112.46240225504,Low
12_NZ,New Zealand,2036,276859.45294504816,Low
12_NZ,New Zealand,2037,278578.24697927193,Low
12_NZ,New Zealand,2038,280302.95798821334,Low
12_NZ,New Zealand,2039,282079.74108868174,Low
12_NZ,New Zealand,2040,283884.8259791356,Low
12_NZ,New Zealand,2041,285744.3197264432,Low
12_NZ,New Zealand,2042,287634.98579620634,Low
12_NZ,New Zealand,2043,289540.58832039806,Low
12_NZ,New Zealand,2044,291486.5149790354,Low
12_NZ,New Zealand,2045,293480.37398254446,Low
12_NZ,New Zealand,2046,295512.4223323571,Low
12_NZ,New Zealand,2047,297540.053344674,Low
12_NZ,New Zealand,2048,299596.8417839198,Low
12_NZ,New Zealand,2049,301715.0061202082,Low
12_NZ,New Zealand,2050,303826.7689647351,Low
12_NZ,New Zealand,2051,306091.2097453007,Low
12_NZ,New Zealand,2052,308446.46355084307,Low
12_NZ,New Zealand,2053,310760.7581913686,Low
12_NZ,New Zealand,2054,313116.7086773739,Low
12_NZ,New Zealand,2055,315457.9231656997,Low
12_NZ,New Zealand,2056,317772.58944870246,Low
12_NZ,New Zealand,2057,319996.4016141623,Low
12_NZ,New Zealand,2058,322192.1128214061,Low
12_NZ,New Zealand,2059,324365.3132795599,Low
12_NZ,New Zealand,2060,326494.181138757,Low
12_NZ,New Zealand,2061,328569.50946773874,Low
12_NZ,New Zealand,2062,330548.9235804163,Low
12_NZ,New Zealand,2063,332622.60298905405,Low
12_NZ,New Zealand,2064,334604.3428018207,Low
12_NZ,New Zealand,2065,336636.2815556706,Low
12_NZ,New Zealand,2066,338684.19817577937,Low
12_NZ,New Zealand,2067,340715.38503578736,Low
12_NZ,New Zealand,2068,342683.1664581964,Low
12_NZ,New Zealand,2069,344610.6783299656,Low
12_NZ,New Zealand,2070,346517.51549780305,Low
12_NZ,New Zealand,2071,348396.11200080987,Low
12_NZ,New Zealand,2072,350245.38347546465,Low
12_NZ,New Zealand,2073,352254.63912843534,Low
12_NZ,New Zealand,2074,354152.12856988737,Low
12_NZ,New Zealand,2075,356040.6000276891,Low
12_NZ,New Zealand,2076,357896.1907270216,Low
12_NZ,New Zealand,2077,359751.30113935407,Low
12_NZ,New Zealand,2078,361636.8701530483,Low
12_NZ,New Zealand,2079,363445.5259626416,Low
12_NZ,New Zealand,2080,365223.8482308451,Low
12_NZ,New Zealand,2081,366939.02938270976,Low
12_NZ,New Zealand,2082,368695.69671419926,Low
12_NZ,New Zealand,2083,370367.6010680699,Low
12_NZ,New Zealand,2084,371977.57752959937,Low
12_NZ,New Zealand,2085,373612.9947412304,Low
12_NZ,New Zealand,2086,375253.8379352904,Low
12_NZ,New Zealand,2087,376904.8995416806,Low
12_NZ,New Zealand,2088,378556.7846399646,Low
12_NZ,New Zealand,2089,380306.2373238494,Low
12_NZ,New Zealand,2090,381930.5008970151,Low
12_NZ,New Zealand,2091,383645.7551889188,Low
12_NZ,New Zealand,2092,385324.6757460082,Low
12_NZ,New Zealand,2093,387060.6468230495,Low
12_NZ,New Zealand,2094,388662.42042997846,Low
12_NZ,New Zealand,2095,390320.29803456616,Low
12_NZ,New Zealand,2096,391931.9257199288,Low
12_NZ,New Zealand,2097,393493.17880419176,Low
12_NZ,New Zealand,2098,395019.0950438701,Low
12_NZ,New Zealand,2099,396477.1976489933,Low
12_NZ,New Zealand,2100,397908.46143736655,Low
13_PNG,Papua New Guinea,1990,12330.6256724057,Low
13_PNG,Papua New Guinea,1991,13507.8178924025,Low
13_PNG,Papua New Guinea,1992,15378.5271102955,Low
13_PNG,Papua New Guinea,1993,18177.7705902296,Low
13_PNG,Papua New Guinea,1994,19257.913543319,Low
13_PNG,Papua New Guinea,1995,18620.0050214279,Low
13_PNG,Papua New Guinea,1996,20060.0195673508,Low
13_PNG,Papua New Guinea,1997,19276.7982382926,Low
13_PNG,Papua New Guinea,1998,18550.2338879178,Low
13_PNG,Papua New Guinea,1999,18894.4434937378,Low
13_PNG,Papua New Guinea,2000,18423.0569831879,Low
13_PNG,Papua New Guinea,2001,18400.7119142706,Low
13_PNG,Papua New Guinea,2002,18371.4730849478,Low
13_PNG,Papua New Guinea,2003,18769.050593674,Low
13_PNG,Papua New Guinea,2004,19279.7894452418,Low
13_PNG,Papua New Guinea,2005,20503.052739945,Low
13_PNG,Papua New Guinea,2006,21612.2564301393,Low
13_PNG,Papua New Guinea,2007,23301.2951667301,Low
13_PNG,Papua New Guinea,2008,23232.2166490166,Low
13_PNG,Papua New Guinea,2009,24812.1053010447,Low
13_PNG,Papua New Guinea,2010,27325.1879907631,Low
13_PNG,Papua New Guinea,2011,27627.826368700906,Low
13_PNG,Papua New Guinea,2012,28914.4872847048,Low
13_PNG,Papua New Guinea,2013,30020.450904363,Low
13_PNG,Papua New Guinea,2014,34086.3519144364,Low
13_PNG,Papua New Guinea,2015,36328.673600894304,Low
13_PNG,Papua New Guinea,2016,38322.962713650806,Low
13_PNG,Papua New Guinea,2017,39677.530299315695,Low
13_PNG,Papua New Guinea,2018,39566.7298893392,Low
13_PNG,Papua New Guinea,2019,41339.5229866764,Low
13_PNG,Papua New Guinea,2020,40030.1216886158,Low
13_PNG,Papua New Guinea,2021,39825.7228406625,Low
13_PNG,Papua New Guinea,2022,42098.5846689198,Low
13_PNG,Papua New Guinea,2023,43702.7356963364,Low
13_PNG,Papua New Guinea,2024,45401.8776277294,Low
13_PNG,Papua New Guinea,2025,47961.5994044189,Low
13_PNG,Papua New Guinea,2026,50819.03922446948,Low
13_PNG,Papua New Guinea,2027,54010.10696781863,Low
13_PNG,Papua New Guinea,2028,57576.18216202826,Low
13_PNG,Papua New Guinea,2029,61306.46315550849,Low
13_PNG,Papua New Guinea,2030,65161.91790758712,Low
13_PNG,Papua New Guinea,2031,69190.28422431367,Low
13_PNG,Papua New Guinea,2032,73390.68898295746,Low
13_PNG,Papua New Guinea,2033,77774.13866804336,Low
13_PNG,Papua New Guinea,2034,82344.40514255674,Low
13_PNG,Papua New Guinea,2035,87073.3185950792,Low
13_PNG,Papua New Guinea,2036,91994.36951306745,Low
13_PNG,Papua New Guinea,2037,97123.55629771209,Low
13_PNG,Papua New Guinea,2038,102459.64911683796,Low
13_PNG,Papua New Guinea,2039,108011.34249316144,Low
13_PNG,Papua New Guinea,2040,113781.55528798592,Low
13_PNG,Papua New Guinea,2041,119778.51357534052,Low
13_PNG,Papua New Guinea,2042,126004.53320535593,Low
13_PNG,Papua New Guinea,2043,132468.52791383103,Low
13_PNG,Papua New Guinea,2044,139185.92366116506,Low
13_PNG,Papua New Guinea,2045,146164.92338662915,Low
13_PNG,Papua New Guinea,2046,153411.62804243062,Low
13_PNG,Papua New Guinea,2047,160914.77750116802,Low
13_PNG,Papua New Guinea,2048,168690.97553425646,Low
13_PNG,Papua New Guinea,2049,176748.67778703896,Low
13_PNG,Papua New Guinea,2050,185098.91047621216,Low
13_PNG,Papua New Guinea,2051,193724.2771839918,Low
13_PNG,Papua New Guinea,2052,202658.9759322212,Low
13_PNG,Papua New Guinea,2053,211909.4486367629,Low
13_PNG,Papua New Guinea,2054,221458.18378853236,Low
13_PNG,Papua New Guinea,2055,231351.79010012973,Low
13_PNG,Papua New Guinea,2056,241551.3955599693,Low
13_PNG,Papua New Guinea,2057,252090.12769454133,Low
13_PNG,Papua New Guinea,2058,262985.42020928423,Low
13_PNG,Papua New Guinea,2059,274236.0188918131,Low
13_PNG,Papua New Guinea,2060,285864.19618536806,Low
13_PNG,Papua New Guinea,2061,297887.53381332674,Low
13_PNG,Papua New Guinea,2062,310261.3474469643,Low
13_PNG,Papua New Guinea,2063,323026.7294045447,Low
13_PNG,Papua New Guinea,2064,336205.0818291083,Low
13_PNG,Papua New Guinea,2065,349844.3425926711,Low
13_PNG,Papua New Guinea,2066,363936.6123492788,Low
13_PNG,Papua New Guinea,2067,378479.8467276077,Low
13_PNG,Papua New Guinea,2068,393491.9029692268,Low
13_PNG,Papua New Guinea,2069,408966.7626946686,Low
13_PNG,Papua New Guinea,2070,424915.5910973909,Low
13_PNG,Papua New Guinea,2071,441362.5783449545,Low
13_PNG,Papua New Guinea,2072,458352.6987998261,Low
13_PNG,Papua New Guinea,2073,475860.9656337746,Low
13_PNG,Papua New Guinea,2074,493881.9022779592,Low
13_PNG,Papua New Guinea,2075,512467.1631936407,Low
13_PNG,Papua New Guinea,2076,531644.3997676698,Low
13_PNG,Papua New Guinea,2077,551396.7639239186,Low
13_PNG,Papua New Guinea,2078,571792.3357967659,Low
13_PNG,Papua New Guinea,2079,592858.8642010974,Low
13_PNG,Papua New Guinea,2080,614537.676335252,Low
13_PNG,Papua New Guinea,2081,637002.3988977311,Low
13_PNG,Papua New Guinea,2082,660045.8898556556,Low
13_PNG,Papua New Guinea,2083,683759.7192114997,Low
13_PNG,Papua New Guinea,2084,708265.9979825321,Low
13_PNG,Papua New Guinea,2085,733446.3468515,Low
13_PNG,Papua New Guinea,2086,759430.1163003161,Low
13_PNG,Papua New Guinea,2087,786199.6360223601,Low
13_PNG,Papua New Guinea,2088,813714.0371354452,Low
13_PNG,Papua New Guinea,2089,842026.3952938315,Low
13_PNG,Papua New Guinea,2090,871169.8683201923,Low
13_PNG,Papua New Guinea,2091,901324.5527152847,Low
13_PNG,Papua New Guinea,2092,932276.9421988316,Low
13_PNG,Papua New Guinea,2093,964094.3845509568,Low
13_PNG,Papua New Guinea,2094,996794.4677820134,Low
13_PNG,Papua New Guinea,2095,1030460.1185455808,Low
13_PNG,Papua New Guinea,2096,1065048.808410559,Low
13_PNG,Papua New Guinea,2097,1100638.6617737834,Low
13_PNG,Papua New Guinea,2098,1137186.375558415,Low
13_PNG,Papua New Guinea,2099,1174718.153074759,Low
13_PNG,Papua New Guinea,2100,1213365.5657864388,Low
14_PE,Peru,1990,139050.28909291798,Low
14_PE,Peru,1991,142136.175291069,Low
14_PE,Peru,1992,141367.916294088,Low
14_PE,Peru,1993,148780.651849195,Low
14_PE,Peru,1994,167093.11929099305,Low
14_PE,Peru,1995,179477.05045859,Low
14_PE,Peru,1996,184500.564784136,Low
14_PE,Peru,1997,196450.342420583,Low
14_PE,Peru,1998,195681.165551443,Low
14_PE,Peru,1999,198606.42412179,Low
14_PE,Peru,2000,203957.618808056,Low
14_PE,Peru,2001,205217.857282197,Low
14_PE,Peru,2002,216409.47251541,Low
14_PE,Peru,2003,225422.977115603,Low
14_PE,Peru,2004,236599.906394274,Low
14_PE,Peru,2005,251470.353240275,Low
14_PE,Peru,2006,270403.302261475,Low
14_PE,Peru,2007,293437.304088547,Low
14_PE,Peru,2008,320218.060068164,Low
14_PE,Peru,2009,323727.085331558,Low
14_PE,Peru,2010,350701.512336698,Low
14_PE,Peru,2011,372891.071777602,Low
14_PE,Peru,2012,395785.557036524,Low
14_PE,Peru,2013,418948.978837998,Low
14_PE,Peru,2014,428929.00282149,Low
14_PE,Peru,2015,442878.823892135,Low
14_PE,Peru,2016,460387.235322755,Low
14_PE,Peru,2017,471983.632178034,Low
14_PE,Peru,2018,490718.320812916,Low
14_PE,Peru,2019,501713.511404129,Low
14_PE,Peru,2020,446859.635445194,Low
14_PE,Peru,2021,506813.209118862,Low
14_PE,Peru,2022,521096.21778318,Low
14_PE,Peru,2023,519268.734314851,Low
14_PE,Peru,2024,537522.457938481,Low
14_PE,Peru,2025,555962.509610363,Low
14_PE,Peru,2026,565273.1049463622,Low
14_PE,Peru,2027,574766.549397691,Low
14_PE,Peru,2028,593698.8597351683,Low
14_PE,Peru,2029,605063.9484368924,Low
14_PE,Peru,2030,615659.8227927095,Low
14_PE,Peru,2031,626016.0439993255,Low
14_PE,Peru,2032,637721.9248874167,Low
14_PE,Peru,2033,648415.6790649127,Low
14_PE,Peru,2034,659468.60762456,Low
14_PE,Peru,2035,670588.6570775437,Low
14_PE,Peru,2036,680549.6675762183,Low
14_PE,Peru,2037,690434.1662192302,Low
14_PE,Peru,2038,700271.1749978312,Low
14_PE,Peru,2039,710095.5615795333,Low
14_PE,Peru,2040,719690.8341424388,Low
14_PE,Peru,2041,729179.5641642916,Low
14_PE,Peru,2042,738490.1651847693,Low
14_PE,Peru,2043,747528.4561013385,Low
14_PE,Peru,2044,756430.1497452981,Low
14_PE,Peru,2045,765204.4364734734,Low
14_PE,Peru,2046,773812.4936943775,Low
14_PE,Peru,2047,782241.5498831744,Low
14_PE,Peru,2048,790490.601658325,Low
14_PE,Peru,2049,798550.0586314793,Low
14_PE,Peru,2050,806435.1597794639,Low
14_PE,Peru,2051,814162.6510369997,Low
14_PE,Peru,2052,821715.7111545792,Low
14_PE,Peru,2053,829093.7045183087,Low
14_PE,Peru,2054,836302.4856706595,Low
14_PE,Peru,2055,843323.2979819238,Low
14_PE,Peru,2056,850162.4453717867,Low
14_PE,Peru,2057,856808.5470267688,Low
14_PE,Peru,2058,863273.9415395714,Low
14_PE,Peru,2059,869541.5668334232,Low
14_PE,Peru,2060,875621.0274581101,Low
14_PE,Peru,2061,881516.6329860609,Low
14_PE,Peru,2062,887225.3096924163,Low
14_PE,Peru,2063,892743.3639365096,Low
14_PE,Peru,2064,898080.4644191536,Low
14_PE,Peru,2065,903229.8043330428,Low
14_PE,Peru,2066,908211.0242171536,Low
14_PE,Peru,2067,913021.03819596,Low
14_PE,Peru,2068,917666.2684766356,Low
14_PE,Peru,2069,922144.1261195664,Low
14_PE,Peru,2070,926454.729568704,Low
14_PE,Peru,2071,930605.6811318804,Low
14_PE,Peru,2072,934608.7103088804,Low
14_PE,Peru,2073,938461.0363742072,Low
14_PE,Peru,2074,942166.6146835184,Low
14_PE,Peru,2075,945771.2335352828,Low
14_PE,Peru,2076,949302.0069499892,Low
14_PE,Peru,2077,952751.8124826167,Low
14_PE,Peru,2078,956122.3461884488,Low
14_PE,Peru,2079,959405.9039629992,Low
14_PE,Peru,2080,962558.8013107744,Low
14_PE,Peru,2081,965561.6245880688,Low
14_PE,Peru,2082,968426.0531849664,Low
14_PE,Peru,2083,971140.1642511112,Low
14_PE,Peru,2084,973719.115470252,Low
14_PE,Peru,2085,976129.5961327668,Low
14_PE,Peru,2086,978380.2043676336,Low
14_PE,Peru,2087,980471.059707568,Low
14_PE,Peru,2088,982391.0216171036,Low
14_PE,Peru,2089,984144.358573521,Low
14_PE,Peru,2090,985748.1486485966,Low
14_PE,Peru,2091,987177.0708982756,Low
14_PE,Peru,2092,988437.8016031802,Low
14_PE,Peru,2093,989524.3911368318,Low
14_PE,Peru,2094,990417.6538361952,Low
14_PE,Peru,2095,991168.8833701086,Low
14_PE,Peru,2096,991727.2724399224,Low
14_PE,Peru,2097,992110.1885384532,Low
14_PE,Peru,2098,992316.9981824884,Low
14_PE,Peru,2099,992361.4506955463,Low
14_PE,Peru,2100,992224.552314188,Low
15_PHL,Philippines,1990,283126.473617181,Low
15_PHL,Philippines,1991,281890.937770952,Low
15_PHL,Philippines,1992,283068.196261779,Low
15_PHL,Philippines,1993,289244.432888471,Low
15_PHL,Philippines,1994,301895.01806997805,Low
15_PHL,Philippines,1995,315858.342273919,Low
15_PHL,Philippines,1996,334368.73991276004,Low
15_PHL,Philippines,1997,351710.479274008,Low
15_PHL,Philippines,1998,349902.368762457,Low
15_PHL,Philippines,1999,361611.68072469096,Low
15_PHL,Philippines,2000,377459.33071605104,Low
15_PHL,Philippines,2001,388968.9389414941,Low
15_PHL,Philippines,2002,403424.016589514,Low
15_PHL,Philippines,2003,423945.837811198,Low
15_PHL,Philippines,2004,451795.808663307,Low
15_PHL,Philippines,2005,474125.83963291,Low
15_PHL,Philippines,2006,499332.345525613,Low
15_PHL,Philippines,2007,531885.276934827,Low
15_PHL,Philippines,2008,554992.965268913,Low
15_PHL,Philippines,2009,563031.05638158,Low
15_PHL,Philippines,2010,604326.568988619,Low
15_PHL,Philippines,2011,627642.895061402,Low
15_PHL,Philippines,2012,670931.1224482331,Low
15_PHL,Philippines,2013,716222.5378800861,Low
15_PHL,Philippines,2014,761688.254932336,Low
15_PHL,Philippines,2015,810042.584431379,Low
15_PHL,Philippines,2016,867956.228661943,Low
15_PHL,Philippines,2017,928114.173543905,Low
15_PHL,Philippines,2018,986970.3999465612,Low
15_PHL,Philippines,2019,1047358.43714574,Low
15_PHL,Philippines,2020,947667.774109205,Low
15_PHL,Philippines,2021,1001824.4583761,Low
15_PHL,Philippines,2022,1077772.59151808,Low
15_PHL,Philippines,2023,1137254.31849328,Low
15_PHL,Philippines,2024,1202245.50576815,Low
15_PHL,Philippines,2025,1255173.180995,Low
15_PHL,Philippines,2026,1320323.1373670727,Low
15_PHL,Philippines,2027,1387465.8277472896,Low
15_PHL,Philippines,2028,1451432.7943715614,Low
15_PHL,Philippines,2029,1516804.318063487,Low
15_PHL,Philippines,2030,1582090.2261904506,Low
15_PHL,Philippines,2031,1650289.8395248333,Low
15_PHL,Philippines,2032,1719435.943618005,Low
15_PHL,Philippines,2033,1789996.3434434305,Low
15_PHL,Philippines,2034,1862905.2455290891,Low
15_PHL,Philippines,2035,1937123.679505472,Low
15_PHL,Philippines,2036,2013553.446906585,Low
15_PHL,Philippines,2037,2091772.261369704,Low
15_PHL,Philippines,2038,2171748.594150463,Low
15_PHL,Philippines,2039,2253580.0296438388,Low
15_PHL,Philippines,2040,2337086.446044625,Low
15_PHL,Philippines,2041,2422246.3716268367,Low
15_PHL,Philippines,2042,2508864.9656016524,Low
15_PHL,Philippines,2043,2596881.755374944,Low
15_PHL,Philippines,2044,2686195.2281578635,Low
15_PHL,Philippines,2045,2776666.44035378,Low
15_PHL,Philippines,2046,2868122.818715323,Low
15_PHL,Philippines,2047,2960384.102495339,Low
15_PHL,Philippines,2048,3053209.173401937,Low
15_PHL,Philippines,2049,3146438.2367965737,Low
15_PHL,Philippines,2050,3239998.716038747,Low
15_PHL,Philippines,2051,3333550.640162452,Low
15_PHL,Philippines,2052,3427014.216177109,Low
15_PHL,Philippines,2053,3520779.303743903,Low
15_PHL,Philippines,2054,3614905.069679011,Low
15_PHL,Philippines,2055,3709209.9804114494,Low
15_PHL,Philippines,2056,3803416.242931427,Low
15_PHL,Philippines,2057,3897303.4307085406,Low
15_PHL,Philippines,2058,3990989.0939359535,Low
15_PHL,Philippines,2059,4084178.877573052,Low
15_PHL,Philippines,2060,4176466.0219168593,Low
15_PHL,Philippines,2061,4267836.884021694,Low
15_PHL,Philippines,2062,4358100.98933865,Low
15_PHL,Philippines,2063,4447020.29770144,Low
15_PHL,Philippines,2064,4534547.9836710775,Low
15_PHL,Philippines,2065,4620398.314923731,Low
15_PHL,Philippines,2066,4704273.2435349785,Low
15_PHL,Philippines,2067,4786359.583084639,Low
15_PHL,Philippines,2068,4866054.505566431,Low
15_PHL,Philippines,2069,4943441.274208085,Low
15_PHL,Philippines,2070,5018187.786550119,Low
15_PHL,Philippines,2071,5090083.230581088,Low
15_PHL,Philippines,2072,5159068.5181044135,Low
15_PHL,Philippines,2073,5224719.719401456,Low
15_PHL,Philippines,2074,5287024.501160809,Low
15_PHL,Philippines,2075,5345622.039270115,Low
15_PHL,Philippines,2076,5400601.102177981,Low
15_PHL,Philippines,2077,5451592.57698374,Low
15_PHL,Philippines,2078,5498157.658550358,Low
15_PHL,Philippines,2079,5542833.297434551,Low
15_PHL,Philippines,2080,5585576.728851337,Low
15_PHL,Philippines,2081,5625952.087177279,Low
15_PHL,Philippines,2082,5664341.029617774,Low
15_PHL,Philippines,2083,5700422.795809879,Low
15_PHL,Philippines,2084,5734376.484988459,Low
15_PHL,Philippines,2085,5765941.34966823,Low
15_PHL,Philippines,2086,5795108.766784213,Low
15_PHL,Philippines,2087,5822073.602165462,Low
15_PHL,Philippines,2088,5846870.161980348,Low
15_PHL,Philippines,2089,5869525.804777599,Low
15_PHL,Philippines,2090,5889998.150403047,Low
15_PHL,Philippines,2091,5908316.633212609,Low
15_PHL,Philippines,2092,5924366.213981571,Low
15_PHL,Philippines,2093,5938424.6893284265,Low
15_PHL,Philippines,2094,5950490.954788605,Low
15_PHL,Philippines,2095,5960717.165907303,Low
15_PHL,Philippines,2096,5968744.702179956,Low
15_PHL,Philippines,2097,5974861.545338761,Low
15_PHL,Philippines,2098,5979411.8342989525,Low
15_PHL,Philippines,2099,5982235.246657429,Low
15_PHL,Philippines,2100,5983273.915740475,Low
16_RUS,Russia,1990,4386345.13817199,Low
16_RUS,Russia,1991,4164968.95491794,Low
16_RUS,Russia,1992,3559754.24345934,Low
16_RUS,Russia,1993,3251175.5107675,Low
16_RUS,Russia,1994,2842510.68257551,Low
16_RUS,Russia,1995,2724730.44502044,Low
16_RUS,Russia,1996,2622414.9248018,Low
16_RUS,Russia,1997,2659126.52581455,Low
16_RUS,Russia,1998,2518193.840343,Low
16_RUS,Russia,1999,2679356.09789008,Low
16_RUS,Russia,2000,2947293.49785473,Low
16_RUS,Russia,2001,3097606.9760178,Low
16_RUS,Russia,2002,3243194.2532676803,Low
16_RUS,Russia,2003,3479945.88822114,Low
16_RUS,Russia,2004,3730500.17806156,Low
16_RUS,Russia,2005,3969250.90049488,Low
16_RUS,Russia,2006,4294732.18353033,Low
16_RUS,Russia,2007,4659783.46437558,Low
16_RUS,Russia,2008,4902090.77229438,Low
16_RUS,Russia,2009,4519727.99045976,Low
16_RUS,Russia,2010,4723115.749994599,Low
16_RUS,Russia,2011,4926211.105734929,Low
16_RUS,Russia,2012,5124446.08491426,Low
16_RUS,Russia,2013,5214401.74651076,Low
16_RUS,Russia,2014,5252793.67736262,Low
16_RUS,Russia,2015,5149170.806564599,Low
16_RUS,Russia,2016,5159143.263887281,Low
16_RUS,Russia,2017,5253385.6060589,Low
16_RUS,Russia,2018,5400813.51077824,Low
16_RUS,Russia,2019,5519527.48090736,Low
16_RUS,Russia,2020,5373058.29169962,Low
16_RUS,Russia,2021,5688268.31433954,Low
16_RUS,Russia,2022,5606620.5813337695,Low
16_RUS,Russia,2023,5834620.196473691,Low
16_RUS,Russia,2024,6121781.51204027,Low
16_RUS,Russia,2025,6183071.35415995,Low
16_RUS,Russia,2026,6261898.934264341,Low
16_RUS,Russia,2027,6365777.4591706265,Low
16_RUS,Russia,2028,6471179.363279107,Low
16_RUS,Russia,2029,6572289.1803029645,Low
16_RUS,Russia,2030,6668239.091332108,Low
16_RUS,Russia,2031,6792952.779699355,Low
16_RUS,Russia,2032,6891353.647032161,Low
16_RUS,Russia,2033,7010791.366522567,Low
16_RUS,Russia,2034,7121105.372767483,Low
16_RUS,Russia,2035,7218909.1921246275,Low
16_RUS,Russia,2036,7320377.0276255375,Low
16_RUS,Russia,2037,7423415.34139746,Low
16_RUS,Russia,2038,7526900.361256741,Low
16_RUS,Russia,2039,7631115.214706405,Low
16_RUS,Russia,2040,7736106.653821374,Low
16_RUS,Russia,2041,7843070.857565981,Low
16_RUS,Russia,2042,7947947.74569991,Low
16_RUS,Russia,2043,8054030.832270561,Low
16_RUS,Russia,2044,8158013.730498227,Low
16_RUS,Russia,2045,8261755.601236895,Low
16_RUS,Russia,2046,8366157.180978118,Low
16_RUS,Russia,2047,8470726.143525979,Low
16_RUS,Russia,2048,8573891.76890687,Low
16_RUS,Russia,2049,8675908.987002594,Low
16_RUS,Russia,2050,8776716.511636222,Low
16_RUS,Russia,2051,8875751.077087855,Low
16_RUS,Russia,2052,8972855.14188516,Low
16_RUS,Russia,2053,9068824.163466323,Low
16_RUS,Russia,2054,9161157.280321049,Low
16_RUS,Russia,2055,9251998.02436892,Low
16_RUS,Russia,2056,9340430.72298554,Low
16_RUS,Russia,2057,9427514.283489252,Low
16_RUS,Russia,2058,9512958.92172359,Low
16_RUS,Russia,2059,9595261.531240668,Low
16_RUS,Russia,2060,9675716.53757742,Low
16_RUS,Russia,2061,9755502.830227897,Low
16_RUS,Russia,2062,9831879.652148282,Low
16_RUS,Russia,2063,9906821.186590243,Low
16_RUS,Russia,2064,9978466.244316218,Low
16_RUS,Russia,2065,10050208.735851573,Low
16_RUS,Russia,2066,10121764.104650447,Low
16_RUS,Russia,2067,10194078.985189512,Low
16_RUS,Russia,2068,10267385.44688802,Low
16_RUS,Russia,2069,10340614.314144732,Low
16_RUS,Russia,2070,10412876.435805142,Low
16_RUS,Russia,2071,10485669.84667104,Low
16_RUS,Russia,2072,10557838.856125137,Low
16_RUS,Russia,2073,10632903.135434536,Low
16_RUS,Russia,2074,10708473.02796532,Low
16_RUS,Russia,2075,10785062.640378091,Low
16_RUS,Russia,2076,10862619.234453345,Low
16_RUS,Russia,2077,10942262.13554598,Low
16_RUS,Russia,2078,11021804.80119909,Low
16_RUS,Russia,2079,11102738.597547095,Low
16_RUS,Russia,2080,11185362.336033806,Low
16_RUS,Russia,2081,11270008.156772109,Low
16_RUS,Russia,2082,11356108.288921472,Low
16_RUS,Russia,2083,11442806.329829924,Low
16_RUS,Russia,2084,11530736.091432672,Low
16_RUS,Russia,2085,11619325.390381197,Low
16_RUS,Russia,2086,11708450.397357604,Low
16_RUS,Russia,2087,11798748.42904237,Low
16_RUS,Russia,2088,11891106.217909984,Low
16_RUS,Russia,2089,11983854.788718028,Low
16_RUS,Russia,2090,12076963.400338745,Low
16_RUS,Russia,2091,12170253.394354545,Low
16_RUS,Russia,2092,12264457.249980088,Low
16_RUS,Russia,2093,12356871.49434885,Low
16_RUS,Russia,2094,12451139.853855142,Low
16_RUS,Russia,2095,12545830.658858256,Low
16_RUS,Russia,2096,12639362.72094428,Low
16_RUS,Russia,2097,12731066.965898512,Low
16_RUS,Russia,2098,12823775.145671476,Low
16_RUS,Russia,2099,12914513.834217554,Low
16_RUS,Russia,2100,13005013.587867543,Low
17_SGP,Singapore,1990,140049.416153099,Low
17_SGP,Singapore,1991,149416.477857285,Low
17_SGP,Singapore,1992,159337.441475797,Low
17_SGP,Singapore,1993,177596.95598247298,Low
17_SGP,Singapore,1994,197302.562442346,Low
17_SGP,Singapore,1995,211459.81271941905,Low
17_SGP,Singapore,1996,227258.801839554,Low
17_SGP,Singapore,1997,246158.119024241,Low
17_SGP,Singapore,1998,240764.757697655,Low
17_SGP,Singapore,1999,254532.581602908,Low
17_SGP,Singapore,2000,277538.04147977097,Low
17_SGP,Singapore,2001,274565.989973697,Low
17_SGP,Singapore,2002,285338.204303906,Low
17_SGP,Singapore,2003,298316.114664843,Low
17_SGP,Singapore,2004,327968.684807152,Low
17_SGP,Singapore,2005,352127.915476514,Low
17_SGP,Singapore,2006,383843.253121348,Low
17_SGP,Singapore,2007,418471.74709983,Low
17_SGP,Singapore,2008,426269.898869297,Low
17_SGP,Singapore,2009,426815.325624664,Low
17_SGP,Singapore,2010,488787.842633126,Low
17_SGP,Singapore,2011,519165.685276846,Low
17_SGP,Singapore,2012,542193.266755059,Low
17_SGP,Singapore,2013,568314.137606487,Low
17_SGP,Singapore,2014,590680.3693923879,Low
17_SGP,Singapore,2015,608263.738590263,Low
17_SGP,Singapore,2016,632052.647907152,Low
17_SGP,Singapore,2017,659400.262106181,Low
17_SGP,Singapore,2018,680412.76680686,Low
17_SGP,Singapore,2019,688297.250280296,Low
17_SGP,Singapore,2020,663443.918456882,Low
17_SGP,Singapore,2021,730724.326968531,Low
17_SGP,Singapore,2022,760028.410066194,Low
17_SGP,Singapore,2023,771050.857055831,Low
17_SGP,Singapore,2024,812252.052277036,Low
17_SGP,Singapore,2025,853074.8819270959,Low
17_SGP,Singapore,2026,884450.469009844,Low
17_SGP,Singapore,2027,916176.0377537766,Low
17_SGP,Singapore,2028,947880.1724033912,Low
17_SGP,Singapore,2029,979566.4844215056,Low
17_SGP,Singapore,2030,1012353.4804235474,Low
17_SGP,Singapore,2031,1051696.5204262603,Low
17_SGP,Singapore,2032,1083774.5932522244,Low
17_SGP,Singapore,2033,1114540.804448573,Low
17_SGP,Singapore,2034,1149840.6321764349,Low
17_SGP,Singapore,2035,1183978.7646239437,Low
17_SGP,Singapore,2036,1217363.6426682717,Low
17_SGP,Singapore,2037,1251346.228547379,Low
17_SGP,Singapore,2038,1286381.5938476445,Low
17_SGP,Singapore,2039,1322278.3721998548,Low
17_SGP,Singapore,2040,1358584.6983989126,Low
17_SGP,Singapore,2041,1395075.7501029724,Low
17_SGP,Singapore,2042,1430933.6694210868,Low
17_SGP,Singapore,2043,1467447.3515803637,Low
17_SGP,Singapore,2044,1504793.6865702122,Low
17_SGP,Singapore,2045,1541860.1215218604,Low
17_SGP,Singapore,2046,1579606.1264592032,Low
17_SGP,Singapore,2047,1617619.0616930805,Low
17_SGP,Singapore,2048,1655610.1642934391,Low
17_SGP,Singapore,2049,1694917.9565698735,Low
17_SGP,Singapore,2050,1734103.1490372247,Low
17_SGP,Singapore,2051,1773435.2845953323,Low
17_SGP,Singapore,2052,1813361.0776786264,Low
17_SGP,Singapore,2053,1854681.4353514973,Low
17_SGP,Singapore,2054,1895736.6872886224,Low
17_SGP,Singapore,2055,1936123.0659121785,Low
17_SGP,Singapore,2056,1977321.9834969928,Low
17_SGP,Singapore,2057,2018942.256304741,Low
17_SGP,Singapore,2058,2060958.4997286324,Low
17_SGP,Singapore,2059,2102174.0794423604,Low
17_SGP,Singapore,2060,2143919.010516507,Low
17_SGP,Singapore,2061,2184760.708713968,Low
17_SGP,Singapore,2062,2226301.996748132,Low
17_SGP,Singapore,2063,2267626.359722425,Low
17_SGP,Singapore,2064,2309638.820929199,Low
17_SGP,Singapore,2065,2350725.990254971,Low
17_SGP,Singapore,2066,2390599.7144227065,Low
17_SGP,Singapore,2067,2430090.568165954,Low
17_SGP,Singapore,2068,2470918.232125402,Low
17_SGP,Singapore,2069,2511097.739163965,Low
17_SGP,Singapore,2070,2550853.9375963826,Low
17_SGP,Singapore,2071,2591208.2421345995,Low
17_SGP,Singapore,2072,2630784.0330239977,Low
17_SGP,Singapore,2073,2669729.546159807,Low
17_SGP,Singapore,2074,2707634.802368136,Low
17_SGP,Singapore,2075,2743065.691121227,Low
17_SGP,Singapore,2076,2777584.332548278,Low
17_SGP,Singapore,2077,2813158.6352972337,Low
17_SGP,Singapore,2078,2846775.426409124,Low
17_SGP,Singapore,2079,2878968.103388548,Low
17_SGP,Singapore,2080,2909146.0548433308,Low
17_SGP,Singapore,2081,2938267.377155192,Low
17_SGP,Singapore,2082,2965754.470714222,Low
17_SGP,Singapore,2083,2991706.527800314,Low
17_SGP,Singapore,2084,3016776.076778613,Low
17_SGP,Singapore,2085,3040859.9052689862,Low
17_SGP,Singapore,2086,3062910.949816012,Low
17_SGP,Singapore,2087,3082978.7350275186,Low
17_SGP,Singapore,2088,3102165.0260841125,Low
17_SGP,Singapore,2089,3120442.7348951106,Low
17_SGP,Singapore,2090,3135965.2110722447,Low
17_SGP,Singapore,2091,3151335.164569835,Low
17_SGP,Singapore,2092,3165513.7251073974,Low
17_SGP,Singapore,2093,3180373.046539386,Low
17_SGP,Singapore,2094,3193389.444705924,Low
17_SGP,Singapore,2095,3204198.9740329203,Low
17_SGP,Singapore,2096,3215283.0833103987,Low
17_SGP,Singapore,2097,3225337.9826934445,Low
17_SGP,Singapore,2098,3235341.701614742,Low
17_SGP,Singapore,2099,3244453.915787922,Low
17_SGP,Singapore,2100,3254929.0653890003,Low
18_CT,Chinese Taipei,1990,366441.497138,Low
18_CT,Chinese Taipei,1991,397129.155606,Low
18_CT,Chinese Taipei,1992,430137.743751,Low
18_CT,Chinese Taipei,1993,459432.78719,Low
18_CT,Chinese Taipei,1994,493921.744844,Low
18_CT,Chinese Taipei,1995,526007.831958,Low
18_CT,Chinese Taipei,1996,558497.228625,Low
18_CT,Chinese Taipei,1997,592311.2169809999,Low
18_CT,Chinese Taipei,1998,617223.019612,Low
18_CT,Chinese Taipei,1999,658750.5450119999,Low
18_CT,Chinese Taipei,2000,700368.407437,Low
18_CT,Chinese Taipei,2001,690553.3457139999,Low
18_CT,Chinese Taipei,2002,728414.26938,Low
18_CT,Chinese Taipei,2003,759193.98852,Low
18_CT,Chinese Taipei,2004,811952.0481060001,Low
18_CT,Chinese Taipei,2005,855651.4243200001,Low
18_CT,Chinese Taipei,2006,905060.125647,Low
18_CT,Chinese Taipei,2007,967022.389502,Low
18_CT,Chinese Taipei,2008,974760.273081,Low
18_CT,Chinese Taipei,2009,959041.85288,Low
18_CT,Chinese Taipei,2010,1057282.461494,Low
18_CT,Chinese Taipei,2011,1096127.2858000002,Low
18_CT,Chinese Taipei,2012,1120475.56128,Low
18_CT,Chinese Taipei,2013,1148313.127078,Low
18_CT,Chinese Taipei,2014,1202486.862746,Low
18_CT,Chinese Taipei,2015,1220088.898644,Low
18_CT,Chinese Taipei,2016,1246517.59826,Low
18_CT,Chinese Taipei,2017,1292138.861139,Low
18_CT,Chinese Taipei,2018,1329698.413503,Low
18_CT,Chinese Taipei,2019,1370313.777089,Low
18_CT,Chinese Taipei,2020,1417175.254078,Low
18_CT,Chinese Taipei,2021,1512408.876,Low
18_CT,Chinese Taipei,2022,1553039.7201,Low
18_CT,Chinese Taipei,2023,1569835.73794,Low
18_CT,Chinese Taipei,2024,1652536.0098,Low
18_CT,Chinese Taipei,2025,1795919.7249919998,Low
18_CT,Chinese Taipei,2026,1888935.101928,Low
18_CT,Chinese Taipei,2027,1945043.706066,Low
18_CT,Chinese Taipei,2028,1992677.69361,Low
18_CT,Chinese Taipei,2029,2039940.217851,Low
18_CT,Chinese Taipei,2030,2089334.0196,Low
18_CT,Chinese Taipei,2031,2133774.9871340003,Low
18_CT,Chinese Taipei,2032,2190920.024840039,Low
18_CT,Chinese Taipei,2033,2250085.2213759464,Low
18_CT,Chinese Taipei,2034,2314163.469035802,Low
18_CT,Chinese Taipei,2035,2376029.7473834665,Low
18_CT,Chinese Taipei,2036,2431249.4895678945,Low
18_CT,Chinese Taipei,2037,2483540.396428656,Low
18_CT,Chinese Taipei,2038,2535476.7860931177,Low
18_CT,Chinese Taipei,2039,2588016.0451363483,Low
18_CT,Chinese Taipei,2040,2641163.8535627453,Low
18_CT,Chinese Taipei,2041,2694837.0715571274,Low
18_CT,Chinese Taipei,2042,2749488.56351786,Low
18_CT,Chinese Taipei,2043,2803618.7490996434,Low
18_CT,Chinese Taipei,2044,2857011.7292991006,Low
18_CT,Chinese Taipei,2045,2909072.8147714213,Low
18_CT,Chinese Taipei,2046,2959438.5978488512,Low
18_CT,Chinese Taipei,2047,3009440.9839799786,Low
18_CT,Chinese Taipei,2048,3058761.608182381,Low
18_CT,Chinese Taipei,2049,3107885.214994155,Low
18_CT,Chinese Taipei,2050,3156257.47305636,Low
18_CT,Chinese Taipei,2051,3204176.370428109,Low
18_CT,Chinese Taipei,2052,3251551.070114372,Low
18_CT,Chinese Taipei,2053,3298076.6030228534,Low
18_CT,Chinese Taipei,2054,3343583.824353625,Low
18_CT,Chinese Taipei,2055,3387976.4879565607,Low
18_CT,Chinese Taipei,2056,3431465.5349898087,Low
18_CT,Chinese Taipei,2057,3474476.8689411487,Low
18_CT,Chinese Taipei,2058,3516309.103459444,Low
18_CT,Chinese Taipei,2059,3557267.6906523854,Low
18_CT,Chinese Taipei,2060,3596909.6183399404,Low
18_CT,Chinese Taipei,2061,3635291.058143981,Low
18_CT,Chinese Taipei,2062,3672323.091845021,Low
18_CT,Chinese Taipei,2063,3708175.638179597,Low
18_CT,Chinese Taipei,2064,3743063.615221544,Low
18_CT,Chinese Taipei,2065,3776598.831580089,Low
18_CT,Chinese Taipei,2066,3809033.155077361,Low
18_CT,Chinese Taipei,2067,3840448.01115469,Low
18_CT,Chinese Taipei,2068,3870438.647554906,Low
18_CT,Chinese Taipei,2069,3899141.937112774,Low
18_CT,Chinese Taipei,2070,3927017.008438004,Low
18_CT,Chinese Taipei,2071,3953628.106640825,Low
18_CT,Chinese Taipei,2072,3978803.634884219,Low
18_CT,Chinese Taipei,2073,4002656.741973372,Low
18_CT,Chinese Taipei,2074,4025748.6926508383,Low
18_CT,Chinese Taipei,2075,4047682.621741381,Low
18_CT,Chinese Taipei,2076,4068660.200103038,Low
18_CT,Chinese Taipei,2077,4089072.1581058376,Low
18_CT,Chinese Taipei,2078,4108488.376833091,Low
18_CT,Chinese Taipei,2079,4126901.815789152,Low
18_CT,Chinese Taipei,2080,4144774.990003986,Low
18_CT,Chinese Taipei,2081,4162253.7751465337,Low
18_CT,Chinese Taipei,2082,4178919.6696959417,Low
18_CT,Chinese Taipei,2083,4195302.960337781,Low
18_CT,Chinese Taipei,2084,4210986.021352357,Low
18_CT,Chinese Taipei,2085,4225795.044076441,Low
18_CT,Chinese Taipei,2086,4240383.561430546,Low
18_CT,Chinese Taipei,2087,4254690.333187714,Low
18_CT,Chinese Taipei,2088,4268188.898224652,Low
18_CT,Chinese Taipei,2089,4280750.289432772,Low
18_CT,Chinese Taipei,2090,4292829.863344114,Low
18_CT,Chinese Taipei,2091,4303878.362521678,Low
18_CT,Chinese Taipei,2092,4314765.854120665,Low
18_CT,Chinese Taipei,2093,4325045.799579017,Low
18_CT,Chinese Taipei,2094,4334578.514642779,Low
18_CT,Chinese Taipei,2095,4343212.911483738,Low
18_CT,Chinese Taipei,2096,4351069.753296257,Low
18_CT,Chinese Taipei,2097,4358160.352996831,Low
18_CT,Chinese Taipei,2098,4364093.744211086,Low
18_CT,Chinese Taipei,2099,4369150.197903549,Low
18_CT,Chinese Taipei,2100,4373275.165121704,Low
19_THA,Thailand,1990,476382.17939490697,Low
19_THA,Thailand,1991,517152.206431531,Low
19_THA,Thailand,1992,558955.6259492419,Low
19_THA,Thailand,1993,605080.174206112,Low
19_THA,Thailand,1994,653468.584993737,Low
19_THA,Thailand,1995,706532.294783931,Low
19_THA,Thailand,1996,746465.107712372,Low
19_THA,Thailand,1997,725910.6299795379,Low
19_THA,Thailand,1998,670494.356342068,Low
19_THA,Thailand,1999,701151.421768156,Low
19_THA,Thailand,2000,732389.449755889,Low
19_THA,Thailand,2001,757614.7661261341,Low
19_THA,Thailand,2002,804200.771231266,Low
19_THA,Thailand,2003,862016.721322979,Low
19_THA,Thailand,2004,916231.902255627,Low
19_THA,Thailand,2005,954600.381491807,Low
19_THA,Thailand,2006,1002023.12322303,Low
19_THA,Thailand,2007,1056484.59994417,Low
19_THA,Thailand,2008,1074716.34252171,Low
19_THA,Thailand,2009,1067294.15551474,Low
19_THA,Thailand,2010,1147484.13355035,Low
19_THA,Thailand,2011,1157124.51590426,Low
19_THA,Thailand,2012,1240932.6864003302,Low
19_THA,Thailand,2013,1274282.6972897,Low
19_THA,Thailand,2014,1286827.61367901,Low
19_THA,Thailand,2015,1327157.3991063898,Low
19_THA,Thailand,2016,1372747.34891749,Low
19_THA,Thailand,2017,1430096.3545318702,Low
19_THA,Thailand,2018,1490487.46856946,Low
19_THA,Thailand,2019,1522004.68753871,Low
19_THA,Thailand,2020,1429267.98109045,Low
19_THA,Thailand,2021,1451544.29916013,Low
19_THA,Thailand,2022,1489833.74630119,Low
19_THA,Thailand,2023,1523337.63978847,Low
19_THA,Thailand,2024,1568254.77139299,Low
19_THA,Thailand,2025,1606558.99349363,Low
19_THA,Thailand,2026,1633782.3235587336,Low
19_THA,Thailand,2027,1659486.1100920348,Low
19_THA,Thailand,2028,1682193.268544873,Low
19_THA,Thailand,2029,1701288.743287691,Low
19_THA,Thailand,2030,1718658.669021767,Low
19_THA,Thailand,2031,1748332.876619846,Low
19_THA,Thailand,2032,1778377.4097783554,Low
19_THA,Thailand,2033,1808648.6281201004,Low
19_THA,Thailand,2034,1838870.5247198488,Low
19_THA,Thailand,2035,1867188.7820387287,Low
19_THA,Thailand,2036,1894331.3417906596,Low
19_THA,Thailand,2037,1921619.055161053,Low
19_THA,Thailand,2038,1949176.5261438563,Low
19_THA,Thailand,2039,1977381.36131516,Low
19_THA,Thailand,2040,2006769.4115292416,Low
19_THA,Thailand,2041,2037550.9742899437,Low
19_THA,Thailand,2042,2068320.93747611,Low
19_THA,Thailand,2043,2099212.114480194,Low
19_THA,Thailand,2044,2130139.42436295,Low
19_THA,Thailand,2045,2161181.915343432,Low
19_THA,Thailand,2046,2192401.5681812004,Low
19_THA,Thailand,2047,2223969.915712047,Low
19_THA,Thailand,2048,2255947.048103719,Low
19_THA,Thailand,2049,2287949.120657642,Low
19_THA,Thailand,2050,2319869.384734844,Low
19_THA,Thailand,2051,2351830.7337328666,Low
19_THA,Thailand,2052,2383746.175971773,Low
19_THA,Thailand,2053,2415554.983428087,Low
19_THA,Thailand,2054,2447451.356984764,Low
19_THA,Thailand,2055,2479227.9867414106,Low
19_THA,Thailand,2056,2511014.4878683216,Low
19_THA,Thailand,2057,2542719.588134907,Low
19_THA,Thailand,2058,2574424.6600150447,Low
19_THA,Thailand,2059,2606151.6335109225,Low
19_THA,Thailand,2060,2637900.126953287,Low
19_THA,Thailand,2061,2669589.9797325004,Low
19_THA,Thailand,2062,2701436.049351653,Low
19_THA,Thailand,2063,2733238.190375064,Low
19_THA,Thailand,2064,2765167.4890611824,Low
19_THA,Thailand,2065,2797152.069272337,Low
19_THA,Thailand,2066,2829105.414129683,Low
19_THA,Thailand,2067,2861333.103798089,Low
19_THA,Thailand,2068,2893561.124947717,Low
19_THA,Thailand,2069,2925797.28117362,Low
19_THA,Thailand,2070,2958205.875540759,Low
19_THA,Thailand,2071,2990641.7253550733,Low
19_THA,Thailand,2072,3023339.667484358,Low
19_THA,Thailand,2073,3056123.392709719,Low
19_THA,Thailand,2074,3089006.1566828764,Low
19_THA,Thailand,2075,3122002.6395533155,Low
19_THA,Thailand,2076,3155293.4157666164,Low
19_THA,Thailand,2077,3188701.576013744,Low
19_THA,Thailand,2078,3222216.469505911,Low
19_THA,Thailand,2079,3255834.852780802,Low
19_THA,Thailand,2080,3289438.5495614843,Low
19_THA,Thailand,2081,3323240.728655007,Low
19_THA,Thailand,2082,3357197.2570549576,Low
19_THA,Thailand,2083,3391051.1309963944,Low
19_THA,Thailand,2084,3424952.3370719,Low
19_THA,Thailand,2085,3458762.141243591,Low
19_THA,Thailand,2086,3492741.391432686,Low
19_THA,Thailand,2087,3526759.549669891,Low
19_THA,Thailand,2088,3560781.9199595987,Low
19_THA,Thailand,2089,3594844.470031961,Low
19_THA,Thailand,2090,3628517.8020283286,Low
19_THA,Thailand,2091,3662240.5551703097,Low
19_THA,Thailand,2092,3695952.141320296,Low
19_THA,Thailand,2093,3729415.448257026,Low
19_THA,Thailand,2094,3762908.7287628334,Low
19_THA,Thailand,2095,3796301.0179299815,Low
19_THA,Thailand,2096,3829597.3462211513,Low
19_THA,Thailand,2097,3862868.0835965206,Low
19_THA,Thailand,2098,3896199.982461292,Low
19_THA,Thailand,2099,3929510.631389069,Low
19_THA,Thailand,2100,3962849.224863493,Low
20_USA,United States of America,1990,11079319.700573,Low
20_USA,United States of America,1991,11067319.3710153,Low
20_USA,United States of America,1992,11457165.3829356,Low
20_USA,United States of America,1993,11772443.1859769,Low
20_USA,United States of America,1994,12246757.5973897,Low
20_USA,United States of America,1995,12575513.322951,Low
20_USA,United States of America,1996,13049958.8552861,Low
20_USA,United States of America,1997,13630307.2209708,Low
20_USA,United States of America,1998,14241372.0703819,Low
20_USA,United States of America,1999,14923309.4978312,Low
20_USA,United States of America,2000,15531820.2408323,Low
20_USA,United States of America,2001,15680232.7377605,Low
20_USA,United States of America,2002,15946866.8368103,Low
20_USA,United States of America,2003,16392678.3971372,Low
20_USA,United States of America,2004,17023431.2361729,Low
20_USA,United States of America,2005,17616450.964293398,Low
20_USA,United States of America,2006,18106988.0239814,Low
20_USA,United States of America,2007,18469826.4070951,Low
20_USA,United States of America,2008,18490805.7745292,Low
20_USA,United States of America,2009,18014390.1199871,Low
20_USA,United States of America,2010,18499912.6270466,Low
20_USA,United States of America,2011,18789326.5278082,Low
20_USA,United States of America,2012,19219435.5172654,Low
20_USA,United States of America,2013,19626470.5066305,Low
20_USA,United States of America,2014,20121807.258768,Low
20_USA,United States of America,2015,20714505.2434842,Low
20_USA,United States of America,2016,21091395.6155232,Low
20_USA,United States of America,2017,21609742.4578182,Low
20_USA,United States of America,2018,22250796.5627992,Low
20_USA,United States of America,2019,22825718.2806318,Low
20_USA,United States of America,2020,22350629.2635793,Low
20_USA,United States of America,2021,23725645.0000001,Low
20_USA,United States of America,2022,24324531.0172657,Low
20_USA,United States of America,2023,25038301.1099445,Low
20_USA,United States of America,2024,25737667.7200367,Low
20_USA,United States of America,2025,26293957.0260942,Low
20_USA,United States of America,2026,26874860.9760918,Low
20_USA,United States of America,2027,27468932.119950067,Low
20_USA,United States of America,2028,28064725.06590275,Low
20_USA,United States of America,2029,28651196.453556668,Low
20_USA,United States of America,2030,29215064.364390217,Low
20_USA,United States of America,2031,29905559.554994173,Low
20_USA,United States of America,2032,30489587.702272147,Low
20_USA,United States of America,2033,31060745.878186427,Low
20_USA,United States of America,2034,31609816.443367843,Low
20_USA,United States of America,2035,32148306.220764905,Low
20_USA,United States of America,2036,32685785.93048684,Low
20_USA,United States of America,2037,33219657.149239022,Low
20_USA,United States of America,2038,33748189.941937424,Low
20_USA,United States of America,2039,34270798.30718645,Low
20_USA,United States of America,2040,34785695.853422806,Low
20_USA,United States of America,2041,35294515.11797642,Low
20_USA,United States of America,2042,35781113.49693482,Low
20_USA,United States of America,2043,36258643.20357537,Low
20_USA,United States of America,2044,36723287.95174734,Low
20_USA,United States of America,2045,37177498.490752734,Low
20_USA,United States of America,2046,37622213.21216354,Low
20_USA,United States of America,2047,38055197.9095846,Low
20_USA,United States of America,2048,38478476.99310789,Low
20_USA,United States of America,2049,38888397.72362916,Low
20_USA,United States of America,2050,39286899.51989392,Low
20_USA,United States of America,2051,39673046.75664465,Low
20_USA,United States of America,2052,40056272.75919713,Low
20_USA,United States of America,2053,40434583.947931714,Low
20_USA,United States of America,2054,40810320.63765661,Low
20_USA,United States of America,2055,41179299.6361084,Low
20_USA,United States of America,2056,41543926.44276092,Low
20_USA,United States of America,2057,41906712.98068532,Low
20_USA,United States of America,2058,42269988.61377544,Low
20_USA,United States of America,2059,42632974.81610839,Low
20_USA,United States of America,2060,42991397.78337078,Low
20_USA,United States of America,2061,43345884.45737673,Low
20_USA,United States of America,2062,43701277.118135646,Low
20_USA,United States of America,2063,44055158.485954,Low
20_USA,United States of America,2064,44407408.44062802,Low
20_USA,United States of America,2065,44756160.19568497,Low
20_USA,United States of America,2066,45105208.26994002,Low
20_USA,United States of America,2067,45455016.96778547,Low
20_USA,United States of America,2068,45805434.54748496,Low
20_USA,United States of America,2069,46153602.93550913,Low
20_USA,United States of America,2070,46503007.58056495,Low
20_USA,United States of America,2071,46847944.40675733,Low
20_USA,United States of America,2072,47195240.67756075,Low
20_USA,United States of America,2073,47536857.66411743,Low
20_USA,United States of America,2074,47878906.00362963,Low
20_USA,United States of America,2075,48217906.780357055,Low
20_USA,United States of America,2076,48560946.91707441,Low
20_USA,United States of America,2077,48899418.96157522,Low
20_USA,United States of America,2078,49234692.38967785,Low
20_USA,United States of America,2079,49568986.23538637,Low
20_USA,United States of America,2080,49898896.08874753,Low
20_USA,United States of America,2081,50226467.905416735,Low
20_USA,United States of America,2082,50561846.59358078,Low
20_USA,United States of America,2083,50890372.07593105,Low
20_USA,United States of America,2084,51217850.44134051,Low
20_USA,United States of America,2085,51543850.349242605,Low
20_USA,United States of America,2086,51863687.49714917,Low
20_USA,United States of America,2087,52187875.90270491,Low
20_USA,United States of America,2088,52511782.35206992,Low
20_USA,United States of America,2089,52839755.599581584,Low
20_USA,United States of America,2090,53164111.99429043,Low
20_USA,United States of America,2091,53485378.26800772,Low
20_USA,United States of America,2092,53808476.33754454,Low
20_USA,United States of America,2093,54130784.7873966,Low
20_USA,United States of America,2094,54450060.6381267,Low
20_USA,United States of America,2095,54769883.00889836,Low
20_USA,United States of America,2096,55086135.04900897,Low
20_USA,United States of America,2097,55395914.156058766,Low
20_USA,United States of America,2098,55705416.99245137,Low
20_USA,United States of America,2099,56008070.709654965,Low
20_USA,United States of America,2100,56310380.41840455,Low
21_VN,Viet Nam,1990,161662.91552756602,Low
21_VN,Viet Nam,1991,171299.389618391,Low
21_VN,Viet Nam,1992,186110.016142367,Low
21_VN,Viet Nam,1993,201134.176471976,Low
21_VN,Viet Nam,1994,218912.38801920903,Low
21_VN,Viet Nam,1995,239797.68099861,Low
21_VN,Viet Nam,1996,262194.826367016,Low
21_VN,Viet Nam,1997,283569.16923197603,Low
21_VN,Viet Nam,1998,299915.387686359,Low
21_VN,Viet Nam,1999,314232.109294403,Low
21_VN,Viet Nam,2000,335560.03679716104,Low
21_VN,Viet Nam,2001,356340.911874838,Low
21_VN,Viet Nam,2002,378864.58303431096,Low
21_VN,Viet Nam,2003,405002.691161065,Low
21_VN,Viet Nam,2004,435525.356944074,Low
21_VN,Viet Nam,2005,468395.534555077,Low
21_VN,Viet Nam,2006,501079.963291044,Low
21_VN,Viet Nam,2007,536804.481752599,Low
21_VN,Viet Nam,2008,567197.123348626,Low
21_VN,Viet Nam,2009,597813.842917616,Low
21_VN,Viet Nam,2010,636212.889630382,Low
21_VN,Viet Nam,2011,677014.296785697,Low
21_VN,Viet Nam,2012,714280.851405542,Low
21_VN,Viet Nam,2013,753948.5157039709,Low
21_VN,Viet Nam,2014,802368.9223910511,Low
21_VN,Viet Nam,2015,858431.677101791,Low
21_VN,Viet Nam,2016,915860.832928699,Low
21_VN,Viet Nam,2017,979423.318291117,Low
21_VN,Viet Nam,2018,1052537.33614814,Low
21_VN,Viet Nam,2019,1129996.3237419198,Low
21_VN,Viet Nam,2020,1162375.38766502,Low
21_VN,Viet Nam,2021,1192059.2995246202,Low
21_VN,Viet Nam,2022,1293831.36713498,Low
21_VN,Viet Nam,2023,1358246.8266358,Low
21_VN,Viet Nam,2024,1453861.31789441,Low
21_VN,Viet Nam,2025,1570443.98526357,Low
21_VN,Viet Nam,2026,1662118.518194887,Low
21_VN,Viet Nam,2027,1768926.0774327728,Low
21_VN,Viet Nam,2028,1875096.7029609992,Low
21_VN,Viet Nam,2029,1990606.0812661208,Low
21_VN,Viet Nam,2030,2107138.793928956,Low
21_VN,Viet Nam,2031,2222438.1452086032,Low
21_VN,Viet Nam,2032,2343063.148410807,Low
21_VN,Viet Nam,2033,2466381.892058377,Low
21_VN,Viet Nam,2034,2593226.7732199025,Low
21_VN,Viet Nam,2035,2721148.9632344428,Low
21_VN,Viet Nam,2036,2850992.7481034463,Low
21_VN,Viet Nam,2037,2983590.9740602365,Low
21_VN,Viet Nam,2038,3120840.2747718305,Low
21_VN,Viet Nam,2039,3262598.735585065,Low
21_VN,Viet Nam,2040,3408694.1835113373,Low
21_VN,Viet Nam,2041,3559004.3882218776,Low
21_VN,Viet Nam,2042,3713877.3727648263,Low
21_VN,Viet Nam,2043,3872852.141407692,Low
21_VN,Viet Nam,2044,4035733.3744842648,Low
21_VN,Viet Nam,2045,4202351.287429649,Low
21_VN,Viet Nam,2046,4372809.863076795,Low
21_VN,Viet Nam,2047,4546609.926649055,Low
21_VN,Viet Nam,2048,4723178.295011624,Low
21_VN,Viet Nam,2049,4902084.639143882,Low
21_VN,Viet Nam,2050,5083156.556725457,Low
21_VN,Viet Nam,2051,5266372.465153714,Low
21_VN,Viet Nam,2052,5450921.142917703,Low
21_VN,Viet Nam,2053,5636972.275233487,Low
21_VN,Viet Nam,2054,5824316.591345062,Low
21_VN,Viet Nam,2055,6012489.349637041,Low
21_VN,Viet Nam,2056,6201325.977461318,Low
21_VN,Viet Nam,2057,6390784.038146195,Low
21_VN,Viet Nam,2058,6580136.235801338,Low
21_VN,Viet Nam,2059,6769005.982548555,Low
21_VN,Viet Nam,2060,6957462.553521672,Low
21_VN,Viet Nam,2061,7145452.143728404,Low
21_VN,Viet Nam,2062,7332199.1265604915,Low
21_VN,Viet Nam,2063,7517354.720269634,Low
21_VN,Viet Nam,2064,7700867.000600343,Low
21_VN,Viet Nam,2065,7882537.3343208255,Low
21_VN,Viet Nam,2066,8061723.48471602,Low
21_VN,Viet Nam,2067,8240616.513094515,Low
21_VN,Viet Nam,2068,8419419.51076324,Low
21_VN,Viet Nam,2069,8598079.368067233,Low
21_VN,Viet Nam,2070,8776067.734178238,Low
21_VN,Viet Nam,2071,8952474.179613227,Low
21_VN,Viet Nam,2072,9127723.07108394,Low
21_VN,Viet Nam,2073,9300712.265073884,Low
21_VN,Viet Nam,2074,9471677.20327882,Low
21_VN,Viet Nam,2075,9640606.818728738,Low
21_VN,Viet Nam,2076,9806881.814427368,Low
21_VN,Viet Nam,2077,9970547.672899893,Low
21_VN,Viet Nam,2078,10130311.45585235,Low
21_VN,Viet Nam,2079,10286983.410287658,Low
21_VN,Viet Nam,2080,10439395.00106844,Low
21_VN,Viet Nam,2081,10588016.050820991,Low
21_VN,Viet Nam,2082,10732211.32479914,Low
21_VN,Viet Nam,2083,10871944.321584765,Low
21_VN,Viet Nam,2084,11007421.448176052,Low
21_VN,Viet Nam,2085,11138448.271294115,Low
21_VN,Viet Nam,2086,11264332.862639831,Low
21_VN,Viet Nam,2087,11384430.659061668,Low
21_VN,Viet Nam,2088,11498571.396685816,Low
21_VN,Viet Nam,2089,11607320.759877536,Low
21_VN,Viet Nam,2090,11709405.468387373,Low
21_VN,Viet Nam,2091,11804678.17184281,Low
21_VN,Viet Nam,2092,11893583.076331696,Low
21_VN,Viet Nam,2093,11975657.44889797,Low
21_VN,Viet Nam,2094,12050199.322262667,Low
21_VN,Viet Nam,2095,12117432.398125386,Low
21_VN,Viet Nam,2096,12176555.117616128,Low
21_VN,Viet Nam,2097,12230538.33159674,Low
21_VN,Viet Nam,2098,12280837.892744534,Low
21_VN,Viet Nam,2099,12325766.59139193,Low
21_VN,Viet Nam,2100,12366489.584820902,Low
01_AUS,Australia,1990,618913.6434465031,Medium
01_AUS,Australia,1991,616533.1075007679,Medium
01_AUS,Australia,1992,619203.1019303941,Medium
01_AUS,Australia,1993,644255.029953675,Medium
01_AUS,Australia,1994,669888.9347595761,Medium
01_AUS,Australia,1995,695948.765791245,Medium
01_AUS,Australia,1996,722851.8817928929,Medium
01_AUS,Australia,1997,751172.915991526,Medium
01_AUS,Australia,1998,786303.874098678,Medium
01_AUS,Australia,1999,825840.965575829,Medium
01_AUS,Australia,2000,858181.3725486491,Medium
01_AUS,Australia,2001,875614.973582609,Medium
01_AUS,Australia,2002,910200.060722256,Medium
01_AUS,Australia,2003,938336.894067504,Medium
01_AUS,Australia,2004,977924.778471004,Medium
01_AUS,Australia,2005,1008783.01113519,Medium
01_AUS,Australia,2006,1036735.64362706,Medium
01_AUS,Australia,2007,1076022.44225027,Medium
01_AUS,Australia,2008,1115017.33453773,Medium
01_AUS,Australia,2009,1136814.23153392,Medium
01_AUS,Australia,2010,1161938.37118743,Medium
01_AUS,Australia,2011,1189763.71538194,Medium
01_AUS,Australia,2012,1236788.78573622,Medium
01_AUS,Australia,2013,1269618.76308348,Medium
01_AUS,Australia,2014,1302643.95661756,Medium
01_AUS,Australia,2015,1330837.70251883,Medium
01_AUS,Australia,2016,1367510.80730548,Medium
01_AUS,Australia,2017,1398872.07352942,Medium
01_AUS,Australia,2018,1439078.04053065,Medium
01_AUS,Australia,2019,1470651.6579045,Medium
01_AUS,Australia,2020,1468687.86874001,Medium
01_AUS,Australia,2021,1498163.67705936,Medium
01_AUS,Australia,2022,1561881.26129328,Medium
01_AUS,Australia,2023,1617856.2900553702,Medium
01_AUS,Australia,2024,1640076.05346249,Medium
01_AUS,Australia,2025,1662223.60523938,Medium
01_AUS,Australia,2026,1693939.346938443,Medium
01_AUS,Australia,2027,1725802.2160586591,Medium
01_AUS,Australia,2028,1758460.1496701918,Medium
01_AUS,Australia,2029,1791595.6288271511,Medium
01_AUS,Australia,2030,1824911.5907246296,Medium
01_AUS,Australia,2031,1859527.5933548424,Medium
01_AUS,Australia,2032,1894603.046309028,Medium
01_AUS,Australia,2033,1930051.0924986245,Medium
01_AUS,Australia,2034,1965407.8938675732,Medium
01_AUS,Australia,2035,2001279.849726216,Medium
01_AUS,Australia,2036,2037812.8667580197,Medium
01_AUS,Australia,2037,2074917.0675074935,Medium
01_AUS,Australia,2038,2112304.2604395268,Medium
01_AUS,Australia,2039,2150505.1115600043,Medium
01_AUS,Australia,2040,2189046.328119735,Medium
01_AUS,Australia,2041,2228390.275127449,Medium
01_AUS,Australia,2042,2268539.858442585,Medium
01_AUS,Australia,2043,2309479.0450723027,Medium
01_AUS,Australia,2044,2350948.798120805,Medium
01_AUS,Australia,2045,2393063.387755291,Medium
01_AUS,Australia,2046,2436009.604444455,Medium
01_AUS,Australia,2047,2479923.446190392,Medium
01_AUS,Australia,2048,2523955.09336224,Medium
01_AUS,Australia,2049,2569282.9120652904,Medium
01_AUS,Australia,2050,2614782.5411124392,Medium
01_AUS,Australia,2051,2661032.9628199413,Medium
01_AUS,Australia,2052,2707944.6627289583,Medium
01_AUS,Australia,2053,2755363.6866342686,Medium
01_AUS,Australia,2054,2803565.2272491343,Medium
01_AUS,Australia,2055,2852707.8558606794,Medium
01_AUS,Australia,2056,2902703.850950533,Medium
01_AUS,Australia,2057,2953216.6002296074,Medium
01_AUS,Australia,2058,3004566.936793143,Medium
01_AUS,Australia,2059,3057122.6886332138,Medium
01_AUS,Australia,2060,3109910.9374523605,Medium
01_AUS,Australia,2061,3163509.224414374,Medium
01_AUS,Australia,2062,3218178.9392441334,Medium
01_AUS,Australia,2063,3273754.0881547467,Medium
01_AUS,Australia,2064,3330355.5496257963,Medium
01_AUS,Australia,2065,3387224.959507664,Medium
01_AUS,Australia,2066,3445346.977884947,Medium
01_AUS,Australia,2067,3504886.873097643,Medium
01_AUS,Australia,2068,3565451.487128815,Medium
01_AUS,Australia,2069,3627060.764758552,Medium
01_AUS,Australia,2070,3689559.884098494,Medium
01_AUS,Australia,2071,3752743.805997045,Medium
01_AUS,Australia,2072,3816502.612609661,Medium
01_AUS,Australia,2073,3881318.469075046,Medium
01_AUS,Australia,2074,3947312.872058508,Medium
01_AUS,Australia,2075,4014563.777093374,Medium
01_AUS,Australia,2076,4082759.5639771847,Medium
01_AUS,Australia,2077,4151913.0327412393,Medium
01_AUS,Australia,2078,4222856.090900329,Medium
01_AUS,Australia,2079,4295138.596148694,Medium
01_AUS,Australia,2080,4368809.794998405,Medium
01_AUS,Australia,2081,4443920.916178243,Medium
01_AUS,Australia,2082,4521210.855470374,Medium
01_AUS,Australia,2083,4599557.766979019,Medium
01_AUS,Australia,2084,4679979.0923509,Medium
01_AUS,Australia,2085,4761148.052480962,Medium
01_AUS,Australia,2086,4844043.146409427,Medium
01_AUS,Australia,2087,4929073.798156581,Medium
01_AUS,Australia,2088,5016309.99993442,Medium
01_AUS,Australia,2089,5106200.686634465,Medium
01_AUS,Australia,2090,5197294.332086404,Medium
01_AUS,Australia,2091,5290779.2489997065,Medium
01_AUS,Australia,2092,5386211.081696437,Medium
01_AUS,Australia,2093,5483198.308616833,Medium
01_AUS,Australia,2094,5581884.614965259,Medium
01_AUS,Australia,2095,5681448.78727215,Medium
01_AUS,Australia,2096,5783446.918800436,Medium
01_AUS,Australia,2097,5888106.190174817,Medium
01_AUS,Australia,2098,5995224.368824868,Medium
01_AUS,Australia,2099,6103249.44002577,Medium
01_AUS,Australia,2100,6212811.842372956,Medium
02_BD,Brunei Darussalam,1990,30166.2430548788,Medium
02_BD,Brunei Darussalam,1991,31044.2786293994,Medium
02_BD,Brunei Darussalam,1992,30075.505025988,Medium
02_BD,Brunei Darussalam,1993,29884.9316910154,Medium
02_BD,Brunei Darussalam,1994,30181.6098553671,Medium
02_BD,Brunei Darussalam,1995,30588.2448027798,Medium
02_BD,Brunei Darussalam,1996,30579.8894812155,Medium
02_BD,Brunei Darussalam,1997,32519.8608489052,Medium
02_BD,Brunei Darussalam,1998,30354.9619039354,Medium
02_BD,Brunei Darussalam,1999,31648.3024932464,Medium
02_BD,Brunei Darussalam,2000,32747.9785519656,Medium
02_BD,Brunei Darussalam,2001,33228.0838348158,Medium
02_BD,Brunei Darussalam,2002,34544.3940735811,Medium
02_BD,Brunei Darussalam,2003,35782.267943159895,Medium
02_BD,Brunei Darussalam,2004,35819.6741437482,Medium
02_BD,Brunei Darussalam,2005,35818.2681081303,Medium
02_BD,Brunei Darussalam,2006,37286.248511735495,Medium
02_BD,Brunei Darussalam,2007,35882.934589017,Medium
02_BD,Brunei Darussalam,2008,34483.245006226,Medium
02_BD,Brunei Darussalam,2009,33827.9758767617,Medium
02_BD,Brunei Darussalam,2010,34755.3239628481,Medium
02_BD,Brunei Darussalam,2011,36056.704487345,Medium
02_BD,Brunei Darussalam,2012,36385.9509442523,Medium
02_BD,Brunei Darussalam,2013,35612.8284708911,Medium
02_BD,Brunei Darussalam,2014,34719.698877079005,Medium
02_BD,Brunei Darussalam,2015,34583.4644208093,Medium
02_BD,Brunei Darussalam,2016,33726.514628313,Medium
02_BD,Brunei Darussalam,2017,34174.6478029999,Medium
02_BD,Brunei Darussalam,2018,34192.5454221039,Medium
02_BD,Brunei Darussalam,2019,35515.401787812894,Medium
02_BD,Brunei Darussalam,2020,35917.9949174561,Medium
02_BD,Brunei Darussalam,2021,35346.6248872816,Medium
02_BD,Brunei Darussalam,2022,34771.064644095706,Medium
02_BD,Brunei Darussalam,2023,35163.1585314447,Medium
02_BD,Brunei Darussalam,2024,36588.1515413938,Medium
02_BD,Brunei Darussalam,2025,36833.131954828,Medium
02_BD,Brunei Darussalam,2026,36851.85157425789,Medium
02_BD,Brunei Darussalam,2027,37015.12608819743,Medium
02_BD,Brunei Darussalam,2028,37358.53673925669,Medium
02_BD,Brunei Darussalam,2029,37700.38378230365,Medium
02_BD,Brunei Darussalam,2030,37911.87611883093,Medium
02_BD,Brunei Darussalam,2031,38130.58242889133,Medium
02_BD,Brunei Darussalam,2032,38394.16663496928,Medium
02_BD,Brunei Darussalam,2033,38674.31204773476,Medium
02_BD,Brunei Darussalam,2034,38954.31682326584,Medium
02_BD,Brunei Darussalam,2035,39228.20879021095,Medium
02_BD,Brunei Darussalam,2036,39520.1129868021,Medium
02_BD,Brunei Darussalam,2037,39825.226741564846,Medium
02_BD,Brunei Darussalam,2038,40145.7104391073,Medium
02_BD,Brunei Darussalam,2039,40487.255612960034,Medium
02_BD,Brunei Darussalam,2040,40830.35644526657,Medium
02_BD,Brunei Darussalam,2041,41184.86272510998,Medium
02_BD,Brunei Darussalam,2042,41559.34331674628,Medium
02_BD,Brunei Darussalam,2043,41943.49795300576,Medium
02_BD,Brunei Darussalam,2044,42340.094489393945,Medium
02_BD,Brunei Darussalam,2045,42751.54486754157,Medium
02_BD,Brunei Darussalam,2046,43171.0090294226,Medium
02_BD,Brunei Darussalam,2047,43580.42025785744,Medium
02_BD,Brunei Darussalam,2048,43988.95028531453,Medium
02_BD,Brunei Darussalam,2049,44396.05342460143,Medium
02_BD,Brunei Darussalam,2050,44800.746990602034,Medium
02_BD,Brunei Darussalam,2051,45201.43987714446,Medium
02_BD,Brunei Darussalam,2052,45597.959987823946,Medium
02_BD,Brunei Darussalam,2053,45983.24131107876,Medium
02_BD,Brunei Darussalam,2054,46362.96297286543,Medium
02_BD,Brunei Darussalam,2055,46744.53997539125,Medium
02_BD,Brunei Darussalam,2056,47118.9199629171,Medium
02_BD,Brunei Darussalam,2057,47494.35988226131,Medium
02_BD,Brunei Darussalam,2058,47861.96903823711,Medium
02_BD,Brunei Darussalam,2059,48227.344154637685,Medium
02_BD,Brunei Darussalam,2060,48593.074096653385,Medium
02_BD,Brunei Darussalam,2061,48959.00916479976,Medium
02_BD,Brunei Darussalam,2062,49322.31650546076,Medium
02_BD,Brunei Darussalam,2063,49689.31790815717,Medium
02_BD,Brunei Darussalam,2064,50046.84921565554,Medium
02_BD,Brunei Darussalam,2065,50399.35286073164,Medium
02_BD,Brunei Darussalam,2066,50746.00211151214,Medium
02_BD,Brunei Darussalam,2067,51087.42855330675,Medium
02_BD,Brunei Darussalam,2068,51418.10476961293,Medium
02_BD,Brunei Darussalam,2069,51750.71591942661,Medium
02_BD,Brunei Darussalam,2070,52088.388060938094,Medium
02_BD,Brunei Darussalam,2071,52433.31113609278,Medium
02_BD,Brunei Darussalam,2072,52778.543684935015,Medium
02_BD,Brunei Darussalam,2073,53112.12029350803,Medium
02_BD,Brunei Darussalam,2074,53441.27802903425,Medium
02_BD,Brunei Darussalam,2075,53762.46064511951,Medium
02_BD,Brunei Darussalam,2076,54078.04761138325,Medium
02_BD,Brunei Darussalam,2077,54413.64446385124,Medium
02_BD,Brunei Darussalam,2078,54745.89804447694,Medium
02_BD,Brunei Darussalam,2079,55086.418967311765,Medium
02_BD,Brunei Darussalam,2080,55423.26987208978,Medium
02_BD,Brunei Darussalam,2081,55760.36016895528,Medium
02_BD,Brunei Darussalam,2082,56096.08316748743,Medium
02_BD,Brunei Darussalam,2083,56430.83877092721,Medium
02_BD,Brunei Darussalam,2084,56767.40693665781,Medium
02_BD,Brunei Darussalam,2085,57111.5503920499,Medium
02_BD,Brunei Darussalam,2086,57454.30117232911,Medium
02_BD,Brunei Darussalam,2087,57808.44439088351,Medium
02_BD,Brunei Darussalam,2088,58160.76111609054,Medium
02_BD,Brunei Darussalam,2089,58508.53205951033,Medium
02_BD,Brunei Darussalam,2090,58858.7877652512,Medium
02_BD,Brunei Darussalam,2091,59218.008830516745,Medium
02_BD,Brunei Darussalam,2092,59582.956134092834,Medium
02_BD,Brunei Darussalam,2093,59946.63809078412,Medium
02_BD,Brunei Darussalam,2094,60314.921694592784,Medium
02_BD,Brunei Darussalam,2095,60683.42260927791,Medium
02_BD,Brunei Darussalam,2096,61058.936755822375,Medium
02_BD,Brunei Darussalam,2097,61431.41656786038,Medium
02_BD,Brunei Darussalam,2098,61812.67997036347,Medium
02_BD,Brunei Darussalam,2099,62187.58563216779,Medium
02_BD,Brunei Darussalam,2100,62562.678549281525,Medium
03_CDA,Canada,1990,1120801.48099006,Medium
03_CDA,Canada,1991,1097364.90373259,Medium
03_CDA,Canada,1992,1107136.56777335,Medium
03_CDA,Canada,1993,1136561.01204582,Medium
03_CDA,Canada,1994,1187638.62469298,Medium
03_CDA,Canada,1995,1219494.99126406,Medium
03_CDA,Canada,1996,1240091.78876413,Medium
03_CDA,Canada,1997,1293169.78584872,Medium
03_CDA,Canada,1998,1343511.41896344,Medium
03_CDA,Canada,1999,1412581.38782696,Medium
03_CDA,Canada,2000,1485167.43603027,Medium
03_CDA,Canada,2001,1513015.78286547,Medium
03_CDA,Canada,2002,1558394.98950278,Medium
03_CDA,Canada,2003,1586545.6046963502,Medium
03_CDA,Canada,2004,1635607.36681118,Medium
03_CDA,Canada,2005,1688117.79573149,Medium
03_CDA,Canada,2006,1732649.39366773,Medium
03_CDA,Canada,2007,1768167.053194,Medium
03_CDA,Canada,2008,1785767.50069609,Medium
03_CDA,Canada,2009,1733710.83745854,Medium
03_CDA,Canada,2010,1787296.48189574,Medium
03_CDA,Canada,2011,1843367.44765178,Medium
03_CDA,Canada,2012,1875730.73713785,Medium
03_CDA,Canada,2013,1919356.73708622,Medium
03_CDA,Canada,2014,1974508.8148515504,Medium
03_CDA,Canada,2015,1987342.54983495,Medium
03_CDA,Canada,2016,2007982.11416769,Medium
03_CDA,Canada,2017,2068900.97670281,Medium
03_CDA,Canada,2018,2125650.17356613,Medium
03_CDA,Canada,2019,2166216.76038716,Medium
03_CDA,Canada,2020,2057077.70344368,Medium
03_CDA,Canada,2021,2179484.68919425,Medium
03_CDA,Canada,2022,2281820.6459284,Medium
03_CDA,Canada,2023,2326386.55460181,Medium
03_CDA,Canada,2024,2373990.61295384,Medium
03_CDA,Canada,2025,2415361.79985527,Medium
03_CDA,Canada,2026,2457325.941784512,Medium
03_CDA,Canada,2027,2499986.839362634,Medium
03_CDA,Canada,2028,2540178.8527256846,Medium
03_CDA,Canada,2029,2578666.429339673,Medium
03_CDA,Canada,2030,2617203.1839144737,Medium
03_CDA,Canada,2031,2667076.680861258,Medium
03_CDA,Canada,2032,2716923.934056157,Medium
03_CDA,Canada,2033,2758510.620511593,Medium
03_CDA,Canada,2034,2800763.3420640053,Medium
03_CDA,Canada,2035,2844415.603879536,Medium
03_CDA,Canada,2036,2888795.177403137,Medium
03_CDA,Canada,2037,2934010.464461058,Medium
03_CDA,Canada,2038,2979691.4564680774,Medium
03_CDA,Canada,2039,3025815.300295529,Medium
03_CDA,Canada,2040,3072071.4835088826,Medium
03_CDA,Canada,2041,3118599.11709803,Medium
03_CDA,Canada,2042,3165724.337491369,Medium
03_CDA,Canada,2043,3213383.6248849914,Medium
03_CDA,Canada,2044,3261438.0093046394,Medium
03_CDA,Canada,2045,3310055.553330681,Medium
03_CDA,Canada,2046,3359436.743606242,Medium
03_CDA,Canada,2047,3408738.7210290157,Medium
03_CDA,Canada,2048,3458586.776993553,Medium
03_CDA,Canada,2049,3509147.8917489066,Medium
03_CDA,Canada,2050,3559611.82292795,Medium
03_CDA,Canada,2051,3611270.4812331833,Medium
03_CDA,Canada,2052,3663537.233775105,Medium
03_CDA,Canada,2053,3716783.5533170537,Medium
03_CDA,Canada,2054,3770140.006517906,Medium
03_CDA,Canada,2055,3824249.0591497407,Medium
03_CDA,Canada,2056,3879202.707520428,Medium
03_CDA,Canada,2057,3935096.20605568,Medium
03_CDA,Canada,2058,3992011.2931267386,Medium
03_CDA,Canada,2059,4050347.466064375,Medium
03_CDA,Canada,2060,4109433.380732758,Medium
03_CDA,Canada,2061,4169119.489627644,Medium
03_CDA,Canada,2062,4230023.372136179,Medium
03_CDA,Canada,2063,4292192.335918796,Medium
03_CDA,Canada,2064,4355154.651350675,Medium
03_CDA,Canada,2065,4418916.934396718,Medium
03_CDA,Canada,2066,4483560.516838933,Medium
03_CDA,Canada,2067,4549156.322042415,Medium
03_CDA,Canada,2068,4616181.315108104,Medium
03_CDA,Canada,2069,4683386.35073364,Medium
03_CDA,Canada,2070,4751490.461516735,Medium
03_CDA,Canada,2071,4820417.03258162,Medium
03_CDA,Canada,2072,4890405.613465867,Medium
03_CDA,Canada,2073,4961190.714239658,Medium
03_CDA,Canada,2074,5032489.845998456,Medium
03_CDA,Canada,2075,5104851.894058843,Medium
03_CDA,Canada,2076,5178650.366457199,Medium
03_CDA,Canada,2077,5254076.014111958,Medium
03_CDA,Canada,2078,5329980.116530663,Medium
03_CDA,Canada,2079,5408070.063383526,Medium
03_CDA,Canada,2080,5487052.421167145,Medium
03_CDA,Canada,2081,5567513.090999431,Medium
03_CDA,Canada,2082,5650173.264727534,Medium
03_CDA,Canada,2083,5733203.763802274,Medium
03_CDA,Canada,2084,5818688.222824597,Medium
03_CDA,Canada,2085,5905226.250139141,Medium
03_CDA,Canada,2086,5992944.127907502,Medium
03_CDA,Canada,2087,6082515.27180451,Medium
03_CDA,Canada,2088,6173269.492625936,Medium
03_CDA,Canada,2089,6267814.19579336,Medium
03_CDA,Canada,2090,6362052.81115698,Medium
03_CDA,Canada,2091,6457660.45443732,Medium
03_CDA,Canada,2092,6556401.399030977,Medium
03_CDA,Canada,2093,6656371.985442979,Medium
03_CDA,Canada,2094,6758788.867264177,Medium
03_CDA,Canada,2095,6862960.245608853,Medium
03_CDA,Canada,2096,6969316.021558531,Medium
03_CDA,Canada,2097,7077849.777985918,Medium
03_CDA,Canada,2098,7189980.339719186,Medium
03_CDA,Canada,2099,7303784.492003389,Medium
03_CDA,Canada,2100,7419126.449276894,Medium
04_CHL,Chile,1990,147207.604208892,Medium
04_CHL,Chile,1991,158625.32319337298,Medium
04_CHL,Chile,1992,176870.299108825,Medium
04_CHL,Chile,1993,188695.1122357,Medium
04_CHL,Chile,1994,198274.792763472,Medium
04_CHL,Chile,1995,216625.972612204,Medium
04_CHL,Chile,1996,232038.612978128,Medium
04_CHL,Chile,1997,249190.30225156,Medium
04_CHL,Chile,1998,259608.666274193,Medium
04_CHL,Chile,1999,258898.295450835,Medium
04_CHL,Chile,2000,271769.73874030303,Medium
04_CHL,Chile,2001,280341.451214666,Medium
04_CHL,Chile,2002,289320.224789779,Medium
04_CHL,Chile,2003,302985.528618296,Medium
04_CHL,Chile,2004,323207.552891234,Medium
04_CHL,Chile,2005,342073.32552133,Medium
04_CHL,Chile,2006,362768.730332331,Medium
04_CHL,Chile,2007,381517.456258289,Medium
04_CHL,Chile,2008,395974.651300719,Medium
04_CHL,Chile,2009,391547.507252358,Medium
04_CHL,Chile,2010,414459.500963048,Medium
04_CHL,Chile,2011,440255.03251899296,Medium
04_CHL,Chile,2012,467354.226719337,Medium
04_CHL,Chile,2013,482816.67985352,Medium
04_CHL,Chile,2014,491471.89051271,Medium
04_CHL,Chile,2015,502048.082999281,Medium
04_CHL,Chile,2016,510849.180433227,Medium
04_CHL,Chile,2017,517784.9561212231,Medium
04_CHL,Chile,2018,538444.72850259,Medium
04_CHL,Chile,2019,541913.515453842,Medium
04_CHL,Chile,2020,508641.66792163503,Medium
04_CHL,Chile,2021,566308.424865614,Medium
04_CHL,Chile,2022,577996.570020702,Medium
04_CHL,Chile,2023,581909.750325514,Medium
04_CHL,Chile,2024,598233.0541876999,Medium
04_CHL,Chile,2025,612945.128975802,Medium
04_CHL,Chile,2026,621968.0783360805,Medium
04_CHL,Chile,2027,631197.5215087703,Medium
04_CHL,Chile,2028,641013.5399387556,Medium
04_CHL,Chile,2029,650012.0195171302,Medium
04_CHL,Chile,2030,660328.3134136009,Medium
04_CHL,Chile,2031,674407.7835903192,Medium
04_CHL,Chile,2032,684291.2552693144,Medium
04_CHL,Chile,2033,694169.9936299085,Medium
04_CHL,Chile,2034,705053.7904536641,Medium
04_CHL,Chile,2035,715443.2883736347,Medium
04_CHL,Chile,2036,725413.7623986576,Medium
04_CHL,Chile,2037,735566.1589571956,Medium
04_CHL,Chile,2038,745887.8548467325,Medium
04_CHL,Chile,2039,756537.6525263153,Medium
04_CHL,Chile,2040,767588.6833801337,Medium
04_CHL,Chile,2041,778967.2059501646,Medium
04_CHL,Chile,2042,790169.5364869382,Medium
04_CHL,Chile,2043,801737.6116647426,Medium
04_CHL,Chile,2044,813619.023744179,Medium
04_CHL,Chile,2045,825640.0041230351,Medium
04_CHL,Chile,2046,837864.365382955,Medium
04_CHL,Chile,2047,850431.6890840139,Medium
04_CHL,Chile,2048,863329.128488055,Medium
04_CHL,Chile,2049,876249.1777158834,Medium
04_CHL,Chile,2050,889248.385617432,Medium
04_CHL,Chile,2051,902371.0990978194,Medium
04_CHL,Chile,2052,915521.7985927846,Medium
04_CHL,Chile,2053,928688.5830378924,Medium
04_CHL,Chile,2054,941830.271510114,Medium
04_CHL,Chile,2055,955024.703008824,Medium
04_CHL,Chile,2056,968192.0167199912,Medium
04_CHL,Chile,2057,981392.1885964568,Medium
04_CHL,Chile,2058,994579.6461060174,Medium
04_CHL,Chile,2059,1007845.6767831362,Medium
04_CHL,Chile,2060,1021027.8934334546,Medium
04_CHL,Chile,2061,1034249.5401359752,Medium
04_CHL,Chile,2062,1047417.1389689548,Medium
04_CHL,Chile,2063,1060562.9715918717,Medium
04_CHL,Chile,2064,1073583.132944869,Medium
04_CHL,Chile,2065,1086536.9581498082,Medium
04_CHL,Chile,2066,1099515.0458879443,Medium
04_CHL,Chile,2067,1112397.8360037042,Medium
04_CHL,Chile,2068,1125302.054888211,Medium
04_CHL,Chile,2069,1138197.6362240966,Medium
04_CHL,Chile,2070,1151115.7369752862,Medium
04_CHL,Chile,2071,1163999.6188929158,Medium
04_CHL,Chile,2072,1176810.2011142997,Medium
04_CHL,Chile,2073,1189661.9847300616,Medium
04_CHL,Chile,2074,1202472.3879160015,Medium
04_CHL,Chile,2075,1215159.3134169262,Medium
04_CHL,Chile,2076,1227723.2358194622,Medium
04_CHL,Chile,2077,1240223.6893476592,Medium
04_CHL,Chile,2078,1252616.7428542092,Medium
04_CHL,Chile,2079,1264905.1892573256,Medium
04_CHL,Chile,2080,1277106.7419130935,Medium
04_CHL,Chile,2081,1289183.6277255395,Medium
04_CHL,Chile,2082,1301177.3722938995,Medium
04_CHL,Chile,2083,1313196.6879768576,Medium
04_CHL,Chile,2084,1325004.3571463148,Medium
04_CHL,Chile,2085,1336699.9662127427,Medium
04_CHL,Chile,2086,1348180.395407098,Medium
04_CHL,Chile,2087,1359579.729785449,Medium
04_CHL,Chile,2088,1370821.1611451868,Medium
04_CHL,Chile,2089,1381889.7548291115,Medium
04_CHL,Chile,2090,1392889.2928569156,Medium
04_CHL,Chile,2091,1403869.6913013896,Medium
04_CHL,Chile,2092,1414823.842019553,Medium
04_CHL,Chile,2093,1425850.2844240214,Medium
04_CHL,Chile,2094,1436778.9283607132,Medium
04_CHL,Chile,2095,1447739.6583040005,Medium
04_CHL,Chile,2096,1458668.7204012368,Medium
04_CHL,Chile,2097,1469666.3364095883,Medium
04_CHL,Chile,2098,1480736.2044719784,Medium
04_CHL,Chile,2099,1491764.64512107,Medium
04_CHL,Chile,2100,1502823.277950641,Medium
05_PRC,China,1990,1892142.38958421,Medium
05_PRC,China,1991,2069542.70411926,Medium
05_PRC,China,1992,2365438.10981625,Medium
05_PRC,China,1993,2694851.45339764,Medium
05_PRC,China,1994,3047411.1159254303,Medium
05_PRC,China,1995,3383096.05644743,Medium
05_PRC,China,1996,3720501.96312296,Medium
05_PRC,China,1997,4066419.1529609,Medium
05_PRC,China,1998,4388623.71871096,Medium
05_PRC,China,1999,4728357.5378696695,Medium
05_PRC,China,2000,5133746.73675723,Medium
05_PRC,China,2001,5561082.22559716,Medium
05_PRC,China,2002,6074706.48841383,Medium
05_PRC,China,2003,6689090.876282429,Medium
05_PRC,China,2004,7367393.39986069,Medium
05_PRC,China,2005,8211218.76090065,Medium
05_PRC,China,2006,9252014.07744076,Medium
05_PRC,China,2007,10561245.4071096,Medium
05_PRC,China,2008,11582388.576956,Medium
05_PRC,China,2009,12671839.6454981,Medium
05_PRC,China,2010,14014001.6672854,Medium
05_PRC,China,2011,15340013.8600099,Medium
05_PRC,China,2012,16545404.5598264,Medium
05_PRC,China,2013,17832377.1968733,Medium
05_PRC,China,2014,19162852.1715994,Medium
05_PRC,China,2015,20500730.1811126,Medium
05_PRC,China,2016,21889385.8220965,Medium
05_PRC,China,2017,23397835.751144897,Medium
05_PRC,China,2018,24979016.1327066,Medium
05_PRC,China,2019,26494587.4779798,Medium
05_PRC,China,2020,27114429.3726066,Medium
05_PRC,China,2021,29438240.1298701,Medium
05_PRC,China,2022,30360791.708735,Medium
05_PRC,China,2023,32005133.2032272,Medium
05_PRC,China,2024,33592044.9351591,Medium
05_PRC,China,2025,35258193.18578079,Medium
05_PRC,China,2026,36583981.5411939,Medium
05_PRC,China,2027,37886637.03573237,Medium
05_PRC,China,2028,39148917.11014986,Medium
05_PRC,China,2029,40369230.85972372,Medium
05_PRC,China,2030,41561365.95506608,Medium
05_PRC,China,2031,42862480.98408952,Medium
05_PRC,China,2032,44023849.54267077,Medium
05_PRC,China,2033,45247276.449328765,Medium
05_PRC,China,2034,46440696.74930848,Medium
05_PRC,China,2035,47577343.0800425,Medium
05_PRC,China,2036,48650460.81298745,Medium
05_PRC,China,2037,49704399.80334563,Medium
05_PRC,China,2038,50751864.9754525,Medium
05_PRC,China,2039,51793863.02530974,Medium
05_PRC,China,2040,52828556.895553306,Medium
05_PRC,China,2041,53855516.18678236,Medium
05_PRC,China,2042,54855194.10894958,Medium
05_PRC,China,2043,55838986.56650589,Medium
05_PRC,China,2044,56794285.16316109,Medium
05_PRC,China,2045,57717045.376031525,Medium
05_PRC,China,2046,58605445.86642424,Medium
05_PRC,China,2047,59459942.62478047,Medium
05_PRC,China,2048,60279462.73953691,Medium
05_PRC,China,2049,61060821.31794991,Medium
05_PRC,China,2050,61802378.93980434,Medium
05_PRC,China,2051,62503323.03209678,Medium
05_PRC,China,2052,63159786.33874724,Medium
05_PRC,China,2053,63771864.07949368,Medium
05_PRC,China,2054,64340926.94250821,Medium
05_PRC,China,2055,64866579.21666772,Medium
05_PRC,China,2056,65349813.411807336,Medium
05_PRC,China,2057,65791887.49127589,Medium
05_PRC,China,2058,66194970.55162212,Medium
05_PRC,China,2059,66558639.67849846,Medium
05_PRC,China,2060,66885245.40289723,Medium
05_PRC,China,2061,67176270.88535638,Medium
05_PRC,China,2062,67434974.8463837,Medium
05_PRC,China,2063,67662287.34267686,Medium
05_PRC,China,2064,67861066.08887105,Medium
05_PRC,China,2065,68030326.5408799,Medium
05_PRC,China,2066,68173700.83394451,Medium
05_PRC,China,2067,68290699.55229726,Medium
05_PRC,China,2068,68381662.98268326,Medium
05_PRC,China,2069,68448058.79210532,Medium
05_PRC,China,2070,68488487.69570614,Medium
05_PRC,China,2071,68503674.38515462,Medium
05_PRC,China,2072,68491964.90742435,Medium
05_PRC,China,2073,68452050.15880191,Medium
05_PRC,China,2074,68383241.8889827,Medium
05_PRC,China,2075,68285876.07339254,Medium
05_PRC,China,2076,68157945.77495417,Medium
05_PRC,China,2077,68021040.28710587,Medium
05_PRC,China,2078,67874863.2656566,Medium
05_PRC,China,2079,67718270.05424017,Medium
05_PRC,China,2080,67550436.04753703,Medium
05_PRC,China,2081,67372595.55997132,Medium
05_PRC,China,2082,67185853.92981023,Medium
05_PRC,China,2083,66992923.27402876,Medium
05_PRC,China,2084,66792910.49168058,Medium
05_PRC,China,2085,66585640.82056589,Medium
05_PRC,China,2086,66375482.48272008,Medium
05_PRC,China,2087,66163588.285571866,Medium
05_PRC,China,2088,65949561.56973075,Medium
05_PRC,China,2089,65734077.67702937,Medium
05_PRC,China,2090,65518082.754753776,Medium
05_PRC,China,2091,65302912.306291066,Medium
05_PRC,China,2092,65087461.4001305,Medium
05_PRC,China,2093,64870338.96241804,Medium
05_PRC,China,2094,64651348.22308103,Medium
05_PRC,China,2095,64430266.07893381,Medium
05_PRC,China,2096,64206107.93421761,Medium
05_PRC,China,2097,63978140.26992671,Medium
05_PRC,China,2098,63746139.2793812,Medium
05_PRC,China,2099,63510025.28757952,Medium
05_PRC,China,2100,63269727.44534704,Medium
06_HKC,"Hong Kong, China",1990,180254.935094551,Medium
06_HKC,"Hong Kong, China",1991,190532.95571677803,Medium
06_HKC,"Hong Kong, China",1992,202412.730989952,Medium
06_HKC,"Hong Kong, China",1993,214964.719118366,Medium
06_HKC,"Hong Kong, China",1994,227940.054858517,Medium
06_HKC,"Hong Kong, China",1995,233350.961434686,Medium
06_HKC,"Hong Kong, China",1996,243288.1554906,Medium
06_HKC,"Hong Kong, China",1997,255695.121426758,Medium
06_HKC,"Hong Kong, China",1998,240653.50428291,Medium
06_HKC,"Hong Kong, China",1999,246686.00429592092,Medium
06_HKC,"Hong Kong, China",2000,265590.648051452,Medium
06_HKC,"Hong Kong, China",2001,267080.25871759,Medium
06_HKC,"Hong Kong, China",2002,271504.98183373496,Medium
06_HKC,"Hong Kong, China",2003,279803.148419369,Medium
06_HKC,"Hong Kong, China",2004,304146.20576621004,Medium
06_HKC,"Hong Kong, China",2005,326616.995685976,Medium
06_HKC,"Hong Kong, China",2006,349586.81819996994,Medium
06_HKC,"Hong Kong, China",2007,372187.005025284,Medium
06_HKC,"Hong Kong, China",2008,380106.909461868,Medium
06_HKC,"Hong Kong, China",2009,370759.732742574,Medium
06_HKC,"Hong Kong, China",2010,395851.664507564,Medium
06_HKC,"Hong Kong, China",2011,414910.607969333,Medium
06_HKC,"Hong Kong, China",2012,421965.4249178791,Medium
06_HKC,"Hong Kong, China",2013,435052.904642839,Medium
06_HKC,"Hong Kong, China",2014,447070.866045334,Medium
06_HKC,"Hong Kong, China",2015,457746.029371383,Medium
06_HKC,"Hong Kong, China",2016,467704.057142908,Medium
06_HKC,"Hong Kong, China",2017,485458.6146913871,Medium
06_HKC,"Hong Kong, China",2018,499279.180784386,Medium
06_HKC,"Hong Kong, China",2019,490929.09267312905,Medium
06_HKC,"Hong Kong, China",2020,458798.783063318,Medium
06_HKC,"Hong Kong, China",2021,488411.63111574703,Medium
06_HKC,"Hong Kong, China",2022,470412.277408847,Medium
06_HKC,"Hong Kong, China",2023,485231.885270722,Medium
06_HKC,"Hong Kong, China",2024,497990.420157803,Medium
06_HKC,"Hong Kong, China",2025,515358.577387072,Medium
06_HKC,"Hong Kong, China",2026,526075.625871762,Medium
06_HKC,"Hong Kong, China",2027,535066.4884895874,Medium
06_HKC,"Hong Kong, China",2028,543682.0790338923,Medium
06_HKC,"Hong Kong, China",2029,549891.5560794306,Medium
06_HKC,"Hong Kong, China",2030,558071.1675350674,Medium
06_HKC,"Hong Kong, China",2031,568423.2093737777,Medium
06_HKC,"Hong Kong, China",2032,578400.4154680979,Medium
06_HKC,"Hong Kong, China",2033,588588.110578948,Medium
06_HKC,"Hong Kong, China",2034,597381.5809848789,Medium
06_HKC,"Hong Kong, China",2035,605948.5060967171,Medium
06_HKC,"Hong Kong, China",2036,612596.2180941789,Medium
06_HKC,"Hong Kong, China",2037,619771.6372099161,Medium
06_HKC,"Hong Kong, China",2038,628066.5318974471,Medium
06_HKC,"Hong Kong, China",2039,634279.8650516571,Medium
06_HKC,"Hong Kong, China",2040,641971.7276331981,Medium
06_HKC,"Hong Kong, China",2041,647787.1538874065,Medium
06_HKC,"Hong Kong, China",2042,653132.3189856396,Medium
06_HKC,"Hong Kong, China",2043,657676.6799476692,Medium
06_HKC,"Hong Kong, China",2044,663072.8738316817,Medium
06_HKC,"Hong Kong, China",2045,667927.3979322206,Medium
06_HKC,"Hong Kong, China",2046,672170.2305074256,Medium
06_HKC,"Hong Kong, China",2047,676010.104534092,Medium
06_HKC,"Hong Kong, China",2048,678030.5388066062,Medium
06_HKC,"Hong Kong, China",2049,681263.1932013696,Medium
06_HKC,"Hong Kong, China",2050,683562.2957469323,Medium
06_HKC,"Hong Kong, China",2051,686096.3384342745,Medium
06_HKC,"Hong Kong, China",2052,687774.1164275558,Medium
06_HKC,"Hong Kong, China",2053,689492.3825205199,Medium
06_HKC,"Hong Kong, China",2054,691197.9366110129,Medium
06_HKC,"Hong Kong, China",2055,692658.434592384,Medium
06_HKC,"Hong Kong, China",2056,693603.3951513758,Medium
06_HKC,"Hong Kong, China",2057,694117.7391527373,Medium
06_HKC,"Hong Kong, China",2058,694306.4846127967,Medium
06_HKC,"Hong Kong, China",2059,694167.0037459997,Medium
06_HKC,"Hong Kong, China",2060,694217.6892717725,Medium
06_HKC,"Hong Kong, China",2061,694055.6555038808,Medium
06_HKC,"Hong Kong, China",2062,693474.179953633,Medium
06_HKC,"Hong Kong, China",2063,693746.7130933132,Medium
06_HKC,"Hong Kong, China",2064,693911.4001825795,Medium
06_HKC,"Hong Kong, China",2065,693044.2511494484,Medium
06_HKC,"Hong Kong, China",2066,691873.4137349202,Medium
06_HKC,"Hong Kong, China",2067,690714.3483469054,Medium
06_HKC,"Hong Kong, China",2068,688969.4454552573,Medium
06_HKC,"Hong Kong, China",2069,687317.1068460521,Medium
06_HKC,"Hong Kong, China",2070,685900.7129890372,Medium
06_HKC,"Hong Kong, China",2071,683747.1206832302,Medium
06_HKC,"Hong Kong, China",2072,681737.6606638454,Medium
06_HKC,"Hong Kong, China",2073,679141.1506116327,Medium
06_HKC,"Hong Kong, China",2074,676249.368372065,Medium
06_HKC,"Hong Kong, China",2075,673337.1876695943,Medium
06_HKC,"Hong Kong, China",2076,670173.1199349767,Medium
06_HKC,"Hong Kong, China",2077,666931.1520512413,Medium
06_HKC,"Hong Kong, China",2078,662544.2017441606,Medium
06_HKC,"Hong Kong, China",2079,659653.854223667,Medium
06_HKC,"Hong Kong, China",2080,655973.7102678361,Medium
06_HKC,"Hong Kong, China",2081,652257.2217604945,Medium
06_HKC,"Hong Kong, China",2082,649098.9577690344,Medium
06_HKC,"Hong Kong, China",2083,645797.9831172756,Medium
06_HKC,"Hong Kong, China",2084,641777.74297475,Medium
06_HKC,"Hong Kong, China",2085,637119.6991456691,Medium
06_HKC,"Hong Kong, China",2086,632345.1399256688,Medium
06_HKC,"Hong Kong, China",2087,627722.2605585267,Medium
06_HKC,"Hong Kong, China",2088,623105.395697841,Medium
06_HKC,"Hong Kong, China",2089,619030.5662877796,Medium
06_HKC,"Hong Kong, China",2090,614426.1126150336,Medium
06_HKC,"Hong Kong, China",2091,609866.8779126592,Medium
06_HKC,"Hong Kong, China",2092,605665.9584494988,Medium
06_HKC,"Hong Kong, China",2093,602112.0441830504,Medium
06_HKC,"Hong Kong, China",2094,598152.0279011227,Medium
06_HKC,"Hong Kong, China",2095,593447.2800890908,Medium
06_HKC,"Hong Kong, China",2096,589370.8032780801,Medium
06_HKC,"Hong Kong, China",2097,585379.5435435318,Medium
06_HKC,"Hong Kong, China",2098,581271.4143478465,Medium
06_HKC,"Hong Kong, China",2099,577943.3949537643,Medium
06_HKC,"Hong Kong, China",2100,574108.2423269979,Medium
07_INA,Indonesia,1990,894210.723157611,Medium
07_INA,Indonesia,1991,956018.41485916,Medium
07_INA,Indonesia,1992,1018135.7736667,Medium
07_INA,Indonesia,1993,1084278.02874442,Medium
07_INA,Indonesia,1994,1166032.27870676,Medium
07_INA,Indonesia,1995,1261880.2182916,Medium
07_INA,Indonesia,1996,1360536.3744416102,Medium
07_INA,Indonesia,1997,1424479.93580367,Medium
07_INA,Indonesia,1998,1237492.3649366598,Medium
07_INA,Indonesia,1999,1247282.48979842,Medium
07_INA,Indonesia,2000,1308649.63329318,Medium
07_INA,Indonesia,2001,1356329.84359382,Medium
07_INA,Indonesia,2002,1417357.57112518,Medium
07_INA,Indonesia,2003,1485112.49479899,Medium
07_INA,Indonesia,2004,1559826.63235402,Medium
07_INA,Indonesia,2005,1648620.87561696,Medium
07_INA,Indonesia,2006,1739310.71510545,Medium
07_INA,Indonesia,2007,1849670.36656978,Medium
07_INA,Indonesia,2008,1960904.05999401,Medium
07_INA,Indonesia,2009,2051671.78294475,Medium
07_INA,Indonesia,2010,2179364.84298024,Medium
07_INA,Indonesia,2011,2313826.95089082,Medium
07_INA,Indonesia,2012,2453351.8880536,Medium
07_INA,Indonesia,2013,2589691.1216895897,Medium
07_INA,Indonesia,2014,2719348.3694038,Medium
07_INA,Indonesia,2015,2851952.56036174,Medium
07_INA,Indonesia,2016,2995493.30578544,Medium
07_INA,Indonesia,2017,3147358.40307801,Medium
07_INA,Indonesia,2018,3310211.9026478,Medium
07_INA,Indonesia,2019,3476360.9608746096,Medium
07_INA,Indonesia,2020,3404556.31399713,Medium
07_INA,Indonesia,2021,3530623.14045475,Medium
07_INA,Indonesia,2022,3718000.27384835,Medium
07_INA,Indonesia,2023,3905715.83089317,Medium
07_INA,Indonesia,2024,4102273.90042117,Medium
07_INA,Indonesia,2025,4311821.70409906,Medium
07_INA,Indonesia,2026,4517213.796279357,Medium
07_INA,Indonesia,2027,4737636.038527487,Medium
07_INA,Indonesia,2028,4960117.612516425,Medium
07_INA,Indonesia,2029,5187003.1917336,Medium
07_INA,Indonesia,2030,5418857.699796838,Medium
07_INA,Indonesia,2031,5654785.584672259,Medium
07_INA,Indonesia,2032,5897054.870958553,Medium
07_INA,Indonesia,2033,6143331.815353618,Medium
07_INA,Indonesia,2034,6394198.019215517,Medium
07_INA,Indonesia,2035,6649526.320798659,Medium
07_INA,Indonesia,2036,6909132.525429334,Medium
07_INA,Indonesia,2037,7173128.538580033,Medium
07_INA,Indonesia,2038,7441074.20897504,Medium
07_INA,Indonesia,2039,7712837.40721934,Medium
07_INA,Indonesia,2040,7988319.329438187,Medium
07_INA,Indonesia,2041,8267249.904933978,Medium
07_INA,Indonesia,2042,8549479.48411812,Medium
07_INA,Indonesia,2043,8834703.90140906,Medium
07_INA,Indonesia,2044,9122808.743115025,Medium
07_INA,Indonesia,2045,9413502.049439352,Medium
07_INA,Indonesia,2046,9706563.717678398,Medium
07_INA,Indonesia,2047,10001770.43184485,Medium
07_INA,Indonesia,2048,10299043.919352716,Medium
07_INA,Indonesia,2049,10598405.99786784,Medium
07_INA,Indonesia,2050,10899403.70816014,Medium
07_INA,Indonesia,2051,11201900.287973288,Medium
07_INA,Indonesia,2052,11505673.363787755,Medium
07_INA,Indonesia,2053,11810688.008594176,Medium
07_INA,Indonesia,2054,12116909.248986194,Medium
07_INA,Indonesia,2055,12425349.08085826,Medium
07_INA,Indonesia,2056,12739197.43756082,Medium
07_INA,Indonesia,2057,13058472.59255753,Medium
07_INA,Indonesia,2058,13382918.81252277,Medium
07_INA,Indonesia,2059,13712701.17918562,Medium
07_INA,Indonesia,2060,14047578.367386336,Medium
07_INA,Indonesia,2061,14387674.427727075,Medium
07_INA,Indonesia,2062,14732794.66748747,Medium
07_INA,Indonesia,2063,15085917.796682129,Medium
07_INA,Indonesia,2064,15447281.240234597,Medium
07_INA,Indonesia,2065,15816949.790865904,Medium
07_INA,Indonesia,2066,16195156.744072476,Medium
07_INA,Indonesia,2067,16581939.66091594,Medium
07_INA,Indonesia,2068,16977441.281519208,Medium
07_INA,Indonesia,2069,17381883.438185498,Medium
07_INA,Indonesia,2070,17795411.57722271,Medium
07_INA,Indonesia,2071,18218275.081532795,Medium
07_INA,Indonesia,2072,18650555.465343453,Medium
07_INA,Indonesia,2073,19092261.606656414,Medium
07_INA,Indonesia,2074,19543434.343657643,Medium
07_INA,Indonesia,2075,20004452.009854585,Medium
07_INA,Indonesia,2076,20475097.88282233,Medium
07_INA,Indonesia,2077,20956000.67883792,Medium
07_INA,Indonesia,2078,21446637.43120075,Medium
07_INA,Indonesia,2079,21947521.467965078,Medium
07_INA,Indonesia,2080,22458654.629206117,Medium
07_INA,Indonesia,2081,22980532.73167748,Medium
07_INA,Indonesia,2082,23513050.6418762,Medium
07_INA,Indonesia,2083,24056185.64420188,Medium
07_INA,Indonesia,2084,24610155.68914945,Medium
07_INA,Indonesia,2085,25175282.37879338,Medium
07_INA,Indonesia,2086,25751651.783637427,Medium
07_INA,Indonesia,2087,26339329.26817029,Medium
07_INA,Indonesia,2088,26938484.29244301,Medium
07_INA,Indonesia,2089,27549599.794595808,Medium
07_INA,Indonesia,2090,28172680.50020361,Medium
07_INA,Indonesia,2091,28807639.566455346,Medium
07_INA,Indonesia,2092,29454891.91701499,Medium
07_INA,Indonesia,2093,30114440.058018398,Medium
07_INA,Indonesia,2094,30790895.344941944,Medium
07_INA,Indonesia,2095,31484895.963585798,Medium
07_INA,Indonesia,2096,32196929.17671803,Medium
07_INA,Indonesia,2097,32926873.480788328,Medium
07_INA,Indonesia,2098,33675318.960240856,Medium
07_INA,Indonesia,2099,34443042.96268125,Medium
07_INA,Indonesia,2100,35230206.45565053,Medium
08_JPN,Japan,1990,4462228.73338141,Medium
08_JPN,Japan,1991,4614725.25585021,Medium
08_JPN,Japan,1992,4653861.33700187,Medium
08_JPN,Japan,1993,4629758.06548019,Medium
08_JPN,Japan,1994,4675734.635527231,Medium
08_JPN,Japan,1995,4785242.93394575,Medium
08_JPN,Japan,1996,4932411.51627922,Medium
08_JPN,Japan,1997,4999638.8594869,Medium
08_JPN,Japan,1998,4911013.2156924,Medium
08_JPN,Japan,1999,4893942.51417564,Medium
08_JPN,Japan,2000,5039700.11994319,Medium
08_JPN,Japan,2001,5054043.5377003895,Medium
08_JPN,Japan,2002,5058338.908909099,Medium
08_JPN,Japan,2003,5128149.51756588,Medium
08_JPN,Japan,2004,5236504.66239988,Medium
08_JPN,Japan,2005,5333290.00081146,Medium
08_JPN,Japan,2006,5415759.11373235,Medium
08_JPN,Japan,2007,5509363.96391238,Medium
08_JPN,Japan,2008,5445090.50669521,Medium
08_JPN,Japan,2009,5121873.13928537,Medium
08_JPN,Japan,2010,5333737.1625475,Medium
08_JPN,Japan,2011,5323050.60126636,Medium
08_JPN,Japan,2012,5410824.220670019,Medium
08_JPN,Japan,2013,5518893.343125059,Medium
08_JPN,Japan,2014,5568889.85257988,Medium
08_JPN,Japan,2015,5669128.60900908,Medium
08_JPN,Japan,2016,5709095.20009308,Medium
08_JPN,Japan,2017,5801779.54165551,Medium
08_JPN,Japan,2018,5850174.72865872,Medium
08_JPN,Japan,2019,5832127.1197393,Medium
08_JPN,Japan,2020,5582320.81867727,Medium
08_JPN,Japan,2021,5781285.63575058,Medium
08_JPN,Japan,2022,5858271.98176486,Medium
08_JPN,Japan,2023,5900497.5453217,Medium
08_JPN,Japan,2024,5886331.38086735,Medium
08_JPN,Japan,2025,5956561.95899367,Medium
08_JPN,Japan,2026,6000053.626969711,Medium
08_JPN,Japan,2027,6043343.218876381,Medium
08_JPN,Japan,2028,6081648.7643436445,Medium
08_JPN,Japan,2029,6119652.998073285,Medium
08_JPN,Japan,2030,6164055.975164605,Medium
08_JPN,Japan,2031,6223426.59333586,Medium
08_JPN,Japan,2032,6283048.919248187,Medium
08_JPN,Japan,2033,6339924.811765159,Medium
08_JPN,Japan,2034,6394538.13699545,Medium
08_JPN,Japan,2035,6453197.163216838,Medium
08_JPN,Japan,2036,6510858.739191691,Medium
08_JPN,Japan,2037,6570463.474914634,Medium
08_JPN,Japan,2038,6630510.728335152,Medium
08_JPN,Japan,2039,6691170.841900453,Medium
08_JPN,Japan,2040,6752304.905624907,Medium
08_JPN,Japan,2041,6813930.5510636745,Medium
08_JPN,Japan,2042,6875850.749793062,Medium
08_JPN,Japan,2043,6938670.653992592,Medium
08_JPN,Japan,2044,7002123.759135798,Medium
08_JPN,Japan,2045,7066280.333065766,Medium
08_JPN,Japan,2046,7130948.043823144,Medium
08_JPN,Japan,2047,7196402.236897582,Medium
08_JPN,Japan,2048,7262601.141735764,Medium
08_JPN,Japan,2049,7329630.622616422,Medium
08_JPN,Japan,2050,7397197.71178822,Medium
08_JPN,Japan,2051,7465419.975683059,Medium
08_JPN,Japan,2052,7534116.683738512,Medium
08_JPN,Japan,2053,7602898.876482952,Medium
08_JPN,Japan,2054,7672205.934194697,Medium
08_JPN,Japan,2055,7741115.558207341,Medium
08_JPN,Japan,2056,7810417.049609876,Medium
08_JPN,Japan,2057,7879342.637864633,Medium
08_JPN,Japan,2058,7948330.941333789,Medium
08_JPN,Japan,2059,8017277.89028141,Medium
08_JPN,Japan,2060,8085644.334815281,Medium
08_JPN,Japan,2061,8154133.268580925,Medium
08_JPN,Japan,2062,8222692.994341659,Medium
08_JPN,Japan,2063,8291334.800529312,Medium
08_JPN,Japan,2064,8360140.676564429,Medium
08_JPN,Japan,2065,8429122.946842857,Medium
08_JPN,Japan,2066,8498007.24018164,Medium
08_JPN,Japan,2067,8567576.120981527,Medium
08_JPN,Japan,2068,8637942.073117372,Medium
08_JPN,Japan,2069,8708711.53993405,Medium
08_JPN,Japan,2070,8780653.217469703,Medium
08_JPN,Japan,2071,8853530.03772144,Medium
08_JPN,Japan,2072,8928440.802847855,Medium
08_JPN,Japan,2073,9004912.453520626,Medium
08_JPN,Japan,2074,9082979.479481028,Medium
08_JPN,Japan,2075,9163419.252154555,Medium
08_JPN,Japan,2076,9246071.571661076,Medium
08_JPN,Japan,2077,9330899.688307388,Medium
08_JPN,Japan,2078,9417736.46996875,Medium
08_JPN,Japan,2079,9506869.574663162,Medium
08_JPN,Japan,2080,9598210.066151928,Medium
08_JPN,Japan,2081,9691403.87696068,Medium
08_JPN,Japan,2082,9786817.90063048,Medium
08_JPN,Japan,2083,9883895.948323188,Medium
08_JPN,Japan,2084,9982876.559753494,Medium
08_JPN,Japan,2085,10083231.516771866,Medium
08_JPN,Japan,2086,10185067.984175408,Medium
08_JPN,Japan,2087,10288450.397319552,Medium
08_JPN,Japan,2088,10393454.114937546,Medium
08_JPN,Japan,2089,10499812.574468773,Medium
08_JPN,Japan,2090,10607217.493509902,Medium
08_JPN,Japan,2091,10715784.601836134,Medium
08_JPN,Japan,2092,10825447.37612644,Medium
08_JPN,Japan,2093,10935724.377912091,Medium
08_JPN,Japan,2094,11047150.887198728,Medium
08_JPN,Japan,2095,11159780.53414721,Medium
08_JPN,Japan,2096,11273266.612595012,Medium
08_JPN,Japan,2097,11387428.54785948,Medium
08_JPN,Japan,2098,11502960.279023124,Medium
08_JPN,Japan,2099,11619220.147958431,Medium
08_JPN,Japan,2100,11735979.949749935,Medium
09_ROK,Korea,1990,616369.574721637,Medium
09_ROK,Korea,1991,683399.6052713271,Medium
09_ROK,Korea,1992,726806.359900876,Medium
09_ROK,Korea,1993,777644.414581851,Medium
09_ROK,Korea,1994,850523.972035444,Medium
09_ROK,Korea,1995,933330.0822756948,Medium
09_ROK,Korea,1996,1007907.16753805,Medium
09_ROK,Korea,1997,1071225.83757418,Medium
09_ROK,Korea,1998,1018318.74603203,Medium
09_ROK,Korea,1999,1136619.5124884,Medium
09_ROK,Korea,2000,1241209.6304385,Medium
09_ROK,Korea,2001,1299868.39827403,Medium
09_ROK,Korea,2002,1400530.19342929,Medium
09_ROK,Korea,2003,1443592.66808356,Medium
09_ROK,Korea,2004,1518423.26973075,Medium
09_ROK,Korea,2005,1584599.74952916,Medium
09_ROK,Korea,2006,1667712.09363692,Medium
09_ROK,Korea,2007,1765139.223629,Medium
09_ROK,Korea,2008,1818171.14619144,Medium
09_ROK,Korea,2009,1833077.63608529,Medium
09_ROK,Korea,2010,1961056.90962565,Medium
09_ROK,Korea,2011,2033381.31717328,Medium
09_ROK,Korea,2012,2085185.0715899,Medium
09_ROK,Korea,2013,2153816.76867679,Medium
09_ROK,Korea,2014,2223055.0898154704,Medium
09_ROK,Korea,2015,2287974.80472038,Medium
09_ROK,Korea,2016,2360538.55461269,Medium
09_ROK,Korea,2017,2441580.36985504,Medium
09_ROK,Korea,2018,2519127.7868651003,Medium
09_ROK,Korea,2019,2577415.41864928,Medium
09_ROK,Korea,2020,2559367.26518904,Medium
09_ROK,Korea,2021,2677430.05697127,Medium
09_ROK,Korea,2022,2750458.69051383,Medium
09_ROK,Korea,2023,2793998.85518797,Medium
09_ROK,Korea,2024,2849979.72410421,Medium
09_ROK,Korea,2025,2878679.54440521,Medium
09_ROK,Korea,2026,2911401.2304764874,Medium
09_ROK,Korea,2027,2942806.593629769,Medium
09_ROK,Korea,2028,2973429.779433828,Medium
09_ROK,Korea,2029,3003467.0636207517,Medium
09_ROK,Korea,2030,3032702.451773233,Medium
09_ROK,Korea,2031,3066457.069177656,Medium
09_ROK,Korea,2032,3099573.7544191284,Medium
09_ROK,Korea,2033,3131928.7728469507,Medium
09_ROK,Korea,2034,3163349.159629834,Medium
09_ROK,Korea,2035,3193939.56197612,Medium
09_ROK,Korea,2036,3223700.1601652387,Medium
09_ROK,Korea,2037,3246555.2061729077,Medium
09_ROK,Korea,2038,3268333.9512089877,Medium
09_ROK,Korea,2039,3289076.893269224,Medium
09_ROK,Korea,2040,3308869.0458808155,Medium
09_ROK,Korea,2041,3327898.416631579,Medium
09_ROK,Korea,2042,3345920.03887628,Medium
09_ROK,Korea,2043,3363372.638679242,Medium
09_ROK,Korea,2044,3379995.064800158,Medium
09_ROK,Korea,2045,3395609.556023753,Medium
09_ROK,Korea,2046,3410382.471057489,Medium
09_ROK,Korea,2047,3424382.442320704,Medium
09_ROK,Korea,2048,3437055.1857790523,Medium
09_ROK,Korea,2049,3448676.4129929445,Medium
09_ROK,Korea,2050,3459018.542899536,Medium
09_ROK,Korea,2051,3468308.0898665613,Medium
09_ROK,Korea,2052,3476242.4006829257,Medium
09_ROK,Korea,2053,3482828.435975619,Medium
09_ROK,Korea,2054,3488546.8618688183,Medium
09_ROK,Korea,2055,3493509.4085838017,Medium
09_ROK,Korea,2056,3497332.852612052,Medium
09_ROK,Korea,2057,3500100.5811140887,Medium
09_ROK,Korea,2058,3501706.7331861546,Medium
09_ROK,Korea,2059,3502395.598695063,Medium
09_ROK,Korea,2060,3502658.5214715074,Medium
09_ROK,Korea,2061,3502257.6598116662,Medium
09_ROK,Korea,2062,3501805.147995237,Medium
09_ROK,Korea,2063,3500641.870936366,Medium
09_ROK,Korea,2064,3499311.7661540904,Medium
09_ROK,Korea,2065,3497680.4220032194,Medium
09_ROK,Korea,2066,3495901.9617160494,Medium
09_ROK,Korea,2067,3493994.686799513,Medium
09_ROK,Korea,2068,3491836.203291552,Medium
09_ROK,Korea,2069,3489651.280161553,Medium
09_ROK,Korea,2070,3486841.9898595526,Medium
09_ROK,Korea,2071,3483927.934595685,Medium
09_ROK,Korea,2072,3480968.388793018,Medium
09_ROK,Korea,2073,3477947.3864288344,Medium
09_ROK,Korea,2074,3474995.685762964,Medium
09_ROK,Korea,2075,3471892.5293316264,Medium
09_ROK,Korea,2076,3468794.882025532,Medium
09_ROK,Korea,2077,3465576.7093014726,Medium
09_ROK,Korea,2078,3462264.230641012,Medium
09_ROK,Korea,2079,3458943.7980686,Medium
09_ROK,Korea,2080,3455593.397307343,Medium
09_ROK,Korea,2081,3452039.417879816,Medium
09_ROK,Korea,2082,3448174.629641673,Medium
09_ROK,Korea,2083,3444395.0459862947,Medium
09_ROK,Korea,2084,3440404.856719127,Medium
09_ROK,Korea,2085,3436420.446763898,Medium
09_ROK,Korea,2086,3432072.6034219298,Medium
09_ROK,Korea,2087,3427570.4075073795,Medium
09_ROK,Korea,2088,3422734.165344529,Medium
09_ROK,Korea,2089,3417815.671437596,Medium
09_ROK,Korea,2090,3412673.9370128703,Medium
09_ROK,Korea,2091,3407423.5997760245,Medium
09_ROK,Korea,2092,3402121.1811128184,Medium
09_ROK,Korea,2093,3396830.7716058698,Medium
09_ROK,Korea,2094,3391716.5526023144,Medium
09_ROK,Korea,2095,3386856.976263954,Medium
09_ROK,Korea,2096,3382189.396521412,Medium
09_ROK,Korea,2097,3378088.6519075497,Medium
09_ROK,Korea,2098,3374359.021622299,Medium
09_ROK,Korea,2099,3370861.960129594,Medium
09_ROK,Korea,2100,3367836.924838225,Medium
10_MAS,Malaysia,1990,214242.312021412,Medium
10_MAS,Malaysia,1991,234692.742103338,Medium
10_MAS,Malaysia,1992,255545.469125778,Medium
10_MAS,Malaysia,1993,280831.548487792,Medium
10_MAS,Malaysia,1994,306701.868103396,Medium
10_MAS,Malaysia,1995,336847.856021014,Medium
10_MAS,Malaysia,1996,370541.738826626,Medium
10_MAS,Malaysia,1997,397675.553808732,Medium
10_MAS,Malaysia,1998,368408.958702071,Medium
10_MAS,Malaysia,1999,391020.47119941,Medium
10_MAS,Malaysia,2000,425660.459259482,Medium
10_MAS,Malaysia,2001,427863.99840063095,Medium
10_MAS,Malaysia,2002,450930.096523964,Medium
10_MAS,Malaysia,2003,477032.181941105,Medium
10_MAS,Malaysia,2004,509391.362925102,Medium
10_MAS,Malaysia,2005,536552.8192724959,Medium
10_MAS,Malaysia,2006,566518.473663355,Medium
10_MAS,Malaysia,2007,602202.2595586369,Medium
10_MAS,Malaysia,2008,631299.287007657,Medium
10_MAS,Malaysia,2009,621744.391014975,Medium
10_MAS,Malaysia,2010,667907.9631618221,Medium
10_MAS,Malaysia,2011,703266.4285438891,Medium
10_MAS,Malaysia,2012,741759.39436174,Medium
10_MAS,Malaysia,2013,776575.522140495,Medium
10_MAS,Malaysia,2014,823222.254452927,Medium
10_MAS,Malaysia,2015,865136.882439813,Medium
10_MAS,Malaysia,2016,903633.58249853,Medium
10_MAS,Malaysia,2017,956159.2942512012,Medium
10_MAS,Malaysia,2018,1002466.92050423,Medium
10_MAS,Malaysia,2019,1046707.66454257,Medium
10_MAS,Malaysia,2020,989590.433102722,Medium
10_MAS,Malaysia,2021,1022398.81501398,Medium
10_MAS,Malaysia,2022,1114739.18943322,Medium
10_MAS,Malaysia,2023,1154168.22581284,Medium
10_MAS,Malaysia,2024,1213093.81379927,Medium
10_MAS,Malaysia,2025,1275826.18032202,Medium
10_MAS,Malaysia,2026,1338747.8522186882,Medium
10_MAS,Malaysia,2027,1389093.938123662,Medium
10_MAS,Malaysia,2028,1438856.92407715,Medium
10_MAS,Malaysia,2029,1488074.454673407,Medium
10_MAS,Malaysia,2030,1536606.1494414357,Medium
10_MAS,Malaysia,2031,1596585.049952226,Medium
10_MAS,Malaysia,2032,1657896.6657167643,Medium
10_MAS,Malaysia,2033,1711585.2229650896,Medium
10_MAS,Malaysia,2034,1765094.0801510648,Medium
10_MAS,Malaysia,2035,1817726.115801263,Medium
10_MAS,Malaysia,2036,1869253.7475814205,Medium
10_MAS,Malaysia,2037,1919388.532864776,Medium
10_MAS,Malaysia,2038,1969770.214283326,Medium
10_MAS,Malaysia,2039,2021635.241023872,Medium
10_MAS,Malaysia,2040,2073663.249024456,Medium
10_MAS,Malaysia,2041,2126307.5989685804,Medium
10_MAS,Malaysia,2042,2177970.800474887,Medium
10_MAS,Malaysia,2043,2228583.521497569,Medium
10_MAS,Malaysia,2044,2278730.0568185523,Medium
10_MAS,Malaysia,2045,2328071.1710964306,Medium
10_MAS,Malaysia,2046,2376877.935835441,Medium
10_MAS,Malaysia,2047,2425396.297181288,Medium
10_MAS,Malaysia,2048,2473588.6512888363,Medium
10_MAS,Malaysia,2049,2521098.3394224797,Medium
10_MAS,Malaysia,2050,2568014.243594724,Medium
10_MAS,Malaysia,2051,2615157.8763763774,Medium
10_MAS,Malaysia,2052,2662096.101178876,Medium
10_MAS,Malaysia,2053,2709122.284205169,Medium
10_MAS,Malaysia,2054,2756207.2068930166,Medium
10_MAS,Malaysia,2055,2803116.275128827,Medium
10_MAS,Malaysia,2056,2849828.3991432083,Medium
10_MAS,Malaysia,2057,2896799.039257746,Medium
10_MAS,Malaysia,2058,2943884.991513611,Medium
10_MAS,Malaysia,2059,2991163.4081227663,Medium
10_MAS,Malaysia,2060,3038830.755572699,Medium
10_MAS,Malaysia,2061,3086469.672967306,Medium
10_MAS,Malaysia,2062,3134351.182089122,Medium
10_MAS,Malaysia,2063,3182183.8108888627,Medium
10_MAS,Malaysia,2064,3230110.0743857883,Medium
10_MAS,Malaysia,2065,3278538.8451926718,Medium
10_MAS,Malaysia,2066,3326889.427183903,Medium
10_MAS,Malaysia,2067,3375430.5703506046,Medium
10_MAS,Malaysia,2068,3424227.896468229,Medium
10_MAS,Malaysia,2069,3473303.5496947845,Medium
10_MAS,Malaysia,2070,3522967.809986233,Medium
10_MAS,Malaysia,2071,3572922.438340853,Medium
10_MAS,Malaysia,2072,3623295.338679668,Medium
10_MAS,Malaysia,2073,3673866.9578496017,Medium
10_MAS,Malaysia,2074,3724471.339811096,Medium
10_MAS,Malaysia,2075,3775590.112708481,Medium
10_MAS,Malaysia,2076,3826929.9724708144,Medium
10_MAS,Malaysia,2077,3878886.759174162,Medium
10_MAS,Malaysia,2078,3930489.202340529,Medium
10_MAS,Malaysia,2079,3982328.294187955,Medium
10_MAS,Malaysia,2080,4034422.836522731,Medium
10_MAS,Malaysia,2081,4086364.35501078,Medium
10_MAS,Malaysia,2082,4138996.18517676,Medium
10_MAS,Malaysia,2083,4191847.1933449744,Medium
10_MAS,Malaysia,2084,4244893.023075011,Medium
10_MAS,Malaysia,2085,4298583.163786687,Medium
10_MAS,Malaysia,2086,4352737.6388899,Medium
10_MAS,Malaysia,2087,4406993.201784783,Medium
10_MAS,Malaysia,2088,4461804.218713281,Medium
10_MAS,Malaysia,2089,4517112.518600575,Medium
10_MAS,Malaysia,2090,4573035.652455092,Medium
10_MAS,Malaysia,2091,4629443.989411729,Medium
10_MAS,Malaysia,2092,4686531.147517673,Medium
10_MAS,Malaysia,2093,4744155.843953456,Medium
10_MAS,Malaysia,2094,4802200.144290096,Medium
10_MAS,Malaysia,2095,4861093.948452697,Medium
10_MAS,Malaysia,2096,4920522.543323724,Medium
10_MAS,Malaysia,2097,4980558.000205913,Medium
10_MAS,Malaysia,2098,5041495.2814920815,Medium
10_MAS,Malaysia,2099,5103393.902854061,Medium
10_MAS,Malaysia,2100,5165932.537870522,Medium
11_MEX,Mexico,1990,1421988.57680156,Medium
11_MEX,Mexico,1991,1478525.49131908,Medium
11_MEX,Mexico,1992,1531288.35225559,Medium
11_MEX,Mexico,1993,1575190.38096328,Medium
11_MEX,Mexico,1994,1644406.26077664,Medium
11_MEX,Mexico,1995,1547216.92373578,Medium
11_MEX,Mexico,1996,1643427.46974326,Medium
11_MEX,Mexico,1997,1761735.77795195,Medium
11_MEX,Mexico,1998,1870700.52637093,Medium
11_MEX,Mexico,1999,1922238.89443456,Medium
11_MEX,Mexico,2000,2018913.74747463,Medium
11_MEX,Mexico,2001,2009811.57067761,Medium
11_MEX,Mexico,2002,2005056.59764014,Medium
11_MEX,Mexico,2003,2028827.44321582,Medium
11_MEX,Mexico,2004,2101164.08922763,Medium
11_MEX,Mexico,2005,2145566.87871904,Medium
11_MEX,Mexico,2006,2248661.65725023,Medium
11_MEX,Mexico,2007,2295385.7869483302,Medium
11_MEX,Mexico,2008,2317038.89268293,Medium
11_MEX,Mexico,2009,2171175.48865433,Medium
11_MEX,Mexico,2010,2279111.8865841897,Medium
11_MEX,Mexico,2011,2357605.52676576,Medium
11_MEX,Mexico,2012,2441376.22002366,Medium
11_MEX,Mexico,2013,2462179.22463983,Medium
11_MEX,Mexico,2014,2523826.36956388,Medium
11_MEX,Mexico,2015,2592028.32088719,Medium
11_MEX,Mexico,2016,2637971.8472756897,Medium
11_MEX,Mexico,2017,2687347.51938936,Medium
11_MEX,Mexico,2018,2740344.2190799303,Medium
11_MEX,Mexico,2019,2729583.1473000897,Medium
11_MEX,Mexico,2020,2501552.82690837,Medium
11_MEX,Mexico,2021,2652858.83618066,Medium
11_MEX,Mexico,2022,2751273.45476027,Medium
11_MEX,Mexico,2023,2836749.91976859,Medium
11_MEX,Mexico,2024,2875062.39226806,Medium
11_MEX,Mexico,2025,2891211.14207926,Medium
11_MEX,Mexico,2026,2917227.9311281983,Medium
11_MEX,Mexico,2027,2942822.9675076823,Medium
11_MEX,Mexico,2028,2967306.6219807784,Medium
11_MEX,Mexico,2029,2990152.340441653,Medium
11_MEX,Mexico,2030,3017741.884833908,Medium
11_MEX,Mexico,2031,3065348.4281536518,Medium
11_MEX,Mexico,2032,3107451.606034036,Medium
11_MEX,Mexico,2033,3143492.312947322,Medium
11_MEX,Mexico,2034,3175691.437321389,Medium
11_MEX,Mexico,2035,3208151.3709419165,Medium
11_MEX,Mexico,2036,3242525.7427923004,Medium
11_MEX,Mexico,2037,3277794.0842991425,Medium
11_MEX,Mexico,2038,3314241.657276292,Medium
11_MEX,Mexico,2039,3351989.857886304,Medium
11_MEX,Mexico,2040,3391313.242253904,Medium
11_MEX,Mexico,2041,3431950.355203113,Medium
11_MEX,Mexico,2042,3471805.6754335626,Medium
11_MEX,Mexico,2043,3511372.075421818,Medium
11_MEX,Mexico,2044,3551267.8234431534,Medium
11_MEX,Mexico,2045,3592088.9315158315,Medium
11_MEX,Mexico,2046,3633772.932410583,Medium
11_MEX,Mexico,2047,3676259.950166342,Medium
11_MEX,Mexico,2048,3718570.5948739937,Medium
11_MEX,Mexico,2049,3760854.3108558552,Medium
11_MEX,Mexico,2050,3802862.220798296,Medium
11_MEX,Mexico,2051,3844794.9822778543,Medium
11_MEX,Mexico,2052,3886565.189763054,Medium
11_MEX,Mexico,2053,3928212.330590024,Medium
11_MEX,Mexico,2054,3969694.928815208,Medium
11_MEX,Mexico,2055,4011041.5805529766,Medium
11_MEX,Mexico,2056,4052262.4017736767,Medium
11_MEX,Mexico,2057,4093336.214675932,Medium
11_MEX,Mexico,2058,4134324.134481416,Medium
11_MEX,Mexico,2059,4175230.5656969934,Medium
11_MEX,Mexico,2060,4215974.878175978,Medium
11_MEX,Mexico,2061,4256509.68042703,Medium
11_MEX,Mexico,2062,4296944.82831428,Medium
11_MEX,Mexico,2063,4337240.263924938,Medium
11_MEX,Mexico,2064,4377364.942677109,Medium
11_MEX,Mexico,2065,4417317.324975029,Medium
11_MEX,Mexico,2066,4457057.419356018,Medium
11_MEX,Mexico,2067,4496640.681532846,Medium
11_MEX,Mexico,2068,4536085.733209416,Medium
11_MEX,Mexico,2069,4575318.752013249,Medium
11_MEX,Mexico,2070,4614341.256016623,Medium
11_MEX,Mexico,2071,4653101.810487732,Medium
11_MEX,Mexico,2072,4691752.023933161,Medium
11_MEX,Mexico,2073,4730125.911265496,Medium
11_MEX,Mexico,2074,4768232.445535878,Medium
11_MEX,Mexico,2075,4806103.607228823,Medium
11_MEX,Mexico,2076,4843762.83682874,Medium
11_MEX,Mexico,2077,4881198.593844554,Medium
11_MEX,Mexico,2078,4918380.254676086,Medium
11_MEX,Mexico,2079,4955293.00138694,Medium
11_MEX,Mexico,2080,4991934.637034744,Medium
11_MEX,Mexico,2081,5028306.561155232,Medium
11_MEX,Mexico,2082,5064403.365466374,Medium
11_MEX,Mexico,2083,5100402.230476752,Medium
11_MEX,Mexico,2084,5136053.459985035,Medium
11_MEX,Mexico,2085,5171459.349946388,Medium
11_MEX,Mexico,2086,5206530.219363199,Medium
11_MEX,Mexico,2087,5241426.792284754,Medium
11_MEX,Mexico,2088,5276163.28940774,Medium
11_MEX,Mexico,2089,5310756.442758428,Medium
11_MEX,Mexico,2090,5345078.827931915,Medium
11_MEX,Mexico,2091,5379211.767233612,Medium
11_MEX,Mexico,2092,5413107.07689103,Medium
11_MEX,Mexico,2093,5446921.601991195,Medium
11_MEX,Mexico,2094,5480414.347537582,Medium
11_MEX,Mexico,2095,5513717.730606208,Medium
11_MEX,Mexico,2096,5546885.817490602,Medium
11_MEX,Mexico,2097,5579982.964710092,Medium
11_MEX,Mexico,2098,5612972.822719909,Medium
11_MEX,Mexico,2099,5645924.639584205,Medium
11_MEX,Mexico,2100,5678804.814637868,Medium
12_NZ,New Zealand,1990,102510.229695661,Medium
12_NZ,New Zealand,1991,101407.355462347,Medium
12_NZ,New Zealand,1992,102523.77169858,Medium
12_NZ,New Zealand,1993,109068.510913184,Medium
12_NZ,New Zealand,1994,114643.737156329,Medium
12_NZ,New Zealand,1995,120074.136760879,Medium
12_NZ,New Zealand,1996,124385.806337592,Medium
12_NZ,New Zealand,1997,126967.453431224,Medium
12_NZ,New Zealand,1998,128053.264612275,Medium
12_NZ,New Zealand,1999,134946.567709899,Medium
12_NZ,New Zealand,2000,138817.90252797698,Medium
12_NZ,New Zealand,2001,143559.33157128398,Medium
12_NZ,New Zealand,2002,150328.36355776998,Medium
12_NZ,New Zealand,2003,157432.693879236,Medium
12_NZ,New Zealand,2004,163872.534540447,Medium
12_NZ,New Zealand,2005,169367.105965762,Medium
12_NZ,New Zealand,2006,174066.09954241198,Medium
12_NZ,New Zealand,2007,179397.95691271202,Medium
12_NZ,New Zealand,2008,177558.031114279,Medium
12_NZ,New Zealand,2009,177486.546454779,Medium
12_NZ,New Zealand,2010,180098.837893045,Medium
12_NZ,New Zealand,2011,183961.05827238,Medium
12_NZ,New Zealand,2012,188196.87991725,Medium
12_NZ,New Zealand,2013,193023.821383485,Medium
12_NZ,New Zealand,2014,200396.050054836,Medium
12_NZ,New Zealand,2015,207870.187709383,Medium
12_NZ,New Zealand,2016,215651.859628357,Medium
12_NZ,New Zealand,2017,222802.198613642,Medium
12_NZ,New Zealand,2018,230204.12582534,Medium
12_NZ,New Zealand,2019,235553.418426175,Medium
12_NZ,New Zealand,2020,234985.93228232,Medium
12_NZ,New Zealand,2021,245088.353611212,Medium
12_NZ,New Zealand,2022,253287.094503461,Medium
12_NZ,New Zealand,2023,257881.45526629096,Medium
12_NZ,New Zealand,2024,255641.181371427,Medium
12_NZ,New Zealand,2025,256824.472387616,Medium
12_NZ,New Zealand,2026,259569.4299452724,Medium
12_NZ,New Zealand,2027,262047.82358150245,Medium
12_NZ,New Zealand,2028,264273.74380493537,Medium
12_NZ,New Zealand,2029,266230.095202591,Medium
12_NZ,New Zealand,2030,268174.44166633446,Medium
12_NZ,New Zealand,2031,270745.65230842546,Medium
12_NZ,New Zealand,2032,272824.4716202363,Medium
12_NZ,New Zealand,2033,274491.1336716182,Medium
12_NZ,New Zealand,2034,276276.0951097519,Medium
12_NZ,New Zealand,2035,278354.7428106722,Medium
12_NZ,New Zealand,2036,280599.7702991663,Medium
12_NZ,New Zealand,2037,282821.8575366807,Medium
12_NZ,New Zealand,2038,285056.05302922515,Medium
12_NZ,New Zealand,2039,287348.67412156926,Medium
12_NZ,New Zealand,2040,289678.4639963403,Medium
12_NZ,New Zealand,2041,292070.9196770639,Medium
12_NZ,New Zealand,2042,294501.0682733698,Medium
12_NZ,New Zealand,2043,296955.30521627725,Medium
12_NZ,New Zealand,2044,299461.6364079827,Medium
12_NZ,New Zealand,2045,302028.13379865995,Medium
12_NZ,New Zealand,2046,304645.3209590506,Medium
12_NZ,New Zealand,2047,307269.4904044571,Medium
12_NZ,New Zealand,2048,309934.4064228623,Medium
12_NZ,New Zealand,2049,312673.0286943027,Medium
12_NZ,New Zealand,2050,315421.0579083397,Medium
12_NZ,New Zealand,2051,318334.63556057826,Medium
12_NZ,New Zealand,2052,321356.1288684997,Medium
12_NZ,New Zealand,2053,324362.9924379392,Medium
12_NZ,New Zealand,2054,327505.77632428025,Medium
12_NZ,New Zealand,2055,330659.32896450243,Medium
12_NZ,New Zealand,2056,333815.063902248,Medium
12_NZ,New Zealand,2057,336912.1762733029,Medium
12_NZ,New Zealand,2058,340012.96883870574,Medium
12_NZ,New Zealand,2059,343122.9637647109,Medium
12_NZ,New Zealand,2060,346222.66945659526,Medium
12_NZ,New Zealand,2061,349303.89890206594,Medium
12_NZ,New Zealand,2062,352326.56385564007,Medium
12_NZ,New Zealand,2063,355472.20316687954,Medium
12_NZ,New Zealand,2064,358563.9570354026,Medium
12_NZ,New Zealand,2065,361735.9401984625,Medium
12_NZ,New Zealand,2066,364954.88960873056,Medium
12_NZ,New Zealand,2067,368188.4791390987,Medium
12_NZ,New Zealand,2068,371393.59344197705,Medium
12_NZ,New Zealand,2069,374590.8652910631,Medium
12_NZ,New Zealand,2070,377797.7475479021,Medium
12_NZ,New Zealand,2071,381006.4466665159,Medium
12_NZ,New Zealand,2072,384214.8009895322,Medium
12_NZ,New Zealand,2073,387599.0835497728,Medium
12_NZ,New Zealand,2074,390906.6149459572,Medium
12_NZ,New Zealand,2075,394232.4278589333,Medium
12_NZ,New Zealand,2076,397553.7291724996,Medium
12_NZ,New Zealand,2077,400900.9955010202,Medium
12_NZ,New Zealand,2078,404302.49610165367,Medium
12_NZ,New Zealand,2079,407659.8661939201,Medium
12_NZ,New Zealand,2080,411015.82362150936,Medium
12_NZ,New Zealand,2081,414342.0809796962,Medium
12_NZ,New Zealand,2082,417735.0997202462,Medium
12_NZ,New Zealand,2083,421079.1901395577,Medium
12_NZ,New Zealand,2084,424398.0330102567,Medium
12_NZ,New Zealand,2085,427769.3534853648,Medium
12_NZ,New Zealand,2086,431178.960233681,Medium
12_NZ,New Zealand,2087,434630.1798962609,Medium
12_NZ,New Zealand,2088,438116.4446899216,Medium
12_NZ,New Zealand,2089,441726.4815954507,Medium
12_NZ,New Zealand,2090,445258.85830229154,Medium
12_NZ,New Zealand,2091,448910.0546392483,Medium
12_NZ,New Zealand,2092,452567.2380736024,Medium
12_NZ,New Zealand,2093,456312.72124671086,Medium
12_NZ,New Zealand,2094,459979.1051358665,Medium
12_NZ,New Zealand,2095,463733.9247386775,Medium
12_NZ,New Zealand,2096,467489.6010039675,Medium
12_NZ,New Zealand,2097,471240.9843750698,Medium
12_NZ,New Zealand,2098,475001.4477461143,Medium
12_NZ,New Zealand,2099,478741.4310258536,Medium
12_NZ,New Zealand,2100,482498.9667136419,Medium
13_PNG,Papua New Guinea,1990,12330.6256724057,Medium
13_PNG,Papua New Guinea,1991,13507.8178924025,Medium
13_PNG,Papua New Guinea,1992,15378.5271102955,Medium
13_PNG,Papua New Guinea,1993,18177.7705902296,Medium
13_PNG,Papua New Guinea,1994,19257.913543319,Medium
13_PNG,Papua New Guinea,1995,18620.0050214279,Medium
13_PNG,Papua New Guinea,1996,20060.0195673508,Medium
13_PNG,Papua New Guinea,1997,19276.7982382926,Medium
13_PNG,Papua New Guinea,1998,18550.2338879178,Medium
13_PNG,Papua New Guinea,1999,18894.4434937378,Medium
13_PNG,Papua New Guinea,2000,18423.0569831879,Medium
13_PNG,Papua New Guinea,2001,18400.7119142706,Medium
13_PNG,Papua New Guinea,2002,18371.4730849478,Medium
13_PNG,Papua New Guinea,2003,18769.050593674,Medium
13_PNG,Papua New Guinea,2004,19279.7894452418,Medium
13_PNG,Papua New Guinea,2005,20503.052739945,Medium
13_PNG,Papua New Guinea,2006,21612.2564301393,Medium
13_PNG,Papua New Guinea,2007,23301.2951667301,Medium
13_PNG,Papua New Guinea,2008,23232.2166490166,Medium
13_PNG,Papua New Guinea,2009,24812.1053010447,Medium
13_PNG,Papua New Guinea,2010,27325.1879907631,Medium
13_PNG,Papua New Guinea,2011,27627.826368700906,Medium
13_PNG,Papua New Guinea,2012,28914.4872847048,Medium
13_PNG,Papua New Guinea,2013,30020.450904363,Medium
13_PNG,Papua New Guinea,2014,34086.3519144364,Medium
13_PNG,Papua New Guinea,2015,36328.673600894304,Medium
13_PNG,Papua New Guinea,2016,38322.962713650806,Medium
13_PNG,Papua New Guinea,2017,39677.530299315695,Medium
13_PNG,Papua New Guinea,2018,39566.7298893392,Medium
13_PNG,Papua New Guinea,2019,41339.5229866764,Medium
13_PNG,Papua New Guinea,2020,40030.1216886158,Medium
13_PNG,Papua New Guinea,2021,39825.7228406625,Medium
13_PNG,Papua New Guinea,2022,42098.5846689198,Medium
13_PNG,Papua New Guinea,2023,43702.7356963364,Medium
13_PNG,Papua New Guinea,2024,45401.8776277294,Medium
13_PNG,Papua New Guinea,2025,47961.5994044189,Medium
13_PNG,Papua New Guinea,2026,50818.10311088633,Medium
13_PNG,Papua New Guinea,2027,54007.4521675719,Medium
13_PNG,Papua New Guinea,2028,57570.978159033206,Medium
13_PNG,Papua New Guinea,2029,61297.36150123245,Medium
13_PNG,Papua New Guinea,2030,65192.38933955315,Medium
13_PNG,Papua New Guinea,2031,69263.49911342861,Medium
13_PNG,Papua New Guinea,2032,73510.27075552703,Medium
13_PNG,Papua New Guinea,2033,77943.85969745718,Medium
13_PNG,Papua New Guinea,2034,82568.27333683816,Medium
13_PNG,Papua New Guinea,2035,87395.94758406136,Medium
13_PNG,Papua New Guinea,2036,92424.4127716952,Medium
13_PNG,Papua New Guinea,2037,97670.0227844982,Medium
13_PNG,Papua New Guinea,2038,103132.40189084948,Medium
13_PNG,Papua New Guinea,2039,108820.6991167052,Medium
13_PNG,Papua New Guinea,2040,114738.7510851483,Medium
13_PNG,Papua New Guinea,2041,120895.65491319334,Medium
13_PNG,Papua New Guinea,2042,127295.20075744654,Medium
13_PNG,Papua New Guinea,2043,133947.7522804425,Medium
13_PNG,Papua New Guinea,2044,140870.29425355972,Medium
13_PNG,Papua New Guinea,2045,148073.0744963434,Medium
13_PNG,Papua New Guinea,2046,155564.3947664004,Medium
13_PNG,Papua New Guinea,2047,163336.3267182556,Medium
13_PNG,Papua New Guinea,2048,171407.76258617858,Medium
13_PNG,Papua New Guinea,2049,179789.92923148046,Medium
13_PNG,Papua New Guinea,2050,188496.40418717187,Medium
13_PNG,Papua New Guinea,2051,197514.55549066263,Medium
13_PNG,Papua New Guinea,2052,206880.1242988014,Medium
13_PNG,Papua New Guinea,2053,216603.273216569,Medium
13_PNG,Papua New Guinea,2054,226671.79160210988,Medium
13_PNG,Papua New Guinea,2055,237133.5145527621,Medium
13_PNG,Papua New Guinea,2056,247956.8570904637,Medium
13_PNG,Papua New Guinea,2057,259177.195589862,Medium
13_PNG,Papua New Guinea,2058,270815.4449961033,Medium
13_PNG,Papua New Guinea,2059,282875.5648187263,Medium
13_PNG,Papua New Guinea,2060,295383.4043225877,Medium
13_PNG,Papua New Guinea,2061,308359.83753358555,Medium
13_PNG,Papua New Guinea,2062,321769.81454034214,Medium
13_PNG,Papua New Guinea,2063,335656.6255054206,Medium
13_PNG,Papua New Guinea,2064,350045.1945826666,Medium
13_PNG,Papua New Guinea,2065,364985.4957634951,Medium
13_PNG,Papua New Guinea,2066,380475.7995099956,Medium
13_PNG,Papua New Guinea,2067,396520.9180447602,Medium
13_PNG,Papua New Guinea,2068,413142.9460371845,Medium
13_PNG,Papua New Guinea,2069,430344.56805942,Medium
13_PNG,Papua New Guinea,2070,448143.609267377,Medium
13_PNG,Papua New Guinea,2071,466569.20177662285,Medium
13_PNG,Papua New Guinea,2072,485669.6279511837,Medium
13_PNG,Papua New Guinea,2073,505432.1539937573,Medium
13_PNG,Papua New Guinea,2074,525860.0244682769,Medium
13_PNG,Papua New Guinea,2075,547010.5879320587,Medium
13_PNG,Papua New Guinea,2076,568917.8435590009,Medium
13_PNG,Papua New Guinea,2077,591580.8846279888,Medium
13_PNG,Papua New Guinea,2078,615070.5323430898,Medium
13_PNG,Papua New Guinea,2079,639423.3183613815,Medium
13_PNG,Papua New Guinea,2080,664602.1949364943,Medium
13_PNG,Papua New Guinea,2081,690768.1032227705,Medium
13_PNG,Papua New Guinea,2082,717761.5705299466,Medium
13_PNG,Papua New Guinea,2083,745677.58919172,Medium
13_PNG,Papua New Guinea,2084,774634.4681683654,Medium
13_PNG,Papua New Guinea,2085,804550.5827588491,Medium
13_PNG,Papua New Guinea,2086,835551.7355746066,Medium
13_PNG,Papua New Guinea,2087,867642.4154310209,Medium
13_PNG,Papua New Guinea,2088,900806.0278028072,Medium
13_PNG,Papua New Guinea,2089,935107.1415798268,Medium
13_PNG,Papua New Guinea,2090,970588.888629104,Medium
13_PNG,Papua New Guinea,2091,1007421.4003345134,Medium
13_PNG,Papua New Guinea,2092,1045449.5775660048,Medium
13_PNG,Papua New Guinea,2093,1084756.0888220195,Medium
13_PNG,Papua New Guinea,2094,1125375.5059426858,Medium
13_PNG,Papua New Guinea,2095,1167398.9082156182,Medium
13_PNG,Papua New Guinea,2096,1210817.704069655,Medium
13_PNG,Papua New Guinea,2097,1255720.8611208864,Medium
13_PNG,Papua New Guinea,2098,1302092.6946998597,Medium
13_PNG,Papua New Guinea,2099,1349985.4930750567,Medium
13_PNG,Papua New Guinea,2100,1399529.0593594532,Medium
14_PE,Peru,1990,139050.28909291798,Medium
14_PE,Peru,1991,142136.175291069,Medium
14_PE,Peru,1992,141367.916294088,Medium
14_PE,Peru,1993,148780.651849195,Medium
14_PE,Peru,1994,167093.11929099305,Medium
14_PE,Peru,1995,179477.05045859,Medium
14_PE,Peru,1996,184500.564784136,Medium
14_PE,Peru,1997,196450.342420583,Medium
14_PE,Peru,1998,195681.165551443,Medium
14_PE,Peru,1999,198606.42412179,Medium
14_PE,Peru,2000,203957.618808056,Medium
14_PE,Peru,2001,205217.857282197,Medium
14_PE,Peru,2002,216409.47251541,Medium
14_PE,Peru,2003,225422.977115603,Medium
14_PE,Peru,2004,236599.906394274,Medium
14_PE,Peru,2005,251470.353240275,Medium
14_PE,Peru,2006,270403.302261475,Medium
14_PE,Peru,2007,293437.304088547,Medium
14_PE,Peru,2008,320218.060068164,Medium
14_PE,Peru,2009,323727.085331558,Medium
14_PE,Peru,2010,350701.512336698,Medium
14_PE,Peru,2011,372891.071777602,Medium
14_PE,Peru,2012,395785.557036524,Medium
14_PE,Peru,2013,418948.978837998,Medium
14_PE,Peru,2014,428929.00282149,Medium
14_PE,Peru,2015,442878.823892135,Medium
14_PE,Peru,2016,460387.235322755,Medium
14_PE,Peru,2017,471983.632178034,Medium
14_PE,Peru,2018,490718.320812916,Medium
14_PE,Peru,2019,501713.511404129,Medium
14_PE,Peru,2020,446859.635445194,Medium
14_PE,Peru,2021,506813.209118862,Medium
14_PE,Peru,2022,521096.21778318,Medium
14_PE,Peru,2023,519268.734314851,Medium
14_PE,Peru,2024,537522.457938481,Medium
14_PE,Peru,2025,555962.509610363,Medium
14_PE,Peru,2026,565835.9781953193,Medium
14_PE,Peru,2027,575888.51148086,Medium
14_PE,Peru,2028,595403.6711413002,Medium
14_PE,Peru,2029,607326.6577739283,Medium
14_PE,Peru,2030,618897.0717722238,Medium
14_PE,Peru,2031,632744.1089443155,Medium
14_PE,Peru,2032,645832.3148328862,Medium
14_PE,Peru,2033,658058.7207018507,Medium
14_PE,Peru,2034,670737.9526493801,Medium
14_PE,Peru,2035,683897.4455691245,Medium
14_PE,Peru,2036,696000.0504974122,Medium
14_PE,Peru,2037,708164.0429235034,Medium
14_PE,Peru,2038,720441.6999438909,Medium
14_PE,Peru,2039,732478.2481228478,Medium
14_PE,Peru,2040,744365.8181485824,Medium
14_PE,Peru,2041,756218.939335867,Medium
14_PE,Peru,2042,767962.3186806085,Medium
14_PE,Peru,2043,779494.1202889191,Medium
14_PE,Peru,2044,790947.6811190962,Medium
14_PE,Peru,2045,802319.6440471599,Medium
14_PE,Peru,2046,813553.0266927917,Medium
14_PE,Peru,2047,824676.5497171341,Medium
14_PE,Peru,2048,835688.7168276925,Medium
14_PE,Peru,2049,846579.7834555964,Medium
14_PE,Peru,2050,857365.7677364271,Medium
14_PE,Peru,2051,868065.6651335377,Medium
14_PE,Peru,2052,878666.0585177679,Medium
14_PE,Peru,2053,889171.1180297863,Medium
14_PE,Peru,2054,899595.1622151637,Medium
14_PE,Peru,2055,909921.4058961566,Medium
14_PE,Peru,2056,920158.2238646016,Medium
14_PE,Peru,2057,930296.999877164,Medium
14_PE,Peru,2058,940352.7529596,Medium
14_PE,Peru,2059,950310.6857413714,Medium
14_PE,Peru,2060,960372.4016188022,Medium
14_PE,Peru,2061,970554.7762891296,Medium
14_PE,Peru,2062,980851.1515259655,Medium
14_PE,Peru,2063,991254.453486402,Medium
14_PE,Peru,2064,1001725.8740010802,Medium
14_PE,Peru,2065,1012250.174976809,Medium
14_PE,Peru,2066,1022838.0929386626,Medium
14_PE,Peru,2067,1033481.484337706,Medium
14_PE,Peru,2068,1044176.1219220296,Medium
14_PE,Peru,2069,1054912.6011595996,Medium
14_PE,Peru,2070,1065683.8060148042,Medium
14_PE,Peru,2071,1076489.7701704286,Medium
14_PE,Peru,2072,1087337.200308635,Medium
14_PE,Peru,2073,1098216.6262649551,Medium
14_PE,Peru,2074,1109126.8133593309,Medium
14_PE,Peru,2075,1120053.5100608347,Medium
14_PE,Peru,2076,1131005.9790924052,Medium
14_PE,Peru,2077,1141978.0621286018,Medium
14_PE,Peru,2078,1152974.0395074848,Medium
14_PE,Peru,2079,1163987.0404012578,Medium
14_PE,Peru,2080,1175019.8163485168,Medium
14_PE,Peru,2081,1186053.783221278,Medium
14_PE,Peru,2082,1197106.5517956438,Medium
14_PE,Peru,2083,1208168.383596895,Medium
14_PE,Peru,2084,1219258.4775809555,Medium
14_PE,Peru,2085,1230350.2929930969,Medium
14_PE,Peru,2086,1241454.9963370697,Medium
14_PE,Peru,2087,1252577.0963054686,Medium
14_PE,Peru,2088,1263706.7362232837,Medium
14_PE,Peru,2089,1274855.1846808612,Medium
14_PE,Peru,2090,1286042.641583458,Medium
14_PE,Peru,2091,1297245.0284145756,Medium
14_PE,Peru,2092,1308470.3209353369,Medium
14_PE,Peru,2093,1319718.80609466,Medium
14_PE,Peru,2094,1330967.8819815202,Medium
14_PE,Peru,2095,1342273.1898131273,Medium
14_PE,Peru,2096,1353584.7646202554,Medium
14_PE,Peru,2097,1364920.8730365515,Medium
14_PE,Peru,2098,1376279.7721386931,Medium
14_PE,Peru,2099,1387672.2383922937,Medium
14_PE,Peru,2100,1399080.1978507866,Medium
15_PHL,Philippines,1990,283126.473617181,Medium
15_PHL,Philippines,1991,281890.937770952,Medium
15_PHL,Philippines,1992,283068.196261779,Medium
15_PHL,Philippines,1993,289244.432888471,Medium
15_PHL,Philippines,1994,301895.01806997805,Medium
15_PHL,Philippines,1995,315858.342273919,Medium
15_PHL,Philippines,1996,334368.73991276004,Medium
15_PHL,Philippines,1997,351710.479274008,Medium
15_PHL,Philippines,1998,349902.368762457,Medium
15_PHL,Philippines,1999,361611.68072469096,Medium
15_PHL,Philippines,2000,377459.33071605104,Medium
15_PHL,Philippines,2001,388968.9389414941,Medium
15_PHL,Philippines,2002,403424.016589514,Medium
15_PHL,Philippines,2003,423945.837811198,Medium
15_PHL,Philippines,2004,451795.808663307,Medium
15_PHL,Philippines,2005,474125.83963291,Medium
15_PHL,Philippines,2006,499332.345525613,Medium
15_PHL,Philippines,2007,531885.276934827,Medium
15_PHL,Philippines,2008,554992.965268913,Medium
15_PHL,Philippines,2009,563031.05638158,Medium
15_PHL,Philippines,2010,604326.568988619,Medium
15_PHL,Philippines,2011,627642.895061402,Medium
15_PHL,Philippines,2012,670931.1224482331,Medium
15_PHL,Philippines,2013,716222.5378800861,Medium
15_PHL,Philippines,2014,761688.254932336,Medium
15_PHL,Philippines,2015,810042.584431379,Medium
15_PHL,Philippines,2016,867956.228661943,Medium
15_PHL,Philippines,2017,928114.173543905,Medium
15_PHL,Philippines,2018,986970.3999465612,Medium
15_PHL,Philippines,2019,1047358.43714574,Medium
15_PHL,Philippines,2020,947667.774109205,Medium
15_PHL,Philippines,2021,1001824.4583761,Medium
15_PHL,Philippines,2022,1077772.59151808,Medium
15_PHL,Philippines,2023,1137254.31849328,Medium
15_PHL,Philippines,2024,1202245.50576815,Medium
15_PHL,Philippines,2025,1255173.180995,Medium
15_PHL,Philippines,2026,1321622.2028458416,Medium
15_PHL,Philippines,2027,1390122.7857751069,Medium
15_PHL,Philippines,2028,1455470.5086716032,Medium
15_PHL,Philippines,2029,1522226.3959351436,Medium
15_PHL,Philippines,2030,1590069.6949483338,Medium
15_PHL,Philippines,2031,1661267.983635993,Medium
15_PHL,Philippines,2032,1733938.2314605052,Medium
15_PHL,Philippines,2033,1808311.577822099,Medium
15_PHL,Philippines,2034,1885354.7911424693,Medium
15_PHL,Philippines,2035,1965065.570443744,Medium
15_PHL,Philippines,2036,2047501.1680751208,Medium
15_PHL,Philippines,2037,2132198.388997554,Medium
15_PHL,Philippines,2038,2219143.754808362,Medium
15_PHL,Philippines,2039,2308453.415378164,Medium
15_PHL,Philippines,2040,2399965.312038119,Medium
15_PHL,Philippines,2041,2493671.302639303,Medium
15_PHL,Philippines,2042,2589384.640051512,Medium
15_PHL,Philippines,2043,2687065.3280937443,Medium
15_PHL,Philippines,2044,2786629.6317689307,Medium
15_PHL,Philippines,2045,2887952.529600559,Medium
15_PHL,Philippines,2046,2990876.2216982488,Medium
15_PHL,Philippines,2047,3095237.7270593653,Medium
15_PHL,Philippines,2048,3200818.553222593,Medium
15_PHL,Philippines,2049,3307481.0418054326,Medium
15_PHL,Philippines,2050,3415174.132553826,Medium
15_PHL,Philippines,2051,3523593.799975885,Medium
15_PHL,Philippines,2052,3632693.631137427,Medium
15_PHL,Philippines,2053,3742986.2805269584,Medium
15_PHL,Philippines,2054,3854574.012584183,Medium
15_PHL,Philippines,2055,3967327.723896345,Medium
15_PHL,Philippines,2056,4081021.2831167006,Medium
15_PHL,Philippines,2057,4195488.413951187,Medium
15_PHL,Philippines,2058,4310878.308252278,Medium
15_PHL,Philippines,2059,4426950.307269526,Medium
15_PHL,Philippines,2060,4543358.202803808,Medium
15_PHL,Philippines,2061,4660122.815015827,Medium
15_PHL,Philippines,2062,4777082.868725095,Medium
15_PHL,Philippines,2063,4894023.118808415,Medium
15_PHL,Philippines,2064,5010905.009705406,Medium
15_PHL,Philippines,2065,5127458.90415194,Medium
15_PHL,Philippines,2066,5243373.219170628,Medium
15_PHL,Philippines,2067,5358793.600509284,Medium
15_PHL,Philippines,2068,5473111.405778386,Medium
15_PHL,Philippines,2069,5586365.110155102,Medium
15_PHL,Philippines,2070,5698192.57363315,Medium
15_PHL,Philippines,2071,5808318.445079587,Medium
15_PHL,Philippines,2072,5916638.618972428,Medium
15_PHL,Philippines,2073,6022689.456372322,Medium
15_PHL,Philippines,2074,6126383.96042907,Medium
15_PHL,Philippines,2075,6227314.807656769,Medium
15_PHL,Philippines,2076,6325511.996945211,Medium
15_PHL,Philippines,2077,6420527.974960927,Medium
15_PHL,Philippines,2078,6514465.842757114,Medium
15_PHL,Philippines,2079,6607770.239581218,Medium
15_PHL,Philippines,2080,6700414.007794954,Medium
15_PHL,Philippines,2081,6792008.965273527,Medium
15_PHL,Philippines,2082,6882913.655740304,Medium
15_PHL,Philippines,2083,6972865.586294943,Medium
15_PHL,Philippines,2084,7062069.378664118,Medium
15_PHL,Philippines,2085,7150282.087058741,Medium
15_PHL,Philippines,2086,7237520.053860861,Medium
15_PHL,Philippines,2087,7324015.29532224,Medium
15_PHL,Philippines,2088,7409839.203874978,Medium
15_PHL,Philippines,2089,7495045.14434852,Medium
15_PHL,Philippines,2090,7579636.7049369775,Medium
15_PHL,Philippines,2091,7663654.594085966,Medium
15_PHL,Philippines,2092,7746988.371151672,Medium
15_PHL,Philippines,2093,7829939.799613466,Medium
15_PHL,Philippines,2094,7912507.3674271265,Medium
15_PHL,Philippines,2095,7994820.510818181,Medium
15_PHL,Philippines,2096,8076581.857579246,Medium
15_PHL,Philippines,2097,8158029.25386693,Medium
15_PHL,Philippines,2098,8239450.258550814,Medium
15_PHL,Philippines,2099,8320698.68861119,Medium
15_PHL,Philippines,2100,8401717.76897455,Medium
16_RUS,Russia,1990,4386345.13817199,Medium
16_RUS,Russia,1991,4164968.95491794,Medium
16_RUS,Russia,1992,3559754.24345934,Medium
16_RUS,Russia,1993,3251175.5107675,Medium
16_RUS,Russia,1994,2842510.68257551,Medium
16_RUS,Russia,1995,2724730.44502044,Medium
16_RUS,Russia,1996,2622414.9248018,Medium
16_RUS,Russia,1997,2659126.52581455,Medium
16_RUS,Russia,1998,2518193.840343,Medium
16_RUS,Russia,1999,2679356.09789008,Medium
16_RUS,Russia,2000,2947293.49785473,Medium
16_RUS,Russia,2001,3097606.9760178,Medium
16_RUS,Russia,2002,3243194.2532676803,Medium
16_RUS,Russia,2003,3479945.88822114,Medium
16_RUS,Russia,2004,3730500.17806156,Medium
16_RUS,Russia,2005,3969250.90049488,Medium
16_RUS,Russia,2006,4294732.18353033,Medium
16_RUS,Russia,2007,4659783.46437558,Medium
16_RUS,Russia,2008,4902090.77229438,Medium
16_RUS,Russia,2009,4519727.99045976,Medium
16_RUS,Russia,2010,4723115.749994599,Medium
16_RUS,Russia,2011,4926211.105734929,Medium
16_RUS,Russia,2012,5124446.08491426,Medium
16_RUS,Russia,2013,5214401.74651076,Medium
16_RUS,Russia,2014,5252793.67736262,Medium
16_RUS,Russia,2015,5149170.806564599,Medium
16_RUS,Russia,2016,5159143.263887281,Medium
16_RUS,Russia,2017,5253385.6060589,Medium
16_RUS,Russia,2018,5400813.51077824,Medium
16_RUS,Russia,2019,5519527.48090736,Medium
16_RUS,Russia,2020,5373058.29169962,Medium
16_RUS,Russia,2021,5688268.31433954,Medium
16_RUS,Russia,2022,5606620.5813337695,Medium
16_RUS,Russia,2023,5834620.196473691,Medium
16_RUS,Russia,2024,6121781.51204027,Medium
16_RUS,Russia,2025,6183071.35415995,Medium
16_RUS,Russia,2026,6266909.432625625,Medium
16_RUS,Russia,2027,6375775.725371878,Medium
16_RUS,Russia,2028,6486231.864550297,Medium
16_RUS,Russia,2029,6592452.127962534,Medium
16_RUS,Russia,2030,6696983.711764007,Medium
16_RUS,Russia,2031,6830653.331512483,Medium
16_RUS,Russia,2032,6938144.564492805,Medium
16_RUS,Russia,2033,7067108.895689884,Medium
16_RUS,Russia,2034,7187211.5952315,Medium
16_RUS,Russia,2035,7297633.761893294,Medium
16_RUS,Russia,2036,7412912.7354602115,Medium
16_RUS,Russia,2037,7530454.416941876,Medium
16_RUS,Russia,2038,7649157.415595648,Medium
16_RUS,Russia,2039,7769318.229993762,Medium
16_RUS,Russia,2040,7891023.797092086,Medium
16_RUS,Russia,2041,8015476.365326541,Medium
16_RUS,Russia,2042,8138569.916430988,Medium
16_RUS,Russia,2043,8263648.787633785,Medium
16_RUS,Russia,2044,8387366.182614938,Medium
16_RUS,Russia,2045,8511519.967128886,Medium
16_RUS,Russia,2046,8637011.01197586,Medium
16_RUS,Russia,2047,8763230.960761992,Medium
16_RUS,Russia,2048,8888600.247291118,Medium
16_RUS,Russia,2049,9013324.914608603,Medium
16_RUS,Russia,2050,9137324.675437858,Medium
16_RUS,Russia,2051,9260050.781178055,Medium
16_RUS,Russia,2052,9381361.012058187,Medium
16_RUS,Russia,2053,9502077.70190241,Medium
16_RUS,Russia,2054,9619852.02474234,Medium
16_RUS,Russia,2055,9736818.037959728,Medium
16_RUS,Russia,2056,9852173.665562294,Medium
16_RUS,Russia,2057,9966994.615877578,Medium
16_RUS,Russia,2058,10081084.001465663,Medium
16_RUS,Russia,2059,10193079.711072264,Medium
16_RUS,Russia,2060,10304278.219686745,Medium
16_RUS,Russia,2061,10415853.903444396,Medium
16_RUS,Russia,2062,10525257.594557704,Medium
16_RUS,Russia,2063,10634403.464466369,Medium
16_RUS,Russia,2064,10743874.41599216,Medium
16_RUS,Russia,2065,10854924.934364237,Medium
16_RUS,Russia,2066,10967336.51505643,Medium
16_RUS,Russia,2067,11081976.7270483,Medium
16_RUS,Russia,2068,11199093.26411522,Medium
16_RUS,Russia,2069,11317690.08517334,Medium
16_RUS,Russia,2070,11436965.397887057,Medium
16_RUS,Russia,2071,11558288.627114084,Medium
16_RUS,Russia,2072,11680571.596620891,Medium
16_RUS,Russia,2073,11807035.165778402,Medium
16_RUS,Russia,2074,11935467.628767688,Medium
16_RUS,Russia,2075,12066294.12244171,Medium
16_RUS,Russia,2076,12199361.479058482,Medium
16_RUS,Russia,2077,12335674.283703651,Medium
16_RUS,Russia,2078,12473230.388764806,Medium
16_RUS,Russia,2079,12613293.428974036,Medium
16_RUS,Russia,2080,12756114.301913507,Medium
16_RUS,Russia,2081,12901981.459677022,Medium
16_RUS,Russia,2082,13050339.91927714,Medium
16_RUS,Russia,2083,13200405.34795518,Medium
16_RUS,Russia,2084,13352745.338788398,Medium
16_RUS,Russia,2085,13506848.969881196,Medium
16_RUS,Russia,2086,13662638.602560628,Medium
16_RUS,Russia,2087,13820746.544123676,Medium
16_RUS,Russia,2088,13982010.511185184,Medium
16_RUS,Russia,2089,14145012.82278576,Medium
16_RUS,Russia,2090,14309775.110279031,Medium
16_RUS,Russia,2091,14476246.255814314,Medium
16_RUS,Russia,2092,14645119.119164923,Medium
16_RUS,Russia,2093,14814109.142327154,Medium
16_RUS,Russia,2094,14986434.216181418,Medium
16_RUS,Russia,2095,15160971.799043648,Medium
16_RUS,Russia,2096,15336405.526128355,Medium
16_RUS,Russia,2097,15512236.902953343,Medium
16_RUS,Russia,2098,15690957.525742449,Medium
16_RUS,Russia,2099,15870051.285101252,Medium
16_RUS,Russia,2100,16050984.060748268,Medium
17_SGP,Singapore,1990,140049.416153099,Medium
17_SGP,Singapore,1991,149416.477857285,Medium
17_SGP,Singapore,1992,159337.441475797,Medium
17_SGP,Singapore,1993,177596.95598247298,Medium
17_SGP,Singapore,1994,197302.562442346,Medium
17_SGP,Singapore,1995,211459.81271941905,Medium
17_SGP,Singapore,1996,227258.801839554,Medium
17_SGP,Singapore,1997,246158.119024241,Medium
17_SGP,Singapore,1998,240764.757697655,Medium
17_SGP,Singapore,1999,254532.581602908,Medium
17_SGP,Singapore,2000,277538.04147977097,Medium
17_SGP,Singapore,2001,274565.989973697,Medium
17_SGP,Singapore,2002,285338.204303906,Medium
17_SGP,Singapore,2003,298316.114664843,Medium
17_SGP,Singapore,2004,327968.684807152,Medium
17_SGP,Singapore,2005,352127.915476514,Medium
17_SGP,Singapore,2006,383843.253121348,Medium
17_SGP,Singapore,2007,418471.74709983,Medium
17_SGP,Singapore,2008,426269.898869297,Medium
17_SGP,Singapore,2009,426815.325624664,Medium
17_SGP,Singapore,2010,488787.842633126,Medium
17_SGP,Singapore,2011,519165.685276846,Medium
17_SGP,Singapore,2012,542193.266755059,Medium
17_SGP,Singapore,2013,568314.137606487,Medium
17_SGP,Singapore,2014,590680.3693923879,Medium
17_SGP,Singapore,2015,608263.738590263,Medium
17_SGP,Singapore,2016,632052.647907152,Medium
17_SGP,Singapore,2017,659400.262106181,Medium
17_SGP,Singapore,2018,680412.76680686,Medium
17_SGP,Singapore,2019,688297.250280296,Medium
17_SGP,Singapore,2020,663443.918456882,Medium
17_SGP,Singapore,2021,730724.326968531,Medium
17_SGP,Singapore,2022,760028.410066194,Medium
17_SGP,Singapore,2023,771050.857055831,Medium
17_SGP,Singapore,2024,812252.052277036,Medium
17_SGP,Singapore,2025,853074.8819270959,Medium
17_SGP,Singapore,2026,885493.2284439174,Medium
17_SGP,Singapore,2027,918321.048544893,Medium
17_SGP,Singapore,2028,951176.9402920835,Medium
17_SGP,Singapore,2029,984058.587549216,Medium
17_SGP,Singapore,2030,1018881.993362972,Medium
17_SGP,Singapore,2031,1060387.9427273022,Medium
17_SGP,Singapore,2032,1094623.2820714517,Medium
17_SGP,Singapore,2033,1127566.603703414,Medium
17_SGP,Singapore,2034,1165329.8540526736,Medium
17_SGP,Singapore,2035,1202812.8110188018,Medium
17_SGP,Singapore,2036,1239795.7021195786,Medium
17_SGP,Singapore,2037,1277505.2235939642,Medium
17_SGP,Singapore,2038,1316375.8440462486,Medium
17_SGP,Singapore,2039,1356221.2020221765,Medium
17_SGP,Singapore,2040,1396591.0448014806,Medium
17_SGP,Singapore,2041,1437255.9954774731,Medium
17_SGP,Singapore,2042,1477372.3893306782,Medium
17_SGP,Singapore,2043,1518257.8101849274,Medium
17_SGP,Singapore,2044,1560114.4003655051,Medium
17_SGP,Singapore,2045,1601849.2271351016,Medium
17_SGP,Singapore,2046,1644422.175503015,Medium
17_SGP,Singapore,2047,1687448.5522160202,Medium
17_SGP,Singapore,2048,1730663.5687028675,Medium
17_SGP,Singapore,2049,1775390.526843093,Medium
17_SGP,Singapore,2050,1820254.417897152,Medium
17_SGP,Singapore,2051,1865541.0462001795,Medium
17_SGP,Singapore,2052,1911707.911152384,Medium
17_SGP,Singapore,2053,1959575.457440772,Medium
17_SGP,Singapore,2054,2007573.4090590293,Medium
17_SGP,Singapore,2055,2055334.9882820945,Medium
17_SGP,Singapore,2056,2104330.2519213874,Medium
17_SGP,Singapore,2057,2154209.399156401,Medium
17_SGP,Singapore,2058,2204979.845424616,Medium
17_SGP,Singapore,2059,2255510.862943252,Medium
17_SGP,Singapore,2060,2307101.2631342467,Medium
17_SGP,Singapore,2061,2358390.1583597707,Medium
17_SGP,Singapore,2062,2410920.389231246,Medium
17_SGP,Singapore,2063,2463823.488254019,Medium
17_SGP,Singapore,2064,2517964.2848326936,Medium
17_SGP,Singapore,2065,2571796.983373788,Medium
17_SGP,Singapore,2066,2625025.464156178,Medium
17_SGP,Singapore,2067,2678433.153355462,Medium
17_SGP,Singapore,2068,2733637.5944879213,Medium
17_SGP,Singapore,2069,2788744.3410105323,Medium
17_SGP,Singapore,2070,2843946.474017829,Medium
17_SGP,Singapore,2071,2900210.6549493163,Medium
17_SGP,Singapore,2072,2956216.1061141742,Medium
17_SGP,Singapore,2073,3012097.584139495,Medium
17_SGP,Singapore,2074,3067472.491771723,Medium
17_SGP,Singapore,2075,3120974.5541836824,Medium
17_SGP,Singapore,2076,3174098.4816366145,Medium
17_SGP,Singapore,2077,3228716.4151866087,Medium
17_SGP,Singapore,2078,3282004.1786723733,Medium
17_SGP,Singapore,2079,3334499.491122277,Medium
17_SGP,Singapore,2080,3385666.1612096378,Medium
17_SGP,Singapore,2081,3436436.7977724657,Medium
17_SGP,Singapore,2082,3486302.811522928,Medium
17_SGP,Singapore,2083,3535394.244499081,Medium
17_SGP,Singapore,2084,3584367.3050066754,Medium
17_SGP,Singapore,2085,3633169.091146273,Medium
17_SGP,Singapore,2086,3680862.654422876,Medium
17_SGP,Singapore,2087,3727521.993696992,Medium
17_SGP,Singapore,2088,3774216.667316233,Medium
17_SGP,Singapore,2089,3820951.831867382,Medium
17_SGP,Singapore,2090,3866057.316052233,Medium
17_SGP,Singapore,2091,3911943.839828058,Medium
17_SGP,Singapore,2092,3957692.3320866814,Medium
17_SGP,Singapore,2093,4005025.745146023,Medium
17_SGP,Singapore,2094,4051665.273478232,Medium
17_SGP,Singapore,2095,4097242.524169152,Medium
17_SGP,Singapore,2096,4143982.715435718,Medium
17_SGP,Singapore,2097,4190702.857197857,Medium
17_SGP,Singapore,2098,4238256.7302099895,Medium
17_SGP,Singapore,2099,4285874.012406039,Medium
17_SGP,Singapore,2100,4335599.424372463,Medium
18_CT,Chinese Taipei,1990,366441.497138,Medium
18_CT,Chinese Taipei,1991,397129.155606,Medium
18_CT,Chinese Taipei,1992,430137.743751,Medium
18_CT,Chinese Taipei,1993,459432.78719,Medium
18_CT,Chinese Taipei,1994,493921.744844,Medium
18_CT,Chinese Taipei,1995,526007.831958,Medium
18_CT,Chinese Taipei,1996,558497.228625,Medium
18_CT,Chinese Taipei,1997,592311.2169809999,Medium
18_CT,Chinese Taipei,1998,617223.019612,Medium
18_CT,Chinese Taipei,1999,658750.5450119999,Medium
18_CT,Chinese Taipei,2000,700368.407437,Medium
18_CT,Chinese Taipei,2001,690553.3457139999,Medium
18_CT,Chinese Taipei,2002,728414.26938,Medium
18_CT,Chinese Taipei,2003,759193.98852,Medium
18_CT,Chinese Taipei,2004,811952.0481060001,Medium
18_CT,Chinese Taipei,2005,855651.4243200001,Medium
18_CT,Chinese Taipei,2006,905060.125647,Medium
18_CT,Chinese Taipei,2007,967022.389502,Medium
18_CT,Chinese Taipei,2008,974760.273081,Medium
18_CT,Chinese Taipei,2009,959041.85288,Medium
18_CT,Chinese Taipei,2010,1057282.461494,Medium
18_CT,Chinese Taipei,2011,1096127.2858000002,Medium
18_CT,Chinese Taipei,2012,1120475.56128,Medium
18_CT,Chinese Taipei,2013,1148313.127078,Medium
18_CT,Chinese Taipei,2014,1202486.862746,Medium
18_CT,Chinese Taipei,2015,1220088.898644,Medium
18_CT,Chinese Taipei,2016,1246517.59826,Medium
18_CT,Chinese Taipei,2017,1292138.861139,Medium
18_CT,Chinese Taipei,2018,1329698.413503,Medium
18_CT,Chinese Taipei,2019,1370313.777089,Medium
18_CT,Chinese Taipei,2020,1417175.254078,Medium
18_CT,Chinese Taipei,2021,1512408.876,Medium
18_CT,Chinese Taipei,2022,1553039.7201,Medium
18_CT,Chinese Taipei,2023,1569835.73794,Medium
18_CT,Chinese Taipei,2024,1652536.0098,Medium
18_CT,Chinese Taipei,2025,1795919.7249919998,Medium
18_CT,Chinese Taipei,2026,1888935.101928,Medium
18_CT,Chinese Taipei,2027,1945043.706066,Medium
18_CT,Chinese Taipei,2028,1992677.69361,Medium
18_CT,Chinese Taipei,2029,2039940.217851,Medium
18_CT,Chinese Taipei,2030,2089334.0196,Medium
18_CT,Chinese Taipei,2031,2133774.9871340003,Medium
18_CT,Chinese Taipei,2032,2192361.6452325154,Medium
18_CT,Chinese Taipei,2033,2252853.5768144084,Medium
18_CT,Chinese Taipei,2034,2318128.903403348,Medium
18_CT,Chinese Taipei,2035,2381805.16651,Medium
18_CT,Chinese Taipei,2036,2438874.6436182247,Medium
18_CT,Chinese Taipei,2037,2493057.927724237,Medium
18_CT,Chinese Taipei,2038,2546937.182621617,Medium
18_CT,Chinese Taipei,2039,2601468.515417354,Medium
18_CT,Chinese Taipei,2040,2656673.4656862,Medium
18_CT,Chinese Taipei,2041,2712617.034329833,Medium
18_CT,Chinese Taipei,2042,2769783.7924150573,Medium
18_CT,Chinese Taipei,2043,2826514.593006913,Medium
18_CT,Chinese Taipei,2044,2882622.4144963818,Medium
18_CT,Chinese Taipei,2045,2937544.815947311,Medium
18_CT,Chinese Taipei,2046,2990966.0461705485,Medium
18_CT,Chinese Taipei,2047,3044203.340677938,Medium
18_CT,Chinese Taipei,2048,3096986.6745377937,Medium
18_CT,Chinese Taipei,2049,3149791.531052626,Medium
18_CT,Chinese Taipei,2050,3202096.141295939,Medium
18_CT,Chinese Taipei,2051,3254187.999560056,Medium
18_CT,Chinese Taipei,2052,3305961.6397602656,Medium
18_CT,Chinese Taipei,2053,3357093.2842432023,Medium
18_CT,Chinese Taipei,2054,3407429.315392897,Medium
18_CT,Chinese Taipei,2055,3456897.2391485414,Medium
18_CT,Chinese Taipei,2056,3505712.7267565806,Medium
18_CT,Chinese Taipei,2057,3554288.647014446,Medium
18_CT,Chinese Taipei,2058,3601975.771438905,Medium
18_CT,Chinese Taipei,2059,3649092.472746317,Medium
18_CT,Chinese Taipei,2060,3695259.4037088086,Medium
18_CT,Chinese Taipei,2061,3740552.571358094,Medium
18_CT,Chinese Taipei,2062,3784933.050707061,Medium
18_CT,Chinese Taipei,2063,3828601.9278558665,Medium
18_CT,Chinese Taipei,2064,3871802.784223761,Medium
18_CT,Chinese Taipei,2065,3914206.512633856,Medium
18_CT,Chinese Taipei,2066,3956068.023935226,Medium
18_CT,Chinese Taipei,2067,3997490.37343807,Medium
18_CT,Chinese Taipei,2068,4038136.078259799,Medium
18_CT,Chinese Taipei,2069,4078150.5244217594,Medium
18_CT,Chinese Taipei,2070,4117948.135583847,Medium
18_CT,Chinese Taipei,2071,4157137.1886165896,Medium
18_CT,Chinese Taipei,2072,4195564.397083813,Medium
18_CT,Chinese Taipei,2073,4233352.276586873,Medium
18_CT,Chinese Taipei,2074,4270998.572725993,Medium
18_CT,Chinese Taipei,2075,4308162.707201943,Medium
18_CT,Chinese Taipei,2076,4345034.236240035,Medium
18_CT,Chinese Taipei,2077,4381952.499684277,Medium
18_CT,Chinese Taipei,2078,4418552.40682046,Medium
18_CT,Chinese Taipei,2079,4454850.12994608,Medium
18_CT,Chinese Taipei,2080,4491255.5261545405,Medium
18_CT,Chinese Taipei,2081,4527905.802433586,Medium
18_CT,Chinese Taipei,2082,4564446.7127252,Medium
18_CT,Chinese Taipei,2083,4601336.692182445,Medium
18_CT,Chinese Taipei,2084,4638227.171639544,Medium
18_CT,Chinese Taipei,2085,4674966.985291722,Medium
18_CT,Chinese Taipei,2086,4712115.756874364,Medium
18_CT,Chinese Taipei,2087,4749611.434221932,Medium
18_CT,Chinese Taipei,2088,4787023.320761361,Medium
18_CT,Chinese Taipei,2089,4824215.103692759,Medium
18_CT,Chinese Taipei,2090,4861590.817893798,Medium
18_CT,Chinese Taipei,2091,4898684.030829799,Medium
18_CT,Chinese Taipei,2092,4936195.848005111,Medium
18_CT,Chinese Taipei,2093,4973769.374586482,Medium
18_CT,Chinese Taipei,2094,5011284.664150336,Medium
18_CT,Chinese Taipei,2095,5048632.437225754,Medium
18_CT,Chinese Taipei,2096,5085917.775335982,Medium
18_CT,Chinese Taipei,2097,5123171.948084225,Medium
18_CT,Chinese Taipei,2098,5160083.440557505,Medium
18_CT,Chinese Taipei,2099,5196868.413948654,Medium
18_CT,Chinese Taipei,2100,5233517.16515458,Medium
19_THA,Thailand,1990,476382.17939490697,Medium
19_THA,Thailand,1991,517152.206431531,Medium
19_THA,Thailand,1992,558955.6259492419,Medium
19_THA,Thailand,1993,605080.174206112,Medium
19_THA,Thailand,1994,653468.584993737,Medium
19_THA,Thailand,1995,706532.294783931,Medium
19_THA,Thailand,1996,746465.107712372,Medium
19_THA,Thailand,1997,725910.6299795379,Medium
19_THA,Thailand,1998,670494.356342068,Medium
19_THA,Thailand,1999,701151.421768156,Medium
19_THA,Thailand,2000,732389.449755889,Medium
19_THA,Thailand,2001,757614.7661261341,Medium
19_THA,Thailand,2002,804200.771231266,Medium
19_THA,Thailand,2003,862016.721322979,Medium
19_THA,Thailand,2004,916231.902255627,Medium
19_THA,Thailand,2005,954600.381491807,Medium
19_THA,Thailand,2006,1002023.12322303,Medium
19_THA,Thailand,2007,1056484.59994417,Medium
19_THA,Thailand,2008,1074716.34252171,Medium
19_THA,Thailand,2009,1067294.15551474,Medium
19_THA,Thailand,2010,1147484.13355035,Medium
19_THA,Thailand,2011,1157124.51590426,Medium
19_THA,Thailand,2012,1240932.6864003302,Medium
19_THA,Thailand,2013,1274282.6972897,Medium
19_THA,Thailand,2014,1286827.61367901,Medium
19_THA,Thailand,2015,1327157.3991063898,Medium
19_THA,Thailand,2016,1372747.34891749,Medium
19_THA,Thailand,2017,1430096.3545318702,Medium
19_THA,Thailand,2018,1490487.46856946,Medium
19_THA,Thailand,2019,1522004.68753871,Medium
19_THA,Thailand,2020,1429267.98109045,Medium
19_THA,Thailand,2021,1451544.29916013,Medium
19_THA,Thailand,2022,1489833.74630119,Medium
19_THA,Thailand,2023,1523337.63978847,Medium
19_THA,Thailand,2024,1568254.77139299,Medium
19_THA,Thailand,2025,1606558.99349363,Medium
19_THA,Thailand,2026,1635249.0431755497,Medium
19_THA,Thailand,2027,1662441.495464102,Medium
19_THA,Thailand,2028,1686649.3042395352,Medium
19_THA,Thailand,2029,1707245.4030304374,Medium
19_THA,Thailand,2030,1727129.4987051543,Medium
19_THA,Thailand,2031,1759420.2959754632,Medium
19_THA,Thailand,2032,1792166.4777468627,Medium
19_THA,Thailand,2033,1825166.3663646048,Medium
19_THA,Thailand,2034,1858162.6365345807,Medium
19_THA,Thailand,2035,1889999.3406078971,Medium
19_THA,Thailand,2036,1920894.2566450413,Medium
19_THA,Thailand,2037,1952024.410068832,Medium
19_THA,Thailand,2038,1983520.8766235977,Medium
19_THA,Thailand,2039,2015773.7631414,Medium
19_THA,Thailand,2040,2049336.9180152584,Medium
19_THA,Thailand,2041,2084438.40659234,Medium
19_THA,Thailand,2042,2119658.1095267576,Medium
19_THA,Thailand,2043,2155130.027432597,Medium
19_THA,Thailand,2044,2190784.0647518816,Medium
19_THA,Thailand,2045,2226711.536394814,Medium
19_THA,Thailand,2046,2262997.737580425,Medium
19_THA,Thailand,2047,2299815.7803776483,Medium
19_THA,Thailand,2048,2337241.735006272,Medium
19_THA,Thailand,2049,2375287.2739144904,Medium
19_THA,Thailand,2050,2413855.178375409,Medium
19_THA,Thailand,2051,2452717.930244705,Medium
19_THA,Thailand,2052,2491807.235885666,Medium
19_THA,Thailand,2053,2531080.860197114,Medium
19_THA,Thailand,2054,2570743.954625007,Medium
19_THA,Thailand,2055,2610617.444471579,Medium
19_THA,Thailand,2056,2650848.0521297264,Medium
19_THA,Thailand,2057,2691363.1401088904,Medium
19_THA,Thailand,2058,2732267.76775769,Medium
19_THA,Thailand,2059,2773607.000609355,Medium
19_THA,Thailand,2060,2815410.180495015,Medium
19_THA,Thailand,2061,2857622.481529337,Medium
19_THA,Thailand,2062,2900465.868890688,Medium
19_THA,Thailand,2063,2943771.3140250584,Medium
19_THA,Thailand,2064,2987719.087798635,Medium
19_THA,Thailand,2065,3032245.796921767,Medium
19_THA,Thailand,2066,3077275.3814503527,Medium
19_THA,Thailand,2067,3123102.0932481643,Medium
19_THA,Thailand,2068,3169476.225053138,Medium
19_THA,Thailand,2069,3216410.1981432326,Medium
19_THA,Thailand,2070,3264063.363715882,Medium
19_THA,Thailand,2071,3312308.935201611,Medium
19_THA,Thailand,2072,3361363.1491242945,Medium
19_THA,Thailand,2073,3411075.769222149,Medium
19_THA,Thailand,2074,3461460.033894636,Medium
19_THA,Thailand,2075,3512530.5925921067,Medium
19_THA,Thailand,2076,3564465.4431166323,Medium
19_THA,Thailand,2077,3617112.03713928,Medium
19_THA,Thailand,2078,3670478.019806572,Medium
19_THA,Thailand,2079,3724570.689627673,Medium
19_THA,Thailand,2080,3779303.0116186175,Medium
19_THA,Thailand,2081,3834899.335894032,Medium
19_THA,Thailand,2082,3891334.7751825466,Medium
19_THA,Thailand,2083,3948388.0232820935,Medium
19_THA,Thailand,2084,4006218.645326945,Medium
19_THA,Thailand,2085,4064742.086173892,Medium
19_THA,Thailand,2086,4124214.396492352,Medium
19_THA,Thailand,2087,4184542.608336779,Medium
19_THA,Thailand,2088,4245725.690845143,Medium
19_THA,Thailand,2089,4307828.773128589,Medium
19_THA,Thailand,2090,4370487.765459072,Medium
19_THA,Thailand,2091,4434127.122225946,Medium
19_THA,Thailand,2092,4498724.867755917,Medium
19_THA,Thailand,2093,4564096.876470255,Medium
19_THA,Thailand,2094,4630521.642294202,Medium
19_THA,Thailand,2095,4697913.810849583,Medium
19_THA,Thailand,2096,4766321.677558187,Medium
19_THA,Thailand,2097,4835797.089174852,Medium
19_THA,Thailand,2098,4906447.32752999,Medium
19_THA,Thailand,2099,4978215.011205483,Medium
19_THA,Thailand,2100,5051165.77364268,Medium
20_USA,United States of America,1990,11079319.700573,Medium
20_USA,United States of America,1991,11067319.3710153,Medium
20_USA,United States of America,1992,11457165.3829356,Medium
20_USA,United States of America,1993,11772443.1859769,Medium
20_USA,United States of America,1994,12246757.5973897,Medium
20_USA,United States of America,1995,12575513.322951,Medium
20_USA,United States of America,1996,13049958.8552861,Medium
20_USA,United States of America,1997,13630307.2209708,Medium
20_USA,United States of America,1998,14241372.0703819,Medium
20_USA,United States of America,1999,14923309.4978312,Medium
20_USA,United States of America,2000,15531820.2408323,Medium
20_USA,United States of America,2001,15680232.7377605,Medium
20_USA,United States of America,2002,15946866.8368103,Medium
20_USA,United States of America,2003,16392678.3971372,Medium
20_USA,United States of America,2004,17023431.2361729,Medium
20_USA,United States of America,2005,17616450.964293398,Medium
20_USA,United States of America,2006,18106988.0239814,Medium
20_USA,United States of America,2007,18469826.4070951,Medium
20_USA,United States of America,2008,18490805.7745292,Medium
20_USA,United States of America,2009,18014390.1199871,Medium
20_USA,United States of America,2010,18499912.6270466,Medium
20_USA,United States of America,2011,18789326.5278082,Medium
20_USA,United States of America,2012,19219435.5172654,Medium
20_USA,United States of America,2013,19626470.5066305,Medium
20_USA,United States of America,2014,20121807.258768,Medium
20_USA,United States of America,2015,20714505.2434842,Medium
20_USA,United States of America,2016,21091395.6155232,Medium
20_USA,United States of America,2017,21609742.4578182,Medium
20_USA,United States of America,2018,22250796.5627992,Medium
20_USA,United States of America,2019,22825718.2806318,Medium
20_USA,United States of America,2020,22350629.2635793,Medium
20_USA,United States of America,2021,23725645.0000001,Medium
20_USA,United States of America,2022,24324531.0172657,Medium
20_USA,United States of America,2023,25038301.1099445,Medium
20_USA,United States of America,2024,25737667.7200367,Medium
20_USA,United States of America,2025,26293957.0260942,Medium
20_USA,United States of America,2026,26898191.36784608,Medium
20_USA,United States of America,2027,27516212.58200205,Medium
20_USA,United States of America,2028,28136537.97981382,Medium
20_USA,United States of America,2029,28748031.582541406,Medium
20_USA,United States of America,2030,29354384.43440303,Medium
20_USA,United States of America,2031,30089235.197850768,Medium
20_USA,United States of America,2032,30718180.555114675,Medium
20_USA,United States of America,2033,31335203.12095301,Medium
20_USA,United States of America,2034,31930903.19084575,Medium
20_USA,United States of America,2035,32537325.7723688,Medium
20_USA,United States of America,2036,33147166.90998471,Medium
20_USA,United States of America,2037,33755220.067655325,Medium
20_USA,United States of America,2038,34359677.32929655,Medium
20_USA,United States of America,2039,34959872.718551844,Medium
20_USA,United States of America,2040,35554007.38026829,Medium
20_USA,United States of America,2041,36143604.57765939,Medium
20_USA,United States of America,2042,36712057.47496479,Medium
20_USA,United States of America,2043,37272639.69077364,Medium
20_USA,United States of America,2044,37821624.50414621,Medium
20_USA,United States of America,2045,38361476.82164464,Medium
20_USA,United States of America,2046,38893193.64426796,Medium
20_USA,United States of America,2047,39414306.82237236,Medium
20_USA,United States of America,2048,39926824.7877142,Medium
20_USA,United States of America,2049,40427313.41410309,Medium
20_USA,United States of America,2050,40917808.89139119,Medium
20_USA,United States of America,2051,41397610.439888574,Medium
20_USA,United States of America,2052,41876832.9026982,Medium
20_USA,United States of America,2053,42353904.96925096,Medium
20_USA,United States of America,2054,42831451.59370063,Medium
20_USA,United States of America,2055,43305785.32617145,Medium
20_USA,United States of America,2056,43779537.58504544,Medium
20_USA,United States of America,2057,44255392.60275958,Medium
20_USA,United States of America,2058,44735785.61339349,Medium
20_USA,United States of America,2059,45220149.12362895,Medium
20_USA,United States of America,2060,45704570.53161252,Medium
20_USA,United States of America,2061,46189738.59030523,Medium
20_USA,United States of America,2062,46680256.94396805,Medium
20_USA,United States of America,2063,47173789.67985782,Medium
20_USA,United States of America,2064,47670210.16217091,Medium
20_USA,United States of America,2065,48167670.07360484,Medium
20_USA,United States of America,2066,48669629.59020926,Medium
20_USA,United States of America,2067,49176378.76997156,Medium
20_USA,United States of America,2068,49687621.99469029,Medium
20_USA,United States of America,2069,50200491.49555229,Medium
20_USA,United States of America,2070,50718092.58434629,Medium
20_USA,United States of America,2071,51234981.37195146,Medium
20_USA,United States of America,2072,51757212.5725793,Medium
20_USA,United States of America,2073,52277276.02247679,Medium
20_USA,United States of America,2074,52800630.0904541,Medium
20_USA,United States of America,2075,53324115.56503889,Medium
20_USA,United States of America,2076,53854230.486363165,Medium
20_USA,United States of America,2077,54382998.03611496,Medium
20_USA,United States of America,2078,54911749.28792382,Medium
20_USA,United States of America,2079,55442567.61380328,Medium
20_USA,United States of America,2080,55972311.74073282,Medium
20_USA,United States of America,2081,56502965.17882112,Medium
20_USA,United States of America,2082,57043923.58102396,Medium
20_USA,United States of America,2083,57582014.78340808,Medium
20_USA,United States of America,2084,58122699.43803792,Medium
20_USA,United States of America,2085,58665775.70143757,Medium
20_USA,United States of America,2086,59207246.57075786,Medium
20_USA,United States of America,2087,59756794.63563928,Medium
20_USA,United States of America,2088,60310368.62667676,Medium
20_USA,United States of America,2089,60872074.10162821,Medium
20_USA,United States of America,2090,61435283.81678183,Medium
20_USA,United States of America,2091,62000574.4810164,Medium
20_USA,United States of America,2092,62572267.46965911,Medium
20_USA,United States of America,2093,63148340.974012926,Medium
20_USA,United States of America,2094,63726742.93572414,Medium
20_USA,United States of America,2095,64310717.25875053,Medium
20_USA,United States of America,2096,64896753.746619,Medium
20_USA,United States of America,2097,65482167.6464429,Medium
20_USA,United States of America,2098,66072594.31085718,Medium
20_USA,United States of America,2099,66661916.61878008,Medium
20_USA,United States of America,2100,67256003.21632804,Medium
21_VN,Viet Nam,1990,161662.91552756602,Medium
21_VN,Viet Nam,1991,171299.389618391,Medium
21_VN,Viet Nam,1992,186110.016142367,Medium
21_VN,Viet Nam,1993,201134.176471976,Medium
21_VN,Viet Nam,1994,218912.38801920903,Medium
21_VN,Viet Nam,1995,239797.68099861,Medium
21_VN,Viet Nam,1996,262194.826367016,Medium
21_VN,Viet Nam,1997,283569.16923197603,Medium
21_VN,Viet Nam,1998,299915.387686359,Medium
21_VN,Viet Nam,1999,314232.109294403,Medium
21_VN,Viet Nam,2000,335560.03679716104,Medium
21_VN,Viet Nam,2001,356340.911874838,Medium
21_VN,Viet Nam,2002,378864.58303431096,Medium
21_VN,Viet Nam,2003,405002.691161065,Medium
21_VN,Viet Nam,2004,435525.356944074,Medium
21_VN,Viet Nam,2005,468395.534555077,Medium
21_VN,Viet Nam,2006,501079.963291044,Medium
21_VN,Viet Nam,2007,536804.481752599,Medium
21_VN,Viet Nam,2008,567197.123348626,Medium
21_VN,Viet Nam,2009,597813.842917616,Medium
21_VN,Viet Nam,2010,636212.889630382,Medium
21_VN,Viet Nam,2011,677014.296785697,Medium
21_VN,Viet Nam,2012,714280.851405542,Medium
21_VN,Viet Nam,2013,753948.5157039709,Medium
21_VN,Viet Nam,2014,802368.9223910511,Medium
21_VN,Viet Nam,2015,858431.677101791,Medium
21_VN,Viet Nam,2016,915860.832928699,Medium
21_VN,Viet Nam,2017,979423.318291117,Medium
21_VN,Viet Nam,2018,1052537.33614814,Medium
21_VN,Viet Nam,2019,1129996.3237419198,Medium
21_VN,Viet Nam,2020,1162375.38766502,Medium
21_VN,Viet Nam,2021,1192059.2995246202,Medium
21_VN,Viet Nam,2022,1293831.36713498,Medium
21_VN,Viet Nam,2023,1358246.8266358,Medium
21_VN,Viet Nam,2024,1453861.31789441,Medium
21_VN,Viet Nam,2025,1570443.98526357,Medium
21_VN,Viet Nam,2026,1663459.0952295526,Medium
21_VN,Viet Nam,2027,1771676.5487031995,Medium
21_VN,Viet Nam,2028,1879290.749373413,Medium
21_VN,Viet Nam,2029,1996277.136669169,Medium
21_VN,Viet Nam,2030,2115536.011186504,Medium
21_VN,Viet Nam,2031,2234089.738604274,Medium
21_VN,Viet Nam,2032,2358256.557857136,Medium
21_VN,Viet Nam,2033,2485412.859019075,Medium
21_VN,Viet Nam,2034,2616431.158391624,Medium
21_VN,Viet Nam,2035,2750015.289760604,Medium
21_VN,Viet Nam,2036,2886048.3521829224,Medium
21_VN,Viet Nam,2037,3026644.307837538,Medium
21_VN,Viet Nam,2038,3172656.2188364486,Medium
21_VN,Viet Nam,2039,3323986.6562789176,Medium
21_VN,Viet Nam,2040,3480495.628697572,Medium
21_VN,Viet Nam,2041,3642101.978599344,Medium
21_VN,Viet Nam,2042,3809176.4845953896,Medium
21_VN,Viet Nam,2043,3981307.515545176,Medium
21_VN,Viet Nam,2044,4158346.895059382,Medium
21_VN,Viet Nam,2045,4340173.748573539,Medium
21_VN,Viet Nam,2046,4526941.83618597,Medium
21_VN,Viet Nam,2047,4718225.980319426,Medium
21_VN,Viet Nam,2048,4913496.619375897,Medium
21_VN,Viet Nam,2049,5112399.424243213,Medium
21_VN,Viet Nam,2050,5314830.086989451,Medium
21_VN,Viet Nam,2051,5520840.323409341,Medium
21_VN,Viet Nam,2052,5729714.923368331,Medium
21_VN,Viet Nam,2053,5941690.175984056,Medium
21_VN,Viet Nam,2054,6156644.220754384,Medium
21_VN,Viet Nam,2055,6374206.220396299,Medium
21_VN,Viet Nam,2056,6594308.641851076,Medium
21_VN,Viet Nam,2057,6816998.195775806,Medium
21_VN,Viet Nam,2058,7041642.163715723,Medium
21_VN,Viet Nam,2059,7267959.643100699,Medium
21_VN,Viet Nam,2060,7496092.868650597,Medium
21_VN,Viet Nam,2061,7726031.393733646,Medium
21_VN,Viet Nam,2062,7957066.190078972,Medium
21_VN,Viet Nam,2063,8188881.431463114,Medium
21_VN,Viet Nam,2064,8421443.525071567,Medium
21_VN,Viet Nam,2065,8654566.877016602,Medium
21_VN,Viet Nam,2066,8887610.66198247,Medium
21_VN,Viet Nam,2067,9123180.02150219,Medium
21_VN,Viet Nam,2068,9361470.238028092,Medium
21_VN,Viet Nam,2069,9602469.2767626,Medium
21_VN,Viet Nam,2070,9845685.78205265,Medium
21_VN,Viet Nam,2071,10090259.8503986,Medium
21_VN,Viet Nam,2072,10336594.214487351,Medium
21_VN,Viet Nam,2073,10583634.220714789,Medium
21_VN,Viet Nam,2074,10831583.10502627,Medium
21_VN,Viet Nam,2075,11080433.103421727,Medium
21_VN,Viet Nam,2076,11329576.077093452,Medium
21_VN,Viet Nam,2077,11579000.70839046,Medium
21_VN,Viet Nam,2078,11827512.115599668,Medium
21_VN,Viet Nam,2079,12075861.074093623,Medium
21_VN,Viet Nam,2080,12322921.051675668,Medium
21_VN,Viet Nam,2081,12569101.885558022,Medium
21_VN,Viet Nam,2082,12813780.331523128,Medium
21_VN,Viet Nam,2083,13056877.415421458,Medium
21_VN,Viet Nam,2084,13298603.959414264,Medium
21_VN,Viet Nam,2085,13538760.294768335,Medium
21_VN,Viet Nam,2086,13776623.03476888,Medium
21_VN,Viet Nam,2087,14011532.80471189,Medium
21_VN,Viet Nam,2088,14243290.390487757,Medium
21_VN,Viet Nam,2089,14472324.391405337,Medium
21_VN,Viet Nam,2090,14697429.871117173,Medium
21_VN,Viet Nam,2091,14918328.05002728,Medium
21_VN,Viet Nam,2092,15135303.06685017,Medium
21_VN,Viet Nam,2093,15347853.279368231,Medium
21_VN,Viet Nam,2094,15555167.65496869,Medium
21_VN,Viet Nam,2095,15757328.500957085,Medium
21_VN,Viet Nam,2096,15958939.159241188,Medium
21_VN,Viet Nam,2097,16159081.822714236,Medium
21_VN,Viet Nam,2098,16358991.89800292,Medium
21_VN,Viet Nam,2099,16557125.021352326,Medium
21_VN,Viet Nam,2100,16754526.739255674,Medium
01_AUS,Australia,1990,618913.6434465031,High
01_AUS,Australia,1991,616533.1075007679,High
01_AUS,Australia,1992,619203.1019303941,High
01_AUS,Australia,1993,644255.029953675,High
01_AUS,Australia,1994,669888.9347595761,High
01_AUS,Australia,1995,695948.765791245,High
01_AUS,Australia,1996,722851.8817928929,High
01_AUS,Australia,1997,751172.915991526,High
01_AUS,Australia,1998,786303.874098678,High
01_AUS,Australia,1999,825840.965575829,High
01_AUS,Australia,2000,858181.3725486491,High
01_AUS,Australia,2001,875614.973582609,High
01_AUS,Australia,2002,910200.060722256,High
01_AUS,Australia,2003,938336.894067504,High
01_AUS,Australia,2004,977924.778471004,High
01_AUS,Australia,2005,1008783.01113519,High
01_AUS,Australia,2006,1036735.64362706,High
01_AUS,Australia,2007,1076022.44225027,High
01_AUS,Australia,2008,1115017.33453773,High
01_AUS,Australia,2009,1136814.23153392,High
01_AUS,Australia,2010,1161938.37118743,High
01_AUS,Australia,2011,1189763.71538194,High
01_AUS,Australia,2012,1236788.78573622,High
01_AUS,Australia,2013,1269618.76308348,High
01_AUS,Australia,2014,1302643.95661756,High
01_AUS,Australia,2015,1330837.70251883,High
01_AUS,Australia,2016,1367510.80730548,High
01_AUS,Australia,2017,1398872.07352942,High
01_AUS,Australia,2018,1439078.04053065,High
01_AUS,Australia,2019,1470651.6579045,High
01_AUS,Australia,2020,1468687.86874001,High
01_AUS,Australia,2021,1498163.67705936,High
01_AUS,Australia,2022,1561881.26129328,High
01_AUS,Australia,2023,1617856.2900553702,High
01_AUS,Australia,2024,1640076.05346249,High
01_AUS,Australia,2025,1662223.60523938,High
01_AUS,Australia,2026,1695481.2304040217,High
01_AUS,Australia,2027,1728916.918518987,High
01_AUS,Australia,2028,1763175.0950062273,High
01_AUS,Australia,2029,1797935.8438102305,High
01_AUS,Australia,2030,1833986.8894833964,High
01_AUS,Australia,2031,1871376.7924447372,High
01_AUS,Australia,2032,1909316.94099958,High
01_AUS,Australia,2033,1947790.0834008076,High
01_AUS,Australia,2034,1986122.946456472,High
01_AUS,Australia,2035,2025820.390605213,High
01_AUS,Australia,2036,2066327.978465924,High
01_AUS,Australia,2037,2107568.0893589864,High
01_AUS,Australia,2038,2149265.379122804,High
01_AUS,Australia,2039,2191949.183732016,High
01_AUS,Australia,2040,2235160.726774597,High
01_AUS,Australia,2041,2279358.09162877,High
01_AUS,Australia,2042,2324550.314830238,High
01_AUS,Australia,2043,2370727.764537624,High
01_AUS,Australia,2044,2417646.0423004352,High
01_AUS,Australia,2045,2465424.9123280435,High
01_AUS,Australia,2046,2514257.5943380767,High
01_AUS,Australia,2047,2564289.699818525,High
01_AUS,Australia,2048,2614704.6275368244,High
01_AUS,Australia,2049,2666666.909144255,High
01_AUS,Australia,2050,2719105.353342105,High
01_AUS,Australia,2051,2772609.906955559,High
01_AUS,Australia,2052,2827127.196464427,High
01_AUS,Australia,2053,2882546.4872759166,High
01_AUS,Australia,2054,2939175.922057946,High
01_AUS,Australia,2055,2997209.791294764,High
01_AUS,Australia,2056,3056606.5317280814,High
01_AUS,Australia,2057,3117072.553114347,High
01_AUS,Australia,2058,3178948.1160729546,High
01_AUS,Australia,2059,3242617.030130808,High
01_AUS,Australia,2060,3307162.842144743,High
01_AUS,Australia,2061,3373156.711463752,High
01_AUS,Australia,2062,3440866.2737612417,High
01_AUS,Australia,2063,3510142.0284348964,High
01_AUS,Australia,2064,3581104.986432705,High
01_AUS,Australia,2065,3653039.782135012,High
01_AUS,Australia,2066,3726882.137393224,High
01_AUS,Australia,2067,3802799.331064911,High
01_AUS,Australia,2068,3880416.081588626,High
01_AUS,Australia,2069,3959750.435971524,High
01_AUS,Australia,2070,4040671.1977273994,High
01_AUS,Australia,2071,4122971.317910765,High
01_AUS,Australia,2072,4206559.960385015,High
01_AUS,Australia,2073,4291904.242721424,High
01_AUS,Australia,2074,4379127.285457202,High
01_AUS,Australia,2075,4468316.56779631,High
01_AUS,Australia,2076,4559198.028354841,High
01_AUS,Australia,2077,4651793.026876618,High
01_AUS,Australia,2078,4746975.438785007,High
01_AUS,Australia,2079,4844353.699677667,High
01_AUS,Australia,2080,4944018.378027089,High
01_AUS,Australia,2081,5046045.403016388,High
01_AUS,Australia,2082,5151172.783481144,High
01_AUS,Australia,2083,5258386.162530081,High
01_AUS,Australia,2084,5368698.711421875,High
01_AUS,Australia,2085,5480908.941642857,High
01_AUS,Australia,2086,5595980.460363224,High
01_AUS,Australia,2087,5714347.317478042,High
01_AUS,Australia,2088,5836143.197897969,High
01_AUS,Australia,2089,5961838.620679397,High
01_AUS,Australia,2090,6090127.303142024,High
01_AUS,Australia,2091,6222180.894505046,High
01_AUS,Australia,2092,6357603.716738712,High
01_AUS,Australia,2093,6496091.116990803,High
01_AUS,Australia,2094,6637820.009084634,High
01_AUS,Australia,2095,6782063.00436742,High
01_AUS,Australia,2096,6930294.497361759,High
01_AUS,Australia,2097,7082770.967591655,High
01_AUS,Australia,2098,7239350.0363993775,High
01_AUS,Australia,2099,7398600.083363046,High
01_AUS,Australia,2100,7561129.60158825,High
02_BD,Brunei Darussalam,1990,30166.2430548788,High
02_BD,Brunei Darussalam,1991,31044.2786293994,High
02_BD,Brunei Darussalam,1992,30075.505025988,High
02_BD,Brunei Darussalam,1993,29884.9316910154,High
02_BD,Brunei Darussalam,1994,30181.6098553671,High
02_BD,Brunei Darussalam,1995,30588.2448027798,High
02_BD,Brunei Darussalam,1996,30579.8894812155,High
02_BD,Brunei Darussalam,1997,32519.8608489052,High
02_BD,Brunei Darussalam,1998,30354.9619039354,High
02_BD,Brunei Darussalam,1999,31648.3024932464,High
02_BD,Brunei Darussalam,2000,32747.9785519656,High
02_BD,Brunei Darussalam,2001,33228.0838348158,High
02_BD,Brunei Darussalam,2002,34544.3940735811,High
02_BD,Brunei Darussalam,2003,35782.267943159895,High
02_BD,Brunei Darussalam,2004,35819.6741437482,High
02_BD,Brunei Darussalam,2005,35818.2681081303,High
02_BD,Brunei Darussalam,2006,37286.248511735495,High
02_BD,Brunei Darussalam,2007,35882.934589017,High
02_BD,Brunei Darussalam,2008,34483.245006226,High
02_BD,Brunei Darussalam,2009,33827.9758767617,High
02_BD,Brunei Darussalam,2010,34755.3239628481,High
02_BD,Brunei Darussalam,2011,36056.704487345,High
02_BD,Brunei Darussalam,2012,36385.9509442523,High
02_BD,Brunei Darussalam,2013,35612.8284708911,High
02_BD,Brunei Darussalam,2014,34719.698877079005,High
02_BD,Brunei Darussalam,2015,34583.4644208093,High
02_BD,Brunei Darussalam,2016,33726.514628313,High
02_BD,Brunei Darussalam,2017,34174.6478029999,High
02_BD,Brunei Darussalam,2018,34192.5454221039,High
02_BD,Brunei Darussalam,2019,35515.401787812894,High
02_BD,Brunei Darussalam,2020,35917.9949174561,High
02_BD,Brunei Darussalam,2021,35346.6248872816,High
02_BD,Brunei Darussalam,2022,34771.064644095706,High
02_BD,Brunei Darussalam,2023,35163.1585314447,High
02_BD,Brunei Darussalam,2024,36588.1515413938,High
02_BD,Brunei Darussalam,2025,36833.131954828,High
02_BD,Brunei Darussalam,2026,36884.46971532686,High
02_BD,Brunei Darussalam,2027,37078.20729531426,High
02_BD,Brunei Darussalam,2028,37449.93996161282,High
02_BD,Brunei Darussalam,2029,37817.11134211187,High
02_BD,Brunei Darussalam,2030,38074.62435446977,High
02_BD,Brunei Darussalam,2031,38343.416334889225,High
02_BD,Brunei Darussalam,2032,38656.07441635396,High
02_BD,Brunei Darussalam,2033,38984.43142362434,High
02_BD,Brunei Darussalam,2034,39311.62610422906,High
02_BD,Brunei Darussalam,2035,39648.03882898087,High
02_BD,Brunei Darussalam,2036,40002.92647328691,High
02_BD,Brunei Darussalam,2037,40371.02038237069,High
02_BD,Brunei Darussalam,2038,40754.38097030696,High
02_BD,Brunei Darussalam,2039,41158.68386741374,High
02_BD,Brunei Darussalam,2040,41565.30360760533,High
02_BD,Brunei Darussalam,2041,41984.77297033685,High
02_BD,Brunei Darussalam,2042,42424.80104056882,High
02_BD,Brunei Darussalam,2043,42875.62909574563,High
02_BD,Brunei Darussalam,2044,43340.67942114728,High
02_BD,Brunei Darussalam,2045,43821.5997219409,High
02_BD,Brunei Darussalam,2046,44329.862274916384,High
02_BD,Brunei Darussalam,2047,44830.38893817442,High
02_BD,Brunei Darussalam,2048,45332.06966463076,High
02_BD,Brunei Darussalam,2049,45834.71836060832,High
02_BD,Brunei Darussalam,2050,46337.88753372631,High
02_BD,Brunei Darussalam,2051,46840.40929287145,High
02_BD,Brunei Darussalam,2052,47343.05308716372,High
02_BD,Brunei Darussalam,2053,47838.513830841024,High
02_BD,Brunei Darussalam,2054,48334.40021399024,High
02_BD,Brunei Darussalam,2055,48837.07304594579,High
02_BD,Brunei Darussalam,2056,49338.997295484856,High
02_BD,Brunei Darussalam,2057,49848.10454337662,High
02_BD,Brunei Darussalam,2058,50356.34348123904,High
02_BD,Brunei Darussalam,2059,50868.72940874931,High
02_BD,Brunei Darussalam,2060,51388.59906015157,High
02_BD,Brunei Darussalam,2061,51914.604128801686,High
02_BD,Brunei Darussalam,2062,52445.62854182851,High
02_BD,Brunei Darussalam,2063,52985.68619705307,High
02_BD,Brunei Darussalam,2064,53523.474946974486,High
02_BD,Brunei Darussalam,2065,54062.36372808494,High
02_BD,Brunei Darussalam,2066,54601.04512941156,High
02_BD,Brunei Darussalam,2067,55140.85396230112,High
02_BD,Brunei Darussalam,2068,55675.57579101289,High
02_BD,Brunei Darussalam,2069,56216.75849329956,High
02_BD,Brunei Darussalam,2070,56767.15618873285,High
02_BD,Brunei Darussalam,2071,57329.19562353272,High
02_BD,Brunei Darussalam,2072,57896.18498214192,High
02_BD,Brunei Darussalam,2073,58455.72255437205,High
02_BD,Brunei Darussalam,2074,59015.7886626402,High
02_BD,Brunei Darussalam,2075,59573.38345010801,High
02_BD,Brunei Darussalam,2076,60129.63802379362,High
02_BD,Brunei Darussalam,2077,60708.747532893125,High
02_BD,Brunei Darussalam,2078,61290.17108213075,High
02_BD,Brunei Darussalam,2079,61883.59823458447,High
02_BD,Brunei Darussalam,2080,62479.321829405846,High
02_BD,Brunei Darussalam,2081,63080.15375719429,High
02_BD,Brunei Darussalam,2082,63685.76379447968,High
02_BD,Brunei Darussalam,2083,64297.12141415886,High
02_BD,Brunei Darussalam,2084,64916.729938556055,High
02_BD,Brunei Darussalam,2085,65549.3750392881,High
02_BD,Brunei Darussalam,2086,66188.38299445725,High
02_BD,Brunei Darussalam,2087,66845.48620549818,High
02_BD,Brunei Darussalam,2088,67508.72301043593,High
02_BD,Brunei Darussalam,2089,68175.9394212455,High
02_BD,Brunei Darussalam,2090,68854.53999904738,High
02_BD,Brunei Darussalam,2091,69548.57236379603,High
02_BD,Brunei Darussalam,2092,70256.68542336965,High
02_BD,Brunei Darussalam,2093,70972.6818757385,High
02_BD,Brunei Darussalam,2094,71700.4088403792,High
02_BD,Brunei Darussalam,2095,72437.52427625813,High
02_BD,Brunei Darussalam,2096,73188.42846000475,High
02_BD,Brunei Darussalam,2097,73946.1939895331,High
02_BD,Brunei Darussalam,2098,74718.53436816497,High
02_BD,Brunei Darussalam,2099,75493.65393055251,High
02_BD,Brunei Darussalam,2100,76275.58219435527,High
03_CDA,Canada,1990,1120801.48099006,High
03_CDA,Canada,1991,1097364.90373259,High
03_CDA,Canada,1992,1107136.56777335,High
03_CDA,Canada,1993,1136561.01204582,High
03_CDA,Canada,1994,1187638.62469298,High
03_CDA,Canada,1995,1219494.99126406,High
03_CDA,Canada,1996,1240091.78876413,High
03_CDA,Canada,1997,1293169.78584872,High
03_CDA,Canada,1998,1343511.41896344,High
03_CDA,Canada,1999,1412581.38782696,High
03_CDA,Canada,2000,1485167.43603027,High
03_CDA,Canada,2001,1513015.78286547,High
03_CDA,Canada,2002,1558394.98950278,High
03_CDA,Canada,2003,1586545.6046963502,High
03_CDA,Canada,2004,1635607.36681118,High
03_CDA,Canada,2005,1688117.79573149,High
03_CDA,Canada,2006,1732649.39366773,High
03_CDA,Canada,2007,1768167.053194,High
03_CDA,Canada,2008,1785767.50069609,High
03_CDA,Canada,2009,1733710.83745854,High
03_CDA,Canada,2010,1787296.48189574,High
03_CDA,Canada,2011,1843367.44765178,High
03_CDA,Canada,2012,1875730.73713785,High
03_CDA,Canada,2013,1919356.73708622,High
03_CDA,Canada,2014,1974508.8148515504,High
03_CDA,Canada,2015,1987342.54983495,High
03_CDA,Canada,2016,2007982.11416769,High
03_CDA,Canada,2017,2068900.97670281,High
03_CDA,Canada,2018,2125650.17356613,High
03_CDA,Canada,2019,2166216.76038716,High
03_CDA,Canada,2020,2057077.70344368,High
03_CDA,Canada,2021,2179484.68919425,High
03_CDA,Canada,2022,2281820.6459284,High
03_CDA,Canada,2023,2326386.55460181,High
03_CDA,Canada,2024,2373990.61295384,High
03_CDA,Canada,2025,2415361.79985527,High
03_CDA,Canada,2026,2459522.7801957494,High
03_CDA,Canada,2027,2504409.67040605,High
03_CDA,Canada,2028,2546842.013035924,High
03_CDA,Canada,2029,2587575.8106015297,High
03_CDA,Canada,2030,2629914.6609571064,High
03_CDA,Canada,2031,2683684.1799267693,High
03_CDA,Canada,2032,2737517.215550269,High
03_CDA,Canada,2033,2783019.8329657293,High
03_CDA,Canada,2034,2829575.437053044,High
03_CDA,Canada,2035,2878805.133257275,High
03_CDA,Canada,2036,2929195.682148152,High
03_CDA,Canada,2037,2981452.3603680474,High
03_CDA,Canada,2038,3034435.7389754965,High
03_CDA,Canada,2039,3088131.0352192703,High
03_CDA,Canada,2040,3142239.644484843,High
03_CDA,Canada,2041,3196903.2581401584,High
03_CDA,Canada,2042,3252448.902724237,High
03_CDA,Canada,2043,3308821.556955996,High
03_CDA,Canada,2044,3365893.363562908,High
03_CDA,Canada,2045,3423838.075166377,High
03_CDA,Canada,2046,3482863.7521169744,High
03_CDA,Canada,2047,3542154.7307731383,High
03_CDA,Canada,2048,3602331.859398392,High
03_CDA,Canada,2049,3663574.02234463,High
03_CDA,Canada,2050,3725111.8427802655,High
03_CDA,Canada,2051,3788239.9857910834,High
03_CDA,Canada,2052,3852429.112320581,High
03_CDA,Canada,2053,3918098.3377323584,High
03_CDA,Canada,2054,3984455.041050135,High
03_CDA,Canada,2055,4052188.425363948,High
03_CDA,Canada,2056,4121449.7654283578,High
03_CDA,Canada,2057,4192387.2541260873,High
03_CDA,Canada,2058,4265135.269353269,High
03_CDA,Canada,2059,4340133.699447431,High
03_CDA,Canada,2060,4416767.570249554,High
03_CDA,Canada,2061,4494925.288854551,High
03_CDA,Canada,2062,4575228.904229892,High
03_CDA,Canada,2063,4657752.247197489,High
03_CDA,Canada,2064,4742050.870734913,High
03_CDA,Canada,2065,4828131.200280302,High
03_CDA,Canada,2066,4916075.233094959,High
03_CDA,Canada,2067,5005944.79406005,High
03_CDA,Canada,2068,5098200.153385031,High
03_CDA,Canada,2069,5191620.955034818,High
03_CDA,Canada,2070,5286899.595876614,High
03_CDA,Canada,2071,5383961.659161987,High
03_CDA,Canada,2072,5483032.151414921,High
03_CDA,Canada,2073,5583849.665077172,High
03_CDA,Canada,2074,5686140.816962437,High
03_CDA,Canada,2075,5790444.632875772,High
03_CDA,Canada,2076,5897119.946421424,High
03_CDA,Canada,2077,6006436.414487544,High
03_CDA,Canada,2078,6117313.494294726,High
03_CDA,Canada,2079,6231430.076357499,High
03_CDA,Canada,2080,6347572.206009344,High
03_CDA,Canada,2081,6466347.088100254,High
03_CDA,Canada,2082,6588495.110372151,High
03_CDA,Canada,2083,6712307.543608015,High
03_CDA,Canada,2084,6839841.109780263,High
03_CDA,Canada,2085,6969814.260546156,High
03_CDA,Canada,2086,7102418.922313303,High
03_CDA,Canada,2087,7238376.505465323,High
03_CDA,Canada,2088,7377102.237041385,High
03_CDA,Canada,2089,7521193.823894949,High
03_CDA,Canada,2090,7666789.597494401,High
03_CDA,Canada,2091,7815579.844451509,High
03_CDA,Canada,2092,7969317.668332162,High
03_CDA,Canada,2093,8126271.37095968,High
03_CDA,Canada,2094,8287669.387332543,High
03_CDA,Canada,2095,8452886.984172346,High
03_CDA,Canada,2096,8622402.395083377,High
03_CDA,Canada,2097,8796272.490429146,High
03_CDA,Canada,2098,8975915.710494423,High
03_CDA,Canada,2099,9159510.835077304,High
03_CDA,Canada,2100,9346965.28883764,High
04_CHL,Chile,1990,147207.604208892,High
04_CHL,Chile,1991,158625.32319337298,High
04_CHL,Chile,1992,176870.299108825,High
04_CHL,Chile,1993,188695.1122357,High
04_CHL,Chile,1994,198274.792763472,High
04_CHL,Chile,1995,216625.972612204,High
04_CHL,Chile,1996,232038.612978128,High
04_CHL,Chile,1997,249190.30225156,High
04_CHL,Chile,1998,259608.666274193,High
04_CHL,Chile,1999,258898.295450835,High
04_CHL,Chile,2000,271769.73874030303,High
04_CHL,Chile,2001,280341.451214666,High
04_CHL,Chile,2002,289320.224789779,High
04_CHL,Chile,2003,302985.528618296,High
04_CHL,Chile,2004,323207.552891234,High
04_CHL,Chile,2005,342073.32552133,High
04_CHL,Chile,2006,362768.730332331,High
04_CHL,Chile,2007,381517.456258289,High
04_CHL,Chile,2008,395974.651300719,High
04_CHL,Chile,2009,391547.507252358,High
04_CHL,Chile,2010,414459.500963048,High
04_CHL,Chile,2011,440255.03251899296,High
04_CHL,Chile,2012,467354.226719337,High
04_CHL,Chile,2013,482816.67985352,High
04_CHL,Chile,2014,491471.89051271,High
04_CHL,Chile,2015,502048.082999281,High
04_CHL,Chile,2016,510849.180433227,High
04_CHL,Chile,2017,517784.9561212231,High
04_CHL,Chile,2018,538444.72850259,High
04_CHL,Chile,2019,541913.515453842,High
04_CHL,Chile,2020,508641.66792163503,High
04_CHL,Chile,2021,566308.424865614,High
04_CHL,Chile,2022,577996.570020702,High
04_CHL,Chile,2023,581909.750325514,High
04_CHL,Chile,2024,598233.0541876999,High
04_CHL,Chile,2025,612945.128975802,High
04_CHL,Chile,2026,622596.2866243193,High
04_CHL,Chile,2027,632457.4825975908,High
04_CHL,Chile,2028,642908.4667256656,High
04_CHL,Chile,2029,652539.635206041,High
04_CHL,Chile,2030,663925.0883014032,High
04_CHL,Chile,2031,679104.6323606746,High
04_CHL,Chile,2032,690064.2944621991,High
04_CHL,Chile,2033,701017.3645488506,High
04_CHL,Chile,2034,712982.6624527985,High
04_CHL,Chile,2035,724732.4598597229,High
04_CHL,Chile,2036,736133.6243555974,High
04_CHL,Chile,2037,747844.8060370778,High
04_CHL,Chile,2038,759904.5361402463,High
04_CHL,Chile,2039,772340.3386121457,High
04_CHL,Chile,2040,785231.656011802,High
04_CHL,Chile,2041,798504.7888018758,High
04_CHL,Chile,2042,811649.4565803688,High
04_CHL,Chile,2043,825220.3585861251,High
04_CHL,Chile,2044,839172.1194346915,High
04_CHL,Chile,2045,853335.998265524,High
04_CHL,Chile,2046,867785.3042358902,High
04_CHL,Chile,2047,882659.1466707783,High
04_CHL,Chile,2048,897952.2412486264,High
04_CHL,Chile,2049,913566.2449730212,High
04_CHL,Chile,2050,929364.971189316,High
04_CHL,Chile,2051,945396.8535870468,High
04_CHL,Chile,2052,961575.2894368845,High
04_CHL,Chile,2053,977896.9285754748,High
04_CHL,Chile,2054,994331.3186832756,High
04_CHL,Chile,2055,1010964.6708657948,High
04_CHL,Chile,2056,1027732.1498258793,High
04_CHL,Chile,2057,1044706.7730279816,High
04_CHL,Chile,2058,1061859.5180606705,High
04_CHL,Chile,2059,1079295.427327417,High
04_CHL,Chile,2060,1096872.3987632308,High
04_CHL,Chile,2061,1114722.577599476,High
04_CHL,Chile,2062,1132765.9428013673,High
04_CHL,Chile,2063,1151044.8538103616,High
04_CHL,Chile,2064,1169471.5009846843,High
04_CHL,Chile,2065,1188110.2532090712,High
04_CHL,Chile,2066,1207056.2255985243,High
04_CHL,Chile,2067,1226198.1476195687,High
04_CHL,Chile,2068,1245649.338981449,High
04_CHL,Chile,2069,1265381.0238197611,High
04_CHL,Chile,2070,1285417.387511926,High
04_CHL,Chile,2071,1305700.2491099704,High
04_CHL,Chile,2072,1326189.406456003,High
04_CHL,Chile,2073,1346996.7907561664,High
04_CHL,Chile,2074,1368041.726763022,High
04_CHL,Chile,2075,1389245.5829183222,High
04_CHL,Chile,2076,1410606.5702744557,High
04_CHL,Chile,2077,1432186.6774988389,High
04_CHL,Chile,2078,1453948.3119033964,High
04_CHL,Chile,2079,1475893.6406809443,High
04_CHL,Chile,2080,1498047.6127343564,High
04_CHL,Chile,2081,1520379.731316723,High
04_CHL,Chile,2082,1542936.4630730555,High
04_CHL,Chile,2083,1565831.5013814678,High
04_CHL,Chile,2084,1588853.9410009691,High
04_CHL,Chile,2085,1612108.128008503,High
04_CHL,Chile,2086,1635509.4665739075,High
04_CHL,Chile,2087,1659200.6949225292,High
04_CHL,Chile,2088,1683125.0444227683,High
04_CHL,Chile,2089,1707284.563054802,High
04_CHL,Chile,2090,1731795.0635820697,High
04_CHL,Chile,2091,1756719.653223126,High
04_CHL,Chile,2092,1782066.3127996684,High
04_CHL,Chile,2093,1807947.242796848,High
04_CHL,Chile,2094,1834224.568238225,High
04_CHL,Chile,2095,1861036.720274328,High
04_CHL,Chile,2096,1888341.0890073548,High
04_CHL,Chile,2097,1916244.162870544,High
04_CHL,Chile,2098,1944765.1270452624,High
04_CHL,Chile,2099,1973813.6897442604,High
04_CHL,Chile,2100,2003466.8461720536,High
05_PRC,China,1990,1892142.38958421,High
05_PRC,China,1991,2069542.70411926,High
05_PRC,China,1992,2365438.10981625,High
05_PRC,China,1993,2694851.45339764,High
05_PRC,China,1994,3047411.1159254303,High
05_PRC,China,1995,3383096.05644743,High
05_PRC,China,1996,3720501.96312296,High
05_PRC,China,1997,4066419.1529609,High
05_PRC,China,1998,4388623.71871096,High
05_PRC,China,1999,4728357.5378696695,High
05_PRC,China,2000,5133746.73675723,High
05_PRC,China,2001,5561082.22559716,High
05_PRC,China,2002,6074706.48841383,High
05_PRC,China,2003,6689090.876282429,High
05_PRC,China,2004,7367393.39986069,High
05_PRC,China,2005,8211218.76090065,High
05_PRC,China,2006,9252014.07744076,High
05_PRC,China,2007,10561245.4071096,High
05_PRC,China,2008,11582388.576956,High
05_PRC,China,2009,12671839.6454981,High
05_PRC,China,2010,14014001.6672854,High
05_PRC,China,2011,15340013.8600099,High
05_PRC,China,2012,16545404.5598264,High
05_PRC,China,2013,17832377.1968733,High
05_PRC,China,2014,19162852.1715994,High
05_PRC,China,2015,20500730.1811126,High
05_PRC,China,2016,21889385.8220965,High
05_PRC,China,2017,23397835.751144897,High
05_PRC,China,2018,24979016.1327066,High
05_PRC,China,2019,26494587.4779798,High
05_PRC,China,2020,27114429.3726066,High
05_PRC,China,2021,29438240.1298701,High
05_PRC,China,2022,30360791.708735,High
05_PRC,China,2023,32005133.2032272,High
05_PRC,China,2024,33592044.9351591,High
05_PRC,China,2025,35258193.18578079,High
05_PRC,China,2026,36613470.99532472,High
05_PRC,China,2027,37946830.75157596,High
05_PRC,China,2028,39240900.41761122,High
05_PRC,China,2029,40493985.27288915,High
05_PRC,China,2030,41740937.09399906,High
05_PRC,China,2031,43099554.45722073,High
05_PRC,China,2032,44319885.5225386,High
05_PRC,China,2033,45605012.45132999,High
05_PRC,China,2034,46862358.74821664,High
05_PRC,China,2035,48080599.00633071,High
05_PRC,China,2036,49242646.82997948,High
05_PRC,China,2037,50405116.54284383,High
05_PRC,China,2038,51567073.15721581,High
05_PRC,China,2039,52729344.660382025,High
05_PRC,China,2040,53889901.81345985,High
05_PRC,China,2041,55048002.73686777,High
05_PRC,China,2042,56183458.67173342,High
05_PRC,China,2043,57307694.94202169,High
05_PRC,China,2044,58407551.633104295,High
05_PRC,China,2045,59479189.58561481,High
05_PRC,China,2046,60521025.33279793,High
05_PRC,China,2047,61533376.546592,High
05_PRC,China,2048,62514369.623604655,High
05_PRC,China,2049,63458910.08813857,High
05_PRC,China,2050,64365102.39636757,High
05_PRC,China,2051,65232668.96866694,High
05_PRC,China,2052,66058349.40156316,High
05_PRC,China,2053,66842785.92391195,High
05_PRC,China,2054,67587636.37126885,High
05_PRC,China,2055,68292786.53204638,High
05_PRC,China,2056,68959588.85515814,High
05_PRC,China,2057,69589438.45152543,High
05_PRC,China,2058,70184794.79027323,High
05_PRC,China,2059,70745815.71025272,High
05_PRC,China,2060,71275568.05962168,High
05_PRC,China,2061,71776119.28370376,High
05_PRC,China,2062,72251127.437999,High
05_PRC,China,2063,72701944.55632748,High
05_PRC,China,2064,73131476.24253593,High
05_PRC,China,2065,73538482.84335572,High
05_PRC,China,2066,73925934.88679624,High
05_PRC,China,2067,74292898.33980076,High
05_PRC,China,2068,74639426.25817433,High
05_PRC,China,2069,74966697.12051846,High
05_PRC,China,2070,75272986.09973891,High
05_PRC,China,2071,75558682.52829349,High
05_PRC,China,2072,75821910.60379681,High
05_PRC,China,2073,76060904.27939561,High
05_PRC,China,2074,76274591.64100495,High
05_PRC,China,2075,76462545.2177736,High
05_PRC,China,2076,76622554.89422679,High
05_PRC,China,2077,76778602.07739769,High
05_PRC,China,2078,76930298.3851106,High
05_PRC,China,2079,77076656.9358155,High
05_PRC,China,2080,77216759.43346977,High
05_PRC,China,2081,77351996.77896708,High
05_PRC,China,2082,77483431.09202445,High
05_PRC,China,2083,77613846.6819831,High
05_PRC,China,2084,77742528.97320695,High
05_PRC,China,2085,77869299.3831545,High
05_PRC,China,2086,77998546.90067679,High
05_PRC,China,2087,78131357.05797893,High
05_PRC,China,2088,78267801.59296417,High
05_PRC,China,2089,78408631.25513344,High
05_PRC,China,2090,78555203.12639828,High
05_PRC,China,2091,78709210.53090653,High
05_PRC,China,2092,78869835.64225492,High
05_PRC,China,2093,79036051.93903716,High
05_PRC,China,2094,79208140.54717885,High
05_PRC,China,2095,79386097.2674925,High
05_PRC,China,2096,79569357.88788553,High
05_PRC,China,2097,79757668.19661784,High
05_PRC,China,2098,79951163.25805414,High
05_PRC,China,2099,80149625.90735577,High
05_PRC,China,2100,80353178.42872635,High
06_HKC,"Hong Kong, China",1990,180254.935094551,High
06_HKC,"Hong Kong, China",1991,190532.95571677803,High
06_HKC,"Hong Kong, China",1992,202412.730989952,High
06_HKC,"Hong Kong, China",1993,214964.719118366,High
06_HKC,"Hong Kong, China",1994,227940.054858517,High
06_HKC,"Hong Kong, China",1995,233350.961434686,High
06_HKC,"Hong Kong, China",1996,243288.1554906,High
06_HKC,"Hong Kong, China",1997,255695.121426758,High
06_HKC,"Hong Kong, China",1998,240653.50428291,High
06_HKC,"Hong Kong, China",1999,246686.00429592092,High
06_HKC,"Hong Kong, China",2000,265590.648051452,High
06_HKC,"Hong Kong, China",2001,267080.25871759,High
06_HKC,"Hong Kong, China",2002,271504.98183373496,High
06_HKC,"Hong Kong, China",2003,279803.148419369,High
06_HKC,"Hong Kong, China",2004,304146.20576621004,High
06_HKC,"Hong Kong, China",2005,326616.995685976,High
06_HKC,"Hong Kong, China",2006,349586.81819996994,High
06_HKC,"Hong Kong, China",2007,372187.005025284,High
06_HKC,"Hong Kong, China",2008,380106.909461868,High
06_HKC,"Hong Kong, China",2009,370759.732742574,High
06_HKC,"Hong Kong, China",2010,395851.664507564,High
06_HKC,"Hong Kong, China",2011,414910.607969333,High
06_HKC,"Hong Kong, China",2012,421965.4249178791,High
06_HKC,"Hong Kong, China",2013,435052.904642839,High
06_HKC,"Hong Kong, China",2014,447070.866045334,High
06_HKC,"Hong Kong, China",2015,457746.029371383,High
06_HKC,"Hong Kong, China",2016,467704.057142908,High
06_HKC,"Hong Kong, China",2017,485458.6146913871,High
06_HKC,"Hong Kong, China",2018,499279.180784386,High
06_HKC,"Hong Kong, China",2019,490929.09267312905,High
06_HKC,"Hong Kong, China",2020,458798.783063318,High
06_HKC,"Hong Kong, China",2021,488411.63111574703,High
06_HKC,"Hong Kong, China",2022,470412.277408847,High
06_HKC,"Hong Kong, China",2023,485231.885270722,High
06_HKC,"Hong Kong, China",2024,497990.420157803,High
06_HKC,"Hong Kong, China",2025,515358.577387072,High
06_HKC,"Hong Kong, China",2026,526578.7562995004,High
06_HKC,"Hong Kong, China",2027,536069.7246238346,High
06_HKC,"Hong Kong, China",2028,545165.1704215216,High
06_HKC,"Hong Kong, China",2029,551842.2224290883,High
06_HKC,"Hong Kong, China",2030,560767.5313828357,High
06_HKC,"Hong Kong, China",2031,571856.6564478839,High
06_HKC,"Hong Kong, China",2032,582558.2580456682,High
06_HKC,"Hong Kong, China",2033,593428.2310796342,High
06_HKC,"Hong Kong, China",2034,602867.1428489422,High
06_HKC,"Hong Kong, China",2035,612204.370400893,High
06_HKC,"Hong Kong, China",2036,619630.301873852,High
06_HKC,"Hong Kong, China",2037,627557.57177868,High
06_HKC,"Hong Kong, China",2038,636576.3685352217,High
06_HKC,"Hong Kong, China",2039,643548.2471342026,High
06_HKC,"Hong Kong, China",2040,651984.0122066138,High
06_HKC,"Hong Kong, China",2041,658589.2181224904,High
06_HKC,"Hong Kong, China",2042,664943.3396070345,High
06_HKC,"Hong Kong, China",2043,670528.6378309426,High
06_HKC,"Hong Kong, China",2044,676962.9423025777,High
06_HKC,"Hong Kong, China",2045,682889.0693060678,High
06_HKC,"Hong Kong, China",2046,688238.0757723609,High
06_HKC,"Hong Kong, China",2047,693212.2207362072,High
06_HKC,"Hong Kong, China",2048,696425.4185911691,High
06_HKC,"Hong Kong, China",2049,700825.8518412147,High
06_HKC,"Hong Kong, China",2050,704328.2622238494,High
06_HKC,"Hong Kong, China",2051,708070.1187965787,High
06_HKC,"Hong Kong, China",2052,710997.7547548173,High
06_HKC,"Hong Kong, China",2053,713986.5978856034,High
06_HKC,"Hong Kong, China",2054,716997.2392461612,High
06_HKC,"Hong Kong, China",2055,719815.7035423415,High
06_HKC,"Hong Kong, China",2056,722190.796131638,High
06_HKC,"Hong Kong, China",2057,724212.5314236096,High
06_HKC,"Hong Kong, China",2058,725990.1782624411,High
06_HKC,"Hong Kong, China",2059,727525.2216494167,High
06_HKC,"Hong Kong, China",2060,729321.4418473793,High
06_HKC,"Hong Kong, China",2061,730990.6909858378,High
06_HKC,"Hong Kong, China",2062,732332.6976320028,High
06_HKC,"Hong Kong, China",2063,734563.4309033413,High
06_HKC,"Hong Kong, China",2064,736759.8753373942,High
06_HKC,"Hong Kong, China",2065,738033.6977626287,High
06_HKC,"Hong Kong, China",2066,739072.7366035924,High
06_HKC,"Hong Kong, China",2067,740170.8959432294,High
06_HKC,"Hong Kong, China",2068,740753.8926622944,High
06_HKC,"Hong Kong, China",2069,741462.2966462427,High
06_HKC,"Hong Kong, China",2070,742427.4396298671,High
06_HKC,"Hong Kong, China",2071,742733.2004283473,High
06_HKC,"Hong Kong, China",2072,743206.1008930925,High
06_HKC,"Hong Kong, China",2073,743163.9354628884,High
06_HKC,"Hong Kong, China",2074,742883.3473860522,High
06_HKC,"Hong Kong, China",2075,742619.4552030192,High
06_HKC,"Hong Kong, China",2076,742165.4635706121,High
06_HKC,"Hong Kong, China",2077,741683.0839026874,High
06_HKC,"Hong Kong, China",2078,740184.7249797784,High
06_HKC,"Hong Kong, China",2079,740114.4640066583,High
06_HKC,"Hong Kong, China",2080,739366.9327465364,High
06_HKC,"Hong Kong, China",2081,738638.1963377374,High
06_HKC,"Hong Kong, China",2082,738473.3926894219,High
06_HKC,"Hong Kong, China",2083,738238.3222074955,High
06_HKC,"Hong Kong, China",2084,737409.1229069557,High
06_HKC,"Hong Kong, China",2085,736067.0259330157,High
06_HKC,"Hong Kong, China",2086,734691.0266967606,High
06_HKC,"Hong Kong, China",2087,733525.0428585169,High
06_HKC,"Hong Kong, China",2088,732445.6672208076,High
06_HKC,"Hong Kong, China",2089,731938.6841819715,High
06_HKC,"Hong Kong, China",2090,731049.006873393,High
06_HKC,"Hong Kong, China",2091,730295.0458228744,High
06_HKC,"Hong Kong, China",2092,729957.1869988643,High
06_HKC,"Hong Kong, China",2093,730291.7569856291,High
06_HKC,"Hong Kong, China",2094,730375.015401994,High
06_HKC,"Hong Kong, China",2095,729912.407701823,High
06_HKC,"Hong Kong, China",2096,730097.3627230463,High
06_HKC,"Hong Kong, China",2097,730458.2092230368,High
06_HKC,"Hong Kong, China",2098,730812.3260716753,High
06_HKC,"Hong Kong, China",2099,731924.815683718,High
06_HKC,"Hong Kong, China",2100,732691.8150065404,High
07_INA,Indonesia,1990,894210.723157611,High
07_INA,Indonesia,1991,956018.41485916,High
07_INA,Indonesia,1992,1018135.7736667,High
07_INA,Indonesia,1993,1084278.02874442,High
07_INA,Indonesia,1994,1166032.27870676,High
07_INA,Indonesia,1995,1261880.2182916,High
07_INA,Indonesia,1996,1360536.3744416102,High
07_INA,Indonesia,1997,1424479.93580367,High
07_INA,Indonesia,1998,1237492.3649366598,High
07_INA,Indonesia,1999,1247282.48979842,High
07_INA,Indonesia,2000,1308649.63329318,High
07_INA,Indonesia,2001,1356329.84359382,High
07_INA,Indonesia,2002,1417357.57112518,High
07_INA,Indonesia,2003,1485112.49479899,High
07_INA,Indonesia,2004,1559826.63235402,High
07_INA,Indonesia,2005,1648620.87561696,High
07_INA,Indonesia,2006,1739310.71510545,High
07_INA,Indonesia,2007,1849670.36656978,High
07_INA,Indonesia,2008,1960904.05999401,High
07_INA,Indonesia,2009,2051671.78294475,High
07_INA,Indonesia,2010,2179364.84298024,High
07_INA,Indonesia,2011,2313826.95089082,High
07_INA,Indonesia,2012,2453351.8880536,High
07_INA,Indonesia,2013,2589691.1216895897,High
07_INA,Indonesia,2014,2719348.3694038,High
07_INA,Indonesia,2015,2851952.56036174,High
07_INA,Indonesia,2016,2995493.30578544,High
07_INA,Indonesia,2017,3147358.40307801,High
07_INA,Indonesia,2018,3310211.9026478,High
07_INA,Indonesia,2019,3476360.9608746096,High
07_INA,Indonesia,2020,3404556.31399713,High
07_INA,Indonesia,2021,3530623.14045475,High
07_INA,Indonesia,2022,3718000.27384835,High
07_INA,Indonesia,2023,3905715.83089317,High
07_INA,Indonesia,2024,4102273.90042117,High
07_INA,Indonesia,2025,4311821.70409906,High
07_INA,Indonesia,2026,4521092.978177285,High
07_INA,Indonesia,2027,4745501.814719521,High
07_INA,Indonesia,2028,4972002.602049681,High
07_INA,Indonesia,2029,5202862.334721122,High
07_INA,Indonesia,2030,5442020.065836629,High
07_INA,Indonesia,2031,5686484.184798352,High
07_INA,Indonesia,2032,5937752.489628677,High
07_INA,Indonesia,2033,6193506.532217125,High
07_INA,Indonesia,2034,6454378.295677709,High
07_INA,Indonesia,2035,6723134.956167867,High
07_INA,Indonesia,2036,6997083.199773029,High
07_INA,Indonesia,2037,7276197.609585481,High
07_INA,Indonesia,2038,7560056.800287288,High
07_INA,Indonesia,2039,7848552.764893641,High
07_INA,Indonesia,2040,8141604.80034267,High
07_INA,Indonesia,2041,8438957.884419214,High
07_INA,Indonesia,2042,8740455.45957672,High
07_INA,Indonesia,2043,9045831.822038667,High
07_INA,Indonesia,2044,9355018.95363561,High
07_INA,Indonesia,2045,9667786.047031203,High
07_INA,Indonesia,2046,9983991.261640226,High
07_INA,Indonesia,2047,10303519.369930008,High
07_INA,Indonesia,2048,10626432.761450486,High
07_INA,Indonesia,2049,10952912.294235265,High
07_INA,Indonesia,2050,11282694.900163552,High
07_INA,Indonesia,2051,11615824.777925136,High
07_INA,Indonesia,2052,11952269.535078932,High
07_INA,Indonesia,2053,12294767.416774904,High
07_INA,Indonesia,2054,12646162.08872374,High
07_INA,Indonesia,2055,13006569.92008267,High
07_INA,Indonesia,2056,13376216.335404262,High
07_INA,Indonesia,2057,13755346.01723416,High
07_INA,Indonesia,2058,14143905.059831897,High
07_INA,Indonesia,2059,14542276.879039664,High
07_INA,Indonesia,2060,14950411.443614855,High
07_INA,Indonesia,2061,15371566.940151922,High
07_INA,Indonesia,2062,15805986.2781234,High
07_INA,Indonesia,2063,16254171.221477784,High
07_INA,Indonesia,2064,16716529.122952582,High
07_INA,Indonesia,2065,17193263.30086326,High
07_INA,Indonesia,2066,17684745.28566335,High
07_INA,Indonesia,2067,18191126.75699148,High
07_INA,Indonesia,2068,18712684.29807724,High
07_INA,Indonesia,2069,19249820.555344973,High
07_INA,Indonesia,2070,19802871.84608368,High
07_INA,Indonesia,2071,20372288.239321068,High
07_INA,Indonesia,2072,20958359.564587995,High
07_INA,Indonesia,2073,21561367.867049463,High
07_INA,Indonesia,2074,22181668.63826716,High
07_INA,Indonesia,2075,22819997.983060542,High
07_INA,Indonesia,2076,23476463.53282184,High
07_INA,Indonesia,2077,24152155.37187397,High
07_INA,Indonesia,2078,24846985.67883137,High
07_INA,Indonesia,2079,25561934.53499344,High
07_INA,Indonesia,2080,26297618.2503407,High
07_INA,Indonesia,2081,27055075.981324267,High
07_INA,Indonesia,2082,27834833.139672197,High
07_INA,Indonesia,2083,28637500.432450555,High
07_INA,Indonesia,2084,29463864.212357204,High
07_INA,Indonesia,2085,30314901.45641843,High
07_INA,Indonesia,2086,31191392.79944493,High
07_INA,Indonesia,2087,32094001.282280624,High
07_INA,Indonesia,2088,33023582.140416022,High
07_INA,Indonesia,2089,33981274.63030454,High
07_INA,Indonesia,2090,34967706.81171366,High
07_INA,Indonesia,2091,35983423.0935836,High
07_INA,Indonesia,2092,37029408.28148736,High
07_INA,Indonesia,2093,38106294.48520131,High
07_INA,Indonesia,2094,39220838.78787107,High
07_INA,Indonesia,2095,40374409.3043643,High
07_INA,Indonesia,2096,41568221.68773176,High
07_INA,Indonesia,2097,42802844.936846055,High
07_INA,Indonesia,2098,44079678.95607734,High
07_INA,Indonesia,2099,45400260.19315606,High
07_INA,Indonesia,2100,46765587.957774855,High
08_JPN,Japan,1990,4462228.73338141,High
08_JPN,Japan,1991,4614725.25585021,High
08_JPN,Japan,1992,4653861.33700187,High
08_JPN,Japan,1993,4629758.06548019,High
08_JPN,Japan,1994,4675734.635527231,High
08_JPN,Japan,1995,4785242.93394575,High
08_JPN,Japan,1996,4932411.51627922,High
08_JPN,Japan,1997,4999638.8594869,High
08_JPN,Japan,1998,4911013.2156924,High
08_JPN,Japan,1999,4893942.51417564,High
08_JPN,Japan,2000,5039700.11994319,High
08_JPN,Japan,2001,5054043.5377003895,High
08_JPN,Japan,2002,5058338.908909099,High
08_JPN,Japan,2003,5128149.51756588,High
08_JPN,Japan,2004,5236504.66239988,High
08_JPN,Japan,2005,5333290.00081146,High
08_JPN,Japan,2006,5415759.11373235,High
08_JPN,Japan,2007,5509363.96391238,High
08_JPN,Japan,2008,5445090.50669521,High
08_JPN,Japan,2009,5121873.13928537,High
08_JPN,Japan,2010,5333737.1625475,High
08_JPN,Japan,2011,5323050.60126636,High
08_JPN,Japan,2012,5410824.220670019,High
08_JPN,Japan,2013,5518893.343125059,High
08_JPN,Japan,2014,5568889.85257988,High
08_JPN,Japan,2015,5669128.60900908,High
08_JPN,Japan,2016,5709095.20009308,High
08_JPN,Japan,2017,5801779.54165551,High
08_JPN,Japan,2018,5850174.72865872,High
08_JPN,Japan,2019,5832127.1197393,High
08_JPN,Japan,2020,5582320.81867727,High
08_JPN,Japan,2021,5781285.63575058,High
08_JPN,Japan,2022,5858271.98176486,High
08_JPN,Japan,2023,5900497.5453217,High
08_JPN,Japan,2024,5886331.38086735,High
08_JPN,Japan,2025,5956561.95899367,High
08_JPN,Japan,2026,6004088.100715109,High
08_JPN,Japan,2027,6051435.976043897,High
08_JPN,Japan,2028,6093817.063102715,High
08_JPN,Japan,2029,6135921.91239906,High
08_JPN,Japan,2030,6187222.575048639,High
08_JPN,Japan,2031,6253670.188859778,High
08_JPN,Japan,2032,6320588.839876561,High
08_JPN,Japan,2033,6384818.704070684,High
08_JPN,Japan,2034,6446904.42561627,High
08_JPN,Japan,2035,6515181.967511741,High
08_JPN,Japan,2036,6583137.211578904,High
08_JPN,Japan,2037,6653345.326771565,High
08_JPN,Japan,2038,6724322.71632583,High
08_JPN,Japan,2039,6796237.53008556,High
08_JPN,Japan,2040,6868949.888997919,High
08_JPN,Japan,2041,6942472.284157467,High
08_JPN,Japan,2042,7016601.941943351,High
08_JPN,Japan,2043,7091921.778022942,High
08_JPN,Japan,2044,7168158.303439189,High
08_JPN,Japan,2045,7245366.7383639235,High
08_JPN,Japan,2046,7323348.938820763,High
08_JPN,Japan,2047,7402366.921310208,High
08_JPN,Japan,2048,7482384.170781543,High
08_JPN,Japan,2049,7563495.250399528,High
08_JPN,Japan,2050,7645441.4801931,High
08_JPN,Japan,2051,7728381.585480283,High
08_JPN,Japan,2052,7812201.860060025,High
08_JPN,Japan,2053,7896607.743213704,High
08_JPN,Japan,2054,7982115.036414935,High
08_JPN,Japan,2055,8067939.861992661,High
08_JPN,Japan,2056,8154959.07082144,High
08_JPN,Japan,2057,8242537.471861685,High
08_JPN,Japan,2058,8331209.014065621,High
08_JPN,Japan,2059,8420977.442884672,High
08_JPN,Japan,2060,8511414.663327482,High
08_JPN,Japan,2061,8603270.456910267,High
08_JPN,Japan,2062,8696565.823895276,High
08_JPN,Japan,2063,8791370.71521447,High
08_JPN,Japan,2064,8887810.420148138,High
08_JPN,Japan,2065,8985914.598575274,High
08_JPN,Japan,2066,9085430.461179445,High
08_JPN,Japan,2067,9187086.69232899,High
08_JPN,Japan,2068,9290975.841837602,High
08_JPN,Japan,2069,9396717.256825024,High
08_JPN,Japan,2070,9504967.83671418,High
08_JPN,Japan,2071,9615453.11164027,High
08_JPN,Japan,2072,9729142.01533302,High
08_JPN,Japan,2073,9845537.8963165,High
08_JPN,Japan,2074,9964644.511842638,High
08_JPN,Japan,2075,10087128.122939073,High
08_JPN,Japan,2076,10212787.671037871,High
08_JPN,Japan,2077,10341542.268088063,High
08_JPN,Japan,2078,10473198.051097652,High
08_JPN,Japan,2079,10608020.195957914,High
08_JPN,Japan,2080,10745895.135597397,High
08_JPN,Japan,2081,10886496.02865236,High
08_JPN,Japan,2082,11030173.064198991,High
08_JPN,Japan,2083,11176476.507963764,High
08_JPN,Japan,2084,11325656.008617869,High
08_JPN,Japan,2085,11477273.873474777,High
08_JPN,Japan,2086,11631532.96216626,High
08_JPN,Japan,2087,11788569.141966345,High
08_JPN,Japan,2088,11948531.07866067,High
08_JPN,Japan,2089,12111301.196022332,High
08_JPN,Japan,2090,12276714.43603404,High
08_JPN,Japan,2091,12445001.056834878,High
08_JPN,Japan,2092,12616221.966531135,High
08_JPN,Japan,2093,12790053.489572791,High
08_JPN,Japan,2094,12967062.082394376,High
08_JPN,Japan,2095,13147403.1466609,High
08_JPN,Japan,2096,13330851.235310866,High
08_JPN,Japan,2097,13517361.877062546,High
08_JPN,Japan,2098,13707602.470739191,High
08_JPN,Japan,2099,13901081.793404523,High
08_JPN,Japan,2100,14097542.690583568,High
09_ROK,Korea,1990,616369.574721637,High
09_ROK,Korea,1991,683399.6052713271,High
09_ROK,Korea,1992,726806.359900876,High
09_ROK,Korea,1993,777644.414581851,High
09_ROK,Korea,1994,850523.972035444,High
09_ROK,Korea,1995,933330.0822756948,High
09_ROK,Korea,1996,1007907.16753805,High
09_ROK,Korea,1997,1071225.83757418,High
09_ROK,Korea,1998,1018318.74603203,High
09_ROK,Korea,1999,1136619.5124884,High
09_ROK,Korea,2000,1241209.6304385,High
09_ROK,Korea,2001,1299868.39827403,High
09_ROK,Korea,2002,1400530.19342929,High
09_ROK,Korea,2003,1443592.66808356,High
09_ROK,Korea,2004,1518423.26973075,High
09_ROK,Korea,2005,1584599.74952916,High
09_ROK,Korea,2006,1667712.09363692,High
09_ROK,Korea,2007,1765139.223629,High
09_ROK,Korea,2008,1818171.14619144,High
09_ROK,Korea,2009,1833077.63608529,High
09_ROK,Korea,2010,1961056.90962565,High
09_ROK,Korea,2011,2033381.31717328,High
09_ROK,Korea,2012,2085185.0715899,High
09_ROK,Korea,2013,2153816.76867679,High
09_ROK,Korea,2014,2223055.0898154704,High
09_ROK,Korea,2015,2287974.80472038,High
09_ROK,Korea,2016,2360538.55461269,High
09_ROK,Korea,2017,2441580.36985504,High
09_ROK,Korea,2018,2519127.7868651003,High
09_ROK,Korea,2019,2577415.41864928,High
09_ROK,Korea,2020,2559367.26518904,High
09_ROK,Korea,2021,2677430.05697127,High
09_ROK,Korea,2022,2750458.69051383,High
09_ROK,Korea,2023,2793998.85518797,High
09_ROK,Korea,2024,2849979.72410421,High
09_ROK,Korea,2025,2878679.54440521,High
09_ROK,Korea,2026,2913892.092892995,High
09_ROK,Korea,2027,2947816.4496573494,High
09_ROK,Korea,2028,2981011.179666704,High
09_ROK,Korea,2029,3013663.470389985,High
09_ROK,Korea,2030,3047247.211572116,High
09_ROK,Korea,2031,3085286.137062685,High
09_ROK,Korea,2032,3122710.1135674524,High
09_ROK,Korea,2033,3159379.2989480486,High
09_ROK,Korea,2034,3195111.108543764,High
09_ROK,Korea,2035,3231082.8839594144,High
09_ROK,Korea,2036,3266217.99207804,High
09_ROK,Korea,2037,3300525.727234781,High
09_ROK,Korea,2038,3328309.7846897794,High
09_ROK,Korea,2039,3355139.9079439407,High
09_ROK,Korea,2040,3381125.452444766,High
09_ROK,Korea,2041,3406409.9407961583,High
09_ROK,Korea,2042,3430773.308639092,High
09_ROK,Korea,2043,3454657.2445041044,High
09_ROK,Korea,2044,3477812.223150211,High
09_ROK,Korea,2045,3500065.410122908,High
09_ROK,Korea,2046,3521572.226601284,High
09_ROK,Korea,2047,3542374.949394949,High
09_ROK,Korea,2048,3561896.9493145943,High
09_ROK,Korea,2049,3580372.480226579,High
09_ROK,Korea,2050,3597561.8947681435,High
09_ROK,Korea,2051,3613689.027048056,High
09_ROK,Korea,2052,3628483.9794090297,High
09_ROK,Korea,2053,3642001.2690631,High
09_ROK,Korea,2054,3654777.447335161,High
09_ROK,Korea,2055,3667006.805532597,High
09_ROK,Korea,2056,3678413.765792904,High
09_ROK,Korea,2057,3689159.146964282,High
09_ROK,Korea,2058,3699215.516709004,High
09_ROK,Korea,2059,3708881.6874062414,High
09_ROK,Korea,2060,3718672.982800413,High
09_ROK,Korea,2061,3728393.2647396666,High
09_ROK,Korea,2062,3738641.312237517,High
09_ROK,Korea,2063,3748775.900024401,High
09_ROK,Korea,2064,3759303.3592223055,High
09_ROK,Korea,2065,3770069.2726498186,High
09_ROK,Korea,2066,3781181.978542375,High
09_ROK,Korea,2067,3792627.0870518256,High
09_ROK,Korea,2068,3804242.08736842,High
09_ROK,Korea,2069,3816201.615474183,High
09_ROK,Korea,2070,3827907.5842846585,High
09_ROK,Korea,2071,3839813.312787528,High
09_ROK,Korea,2072,3851951.13993308,High
09_ROK,Korea,2073,3864301.727726952,High
09_ROK,Korea,2074,3876961.957846965,High
09_ROK,Korea,2075,3889734.285507525,High
09_ROK,Korea,2076,3902752.375368737,High
09_ROK,Korea,2077,3915884.851065127,High
09_ROK,Korea,2078,3929143.809056724,High
09_ROK,Korea,2079,3942591.873074112,High
09_ROK,Korea,2080,3956188.024078489,High
09_ROK,Korea,2081,3969766.895147965,High
09_ROK,Korea,2082,3983215.9468502,High
09_ROK,Korea,2083,3996893.743760839,High
09_ROK,Korea,2084,4010541.99260328,High
09_ROK,Korea,2085,4024372.204202127,High
09_ROK,Korea,2086,4038078.7547221994,High
09_ROK,Korea,2087,4051894.2952931295,High
09_ROK,Korea,2088,4065708.6864488167,High
09_ROK,Korea,2089,4079801.8427058174,High
09_ROK,Korea,2090,4094111.9504399714,High
09_ROK,Korea,2091,4108819.305238241,High
09_ROK,Korea,2092,4124031.9905145657,High
09_ROK,Korea,2093,4139857.803253961,High
09_ROK,Korea,2094,4156482.0465963823,High
09_ROK,Korea,2095,4174009.373299919,High
09_ROK,Korea,2096,4192401.912983545,High
09_ROK,Korea,2097,4211983.123791337,High
09_ROK,Korea,2098,4232562.51863553,High
09_ROK,Korea,2099,4253998.211130548,High
09_ROK,Korea,2100,4276482.911251403,High
10_MAS,Malaysia,1990,214242.312021412,High
10_MAS,Malaysia,1991,234692.742103338,High
10_MAS,Malaysia,1992,255545.469125778,High
10_MAS,Malaysia,1993,280831.548487792,High
10_MAS,Malaysia,1994,306701.868103396,High
10_MAS,Malaysia,1995,336847.856021014,High
10_MAS,Malaysia,1996,370541.738826626,High
10_MAS,Malaysia,1997,397675.553808732,High
10_MAS,Malaysia,1998,368408.958702071,High
10_MAS,Malaysia,1999,391020.47119941,High
10_MAS,Malaysia,2000,425660.459259482,High
10_MAS,Malaysia,2001,427863.99840063095,High
10_MAS,Malaysia,2002,450930.096523964,High
10_MAS,Malaysia,2003,477032.181941105,High
10_MAS,Malaysia,2004,509391.362925102,High
10_MAS,Malaysia,2005,536552.8192724959,High
10_MAS,Malaysia,2006,566518.473663355,High
10_MAS,Malaysia,2007,602202.2595586369,High
10_MAS,Malaysia,2008,631299.287007657,High
10_MAS,Malaysia,2009,621744.391014975,High
10_MAS,Malaysia,2010,667907.9631618221,High
10_MAS,Malaysia,2011,703266.4285438891,High
10_MAS,Malaysia,2012,741759.39436174,High
10_MAS,Malaysia,2013,776575.522140495,High
10_MAS,Malaysia,2014,823222.254452927,High
10_MAS,Malaysia,2015,865136.882439813,High
10_MAS,Malaysia,2016,903633.58249853,High
10_MAS,Malaysia,2017,956159.2942512012,High
10_MAS,Malaysia,2018,1002466.92050423,High
10_MAS,Malaysia,2019,1046707.66454257,High
10_MAS,Malaysia,2020,989590.433102722,High
10_MAS,Malaysia,2021,1022398.81501398,High
10_MAS,Malaysia,2022,1114739.18943322,High
10_MAS,Malaysia,2023,1154168.22581284,High
10_MAS,Malaysia,2024,1213093.81379927,High
10_MAS,Malaysia,2025,1275826.18032202,High
10_MAS,Malaysia,2026,1338721.2440820567,High
10_MAS,Malaysia,2027,1390330.1630576665,High
10_MAS,Malaysia,2028,1441422.0916657906,High
10_MAS,Malaysia,2029,1492031.2766286058,High
10_MAS,Malaysia,2030,1543088.6556225934,High
10_MAS,Malaysia,2031,1605615.1667600493,High
10_MAS,Malaysia,2032,1669555.255142276,High
10_MAS,Malaysia,2033,1725862.652610223,High
10_MAS,Malaysia,2034,1782016.6952234202,High
10_MAS,Malaysia,2035,1838105.8094939943,High
10_MAS,Malaysia,2036,1893315.6028358224,High
10_MAS,Malaysia,2037,1947375.8184655008,High
10_MAS,Malaysia,2038,2001780.8091978736,High
10_MAS,Malaysia,2039,2058610.9831567325,High
10_MAS,Malaysia,2040,2118016.253058685,High
10_MAS,Malaysia,2041,2180477.641239097,High
10_MAS,Malaysia,2042,2244422.333351654,High
10_MAS,Malaysia,2043,2309753.104331768,High
10_MAS,Malaysia,2044,2377074.044355993,High
10_MAS,Malaysia,2045,2446053.647635115,High
10_MAS,Malaysia,2046,2516965.4249827373,High
10_MAS,Malaysia,2047,2590058.889440099,High
10_MAS,Malaysia,2048,2664799.427370068,High
10_MAS,Malaysia,2049,2741276.177650033,High
10_MAS,Malaysia,2050,2819717.000701098,High
10_MAS,Malaysia,2051,2900525.6283896253,High
10_MAS,Malaysia,2052,2983321.882399591,High
10_MAS,Malaysia,2053,3068456.0095811854,High
10_MAS,Malaysia,2054,3155960.3668857724,High
10_MAS,Malaysia,2055,3245644.9708654005,High
10_MAS,Malaysia,2056,3337532.6683659726,High
10_MAS,Malaysia,2057,3432160.5752427937,High
10_MAS,Malaysia,2058,3529454.397136078,High
10_MAS,Malaysia,2059,3629570.287494875,High
10_MAS,Malaysia,2060,3732803.50157488,High
10_MAS,Malaysia,2061,3838773.5763099375,High
10_MAS,Malaysia,2062,3947837.518100497,High
10_MAS,Malaysia,2063,4059731.00625904,High
10_MAS,Malaysia,2064,4174653.6164141367,High
10_MAS,Malaysia,2065,4293114.244813184,High
10_MAS,Malaysia,2066,4414494.951864615,High
10_MAS,Malaysia,2067,4539127.351485265,High
10_MAS,Malaysia,2068,4667128.038297709,High
10_MAS,Malaysia,2069,4798559.403237275,High
10_MAS,Malaysia,2070,4933828.252275766,High
10_MAS,Malaysia,2071,5072645.415246485,High
10_MAS,Malaysia,2072,5215210.687618303,High
10_MAS,Malaysia,2073,5361300.671227305,High
10_MAS,Malaysia,2074,5510755.315076076,High
10_MAS,Malaysia,2075,5664230.05605211,High
10_MAS,Malaysia,2076,5821436.623760937,High
10_MAS,Malaysia,2077,5982932.313331577,High
10_MAS,Malaysia,2078,6147582.594400693,High
10_MAS,Malaysia,2079,6316196.271368022,High
10_MAS,Malaysia,2080,6488889.299437434,High
10_MAS,Malaysia,2081,6665243.876246125,High
10_MAS,Malaysia,2082,6846447.200252645,High
10_MAS,Malaysia,2083,7032021.243400922,High
10_MAS,Malaysia,2084,7222062.381939391,High
10_MAS,Malaysia,2085,7417325.533682461,High
10_MAS,Malaysia,2086,7617745.200546805,High
10_MAS,Malaysia,2087,7822981.232080929,High
10_MAS,Malaysia,2088,8033813.315367829,High
10_MAS,Malaysia,2089,8250361.395449303,High
10_MAS,Malaysia,2090,8472972.751804262,High
10_MAS,Malaysia,2091,8701632.614507824,High
10_MAS,Malaysia,2092,8936808.189679982,High
10_MAS,Malaysia,2093,9178490.936965056,High
10_MAS,Malaysia,2094,9426698.703777889,High
10_MAS,Malaysia,2095,9682222.19730201,High
10_MAS,Malaysia,2096,9944802.088661077,High
10_MAS,Malaysia,2097,10214675.482235707,High
10_MAS,Malaysia,2098,10492460.616835224,High
10_MAS,Malaysia,2099,10778438.934993502,High
10_MAS,Malaysia,2100,11072316.506012382,High
11_MEX,Mexico,1990,1421988.57680156,High
11_MEX,Mexico,1991,1478525.49131908,High
11_MEX,Mexico,1992,1531288.35225559,High
11_MEX,Mexico,1993,1575190.38096328,High
11_MEX,Mexico,1994,1644406.26077664,High
11_MEX,Mexico,1995,1547216.92373578,High
11_MEX,Mexico,1996,1643427.46974326,High
11_MEX,Mexico,1997,1761735.77795195,High
11_MEX,Mexico,1998,1870700.52637093,High
11_MEX,Mexico,1999,1922238.89443456,High
11_MEX,Mexico,2000,2018913.74747463,High
11_MEX,Mexico,2001,2009811.57067761,High
11_MEX,Mexico,2002,2005056.59764014,High
11_MEX,Mexico,2003,2028827.44321582,High
11_MEX,Mexico,2004,2101164.08922763,High
11_MEX,Mexico,2005,2145566.87871904,High
11_MEX,Mexico,2006,2248661.65725023,High
11_MEX,Mexico,2007,2295385.7869483302,High
11_MEX,Mexico,2008,2317038.89268293,High
11_MEX,Mexico,2009,2171175.48865433,High
11_MEX,Mexico,2010,2279111.8865841897,High
11_MEX,Mexico,2011,2357605.52676576,High
11_MEX,Mexico,2012,2441376.22002366,High
11_MEX,Mexico,2013,2462179.22463983,High
11_MEX,Mexico,2014,2523826.36956388,High
11_MEX,Mexico,2015,2592028.32088719,High
11_MEX,Mexico,2016,2637971.8472756897,High
11_MEX,Mexico,2017,2687347.51938936,High
11_MEX,Mexico,2018,2740344.2190799303,High
11_MEX,Mexico,2019,2729583.1473000897,High
11_MEX,Mexico,2020,2501552.82690837,High
11_MEX,Mexico,2021,2652858.83618066,High
11_MEX,Mexico,2022,2751273.45476027,High
11_MEX,Mexico,2023,2836749.91976859,High
11_MEX,Mexico,2024,2875062.39226806,High
11_MEX,Mexico,2025,2891211.14207926,High
11_MEX,Mexico,2026,2920344.9707672494,High
11_MEX,Mexico,2027,2949024.818830986,High
11_MEX,Mexico,2028,2976554.7391119995,High
11_MEX,Mexico,2029,3002399.477659101,High
11_MEX,Mexico,2030,3035074.266954277,High
11_MEX,Mexico,2031,3087880.590502853,High
11_MEX,Mexico,2032,3135150.6501047765,High
11_MEX,Mexico,2033,3176280.8841565894,High
11_MEX,Mexico,2034,3213478.750571245,High
11_MEX,Mexico,2035,3252319.337130376,High
11_MEX,Mexico,2036,3293420.307042399,High
11_MEX,Mexico,2037,3335438.837749631,High
11_MEX,Mexico,2038,3378666.1951719723,High
11_MEX,Mexico,2039,3423240.3653349867,High
11_MEX,Mexico,2040,3469470.9625020474,High
11_MEX,Mexico,2041,3517131.4366164785,High
11_MEX,Mexico,2042,3564120.781612104,High
11_MEX,Mexico,2043,3610995.78465061,High
11_MEX,Mexico,2044,3658442.621378989,High
11_MEX,Mexico,2045,3707118.706015009,High
11_MEX,Mexico,2046,3757020.04284656,High
11_MEX,Mexico,2047,3808091.168006014,High
11_MEX,Mexico,2048,3860331.8781213686,High
11_MEX,Mexico,2049,3912983.9829987455,High
11_MEX,Mexico,2050,3965839.22909826,High
11_MEX,Mexico,2051,4019123.0986091695,High
11_MEX,Mexico,2052,4072781.347559782,High
11_MEX,Mexico,2053,4126879.214315429,High
11_MEX,Mexico,2054,4181402.246417528,High
11_MEX,Mexico,2055,4236389.218840725,High
11_MEX,Mexico,2056,4291855.601167292,High
11_MEX,Mexico,2057,4347775.742450149,High
11_MEX,Mexico,2058,4404207.425898621,High
11_MEX,Mexico,2059,4461149.281299529,High
11_MEX,Mexico,2060,4518522.958589881,High
11_MEX,Mexico,2061,4576265.390120058,High
11_MEX,Mexico,2062,4634475.331789579,High
11_MEX,Mexico,2063,4693115.163336631,High
11_MEX,Mexico,2064,4752144.454023338,High
11_MEX,Mexico,2065,4811546.02571722,High
11_MEX,Mexico,2066,4871279.829044919,High
11_MEX,Mexico,2067,4931384.453782375,High
11_MEX,Mexico,2068,4991885.398767278,High
11_MEX,Mexico,2069,5052718.443171398,High
11_MEX,Mexico,2070,5113886.39645777,High
11_MEX,Mexico,2071,5175366.671525733,High
11_MEX,Mexico,2072,5237309.807140405,High
11_MEX,Mexico,2073,5299573.367734016,High
11_MEX,Mexico,2074,5362195.797362078,High
11_MEX,Mexico,2075,5425215.303548388,High
11_MEX,Mexico,2076,5488690.495864223,High
11_MEX,Mexico,2077,5552634.41500631,High
11_MEX,Mexico,2078,5617043.725741133,High
11_MEX,Mexico,2079,5681923.983601907,High
11_MEX,Mexico,2080,5747314.731049539,High
11_MEX,Mexico,2081,5813220.309773659,High
11_MEX,Mexico,2082,5879684.448864606,High
11_MEX,Mexico,2083,5946874.506581238,High
11_MEX,Mexico,2084,6014564.602231702,High
11_MEX,Mexico,2085,6082874.215887566,High
11_MEX,Mexico,2086,6151728.655798003,High
11_MEX,Mexico,2087,6221289.654493726,High
11_MEX,Mexico,2088,6291565.888080403,High
11_MEX,Mexico,2089,6362584.1294848565,High
11_MEX,Mexico,2090,6434223.51832836,High
11_MEX,Mexico,2091,6506573.642117095,High
11_MEX,Mexico,2092,6579585.158377412,High
11_MEX,Mexico,2093,6653390.499964938,High
11_MEX,Mexico,2094,6727777.863924752,High
11_MEX,Mexico,2095,6802837.1766702775,High
11_MEX,Mexico,2096,6878633.942381322,High
11_MEX,Mexico,2097,6955229.960746774,High
11_MEX,Mexico,2098,7032613.806361232,High
11_MEX,Mexico,2099,7110847.641298205,High
11_MEX,Mexico,2100,7189913.548564052,High
12_NZ,New Zealand,1990,102510.229695661,High
12_NZ,New Zealand,1991,101407.355462347,High
12_NZ,New Zealand,1992,102523.77169858,High
12_NZ,New Zealand,1993,109068.510913184,High
12_NZ,New Zealand,1994,114643.737156329,High
12_NZ,New Zealand,1995,120074.136760879,High
12_NZ,New Zealand,1996,124385.806337592,High
12_NZ,New Zealand,1997,126967.453431224,High
12_NZ,New Zealand,1998,128053.264612275,High
12_NZ,New Zealand,1999,134946.567709899,High
12_NZ,New Zealand,2000,138817.90252797698,High
12_NZ,New Zealand,2001,143559.33157128398,High
12_NZ,New Zealand,2002,150328.36355776998,High
12_NZ,New Zealand,2003,157432.693879236,High
12_NZ,New Zealand,2004,163872.534540447,High
12_NZ,New Zealand,2005,169367.105965762,High
12_NZ,New Zealand,2006,174066.09954241198,High
12_NZ,New Zealand,2007,179397.95691271202,High
12_NZ,New Zealand,2008,177558.031114279,High
12_NZ,New Zealand,2009,177486.546454779,High
12_NZ,New Zealand,2010,180098.837893045,High
12_NZ,New Zealand,2011,183961.05827238,High
12_NZ,New Zealand,2012,188196.87991725,High
12_NZ,New Zealand,2013,193023.821383485,High
12_NZ,New Zealand,2014,200396.050054836,High
12_NZ,New Zealand,2015,207870.187709383,High
12_NZ,New Zealand,2016,215651.859628357,High
12_NZ,New Zealand,2017,222802.198613642,High
12_NZ,New Zealand,2018,230204.12582534,High
12_NZ,New Zealand,2019,235553.418426175,High
12_NZ,New Zealand,2020,234985.93228232,High
12_NZ,New Zealand,2021,245088.353611212,High
12_NZ,New Zealand,2022,253287.094503461,High
12_NZ,New Zealand,2023,257881.45526629096,High
12_NZ,New Zealand,2024,255641.181371427,High
12_NZ,New Zealand,2025,256824.472387616,High
12_NZ,New Zealand,2026,259802.41274113447,High
12_NZ,New Zealand,2027,262510.92325580324,High
12_NZ,New Zealand,2028,264963.1412318717,High
12_NZ,New Zealand,2029,267141.3398376261,High
12_NZ,New Zealand,2030,269457.8828109156,High
12_NZ,New Zealand,2031,272400.90973926376,High
12_NZ,New Zealand,2032,274844.7372034084,High
12_NZ,New Zealand,2033,276869.0962066527,High
12_NZ,New Zealand,2034,279007.7864201121,High
12_NZ,New Zealand,2035,281542.9010681218,High
12_NZ,New Zealand,2036,284271.5421372878,High
12_NZ,New Zealand,2037,286980.79733496904,High
12_NZ,New Zealand,2038,289706.3162210875,High
12_NZ,New Zealand,2039,292495.0277807215,High
12_NZ,New Zealand,2040,295327.397412328,High
12_NZ,New Zealand,2041,298228.85036803654,High
12_NZ,New Zealand,2042,301172.6026194659,High
12_NZ,New Zealand,2043,304148.397739462,High
12_NZ,New Zealand,2044,307186.39437832334,High
12_NZ,New Zealand,2045,310295.7209073908,High
12_NZ,New Zealand,2046,313467.95589077217,High
12_NZ,New Zealand,2047,316658.74251359183,High
12_NZ,New Zealand,2048,319903.0485248773,High
12_NZ,New Zealand,2049,323234.7980776321,High
12_NZ,New Zealand,2050,326594.02563039865,High
12_NZ,New Zealand,2051,330135.33143738145,High
12_NZ,New Zealand,2052,333807.49728338287,High
12_NZ,New Zealand,2053,337497.1900427888,High
12_NZ,New Zealand,2054,341353.8103210834,High
12_NZ,New Zealand,2055,345331.15946794534,High
12_NZ,New Zealand,2056,349350.9074085282,High
12_NZ,New Zealand,2057,353356.3920842646,High
12_NZ,New Zealand,2058,357409.97643841954,High
12_NZ,New Zealand,2059,361518.2542712364,High
12_NZ,New Zealand,2060,365663.1759459585,High
12_NZ,New Zealand,2061,369838.34482985816,High
12_NZ,New Zealand,2062,374004.9423913408,High
12_NZ,New Zealand,2063,378335.7085983693,High
12_NZ,New Zealand,2064,382662.9847028974,High
12_NZ,New Zealand,2065,387110.4919940881,High
12_NZ,New Zealand,2066,391645.7459217707,High
12_NZ,New Zealand,2067,396235.7714064994,High
12_NZ,New Zealand,2068,400838.1243991946,High
12_NZ,New Zealand,2069,405472.33619172673,High
12_NZ,New Zealand,2070,410151.1734109281,High
12_NZ,New Zealand,2071,414865.8744648286,High
12_NZ,New Zealand,2072,419612.6596716777,High
12_NZ,New Zealand,2073,424556.0409258836,High
12_NZ,New Zealand,2074,429460.35477959394,High
12_NZ,New Zealand,2075,434413.1288570524,High
12_NZ,New Zealand,2076,439393.0679732654,High
12_NZ,New Zealand,2077,444429.28852499,High
12_NZ,New Zealand,2078,449548.2822235045,High
12_NZ,New Zealand,2079,454660.4315637645,High
12_NZ,New Zealand,2080,459806.9521070694,High
12_NZ,New Zealand,2081,464964.35641838535,High
12_NZ,New Zealand,2082,470223.3248803664,High
12_NZ,New Zealand,2083,475479.2347538197,High
12_NZ,New Zealand,2084,480758.1117927603,High
12_NZ,New Zealand,2085,486132.3375295884,High
12_NZ,New Zealand,2086,491592.03114223824,High
12_NZ,New Zealand,2087,497142.8962694606,High
12_NZ,New Zealand,2088,502781.3487758671,High
12_NZ,New Zealand,2089,508590.63314515096,High
12_NZ,New Zealand,2090,514389.7159607952,High
12_NZ,New Zealand,2091,520357.78267717024,High
12_NZ,New Zealand,2092,526395.2497835878,High
12_NZ,New Zealand,2093,532575.7886853501,High
12_NZ,New Zealand,2094,538751.3188622758,High
12_NZ,New Zealand,2095,545071.7412309377,High
12_NZ,New Zealand,2096,551458.6510674583,High
12_NZ,New Zealand,2097,557907.8165808967,High
12_NZ,New Zealand,2098,564427.755052277,High
12_NZ,New Zealand,2099,570992.5790378922,High
12_NZ,New Zealand,2100,577635.4729002834,High
13_PNG,Papua New Guinea,1990,12330.6256724057,High
13_PNG,Papua New Guinea,1991,13507.8178924025,High
13_PNG,Papua New Guinea,1992,15378.5271102955,High
13_PNG,Papua New Guinea,1993,18177.7705902296,High
13_PNG,Papua New Guinea,1994,19257.913543319,High
13_PNG,Papua New Guinea,1995,18620.0050214279,High
13_PNG,Papua New Guinea,1996,20060.0195673508,High
13_PNG,Papua New Guinea,1997,19276.7982382926,High
13_PNG,Papua New Guinea,1998,18550.2338879178,High
13_PNG,Papua New Guinea,1999,18894.4434937378,High
13_PNG,Papua New Guinea,2000,18423.0569831879,High
13_PNG,Papua New Guinea,2001,18400.7119142706,High
13_PNG,Papua New Guinea,2002,18371.4730849478,High
13_PNG,Papua New Guinea,2003,18769.050593674,High
13_PNG,Papua New Guinea,2004,19279.7894452418,High
13_PNG,Papua New Guinea,2005,20503.052739945,High
13_PNG,Papua New Guinea,2006,21612.2564301393,High
13_PNG,Papua New Guinea,2007,23301.2951667301,High
13_PNG,Papua New Guinea,2008,23232.2166490166,High
13_PNG,Papua New Guinea,2009,24812.1053010447,High
13_PNG,Papua New Guinea,2010,27325.1879907631,High
13_PNG,Papua New Guinea,2011,27627.826368700906,High
13_PNG,Papua New Guinea,2012,28914.4872847048,High
13_PNG,Papua New Guinea,2013,30020.450904363,High
13_PNG,Papua New Guinea,2014,34086.3519144364,High
13_PNG,Papua New Guinea,2015,36328.673600894304,High
13_PNG,Papua New Guinea,2016,38322.962713650806,High
13_PNG,Papua New Guinea,2017,39677.530299315695,High
13_PNG,Papua New Guinea,2018,39566.7298893392,High
13_PNG,Papua New Guinea,2019,41339.5229866764,High
13_PNG,Papua New Guinea,2020,40030.1216886158,High
13_PNG,Papua New Guinea,2021,39825.7228406625,High
13_PNG,Papua New Guinea,2022,42098.5846689198,High
13_PNG,Papua New Guinea,2023,43702.7356963364,High
13_PNG,Papua New Guinea,2024,45401.8776277294,High
13_PNG,Papua New Guinea,2025,47961.5994044189,High
13_PNG,Papua New Guinea,2026,50816.96757226448,High
13_PNG,Papua New Guinea,2027,54004.15399859535,High
13_PNG,Papua New Guinea,2028,57564.42886999514,High
13_PNG,Papua New Guinea,2029,61546.14418709544,High
13_PNG,Papua New Guinea,2030,65772.66017976885,High
13_PNG,Papua New Guinea,2031,70214.81170625353,High
13_PNG,Papua New Guinea,2032,74874.99797210892,High
13_PNG,Papua New Guinea,2033,79767.14447103278,High
13_PNG,Papua New Guinea,2034,84898.25294022415,High
13_PNG,Papua New Guinea,2035,90323.232259853,High
13_PNG,Papua New Guinea,2036,96007.5475481806,High
13_PNG,Papua New Guinea,2037,101971.36897960458,High
13_PNG,Papua New Guinea,2038,108218.03167314752,High
13_PNG,Papua New Guinea,2039,114760.7859143985,High
13_PNG,Papua New Guinea,2040,121607.76548103824,High
13_PNG,Papua New Guinea,2041,128772.97584197234,High
13_PNG,Papua New Guinea,2042,136265.6197834602,High
13_PNG,Papua New Guinea,2043,144102.25561948548,High
13_PNG,Papua New Guinea,2044,152307.03116392242,High
13_PNG,Papua New Guinea,2045,160897.67934439413,High
13_PNG,Papua New Guinea,2046,169890.39690673538,High
13_PNG,Papua New Guinea,2047,179285.0228661646,High
13_PNG,Papua New Guinea,2048,189109.69039894652,High
13_PNG,Papua New Guinea,2049,199385.03234107944,High
13_PNG,Papua New Guinea,2050,210134.63962506512,High
13_PNG,Papua New Guinea,2051,221354.9963290194,High
13_PNG,Papua New Guinea,2052,233093.52153394607,High
13_PNG,Papua New Guinea,2053,245371.745626548,High
13_PNG,Papua New Guinea,2054,258188.2709476749,High
13_PNG,Papua New Guinea,2055,271604.87033890194,High
13_PNG,Papua New Guinea,2056,285600.4350937207,High
13_PNG,Papua New Guinea,2057,300224.3073382527,High
13_PNG,Papua New Guinea,2058,315511.396723574,High
13_PNG,Papua New Guinea,2059,331479.4804297516,High
13_PNG,Papua New Guinea,2060,348169.77736955014,High
13_PNG,Papua New Guinea,2061,365618.3930021705,High
13_PNG,Papua New Guinea,2062,383803.1897431193,High
13_PNG,Papua New Guinea,2063,402785.035805589,High
13_PNG,Papua New Guinea,2064,422606.2161414173,High
13_PNG,Papua New Guinea,2065,443336.7906876321,High
13_PNG,Papua New Guinea,2066,464991.5597319201,High
13_PNG,Papua New Guinea,2067,487594.46981426014,High
13_PNG,Papua New Guinea,2068,511187.4856992754,High
13_PNG,Papua New Guinea,2069,535794.7574266187,High
13_PNG,Papua New Guinea,2070,561457.7100216519,High
13_PNG,Papua New Guinea,2071,588229.353304375,High
13_PNG,Papua New Guinea,2072,616185.3154747005,High
13_PNG,Papua New Guinea,2073,645338.506929355,High
13_PNG,Papua New Guinea,2074,675717.5094858918,High
13_PNG,Papua New Guinea,2075,707414.3725093503,High
13_PNG,Papua New Guinea,2076,740494.3936969275,High
13_PNG,Papua New Guinea,2077,774991.8320587529,High
13_PNG,Papua New Guinea,2078,811016.6125649222,High
13_PNG,Papua New Guinea,2079,848644.0965197323,High
13_PNG,Papua New Guinea,2080,887872.0618686122,High
13_PNG,Papua New Guinea,2081,928911.50906186,High
13_PNG,Papua New Guinea,2082,971635.7950514762,High
13_PNG,Papua New Guinea,2083,1016192.1293081522,High
13_PNG,Papua New Guinea,2084,1062750.9589904265,High
13_PNG,Papua New Guinea,2085,1111274.6241102014,High
13_PNG,Papua New Guinea,2086,1161946.349085522,High
13_PNG,Papua New Guinea,2087,1214824.472778717,High
13_PNG,Papua New Guinea,2088,1269943.6234339664,High
13_PNG,Papua New Guinea,2089,1327427.109675968,High
13_PNG,Papua New Guinea,2090,1387375.4331933795,High
13_PNG,Papua New Guinea,2091,1450033.4793854463,High
13_PNG,Papua New Guinea,2092,1515295.3433526673,High
13_PNG,Papua New Guinea,2093,1583320.4176650096,High
13_PNG,Papua New Guinea,2094,1654210.9267332098,High
13_PNG,Papua New Guinea,2095,1728135.5907713573,High
13_PNG,Papua New Guinea,2096,1805159.4614637904,High
13_PNG,Papua New Guinea,2097,1885459.2327758693,High
13_PNG,Papua New Guinea,2098,1969084.983333321,High
13_PNG,Papua New Guinea,2099,2056184.7569106168,High
13_PNG,Papua New Guinea,2100,2146983.0240155184,High
14_PE,Peru,1990,139050.28909291798,High
14_PE,Peru,1991,142136.175291069,High
14_PE,Peru,1992,141367.916294088,High
14_PE,Peru,1993,148780.651849195,High
14_PE,Peru,1994,167093.11929099305,High
14_PE,Peru,1995,179477.05045859,High
14_PE,Peru,1996,184500.564784136,High
14_PE,Peru,1997,196450.342420583,High
14_PE,Peru,1998,195681.165551443,High
14_PE,Peru,1999,198606.42412179,High
14_PE,Peru,2000,203957.618808056,High
14_PE,Peru,2001,205217.857282197,High
14_PE,Peru,2002,216409.47251541,High
14_PE,Peru,2003,225422.977115603,High
14_PE,Peru,2004,236599.906394274,High
14_PE,Peru,2005,251470.353240275,High
14_PE,Peru,2006,270403.302261475,High
14_PE,Peru,2007,293437.304088547,High
14_PE,Peru,2008,320218.060068164,High
14_PE,Peru,2009,323727.085331558,High
14_PE,Peru,2010,350701.512336698,High
14_PE,Peru,2011,372891.071777602,High
14_PE,Peru,2012,395785.557036524,High
14_PE,Peru,2013,418948.978837998,High
14_PE,Peru,2014,428929.00282149,High
14_PE,Peru,2015,442878.823892135,High
14_PE,Peru,2016,460387.235322755,High
14_PE,Peru,2017,471983.632178034,High
14_PE,Peru,2018,490718.320812916,High
14_PE,Peru,2019,501713.511404129,High
14_PE,Peru,2020,446859.635445194,High
14_PE,Peru,2021,506813.209118862,High
14_PE,Peru,2022,521096.21778318,High
14_PE,Peru,2023,519268.734314851,High
14_PE,Peru,2024,537522.457938481,High
14_PE,Peru,2025,555962.509610363,High
14_PE,Peru,2026,566395.8767216352,High
14_PE,Peru,2027,577003.0050669207,High
14_PE,Peru,2028,597094.7269767199,High
14_PE,Peru,2029,609567.5837925195,High
14_PE,Peru,2030,622096.794852865,High
14_PE,Peru,2031,636906.820966937,High
14_PE,Peru,2032,650939.9586575617,High
14_PE,Peru,2033,664195.4989200193,High
14_PE,Peru,2034,677915.2660793673,High
14_PE,Peru,2035,692427.1897150885,High
14_PE,Peru,2036,705882.0002051101,High
14_PE,Peru,2037,719412.5734049436,High
14_PE,Peru,2038,733076.6524293809,High
14_PE,Peru,2039,746518.2111465603,High
14_PE,Peru,2040,759838.2521824337,High
14_PE,Peru,2041,773146.47310786,High
14_PE,Peru,2042,786371.5977897798,High
14_PE,Peru,2043,799415.4105471253,High
14_PE,Peru,2044,812420.29208275,High
14_PE,Peru,2045,825386.5180421284,High
14_PE,Peru,2046,838261.6123582596,High
14_PE,Peru,2047,851079.8367092904,High
14_PE,Peru,2048,863844.9130443379,High
14_PE,Peru,2049,876553.6166037117,High
14_PE,Peru,2050,889227.841819777,High
14_PE,Peru,2051,901893.4656155822,High
14_PE,Peru,2052,914543.9672748474,High
14_PE,Peru,2053,927190.208533716,High
14_PE,Peru,2054,939852.8073696736,High
14_PE,Peru,2055,952520.0553292836,High
14_PE,Peru,2056,965451.3663486398,High
14_PE,Peru,2057,978657.608723818,High
14_PE,Peru,2058,992157.6608871322,High
14_PE,Peru,2059,1005941.2569073468,High
14_PE,Peru,2060,1020025.8765081794,High
14_PE,Peru,2061,1034420.3814502812,High
14_PE,Peru,2062,1049121.3065085665,High
14_PE,Peru,2063,1064125.614031525,High
14_PE,Peru,2064,1079441.9033486217,High
14_PE,Peru,2065,1095057.3348921218,High
14_PE,Peru,2066,1110983.2845713678,High
14_PE,Peru,2067,1127216.4391354371,High
14_PE,Peru,2068,1143753.196992632,High
14_PE,Peru,2069,1160588.9643916043,High
14_PE,Peru,2070,1177720.2504019267,High
14_PE,Peru,2071,1195098.52200527,High
14_PE,Peru,2072,1212733.0837489422,High
14_PE,Peru,2073,1230617.0916657082,High
14_PE,Peru,2074,1248752.6796879624,High
14_PE,Peru,2075,1267130.159999455,High
14_PE,Peru,2076,1285764.1637168403,High
14_PE,Peru,2077,1304655.9062186936,High
14_PE,Peru,2078,1323818.0636960843,High
14_PE,Peru,2079,1343251.8963336102,High
14_PE,Peru,2080,1362970.3276092657,High
14_PE,Peru,2081,1382963.0899807238,High
14_PE,Peru,2082,1403258.6942761494,High
14_PE,Peru,2083,1423857.080530976,High
14_PE,Peru,2084,1444786.6661919137,High
14_PE,Peru,2085,1466034.9461800682,High
14_PE,Peru,2086,1487622.4062381445,High
14_PE,Peru,2087,1509563.3886027408,High
14_PE,Peru,2088,1531856.1389509004,High
14_PE,Peru,2089,1554524.028587781,High
14_PE,Peru,2090,1577595.886705257,High
14_PE,Peru,2091,1601054.5182194223,High
14_PE,Peru,2092,1624914.780914627,High
14_PE,Peru,2093,1649186.8055916647,High
14_PE,Peru,2094,1673850.7824974044,High
14_PE,Peru,2095,1698968.936711269,High
14_PE,Peru,2096,1724497.5625448744,High
14_PE,Peru,2097,1750459.2938727145,High
14_PE,Peru,2098,1776855.3440161862,High
14_PE,Peru,2099,1803696.7107413916,High
14_PE,Peru,2100,1830970.595342764,High
15_PHL,Philippines,1990,283126.473617181,High
15_PHL,Philippines,1991,281890.937770952,High
15_PHL,Philippines,1992,283068.196261779,High
15_PHL,Philippines,1993,289244.432888471,High
15_PHL,Philippines,1994,301895.01806997805,High
15_PHL,Philippines,1995,315858.342273919,High
15_PHL,Philippines,1996,334368.73991276004,High
15_PHL,Philippines,1997,351710.479274008,High
15_PHL,Philippines,1998,349902.368762457,High
15_PHL,Philippines,1999,361611.68072469096,High
15_PHL,Philippines,2000,377459.33071605104,High
15_PHL,Philippines,2001,388968.9389414941,High
15_PHL,Philippines,2002,403424.016589514,High
15_PHL,Philippines,2003,423945.837811198,High
15_PHL,Philippines,2004,451795.808663307,High
15_PHL,Philippines,2005,474125.83963291,High
15_PHL,Philippines,2006,499332.345525613,High
15_PHL,Philippines,2007,531885.276934827,High
15_PHL,Philippines,2008,554992.965268913,High
15_PHL,Philippines,2009,563031.05638158,High
15_PHL,Philippines,2010,604326.568988619,High
15_PHL,Philippines,2011,627642.895061402,High
15_PHL,Philippines,2012,670931.1224482331,High
15_PHL,Philippines,2013,716222.5378800861,High
15_PHL,Philippines,2014,761688.254932336,High
15_PHL,Philippines,2015,810042.584431379,High
15_PHL,Philippines,2016,867956.228661943,High
15_PHL,Philippines,2017,928114.173543905,High
15_PHL,Philippines,2018,986970.3999465612,High
15_PHL,Philippines,2019,1047358.43714574,High
15_PHL,Philippines,2020,947667.774109205,High
15_PHL,Philippines,2021,1001824.4583761,High
15_PHL,Philippines,2022,1077772.59151808,High
15_PHL,Philippines,2023,1137254.31849328,High
15_PHL,Philippines,2024,1202245.50576815,High
15_PHL,Philippines,2025,1255173.180995,High
15_PHL,Philippines,2026,1322913.829400898,High
15_PHL,Philippines,2027,1392759.944635093,High
15_PHL,Philippines,2028,1459470.177144683,High
15_PHL,Philippines,2029,1527585.1629644504,High
15_PHL,Philippines,2030,1597921.8650972766,High
15_PHL,Philippines,2031,1672040.9365774584,High
15_PHL,Philippines,2032,1748140.0158770927,High
15_PHL,Philippines,2033,1826212.9313186952,High
15_PHL,Philippines,2034,1907256.76727747,High
15_PHL,Philippines,2035,1992269.1143239648,High
15_PHL,Philippines,2036,2080490.9957296983,High
15_PHL,Philippines,2037,2171417.7971257125,High
15_PHL,Philippines,2038,2265052.631018107,High
15_PHL,Philippines,2039,2361525.799019288,High
15_PHL,Philippines,2040,2460688.842713985,High
15_PHL,Philippines,2041,2562549.2916304413,High
15_PHL,Philippines,2042,2666934.672493907,High
15_PHL,Philippines,2043,2773834.4432955496,High
15_PHL,Philippines,2044,2883191.121546837,High
15_PHL,Philippines,2045,2994901.268417982,High
15_PHL,Philippines,2046,3108831.9239879902,High
15_PHL,Philippines,2047,3224850.74273748,High
15_PHL,Philippines,2048,3342779.343941294,High
15_PHL,Philippines,2049,3462520.617490481,High
15_PHL,Philippines,2050,3584065.623428157,High
15_PHL,Philippines,2051,3707169.711137605,High
15_PHL,Philippines,2052,3831847.042573576,High
15_PHL,Philippines,2053,3958759.2121792026,High
15_PHL,Philippines,2054,4088078.6794403833,High
15_PHL,Philippines,2055,4219752.460670317,High
15_PHL,Philippines,2056,4353627.967298784,High
15_PHL,Philippines,2057,4489612.964947661,High
15_PHL,Philippines,2058,4627909.706139608,High
15_PHL,Philippines,2059,4768350.265492952,High
15_PHL,Philippines,2060,4910664.833488782,High
15_PHL,Philippines,2061,5054923.422466895,High
15_PHL,Philippines,2062,5201004.569970739,High
15_PHL,Philippines,2063,5348723.326460509,High
15_PHL,Philippines,2064,5498054.196342168,High
15_PHL,Philippines,2065,5648742.981109844,High
15_PHL,Philippines,2066,5800461.388556586,High
15_PHL,Philippines,2067,5953311.058787879,High
15_PHL,Philippines,2068,6106672.407956051,High
15_PHL,Philippines,2069,6260537.419862377,High
15_PHL,Philippines,2070,6414510.871873617,High
15_PHL,Philippines,2071,6568255.05671375,High
15_PHL,Philippines,2072,6721622.626894141,High
15_PHL,Philippines,2073,6874113.877140664,High
15_PHL,Philippines,2074,7025576.99935539,High
15_PHL,Philippines,2075,7175566.978442423,High
15_PHL,Philippines,2076,7324068.350163573,High
15_PHL,Philippines,2077,7473523.945767296,High
15_PHL,Philippines,2078,7623714.269591659,High
15_PHL,Philippines,2079,7775109.974132285,High
15_PHL,Philippines,2080,7927744.701749563,High
15_PHL,Philippines,2081,8081320.710035187,High
15_PHL,Philippines,2082,8236228.989856495,High
15_PHL,Philippines,2083,8392311.41201409,High
15_PHL,Philippines,2084,8549852.58526023,High
15_PHL,Philippines,2085,8708676.939396586,High
15_PHL,Philippines,2086,8868874.97875989,High
15_PHL,Philippines,2087,9030769.513704175,High
15_PHL,Philippines,2088,9194514.596686684,High
15_PHL,Philippines,2089,9360239.770515608,High
15_PHL,Philippines,2090,9528035.05432401,High
15_PHL,Philippines,2091,9697992.395707175,High
15_PHL,Philippines,2092,9870038.519374767,High
15_PHL,Philippines,2093,10044537.300335947,High
15_PHL,Philippines,2094,10221518.05446442,High
15_PHL,Philippines,2095,10401113.812411798,High
15_PHL,Philippines,2096,10583106.805583809,High
15_PHL,Philippines,2097,10767716.648323309,High
15_PHL,Philippines,2098,10955201.548784109,High
15_PHL,Philippines,2099,11145453.860262755,High
15_PHL,Philippines,2100,11338444.37894503,High
16_RUS,Russia,1990,4386345.13817199,High
16_RUS,Russia,1991,4164968.95491794,High
16_RUS,Russia,1992,3559754.24345934,High
16_RUS,Russia,1993,3251175.5107675,High
16_RUS,Russia,1994,2842510.68257551,High
16_RUS,Russia,1995,2724730.44502044,High
16_RUS,Russia,1996,2622414.9248018,High
16_RUS,Russia,1997,2659126.52581455,High
16_RUS,Russia,1998,2518193.840343,High
16_RUS,Russia,1999,2679356.09789008,High
16_RUS,Russia,2000,2947293.49785473,High
16_RUS,Russia,2001,3097606.9760178,High
16_RUS,Russia,2002,3243194.2532676803,High
16_RUS,Russia,2003,3479945.88822114,High
16_RUS,Russia,2004,3730500.17806156,High
16_RUS,Russia,2005,3969250.90049488,High
16_RUS,Russia,2006,4294732.18353033,High
16_RUS,Russia,2007,4659783.46437558,High
16_RUS,Russia,2008,4902090.77229438,High
16_RUS,Russia,2009,4519727.99045976,High
16_RUS,Russia,2010,4723115.749994599,High
16_RUS,Russia,2011,4926211.105734929,High
16_RUS,Russia,2012,5124446.08491426,High
16_RUS,Russia,2013,5214401.74651076,High
16_RUS,Russia,2014,5252793.67736262,High
16_RUS,Russia,2015,5149170.806564599,High
16_RUS,Russia,2016,5159143.263887281,High
16_RUS,Russia,2017,5253385.6060589,High
16_RUS,Russia,2018,5400813.51077824,High
16_RUS,Russia,2019,5519527.48090736,High
16_RUS,Russia,2020,5373058.29169962,High
16_RUS,Russia,2021,5688268.31433954,High
16_RUS,Russia,2022,5606620.5813337695,High
16_RUS,Russia,2023,5834620.196473691,High
16_RUS,Russia,2024,6121781.51204027,High
16_RUS,Russia,2025,6183071.35415995,High
16_RUS,Russia,2026,6271895.997348721,High
16_RUS,Russia,2027,6385722.073492466,High
16_RUS,Russia,2028,6501212.245513375,High
16_RUS,Russia,2029,6612545.856602885,High
16_RUS,Russia,2030,6725669.882970209,High
16_RUS,Russia,2031,6868353.033676882,High
16_RUS,Russia,2032,6985041.46718934,High
16_RUS,Russia,2033,7123693.545259885,High
16_RUS,Russia,2034,7253793.932149395,High
16_RUS,Russia,2035,7377039.732371909,High
16_RUS,Russia,2036,7506346.048611425,High
16_RUS,Russia,2037,7638575.027313644,High
16_RUS,Russia,2038,7772585.7232248625,High
16_RUS,Russia,2039,7908606.633409714,High
16_RUS,Russia,2040,8046674.945255809,High
16_RUS,Russia,2041,8187909.323824776,High
16_RUS,Russia,2042,8328060.13193499,High
16_RUS,Russia,2043,8470437.294791035,High
16_RUS,Russia,2044,8611601.18187962,High
16_RUS,Russia,2045,8753469.235976519,High
16_RUS,Russia,2046,8897107.118776085,High
16_RUS,Russia,2047,9041983.30756409,High
16_RUS,Russia,2048,9186716.82263866,High
16_RUS,Russia,2049,9331662.322607046,High
16_RUS,Russia,2050,9476884.794158474,High
16_RUS,Russia,2051,9621961.318480363,High
16_RUS,Russia,2052,9766803.273250148,High
16_RUS,Russia,2053,9912262.270709932,High
16_RUS,Russia,2054,10056106.255675036,High
16_RUS,Russia,2055,10200374.495507784,High
16_RUS,Russia,2056,10344254.653929876,High
16_RUS,Russia,2057,10488756.050586928,High
16_RUS,Russia,2058,10633741.471325193,High
16_RUS,Russia,2059,10777980.792453883,High
16_RUS,Russia,2060,10922760.5449737,High
16_RUS,Russia,2061,11069225.902463945,High
16_RUS,Russia,2062,11214985.687634176,High
16_RUS,Russia,2063,11364349.10850178,High
16_RUS,Russia,2064,11515804.88179129,High
16_RUS,Russia,2065,11670536.858708004,High
16_RUS,Russia,2066,11828317.010864915,High
16_RUS,Russia,2067,11989899.236701325,High
16_RUS,Russia,2068,12155515.149037544,High
16_RUS,Russia,2069,12324210.683945384,High
16_RUS,Russia,2070,12495236.670985289,High
16_RUS,Russia,2071,12669824.96143686,High
16_RUS,Russia,2072,12846932.223315466,High
16_RUS,Russia,2073,13029536.62114027,High
16_RUS,Russia,2074,13215601.595853576,High
16_RUS,Russia,2075,13405510.569031231,High
16_RUS,Russia,2076,13599070.819277732,High
16_RUS,Russia,2077,13797248.856474873,High
16_RUS,Russia,2078,13998269.157792158,High
16_RUS,Russia,2079,14203283.510093153,High
16_RUS,Russia,2080,14412586.734229174,High
16_RUS,Russia,2081,14626516.04852275,High
16_RUS,Russia,2082,14844604.212811332,High
16_RUS,Russia,2083,15066201.042880053,High
16_RUS,Russia,2084,15291885.983088251,High
16_RUS,Russia,2085,15521247.123454483,High
16_RUS,Russia,2086,15754287.07684866,High
16_RUS,Russia,2087,15991663.136667516,High
16_RUS,Russia,2088,16234191.221086305,High
16_RUS,Russia,2089,16480660.749071334,High
16_RUS,Russia,2090,16731130.278322248,High
16_RUS,Russia,2091,16985641.55634434,High
16_RUS,Russia,2092,17244833.585351553,High
16_RUS,Russia,2093,17506739.65041137,High
16_RUS,Russia,2094,17774200.376518108,High
16_RUS,Russia,2095,18046335.24835341,High
16_RUS,Russia,2096,18322017.74109945,High
16_RUS,Russia,2097,18600877.26979813,High
16_RUS,Russia,2098,18885119.337145247,High
16_RUS,Russia,2099,19172591.90075952,High
16_RUS,Russia,2100,19464538.557213195,High
17_SGP,Singapore,1990,140049.416153099,High
17_SGP,Singapore,1991,149416.477857285,High
17_SGP,Singapore,1992,159337.441475797,High
17_SGP,Singapore,1993,177596.95598247298,High
17_SGP,Singapore,1994,197302.562442346,High
17_SGP,Singapore,1995,211459.81271941905,High
17_SGP,Singapore,1996,227258.801839554,High
17_SGP,Singapore,1997,246158.119024241,High
17_SGP,Singapore,1998,240764.757697655,High
17_SGP,Singapore,1999,254532.581602908,High
17_SGP,Singapore,2000,277538.04147977097,High
17_SGP,Singapore,2001,274565.989973697,High
17_SGP,Singapore,2002,285338.204303906,High
17_SGP,Singapore,2003,298316.114664843,High
17_SGP,Singapore,2004,327968.684807152,High
17_SGP,Singapore,2005,352127.915476514,High
17_SGP,Singapore,2006,383843.253121348,High
17_SGP,Singapore,2007,418471.74709983,High
17_SGP,Singapore,2008,426269.898869297,High
17_SGP,Singapore,2009,426815.325624664,High
17_SGP,Singapore,2010,488787.842633126,High
17_SGP,Singapore,2011,519165.685276846,High
17_SGP,Singapore,2012,542193.266755059,High
17_SGP,Singapore,2013,568314.137606487,High
17_SGP,Singapore,2014,590680.3693923879,High
17_SGP,Singapore,2015,608263.738590263,High
17_SGP,Singapore,2016,632052.647907152,High
17_SGP,Singapore,2017,659400.262106181,High
17_SGP,Singapore,2018,680412.76680686,High
17_SGP,Singapore,2019,688297.250280296,High
17_SGP,Singapore,2020,663443.918456882,High
17_SGP,Singapore,2021,730724.326968531,High
17_SGP,Singapore,2022,760028.410066194,High
17_SGP,Singapore,2023,771050.857055831,High
17_SGP,Singapore,2024,812252.052277036,High
17_SGP,Singapore,2025,853074.8819270959,High
17_SGP,Singapore,2026,886530.1206195152,High
17_SGP,Singapore,2027,920451.5151273852,High
17_SGP,Singapore,2028,954446.961103952,High
17_SGP,Singapore,2029,988507.7245167104,High
17_SGP,Singapore,2030,1025335.839008402,High
17_SGP,Singapore,2031,1068963.005028476,High
17_SGP,Singapore,2032,1105305.7462582695,High
17_SGP,Singapore,2033,1140366.6313110606,High
17_SGP,Singapore,2034,1180768.0694315964,High
17_SGP,Singapore,2035,1221501.0074480523,High
17_SGP,Singapore,2036,1261978.678837878,High
17_SGP,Singapore,2037,1303304.348039758,High
17_SGP,Singapore,2038,1345893.3541428272,High
17_SGP,Singapore,2039,1389560.997427053,High
17_SGP,Singapore,2040,1433861.993378537,High
17_SGP,Singapore,2041,1478559.6398493317,High
17_SGP,Singapore,2042,1522786.3771378845,High
17_SGP,Singapore,2043,1567889.5133662678,High
17_SGP,Singapore,2044,1614099.3027919512,High
17_SGP,Singapore,2045,1660340.7503484378,High
17_SGP,Singapore,2046,1707582.299526712,High
17_SGP,Singapore,2047,1755460.9312297828,High
17_SGP,Singapore,2048,1803740.797874143,High
17_SGP,Singapore,2049,1853736.725264008,High
17_SGP,Singapore,2050,1904146.334511869,High
17_SGP,Singapore,2051,1955276.10382056,High
17_SGP,Singapore,2052,2007623.3698366468,High
17_SGP,Singapore,2053,2062043.2040635983,High
17_SGP,Singapore,2054,2117077.522139783,High
17_SGP,Singapore,2055,2172422.43368305,High
17_SGP,Singapore,2056,2229564.9137138915,High
17_SGP,Singapore,2057,2288219.775128447,High
17_SGP,Singapore,2058,2348450.736601345,High
17_SGP,Singapore,2059,2409202.674362041,High
17_SGP,Singapore,2060,2471769.7964756563,High
17_SGP,Singapore,2061,2534859.798857776,High
17_SGP,Singapore,2062,2599971.895392156,High
17_SGP,Singapore,2063,2666281.84846506,High
17_SGP,Singapore,2064,2734618.404007913,High
17_SGP,Singapore,2065,2803486.653943555,High
17_SGP,Singapore,2066,2872577.5025361166,High
17_SGP,Singapore,2067,2942613.2129060887,High
17_SGP,Singapore,2068,3015097.39238529,High
17_SGP,Singapore,2069,3088206.492462197,High
17_SGP,Singapore,2070,3162086.934583055,High
17_SGP,Singapore,2071,3237640.668129289,High
17_SGP,Singapore,2072,3313591.665946633,High
17_SGP,Singapore,2073,3390050.566298884,High
17_SGP,Singapore,2074,3466648.926719426,High
17_SGP,Singapore,2075,3542101.087604486,High
17_SGP,Singapore,2076,3617832.9705113815,High
17_SGP,Singapore,2077,3695633.61071585,High
17_SGP,Singapore,2078,3772884.294579713,High
17_SGP,Singapore,2079,3850132.213173119,High
17_SGP,Singapore,2080,3926922.702652949,High
17_SGP,Singapore,2081,4004202.261132949,High
17_SGP,Singapore,2082,4081551.728925685,High
17_SGP,Singapore,2083,4159183.578681729,High
17_SGP,Singapore,2084,4237781.60085809,High
17_SGP,Singapore,2085,4317410.806156944,High
17_SGP,Singapore,2086,4397275.226212048,High
17_SGP,Singapore,2087,4477517.653186146,High
17_SGP,Singapore,2088,4559241.334418974,High
17_SGP,Singapore,2089,4642526.405951796,High
17_SGP,Singapore,2090,4725896.089100106,High
17_SGP,Singapore,2091,4811653.212746763,High
17_SGP,Singapore,2092,4899003.854988358,High
17_SGP,Singapore,2093,4989595.2669436615,High
17_SGP,Singapore,2094,5081346.52373008,High
17_SGP,Singapore,2095,5173932.969217049,High
17_SGP,Singapore,2096,5269400.557809941,High
17_SGP,Singapore,2097,5366643.295793012,High
17_SGP,Singapore,2098,5466410.208032646,High
17_SGP,Singapore,2099,5567976.942041634,High
17_SGP,Singapore,2100,5673185.459386189,High
18_CT,Chinese Taipei,1990,366441.497138,High
18_CT,Chinese Taipei,1991,397129.155606,High
18_CT,Chinese Taipei,1992,430137.743751,High
18_CT,Chinese Taipei,1993,459432.78719,High
18_CT,Chinese Taipei,1994,493921.744844,High
18_CT,Chinese Taipei,1995,526007.831958,High
18_CT,Chinese Taipei,1996,558497.228625,High
18_CT,Chinese Taipei,1997,592311.2169809999,High
18_CT,Chinese Taipei,1998,617223.019612,High
18_CT,Chinese Taipei,1999,658750.5450119999,High
18_CT,Chinese Taipei,2000,700368.407437,High
18_CT,Chinese Taipei,2001,690553.3457139999,High
18_CT,Chinese Taipei,2002,728414.26938,High
18_CT,Chinese Taipei,2003,759193.98852,High
18_CT,Chinese Taipei,2004,811952.0481060001,High
18_CT,Chinese Taipei,2005,855651.4243200001,High
18_CT,Chinese Taipei,2006,905060.125647,High
18_CT,Chinese Taipei,2007,967022.389502,High
18_CT,Chinese Taipei,2008,974760.273081,High
18_CT,Chinese Taipei,2009,959041.85288,High
18_CT,Chinese Taipei,2010,1057282.461494,High
18_CT,Chinese Taipei,2011,1096127.2858000002,High
18_CT,Chinese Taipei,2012,1120475.56128,High
18_CT,Chinese Taipei,2013,1148313.127078,High
18_CT,Chinese Taipei,2014,1202486.862746,High
18_CT,Chinese Taipei,2015,1220088.898644,High
18_CT,Chinese Taipei,2016,1246517.59826,High
18_CT,Chinese Taipei,2017,1292138.861139,High
18_CT,Chinese Taipei,2018,1329698.413503,High
18_CT,Chinese Taipei,2019,1370313.777089,High
18_CT,Chinese Taipei,2020,1417175.254078,High
18_CT,Chinese Taipei,2021,1512408.876,High
18_CT,Chinese Taipei,2022,1553039.7201,High
18_CT,Chinese Taipei,2023,1569835.73794,High
18_CT,Chinese Taipei,2024,1652536.0098,High
18_CT,Chinese Taipei,2025,1795919.7249919998,High
18_CT,Chinese Taipei,2026,1888935.101928,High
18_CT,Chinese Taipei,2027,1945043.706066,High
18_CT,Chinese Taipei,2028,1992677.69361,High
18_CT,Chinese Taipei,2029,2039940.217851,High
18_CT,Chinese Taipei,2030,2089334.0196,High
18_CT,Chinese Taipei,2031,2133774.9871340003,High
18_CT,Chinese Taipei,2032,2193742.8860146245,High
18_CT,Chinese Taipei,2033,2255487.4565885714,High
18_CT,Chinese Taipei,2034,2321868.410426345,High
18_CT,Chinese Taipei,2035,2387212.6731152893,High
18_CT,Chinese Taipei,2036,2445965.5296934554,High
18_CT,Chinese Taipei,2037,2501846.8603403545,High
18_CT,Chinese Taipei,2038,2557446.1286975145,High
18_CT,Chinese Taipei,2039,2613718.132600567,High
18_CT,Chinese Taipei,2040,2670697.156790868,High
18_CT,Chinese Taipei,2041,2728594.359881311,High
18_CT,Chinese Taipei,2042,2787921.495771352,High
18_CT,Chinese Taipei,2043,2846862.5193109354,High
18_CT,Chinese Taipei,2044,2905260.972121327,High
18_CT,Chinese Taipei,2045,2962586.0562801007,High
18_CT,Chinese Taipei,2046,3018570.5194566404,High
18_CT,Chinese Taipei,2047,3074516.9200664056,High
18_CT,Chinese Taipei,2048,3130198.3142584157,High
18_CT,Chinese Taipei,2049,3186081.232328179,High
18_CT,Chinese Taipei,2050,3241677.08806883,High
18_CT,Chinese Taipei,2051,3297268.121783744,High
18_CT,Chinese Taipei,2052,3352746.896559569,High
18_CT,Chinese Taipei,2053,3407780.737121172,High
18_CT,Chinese Taipei,2054,3462248.101253881,High
18_CT,Chinese Taipei,2055,3516117.8286822275,High
18_CT,Chinese Taipei,2056,3569632.3604994207,High
18_CT,Chinese Taipei,2057,3623210.786752703,High
18_CT,Chinese Taipei,2058,3676278.216374313,High
18_CT,Chinese Taipei,2059,3729182.2711526826,High
18_CT,Chinese Taipei,2060,3781629.479713528,High
18_CT,Chinese Taipei,2061,3833735.276850142,High
18_CT,Chinese Taipei,2062,3885514.241650122,High
18_CT,Chinese Taipei,2063,3937209.868308098,High
18_CT,Chinese Taipei,2064,3989098.819833645,High
18_CT,Chinese Taipei,2065,4040895.690746632,High
18_CT,Chinese Taipei,2066,4092835.9925611294,High
18_CT,Chinese Taipei,2067,4145034.619817961,High
18_CT,Chinese Taipei,2068,4197196.977904563,High
18_CT,Chinese Taipei,2069,4249460.986191263,High
18_CT,Chinese Taipei,2070,4302159.599141789,High
18_CT,Chinese Taipei,2071,4354890.23103396,High
18_CT,Chinese Taipei,2072,4407510.7689553695,High
18_CT,Chinese Taipei,2073,4460137.770847191,High
18_CT,Chinese Taipei,2074,4513197.342652709,High
18_CT,Chinese Taipei,2075,4566371.658792281,High
18_CT,Chinese Taipei,2076,4619802.000254994,High
18_CT,Chinese Taipei,2077,4673789.761555644,High
18_CT,Chinese Taipei,2078,4728015.293560783,High
18_CT,Chinese Taipei,2079,4782506.27317608,High
18_CT,Chinese Taipei,2080,4837613.920529716,High
18_CT,Chinese Taipei,2081,4893460.229156717,High
18_CT,Chinese Taipei,2082,4949752.265962004,High
18_CT,Chinese Taipei,2083,5006889.658001432,High
18_CT,Chinese Taipei,2084,5064578.56855177,High
18_CT,Chinese Taipei,2085,5122701.948701069,High
18_CT,Chinese Taipei,2086,5181741.715940144,High
18_CT,Chinese Taipei,2087,5241651.847296818,High
18_CT,Chinese Taipei,2088,5302080.052810942,High
18_CT,Chinese Taipei,2089,5362905.64739615,High
18_CT,Chinese Taipei,2090,5424502.353837749,High
18_CT,Chinese Taipei,2091,5486485.006377519,High
18_CT,Chinese Taipei,2092,5549444.915989025,High
18_CT,Chinese Taipei,2093,5613116.035098274,High
18_CT,Chinese Taipei,2094,5677412.6013411535,High
18_CT,Chinese Taipei,2095,5742278.805910168,High
18_CT,Chinese Taipei,2096,5807834.919074937,High
18_CT,Chinese Taipei,2097,5874133.818237765,High
18_CT,Chinese Taipei,2098,5940930.497958215,High
18_CT,Chinese Taipei,2099,6008414.400391432,High
18_CT,Chinese Taipei,2100,6076614.077831477,High
19_THA,Thailand,1990,476382.17939490697,High
19_THA,Thailand,1991,517152.206431531,High
19_THA,Thailand,1992,558955.6259492419,High
19_THA,Thailand,1993,605080.174206112,High
19_THA,Thailand,1994,653468.584993737,High
19_THA,Thailand,1995,706532.294783931,High
19_THA,Thailand,1996,746465.107712372,High
19_THA,Thailand,1997,725910.6299795379,High
19_THA,Thailand,1998,670494.356342068,High
19_THA,Thailand,1999,701151.421768156,High
19_THA,Thailand,2000,732389.449755889,High
19_THA,Thailand,2001,757614.7661261341,High
19_THA,Thailand,2002,804200.771231266,High
19_THA,Thailand,2003,862016.721322979,High
19_THA,Thailand,2004,916231.902255627,High
19_THA,Thailand,2005,954600.381491807,High
19_THA,Thailand,2006,1002023.12322303,High
19_THA,Thailand,2007,1056484.59994417,High
19_THA,Thailand,2008,1074716.34252171,High
19_THA,Thailand,2009,1067294.15551474,High
19_THA,Thailand,2010,1147484.13355035,High
19_THA,Thailand,2011,1157124.51590426,High
19_THA,Thailand,2012,1240932.6864003302,High
19_THA,Thailand,2013,1274282.6972897,High
19_THA,Thailand,2014,1286827.61367901,High
19_THA,Thailand,2015,1327157.3991063898,High
19_THA,Thailand,2016,1372747.34891749,High
19_THA,Thailand,2017,1430096.3545318702,High
19_THA,Thailand,2018,1490487.46856946,High
19_THA,Thailand,2019,1522004.68753871,High
19_THA,Thailand,2020,1429267.98109045,High
19_THA,Thailand,2021,1451544.29916013,High
19_THA,Thailand,2022,1489833.74630119,High
19_THA,Thailand,2023,1523337.63978847,High
19_THA,Thailand,2024,1568254.77139299,High
19_THA,Thailand,2025,1606558.99349363,High
19_THA,Thailand,2026,1636709.4218986654,High
19_THA,Thailand,2027,1665381.1950467154,High
19_THA,Thailand,2028,1691077.2182640478,High
19_THA,Thailand,2029,1713158.2962940997,High
19_THA,Thailand,2030,1735534.7867474782,High
19_THA,Thailand,2031,1770407.5374345402,High
19_THA,Thailand,2032,1805808.9546366583,High
19_THA,Thailand,2033,1841479.855458401,High
19_THA,Thailand,2034,1877182.330364505,High
19_THA,Thailand,2035,1912446.6207761995,High
19_THA,Thailand,2036,1946987.2824799763,High
19_THA,Thailand,2037,1981837.772937756,High
19_THA,Thailand,2038,2017135.918730588,High
19_THA,Thailand,2039,2053283.837032945,High
19_THA,Thailand,2040,2090854.262272208,High
19_THA,Thailand,2041,2130094.2372298944,High
19_THA,Thailand,2042,2169571.97490336,High
19_THA,Thailand,2043,2209427.1503789527,High
19_THA,Thailand,2044,2249610.484451113,High
19_THA,Thailand,2045,2290231.269614688,High
19_THA,Thailand,2046,2331406.124324343,High
19_THA,Thailand,2047,2373316.398466495,High
19_THA,Thailand,2048,2416063.806609429,High
19_THA,Thailand,2049,2459685.6400934155,High
19_THA,Thailand,2050,2504110.035750295,High
19_THA,Thailand,2051,2549416.722833134,High
19_THA,Thailand,2052,2595452.8604870792,High
19_THA,Thailand,2053,2642031.3087347075,High
19_THA,Thailand,2054,2689377.3383533824,High
19_THA,Thailand,2055,2737348.9175817776,High
19_THA,Thailand,2056,2786117.25885234,High
19_THA,Thailand,2057,2835637.8747213027,High
19_THA,Thailand,2058,2886046.6077166465,High
19_THA,Thailand,2059,2937421.7079121093,High
19_THA,Thailand,2060,2989831.505123338,High
19_THA,Thailand,2061,3043250.6046985057,High
19_THA,Thailand,2062,3097909.6449075597,High
19_THA,Thailand,2063,3153669.864354481,High
19_THA,Thailand,2064,3210718.62788292,High
19_THA,Thailand,2065,3268995.093017867,High
19_THA,Thailand,2066,3328424.360632865,High
19_THA,Thailand,2067,3389282.384988204,High
19_THA,Thailand,2068,3451334.240191292,High
19_THA,Thailand,2069,3514591.6529947645,High
19_THA,Thailand,2070,3579201.573189622,High
19_THA,Thailand,2071,3645049.704280308,High
19_THA,Thailand,2072,3712330.880880447,High
19_THA,Thailand,2073,3780918.012926837,High
19_THA,Thailand,2074,3850825.081808785,High
19_THA,Thailand,2075,3922068.231252915,High
19_THA,Thailand,2076,3994825.352426557,High
19_THA,Thailand,2077,4068974.807181059,High
19_THA,Thailand,2078,4144550.5379632055,High
19_THA,Thailand,2079,4221583.007025785,High
19_THA,Thailand,2080,4300029.7452460965,High
19_THA,Thailand,2081,4380139.543834497,High
19_THA,Thailand,2082,4461926.929043045,High
19_THA,Thailand,2083,4545223.295986519,High
19_THA,Thailand,2084,4630217.200060125,High
19_THA,Thailand,2085,4716895.724017404,High
19_THA,Thailand,2086,4805531.739303798,High
19_THA,Thailand,2087,4896086.367536303,High
19_THA,Thailand,2088,4988605.304647497,High
19_THA,Thailand,2089,5083201.44579628,High
19_THA,Thailand,2090,5179580.978875658,High
19_THA,Thailand,2091,5278173.533576933,High
19_THA,Thailand,2092,5379005.576725384,High
19_THA,Thailand,2093,5481946.974763806,High
19_THA,Thailand,2094,5587288.547162342,High
19_THA,Thailand,2095,5694993.983083,High
19_THA,Thailand,2096,5805154.811834796,High
19_THA,Thailand,2097,5917805.772423281,High
19_THA,Thailand,2098,6033077.973071302,High
19_THA,Thailand,2099,6150930.697078836,High
19_THA,Thailand,2100,6271447.766726989,High
20_USA,United States of America,1990,11079319.700573,High
20_USA,United States of America,1991,11067319.3710153,High
20_USA,United States of America,1992,11457165.3829356,High
20_USA,United States of America,1993,11772443.1859769,High
20_USA,United States of America,1994,12246757.5973897,High
20_USA,United States of America,1995,12575513.322951,High
20_USA,United States of America,1996,13049958.8552861,High
20_USA,United States of America,1997,13630307.2209708,High
20_USA,United States of America,1998,14241372.0703819,High
20_USA,United States of America,1999,14923309.4978312,High
20_USA,United States of America,2000,15531820.2408323,High
20_USA,United States of America,2001,15680232.7377605,High
20_USA,United States of America,2002,15946866.8368103,High
20_USA,United States of America,2003,16392678.3971372,High
20_USA,United States of America,2004,17023431.2361729,High
20_USA,United States of America,2005,17616450.964293398,High
20_USA,United States of America,2006,18106988.0239814,High
20_USA,United States of America,2007,18469826.4070951,High
20_USA,United States of America,2008,18490805.7745292,High
20_USA,United States of America,2009,18014390.1199871,High
20_USA,United States of America,2010,18499912.6270466,High
20_USA,United States of America,2011,18789326.5278082,High
20_USA,United States of America,2012,19219435.5172654,High
20_USA,United States of America,2013,19626470.5066305,High
20_USA,United States of America,2014,20121807.258768,High
20_USA,United States of America,2015,20714505.2434842,High
20_USA,United States of America,2016,21091395.6155232,High
20_USA,United States of America,2017,21609742.4578182,High
20_USA,United States of America,2018,22250796.5627992,High
20_USA,United States of America,2019,22825718.2806318,High
20_USA,United States of America,2020,22350629.2635793,High
20_USA,United States of America,2021,23725645.0000001,High
20_USA,United States of America,2022,24324531.0172657,High
20_USA,United States of America,2023,25038301.1099445,High
20_USA,United States of America,2024,25737667.7200367,High
20_USA,United States of America,2025,26293957.0260942,High
20_USA,United States of America,2026,26921426.88786966,High
20_USA,United States of America,2027,27563264.111534774,High
20_USA,United States of America,2028,28207951.75547995,High
20_USA,United States of America,2029,28844261.74805248,High
20_USA,United States of America,2030,29492673.71074259,High
20_USA,United States of America,2031,30271301.08736362,High
20_USA,United States of America,2032,30944406.158870514,High
20_USA,United States of America,2033,31606302.052099336,High
20_USA,United States of America,2034,32248680.94718602,High
20_USA,United States of America,2035,32898758.46997388,High
20_USA,United States of America,2036,33556590.37302938,High
20_USA,United States of America,2037,34214327.1194843,High
20_USA,United States of America,2038,34870111.6020847,High
20_USA,United States of America,2039,35523233.8004592,High
20_USA,United States of America,2040,36171936.7447336,High
20_USA,United States of America,2041,36817694.92332313,High
20_USA,United States of America,2042,37443602.38012625,High
20_USA,United States of America,2043,38063118.35924518,High
20_USA,United States of America,2044,38672727.99996438,High
20_USA,United States of America,2045,39275129.46799937,High
20_USA,United States of America,2046,39871455.73876013,High
20_USA,United States of America,2047,40459044.00919567,High
20_USA,United States of America,2048,41039899.65658547,High
20_USA,United States of America,2049,41610845.50686489,High
20_USA,United States of America,2050,42174056.037660144,High
20_USA,United States of America,2051,42738996.61544015,High
20_USA,United States of America,2052,43306804.42695891,High
20_USA,United States of America,2053,43876431.79184784,High
20_USA,United States of America,2054,44450821.79366584,High
20_USA,United States of America,2055,45026897.29286996,High
20_USA,United States of America,2056,45607597.60363013,High
20_USA,United States of America,2057,46195851.22380029,High
20_USA,United States of America,2058,46794378.63961098,High
20_USA,United States of America,2059,47402951.94677378,High
20_USA,United States of America,2060,48018157.22344396,High
20_USA,United States of America,2061,48640812.8760417,High
20_USA,United States of America,2062,49275264.17900616,High
20_USA,United States of America,2063,49919233.26526143,High
20_USA,United States of America,2064,50572493.19072309,High
20_USA,United States of America,2065,51233087.88091806,High
20_USA,United States of America,2066,51903995.94383868,High
20_USA,United States of America,2067,52585196.35261401,High
20_USA,United States of America,2068,53276159.921697564,High
20_USA,United States of America,2069,53973909.42704641,High
20_USA,United States of America,2070,54681077.11430154,High
20_USA,United States of America,2071,55392394.51607455,High
20_USA,United States of America,2072,56113118.60882594,High
20_USA,United States of America,2073,56836201.35145375,High
20_USA,United States of America,2074,57566459.327535935,High
20_USA,United States of America,2075,58301004.93513041,High
20_USA,United States of America,2076,59045784.99451503,High
20_USA,United States of America,2077,59793445.37485039,High
20_USA,United States of America,2078,60545328.7316036,High
20_USA,United States of America,2079,61303468.35893672,High
20_USA,United States of America,2080,62065073.72577926,High
20_USA,United States of America,2081,62832187.98467619,High
20_USA,United States of America,2082,63613644.87790539,High
20_USA,United States of America,2083,64397774.12942086,High
20_USA,United States of America,2084,65189877.75974629,High
20_USA,United States of America,2085,65990122.76032354,High
20_USA,United States of America,2086,66795303.087419935,High
20_USA,United States of America,2087,67614527.5934641,High
20_USA,United States of America,2088,68444436.6087429,High
20_USA,United States of America,2089,69289083.381603,High
20_USA,United States of America,2090,70142928.64640567,High
20_USA,United States of America,2091,71006723.6548342,High
20_USA,United States of America,2092,71884363.3038753,High
20_USA,United States of America,2093,72774437.56834333,High
20_USA,United States of America,2094,73675099.78783701,High
20_USA,United States of America,2095,74589322.05956833,High
20_USA,United States of America,2096,75514121.29194163,High
20_USA,United States of America,2097,76446944.1808677,High
20_USA,United States of America,2098,77392912.78477085,High
20_USA,United States of America,2099,78346184.35932094,High
20_USA,United States of America,2100,79312030.62079795,High
21_VN,Viet Nam,1990,161662.91552756602,High
21_VN,Viet Nam,1991,171299.389618391,High
21_VN,Viet Nam,1992,186110.016142367,High
21_VN,Viet Nam,1993,201134.176471976,High
21_VN,Viet Nam,1994,218912.38801920903,High
21_VN,Viet Nam,1995,239797.68099861,High
21_VN,Viet Nam,1996,262194.826367016,High
21_VN,Viet Nam,1997,283569.16923197603,High
21_VN,Viet Nam,1998,299915.387686359,High
21_VN,Viet Nam,1999,314232.109294403,High
21_VN,Viet Nam,2000,335560.03679716104,High
21_VN,Viet Nam,2001,356340.911874838,High
21_VN,Viet Nam,2002,378864.58303431096,High
21_VN,Viet Nam,2003,405002.691161065,High
21_VN,Viet Nam,2004,435525.356944074,High
21_VN,Viet Nam,2005,468395.534555077,High
21_VN,Viet Nam,2006,501079.963291044,High
21_VN,Viet Nam,2007,536804.481752599,High
21_VN,Viet Nam,2008,567197.123348626,High
21_VN,Viet Nam,2009,597813.842917616,High
21_VN,Viet Nam,2010,636212.889630382,High
21_VN,Viet Nam,2011,677014.296785697,High
21_VN,Viet Nam,2012,714280.851405542,High
21_VN,Viet Nam,2013,753948.5157039709,High
21_VN,Viet Nam,2014,802368.9223910511,High
21_VN,Viet Nam,2015,858431.677101791,High
21_VN,Viet Nam,2016,915860.832928699,High
21_VN,Viet Nam,2017,979423.318291117,High
21_VN,Viet Nam,2018,1052537.33614814,High
21_VN,Viet Nam,2019,1129996.3237419198,High
21_VN,Viet Nam,2020,1162375.38766502,High
21_VN,Viet Nam,2021,1192059.2995246202,High
21_VN,Viet Nam,2022,1293831.36713498,High
21_VN,Viet Nam,2023,1358246.8266358,High
21_VN,Viet Nam,2024,1453861.31789441,High
21_VN,Viet Nam,2025,1570443.98526357,High
21_VN,Viet Nam,2026,1664792.9374729488,High
21_VN,Viet Nam,2027,1774409.054569085,High
21_VN,Viet Nam,2028,1883450.1440960024,High
21_VN,Viet Nam,2029,2001890.237421115,High
21_VN,Viet Nam,2030,2123811.6546708737,High
21_VN,Viet Nam,2031,2245534.048994606,High
21_VN,Viet Nam,2032,2373133.597605684,High
21_VN,Viet Nam,2033,2504002.098475445,High
21_VN,Viet Nam,2034,2639052.079992704,High
21_VN,Viet Nam,2035,2778096.5293432483,High
21_VN,Viet Nam,2036,2920108.156406958,High
21_VN,Viet Nam,2037,3068440.1263658204,High
21_VN,Viet Nam,2038,3222919.0698113097,High
21_VN,Viet Nam,2039,3383485.277500215,High
21_VN,Viet Nam,2040,3550026.4002941474,High
21_VN,Viet Nam,2041,3722501.519579936,High
21_VN,Viet Nam,2042,3901308.4751379215,High
21_VN,Viet Nam,2043,4086094.420996235,High
21_VN,Viet Nam,2044,4276775.9553500125,High
21_VN,Viet Nam,2045,4473304.344612872,High
21_VN,Viet Nam,2046,4675907.024929177,High
21_VN,Viet Nam,2047,4884258.344973549,High
21_VN,Viet Nam,2048,5097907.450981549,High
21_VN,Viet Nam,2049,5316614.8001712,High
21_VN,Viet Nam,2050,5540386.361612232,High
21_VN,Viet Nam,2051,5769385.84465088,High
21_VN,Viet Nam,2052,6003033.639230916,High
21_VN,Viet Nam,2053,6241679.069247103,High
21_VN,Viet Nam,2054,6485335.863640276,High
21_VN,Viet Nam,2055,6733772.269361,High
21_VN,Viet Nam,2056,6987055.729925808,High
21_VN,Viet Nam,2057,7245356.82150688,High
21_VN,Viet Nam,2058,7508171.093762839,High
21_VN,Viet Nam,2059,7775342.142677873,High
21_VN,Viet Nam,2060,8047113.703391776,High
21_VN,Viet Nam,2061,8323540.749834048,High
21_VN,Viet Nam,2062,8603988.069062045,High
21_VN,Viet Nam,2063,8888176.562691761,High
21_VN,Viet Nam,2064,9176093.740872515,High
21_VN,Viet Nam,2065,9467561.123153027,High
21_VN,Viet Nam,2066,9761934.658464495,High
21_VN,Viet Nam,2067,10062276.064429805,High
21_VN,Viet Nam,2068,10368795.608083434,High
21_VN,Viet Nam,2069,10681548.085665228,High
21_VN,Viet Nam,2070,11000108.395234644,High
21_VN,Viet Nam,2071,11323703.241450151,High
21_VN,Viet Nam,2072,11652760.48285084,High
21_VN,Viet Nam,2073,11986326.196846165,High
21_VN,Viet Nam,2074,12324629.144367404,High
21_VN,Viet Nam,2075,12667728.849652603,High
21_VN,Viet Nam,2076,13015099.119873237,High
21_VN,Viet Nam,2077,13366760.007924335,High
21_VN,Viet Nam,2078,13721695.957674269,High
21_VN,Viet Nam,2079,14080701.84023366,High
21_VN,Viet Nam,2080,14442783.599301836,High
21_VN,Viet Nam,2081,14808389.885869306,High
21_VN,Viet Nam,2082,15177001.135309836,High
21_VN,Viet Nam,2083,15548583.210550848,High
21_VN,Viet Nam,2084,15923438.987880353,High
21_VN,Viet Nam,2085,16301434.519687518,High
21_VN,Viet Nam,2086,16681869.144254752,High
21_VN,Viet Nam,2087,17064112.352691814,High
21_VN,Viet Nam,2088,17447971.01503837,High
21_VN,Viet Nam,2089,17833771.278876238,High
21_VN,Viet Nam,2090,18220373.867094204,High
21_VN,Viet Nam,2091,18607367.0873955,High
21_VN,Viet Nam,2092,18994875.11719873,High
21_VN,Viet Nam,2093,19382332.92294448,High
21_VN,Viet Nam,2094,19768784.94950085,High
21_VN,Viet Nam,2095,20161111.63660713,High
21_VN,Viet Nam,2096,20558852.09392952,High
21_VN,Viet Nam,2097,20961289.1709332,High
21_VN,Viet Nam,2098,21369503.05707996,High
21_VN,Viet Nam,2099,21782114.529313285,High
21_VN,Viet Nam,2100,22200141.35562689,High
